time,n,U_aval,J,KT,10KQ,eta0,tours,angle_deg
1.20482e-05,2.515000e+01,-4.881140e+00,8.743465e-01,4.160122e+02,1.030832e+02,5.615933e+00,0.000303,0.1091
2.65769e-05,2.515000e+01,-4.888335e+00,8.743465e-01,6.083030e+00,9.058323e+00,9.344924e-01,0.000668,0.2406
4.39595e-05,2.515000e+01,-4.897610e+00,8.743465e-01,1.226915e+00,1.617415e+00,1.055594e+00,0.001105,0.3980
6.47429e-05,2.515000e+01,-4.903825e+00,8.743465e-01,6.864304e-01,1.051354e+00,9.085547e-01,0.001628,0.5861
8.87239e-05,2.515000e+01,-4.908459e+00,8.743465e-01,5.041882e-01,8.591318e-01,8.166510e-01,0.002231,0.8032
0.000116338,2.515000e+01,-4.912323e+00,8.743465e-01,4.084438e-01,7.428102e-01,7.651702e-01,0.002925,1.0532
0.000146809,2.515000e+01,-4.915659e+00,8.743465e-01,3.500466e-01,6.637313e-01,7.339006e-01,0.003692,1.3290
0.000179624,2.515000e+01,-4.918603e+00,8.743465e-01,3.122676e-01,6.108027e-01,7.114258e-01,0.004517,1.6261
0.000211177,2.515000e+01,-4.921179e+00,8.743465e-01,2.901703e-01,5.749199e-01,7.023430e-01,0.005310,1.9117
0.00024273,2.515000e+01,-4.923520e+00,8.743465e-01,2.766307e-01,5.531776e-01,6.958885e-01,0.006104,2.1974
0.000274283,2.515000e+01,-4.925760e+00,8.743465e-01,2.710789e-01,5.412490e-01,6.969509e-01,0.006897,2.4830
0.000305836,2.515000e+01,-4.927848e+00,8.743465e-01,2.694873e-01,5.411221e-01,6.930217e-01,0.007691,2.7687
0.000336017,2.515000e+01,-4.929750e+00,8.743465e-01,2.688460e-01,5.422462e-01,6.899392e-01,0.008450,3.0419
0.000366198,2.515000e+01,-4.931518e+00,8.743465e-01,2.696208e-01,5.467894e-01,6.861780e-01,0.009209,3.3151
0.000396379,2.515000e+01,-4.933162e+00,8.743465e-01,2.699029e-01,5.504713e-01,6.823017e-01,0.009968,3.5883
0.00042656,2.515000e+01,-4.934735e+00,8.743465e-01,2.721211e-01,5.555337e-01,6.816409e-01,0.010726,3.8615
0.000456741,2.515000e+01,-4.936220e+00,8.743465e-01,2.744620e-01,5.625363e-01,6.789459e-01,0.011485,4.1348
0.000486922,2.515000e+01,-4.937639e+00,8.743465e-01,2.771807e-01,5.691014e-01,6.777615e-01,0.012244,4.4080
0.000517103,2.515000e+01,-4.939076e+00,8.743465e-01,2.814022e-01,5.742354e-01,6.819325e-01,0.013003,4.6812
0.000547284,2.515000e+01,-4.940476e+00,8.743465e-01,2.838636e-01,5.788682e-01,6.823916e-01,0.013762,4.9544
0.000577465,2.515000e+01,-4.941816e+00,8.743465e-01,2.854007e-01,5.831824e-01,6.810114e-01,0.014521,5.2276
0.000607646,2.515000e+01,-4.943049e+00,8.743465e-01,2.857276e-01,5.883322e-01,6.758230e-01,0.015280,5.5009
0.000637828,2.515000e+01,-4.944252e+00,8.743465e-01,2.872680e-01,5.917093e-01,6.755887e-01,0.016039,5.7741
0.000668009,2.515000e+01,-4.945431e+00,8.743465e-01,2.891663e-01,5.953022e-01,6.759491e-01,0.016798,6.0473
0.00069819,2.515000e+01,-4.946568e+00,8.743465e-01,2.901625e-01,5.981164e-01,6.750866e-01,0.017557,6.3205
0.000728371,2.515000e+01,-4.947654e+00,8.743465e-01,2.912506e-01,6.016693e-01,6.736161e-01,0.018316,6.5937
0.000758552,2.515000e+01,-4.948724e+00,8.743465e-01,2.924896e-01,6.038485e-01,6.740407e-01,0.019075,6.8670
0.000788733,2.515000e+01,-4.949779e+00,8.743465e-01,2.938010e-01,6.063010e-01,6.743241e-01,0.019834,7.1402
0.000818914,2.515000e+01,-4.950780e+00,8.743465e-01,2.942367e-01,6.092811e-01,6.720214e-01,0.020593,7.4134
0.000849095,2.515000e+01,-4.951737e+00,8.743465e-01,2.945326e-01,6.113877e-01,6.703792e-01,0.021352,7.6866
0.000879276,2.515000e+01,-4.952690e+00,8.743465e-01,2.955969e-01,6.126128e-01,6.714558e-01,0.022111,7.9599
0.000909457,2.515000e+01,-4.953631e+00,8.743465e-01,2.964174e-01,6.141139e-01,6.716739e-01,0.022870,8.2331
0.000939638,2.515000e+01,-4.954558e+00,8.743465e-01,2.971552e-01,6.156398e-01,6.716768e-01,0.023629,8.5063
0.000969819,2.515000e+01,-4.955448e+00,8.743465e-01,2.974656e-01,6.176542e-01,6.701855e-01,0.024388,8.7795
0.001,2.515000e+01,-4.956298e+00,8.743465e-01,2.972169e-01,6.189584e-01,6.682144e-01,0.025146,9.0527
0.0010303,2.515000e+01,-4.957127e+00,8.743465e-01,2.974043e-01,6.199229e-01,6.675951e-01,0.025908,9.3270
0.00106061,2.515000e+01,-4.957926e+00,8.743465e-01,2.973761e-01,6.208917e-01,6.664901e-01,0.026671,9.6014
0.00109091,2.515000e+01,-4.958731e+00,8.743465e-01,2.983021e-01,6.216846e-01,6.677128e-01,0.027433,9.8757
0.00112121,2.515000e+01,-4.959552e+00,8.743465e-01,2.994904e-01,6.225292e-01,6.694635e-01,0.028194,10.1500
0.00115152,2.515000e+01,-4.960333e+00,8.743465e-01,2.993392e-01,6.240476e-01,6.674976e-01,0.028957,10.4244
0.00118182,2.515000e+01,-4.961075e+00,8.743465e-01,2.991188e-01,6.253139e-01,6.656552e-01,0.029719,10.6987
0.00121212,2.515000e+01,-4.961790e+00,8.743465e-01,2.986717e-01,6.255334e-01,6.644268e-01,0.030481,10.9730
0.00124242,2.515000e+01,-4.962507e+00,8.743465e-01,2.988221e-01,6.251980e-01,6.651183e-01,0.031242,11.2473
0.00127273,2.515000e+01,-4.963217e+00,8.743465e-01,2.991775e-01,6.257340e-01,6.653391e-01,0.032005,11.5217
0.00130303,2.515000e+01,-4.963912e+00,8.743465e-01,2.994687e-01,6.265875e-01,6.650795e-01,0.032767,11.7960
0.00133333,2.515000e+01,-4.964581e+00,8.743465e-01,2.995795e-01,6.276763e-01,6.641714e-01,0.033529,12.0703
0.00136364,2.515000e+01,-4.965229e+00,8.743465e-01,2.993220e-01,6.277495e-01,6.635232e-01,0.034291,12.3447
0.00139394,2.515000e+01,-4.965866e+00,8.743465e-01,2.991168e-01,6.274921e-01,6.633402e-01,0.035053,12.6190
0.00142424,2.515000e+01,-4.966486e+00,8.743465e-01,2.991501e-01,6.281644e-01,6.627040e-01,0.035815,12.8933
0.00145455,2.515000e+01,-4.967093e+00,8.743465e-01,2.992376e-01,6.286156e-01,6.624221e-01,0.036577,13.1677
0.00148485,2.515000e+01,-4.967694e+00,8.743465e-01,2.994600e-01,6.290558e-01,6.624502e-01,0.037339,13.4420
0.00151515,2.515000e+01,-4.968262e+00,8.743465e-01,2.990165e-01,6.297819e-01,6.607068e-01,0.038101,13.7162
0.00154545,2.515000e+01,-4.968825e+00,8.743465e-01,2.989622e-01,6.296097e-01,6.607671e-01,0.038863,13.9905
0.00157576,2.515000e+01,-4.969395e+00,8.743465e-01,2.988711e-01,6.288763e-01,6.613364e-01,0.039625,14.2649
0.00160606,2.515000e+01,-4.969972e+00,8.743465e-01,2.988326e-01,6.280581e-01,6.621126e-01,0.040387,14.5392
0.00163636,2.515000e+01,-4.970528e+00,8.743465e-01,2.986329e-01,6.286220e-01,6.610768e-01,0.041149,14.8135
0.00166667,2.515000e+01,-4.971046e+00,8.743465e-01,2.981367e-01,6.295913e-01,6.589619e-01,0.041911,15.0879
0.00169697,2.515000e+01,-4.971547e+00,8.743465e-01,2.982569e-01,6.303989e-01,6.583834e-01,0.042673,15.3622
0.00172727,2.515000e+01,-4.972050e+00,8.743465e-01,2.983408e-01,6.302720e-01,6.587012e-01,0.043435,15.6365
0.00175758,2.515000e+01,-4.972544e+00,8.743465e-01,2.981423e-01,6.302436e-01,6.582926e-01,0.044197,15.9109
0.00178788,2.515000e+01,-4.973048e+00,8.743465e-01,2.985225e-01,6.303731e-01,6.589962e-01,0.044959,16.1852
0.00181818,2.515000e+01,-4.973562e+00,8.743465e-01,2.987346e-01,6.300514e-01,6.598014e-01,0.045721,16.4595
0.00184848,2.515000e+01,-4.974060e+00,8.743465e-01,2.986103e-01,6.304853e-01,6.590731e-01,0.046483,16.7338
0.00187879,2.515000e+01,-4.974532e+00,8.743465e-01,2.982512e-01,6.310844e-01,6.576558e-01,0.047245,17.0082
0.00190909,2.515000e+01,-4.974992e+00,8.743465e-01,2.978835e-01,6.309992e-01,6.569331e-01,0.048007,17.2825
0.00193939,2.515000e+01,-4.975441e+00,8.743465e-01,2.976624e-01,6.309607e-01,6.564859e-01,0.048769,17.5568
0.0019697,2.515000e+01,-4.975894e+00,8.743465e-01,2.975286e-01,6.304221e-01,6.567516e-01,0.049531,17.8312
0.002,2.515000e+01,-4.976321e+00,8.743465e-01,2.970743e-01,6.307696e-01,6.553878e-01,0.050293,18.1055
0.0020303,2.515000e+01,-4.976736e+00,8.743465e-01,2.971498e-01,6.315931e-01,6.546992e-01,0.051055,18.3798
0.00206061,2.515000e+01,-4.977152e+00,8.743465e-01,2.972047e-01,6.315288e-01,6.548869e-01,0.051817,18.6542
0.00209091,2.515000e+01,-4.977564e+00,8.743465e-01,2.971659e-01,6.316336e-01,6.546924e-01,0.052579,18.9285
0.00212121,2.515000e+01,-4.977979e+00,8.743465e-01,2.969871e-01,6.311002e-01,6.548518e-01,0.053341,19.2027
0.00215152,2.515000e+01,-4.978398e+00,8.743465e-01,2.969342e-01,6.306206e-01,6.552328e-01,0.054103,19.4771
0.00218182,2.515000e+01,-4.978801e+00,8.743465e-01,2.964640e-01,6.304174e-01,6.544061e-01,0.054865,19.7514
0.00221212,2.515000e+01,-4.979202e+00,8.743465e-01,2.965800e-01,6.306632e-01,6.544070e-01,0.055627,20.0257
0.00224242,2.515000e+01,-4.979580e+00,8.743465e-01,2.962258e-01,6.313661e-01,6.528980e-01,0.056389,20.3000
0.00227273,2.515000e+01,-4.979949e+00,8.743465e-01,2.963175e-01,6.320058e-01,6.524391e-01,0.057151,20.5744
0.00230303,2.515000e+01,-4.980309e+00,8.743465e-01,2.958863e-01,6.315567e-01,6.519525e-01,0.057913,20.8487
0.00233333,2.515000e+01,-4.980654e+00,8.743465e-01,2.955143e-01,6.316452e-01,6.510419e-01,0.058675,21.1230
0.00236364,2.515000e+01,-4.981000e+00,8.743465e-01,2.955917e-01,6.316694e-01,6.511873e-01,0.059437,21.3974
0.00239394,2.515000e+01,-4.981382e+00,8.743465e-01,2.962102e-01,6.308712e-01,6.533762e-01,0.060199,21.6717
0.00242424,2.515000e+01,-4.981776e+00,8.743465e-01,2.964802e-01,6.306643e-01,6.541856e-01,0.060961,21.9460
0.00245455,2.515000e+01,-4.982153e+00,8.743465e-01,2.960520e-01,6.309039e-01,6.529929e-01,0.061723,22.2204
0.00248485,2.515000e+01,-4.982489e+00,8.743465e-01,2.952285e-01,6.316794e-01,6.503774e-01,0.062485,22.4947
0.00251515,2.515000e+01,-4.982805e+00,8.743465e-01,2.947497e-01,6.318589e-01,6.491383e-01,0.063247,22.7690
0.00254545,2.515000e+01,-4.983135e+00,8.743465e-01,2.948671e-01,6.312624e-01,6.500100e-01,0.064009,23.0433
0.00257576,2.515000e+01,-4.983475e+00,8.743465e-01,2.948380e-01,6.307417e-01,6.504826e-01,0.064771,23.3177
0.00260606,2.515000e+01,-4.983797e+00,8.743465e-01,2.946015e-01,6.312703e-01,6.494163e-01,0.065533,23.5920
0.00263636,2.515000e+01,-4.984114e+00,8.743465e-01,2.947060e-01,6.318568e-01,6.490441e-01,0.066295,23.8663
0.00266667,2.515000e+01,-4.984422e+00,8.743465e-01,2.942101e-01,6.314209e-01,6.483990e-01,0.067057,24.1407
0.00269697,2.515000e+01,-4.984723e+00,8.743465e-01,2.940227e-01,6.315151e-01,6.478894e-01,0.067819,24.4149
0.00272727,2.515000e+01,-4.985032e+00,8.743465e-01,2.938760e-01,6.308754e-01,6.482227e-01,0.068581,24.6892
0.00275758,2.515000e+01,-4.985373e+00,8.743465e-01,2.942606e-01,6.297792e-01,6.502007e-01,0.069343,24.9636
0.00278788,2.515000e+01,-4.985713e+00,8.743465e-01,2.941305e-01,6.295349e-01,6.501658e-01,0.070105,25.2379
0.00281818,2.515000e+01,-4.986037e+00,8.743465e-01,2.938145e-01,6.300072e-01,6.489800e-01,0.070867,25.5122
0.00284848,2.515000e+01,-4.986286e+00,8.743465e-01,2.924278e-01,6.315141e-01,6.443760e-01,0.071629,25.7865
0.00287879,2.515000e+01,-4.986528e+00,8.743465e-01,2.922334e-01,6.316520e-01,6.438068e-01,0.072391,26.0609
0.00290909,2.515000e+01,-4.986806e+00,8.743465e-01,2.927837e-01,6.308501e-01,6.458394e-01,0.073153,26.3352
0.00293939,2.515000e+01,-4.987106e+00,8.743465e-01,2.928886e-01,6.298492e-01,6.470975e-01,0.073915,26.6095
0.0029697,2.515000e+01,-4.987401e+00,8.743465e-01,2.927576e-01,6.298350e-01,6.468221e-01,0.074678,26.8839
0.003,2.515000e+01,-4.987689e+00,8.743465e-01,2.924789e-01,6.296039e-01,6.464436e-01,0.075439,27.1582
0.00303125,2.515000e+01,-4.987960e+00,8.743465e-01,2.920834e-01,6.295944e-01,6.455792e-01,0.076225,27.4411
0.0030625,2.515000e+01,-4.988243e+00,8.743465e-01,2.926019e-01,6.304026e-01,6.458966e-01,0.077011,27.7240
0.00309375,2.515000e+01,-4.988527e+00,8.743465e-01,2.923816e-01,6.302052e-01,6.456124e-01,0.077797,28.0069
0.003125,2.515000e+01,-4.988820e+00,8.743465e-01,2.919531e-01,6.289336e-01,6.459695e-01,0.078583,28.2898
0.00315625,2.515000e+01,-4.989094e+00,8.743465e-01,2.911141e-01,6.282939e-01,6.447692e-01,0.079369,28.5727
0.0031875,2.515000e+01,-4.989340e+00,8.743465e-01,2.904233e-01,6.285188e-01,6.430088e-01,0.080154,28.8556
0.00321875,2.515000e+01,-4.989586e+00,8.743465e-01,2.906478e-01,6.291564e-01,6.428538e-01,0.080940,29.1385
0.00325,2.515000e+01,-4.989843e+00,8.743465e-01,2.909534e-01,6.293222e-01,6.433601e-01,0.081726,29.4214
0.00328125,2.515000e+01,-4.990096e+00,8.743465e-01,2.906178e-01,6.288868e-01,6.430627e-01,0.082512,29.7043
0.0033125,2.515000e+01,-4.990357e+00,8.743465e-01,2.906308e-01,6.286130e-01,6.433720e-01,0.083298,29.9872
0.00334375,2.515000e+01,-4.990634e+00,8.743465e-01,2.905963e-01,6.277111e-01,6.442198e-01,0.084084,30.2701
0.003375,2.515000e+01,-4.990905e+00,8.743465e-01,2.901401e-01,6.271598e-01,6.437736e-01,0.084869,30.5530
0.00340625,2.515000e+01,-4.991176e+00,8.743465e-01,2.898762e-01,6.268624e-01,6.434932e-01,0.085655,30.8359
0.0034375,2.515000e+01,-4.991402e+00,8.743465e-01,2.889066e-01,6.278243e-01,6.403584e-01,0.086441,31.1188
0.00346875,2.515000e+01,-4.991633e+00,8.743465e-01,2.890179e-01,6.278248e-01,6.406044e-01,0.087227,31.4017
0.0035,2.515000e+01,-4.991876e+00,8.743465e-01,2.889125e-01,6.271240e-01,6.410864e-01,0.088013,31.6846
0.00353125,2.515000e+01,-4.992094e+00,8.743465e-01,2.879752e-01,6.265554e-01,6.395865e-01,0.088799,31.9675
0.0035625,2.515000e+01,-4.992300e+00,8.743465e-01,2.874939e-01,6.263953e-01,6.386808e-01,0.089584,32.2504
0.00359375,2.515000e+01,-4.992539e+00,8.743465e-01,2.884251e-01,6.265959e-01,6.405441e-01,0.090370,32.5333
0.003625,2.515000e+01,-4.992788e+00,8.743465e-01,2.881594e-01,6.256651e-01,6.409062e-01,0.091156,32.8162
0.00365625,2.515000e+01,-4.993025e+00,8.743465e-01,2.873914e-01,6.249969e-01,6.398814e-01,0.091942,33.0991
0.0036875,2.515000e+01,-4.993223e+00,8.743465e-01,2.863826e-01,6.251622e-01,6.374667e-01,0.092728,33.3820
0.00371875,2.515000e+01,-4.993438e+00,8.743465e-01,2.867378e-01,6.249043e-01,6.385211e-01,0.093513,33.6649
0.00375,2.515000e+01,-4.993698e+00,8.743465e-01,2.877581e-01,6.245820e-01,6.411236e-01,0.094299,33.9477
0.00378125,2.515000e+01,-4.993947e+00,8.743465e-01,2.871460e-01,6.241324e-01,6.402207e-01,0.095085,34.2306
0.0038125,2.515000e+01,-4.994152e+00,8.743465e-01,2.858908e-01,6.244025e-01,6.371465e-01,0.095871,34.5135
0.00384375,2.515000e+01,-4.994355e+00,8.743465e-01,2.855206e-01,6.238991e-01,6.368347e-01,0.096657,34.7964
0.003875,2.515000e+01,-4.994571e+00,8.743465e-01,2.852290e-01,6.226887e-01,6.374207e-01,0.097443,35.0793
0.00390625,2.515000e+01,-4.994807e+00,8.743465e-01,2.855160e-01,6.222696e-01,6.384920e-01,0.098228,35.3622
0.0039375,2.515000e+01,-4.995026e+00,8.743465e-01,2.853710e-01,6.229167e-01,6.375049e-01,0.099014,35.6451
0.00396875,2.515000e+01,-4.995252e+00,8.743465e-01,2.852506e-01,6.224002e-01,6.377648e-01,0.099800,35.9280
0.004,2.515000e+01,-4.995490e+00,8.743465e-01,2.850825e-01,6.216341e-01,6.381744e-01,0.100586,36.2109
0.00403125,2.515000e+01,-4.995677e+00,8.743465e-01,2.834587e-01,6.214793e-01,6.346975e-01,0.101372,36.4938
0.0040625,2.515000e+01,-4.995854e+00,8.743465e-01,2.828464e-01,6.209896e-01,6.338260e-01,0.102158,36.7767
0.00409375,2.515000e+01,-4.996043e+00,8.743465e-01,2.829323e-01,6.205537e-01,6.344639e-01,0.102943,37.0596
0.004125,2.515000e+01,-4.996260e+00,8.743465e-01,2.835249e-01,6.202904e-01,6.360629e-01,0.103729,37.3425
0.00415625,2.515000e+01,-4.996487e+00,8.743465e-01,2.834362e-01,6.197676e-01,6.364000e-01,0.104515,37.6254
0.0041875,2.515000e+01,-4.996669e+00,8.743465e-01,2.823737e-01,6.202215e-01,6.335506e-01,0.105301,37.9083
0.00421875,2.515000e+01,-4.996845e+00,8.743465e-01,2.817763e-01,6.194349e-01,6.330131e-01,0.106087,38.1912
0.00425,2.515000e+01,-4.997048e+00,8.743465e-01,2.819485e-01,6.183908e-01,6.344690e-01,0.106873,38.4741
0.00428125,2.515000e+01,-4.997265e+00,8.743465e-01,2.821453e-01,6.181865e-01,6.351215e-01,0.107658,38.7570
0.0043125,2.515000e+01,-4.997482e+00,8.743465e-01,2.816844e-01,6.173783e-01,6.349141e-01,0.108444,39.0399
0.00434375,2.515000e+01,-4.997678e+00,8.743465e-01,2.808955e-01,6.170492e-01,6.334739e-01,0.109230,39.3228
0.004375,2.515000e+01,-4.997863e+00,8.743465e-01,2.806099e-01,6.171372e-01,6.327395e-01,0.110016,39.6057
0.00440625,2.515000e+01,-4.998024e+00,8.743465e-01,2.798487e-01,6.174188e-01,6.307350e-01,0.110802,39.8886
0.0044375,2.515000e+01,-4.998210e+00,8.743465e-01,2.800189e-01,6.165596e-01,6.319985e-01,0.111588,40.1715
0.00446875,2.515000e+01,-4.998401e+00,8.743465e-01,2.797518e-01,6.158551e-01,6.321176e-01,0.112373,40.4544
0.0045,2.515000e+01,-4.998623e+00,8.743465e-01,2.802076e-01,6.152049e-01,6.338170e-01,0.113159,40.7373
0.00453125,2.515000e+01,-4.998838e+00,8.743465e-01,2.799636e-01,6.152522e-01,6.332163e-01,0.113945,41.0202
0.0045625,2.515000e+01,-4.999026e+00,8.743465e-01,2.791064e-01,6.151506e-01,6.313816e-01,0.114731,41.3031
0.00459375,2.515000e+01,-4.999226e+00,8.743465e-01,2.790740e-01,6.145683e-01,6.319065e-01,0.115517,41.5860
0.004625,2.515000e+01,-4.999423e+00,8.743465e-01,2.786346e-01,6.140144e-01,6.314808e-01,0.116302,41.8689
0.00465625,2.515000e+01,-4.999631e+00,8.743465e-01,2.783508e-01,6.131115e-01,6.317666e-01,0.117088,42.1518
0.0046875,2.515000e+01,-4.999844e+00,8.743465e-01,2.780178e-01,6.122090e-01,6.319409e-01,0.117874,42.4347
0.00471875,2.515000e+01,-4.999997e+00,8.743465e-01,2.763200e-01,6.122517e-01,6.280380e-01,0.118660,42.7176
0.00475,2.515000e+01,-5.000150e+00,8.743465e-01,2.762782e-01,6.123243e-01,6.278688e-01,0.119446,43.0005
0.00478125,2.515000e+01,-5.000303e+00,8.743465e-01,2.763038e-01,6.126960e-01,6.275461e-01,0.120232,43.2834
0.0048125,2.515000e+01,-5.000484e+00,8.743465e-01,2.764972e-01,6.117825e-01,6.289227e-01,0.121017,43.5663
0.00484375,2.515000e+01,-5.000695e+00,8.743465e-01,2.767666e-01,6.105779e-01,6.307776e-01,0.121803,43.8492
0.004875,2.515000e+01,-5.000893e+00,8.743465e-01,2.761182e-01,6.100566e-01,6.298379e-01,0.122589,44.1321
0.00490625,2.515000e+01,-5.001086e+00,8.743465e-01,2.757499e-01,6.098666e-01,6.291937e-01,0.123375,44.4150
0.0049375,2.515000e+01,-5.001270e+00,8.743465e-01,2.754525e-01,6.099734e-01,6.284049e-01,0.124161,44.6979
0.00496875,2.515000e+01,-5.001455e+00,8.743465e-01,2.750783e-01,6.093716e-01,6.281708e-01,0.124947,44.9808
0.005,2.515000e+01,-5.001639e+00,8.743465e-01,2.749195e-01,6.092658e-01,6.279174e-01,0.125732,45.2637
0.00503125,2.515000e+01,-5.001844e+00,8.743465e-01,2.749114e-01,6.082997e-01,6.288959e-01,0.126518,45.5466
0.0050625,2.515000e+01,-5.002036e+00,8.743465e-01,2.742385e-01,6.076136e-01,6.280653e-01,0.127304,45.8295
0.00509375,2.515000e+01,-5.002210e+00,8.743465e-01,2.734089e-01,6.070660e-01,6.267302e-01,0.128090,46.1124
0.005125,2.515000e+01,-5.002373e+00,8.743465e-01,2.728749e-01,6.069892e-01,6.255851e-01,0.128876,46.3953
0.00515625,2.515000e+01,-5.002556e+00,8.743465e-01,2.733814e-01,6.069155e-01,6.268221e-01,0.129662,46.6782
0.0051875,2.515000e+01,-5.002755e+00,8.743465e-01,2.736758e-01,6.066854e-01,6.277355e-01,0.130447,46.9611
0.00521875,2.515000e+01,-5.002941e+00,8.743465e-01,2.729300e-01,6.058714e-01,6.268660e-01,0.131233,47.2440
0.00525,2.515000e+01,-5.003113e+00,8.743465e-01,2.720252e-01,6.050153e-01,6.256715e-01,0.132019,47.5268
0.00528125,2.515000e+01,-5.003281e+00,8.743465e-01,2.713780e-01,6.043071e-01,6.249145e-01,0.132805,47.8097
0.0053125,2.515000e+01,-5.003454e+00,8.743465e-01,2.712996e-01,6.040818e-01,6.249673e-01,0.133591,48.0926
0.00534375,2.515000e+01,-5.003645e+00,8.743465e-01,2.716008e-01,6.038201e-01,6.259319e-01,0.134377,48.3755
0.005375,2.515000e+01,-5.003835e+00,8.743465e-01,2.715556e-01,6.039865e-01,6.256554e-01,0.135162,48.6584
0.00540625,2.515000e+01,-5.004032e+00,8.743465e-01,2.714088e-01,6.034000e-01,6.259252e-01,0.135948,48.9413
0.0054375,2.515000e+01,-5.004216e+00,8.743465e-01,2.705884e-01,6.026102e-01,6.248508e-01,0.136734,49.2242
0.00546875,2.515000e+01,-5.004381e+00,8.743465e-01,2.696239e-01,6.019415e-01,6.233154e-01,0.137520,49.5071
0.0055,2.515000e+01,-5.004558e+00,8.743465e-01,2.696263e-01,6.013676e-01,6.239158e-01,0.138306,49.7900
0.00553125,2.515000e+01,-5.004748e+00,8.743465e-01,2.700539e-01,6.015019e-01,6.247657e-01,0.139091,50.0729
0.0055625,2.515000e+01,-5.004951e+00,8.743465e-01,2.701907e-01,6.011933e-01,6.254030e-01,0.139877,50.3558
0.00559375,2.515000e+01,-5.005112e+00,8.743465e-01,2.687972e-01,6.009796e-01,6.223987e-01,0.140663,50.6387
0.005625,2.515000e+01,-5.005273e+00,8.743465e-01,2.679959e-01,5.996833e-01,6.218845e-01,0.141449,50.9216
0.00565625,2.515000e+01,-5.005433e+00,8.743465e-01,2.674735e-01,5.989620e-01,6.214195e-01,0.142235,51.2045
0.0056875,2.515000e+01,-5.005616e+00,8.743465e-01,2.680626e-01,5.988756e-01,6.228785e-01,0.143021,51.4874
0.00571875,2.515000e+01,-5.005796e+00,8.743465e-01,2.680033e-01,5.990826e-01,6.225258e-01,0.143806,51.7703
0.00575,2.515000e+01,-5.005985e+00,8.743465e-01,2.682058e-01,5.988714e-01,6.232154e-01,0.144592,52.0532
0.00578125,2.515000e+01,-5.006183e+00,8.743465e-01,2.681505e-01,5.985055e-01,6.234680e-01,0.145378,52.3361
0.0058125,2.515000e+01,-5.006364e+00,8.743465e-01,2.670817e-01,5.976183e-01,6.219049e-01,0.146164,52.6190
0.00584375,2.515000e+01,-5.006540e+00,8.743465e-01,2.666332e-01,5.971771e-01,6.213191e-01,0.146950,52.9019
0.005875,2.515000e+01,-5.006720e+00,8.743465e-01,2.665317e-01,5.966664e-01,6.216143e-01,0.147736,53.1848
0.00590625,2.515000e+01,-5.006911e+00,8.743465e-01,2.665772e-01,5.961883e-01,6.222187e-01,0.148521,53.4677
0.0059375,2.515000e+01,-5.007101e+00,8.743465e-01,2.664086e-01,5.961283e-01,6.218880e-01,0.149307,53.7506
0.00596875,2.515000e+01,-5.007257e+00,8.743465e-01,2.649737e-01,5.956128e-01,6.190742e-01,0.150093,54.0335
0.006,2.515000e+01,-5.007429e+00,8.743465e-01,2.650519e-01,5.950074e-01,6.198866e-01,0.150879,54.3164
0.00603125,2.515000e+01,-5.007604e+00,8.743465e-01,2.650055e-01,5.947778e-01,6.200176e-01,0.151665,54.5993
0.0060625,2.515000e+01,-5.007794e+00,8.743465e-01,2.651356e-01,5.941749e-01,6.209511e-01,0.152451,54.8822
0.00609375,2.515000e+01,-5.007980e+00,8.743465e-01,2.648399e-01,5.939564e-01,6.204865e-01,0.153236,55.1651
0.006125,2.515000e+01,-5.008159e+00,8.743465e-01,2.645526e-01,5.938427e-01,6.199324e-01,0.154022,55.4480
0.00615625,2.515000e+01,-5.008340e+00,8.743465e-01,2.643205e-01,5.934573e-01,6.197908e-01,0.154808,55.7309
0.0061875,2.515000e+01,-5.008506e+00,8.743465e-01,2.635227e-01,5.929913e-01,6.184058e-01,0.155594,56.0138
0.00621875,2.515000e+01,-5.008678e+00,8.743465e-01,2.633193e-01,5.923690e-01,6.185775e-01,0.156380,56.2967
0.00625,2.515000e+01,-5.008856e+00,8.743465e-01,2.632520e-01,5.917751e-01,6.190401e-01,0.157166,56.5796
0.00628125,2.515000e+01,-5.009035e+00,8.743465e-01,2.631541e-01,5.915782e-01,6.190157e-01,0.157951,56.8625
0.0063125,2.515000e+01,-5.009213e+00,8.743465e-01,2.626463e-01,5.909938e-01,6.184324e-01,0.158737,57.1454
0.00634375,2.515000e+01,-5.009386e+00,8.743465e-01,2.621871e-01,5.905599e-01,6.178047e-01,0.159523,57.4283
0.006375,2.515000e+01,-5.009574e+00,8.743465e-01,2.626881e-01,5.907584e-01,6.187772e-01,0.160309,57.7112
0.00640625,2.515000e+01,-5.009755e+00,8.743465e-01,2.625033e-01,5.906510e-01,6.184539e-01,0.161095,57.9941
0.0064375,2.515000e+01,-5.009938e+00,8.743465e-01,2.622932e-01,5.901550e-01,6.184783e-01,0.161880,58.2770
0.00646875,2.515000e+01,-5.010118e+00,8.743465e-01,2.617716e-01,5.896675e-01,6.177590e-01,0.162666,58.5599
0.0065,2.515000e+01,-5.010300e+00,8.743465e-01,2.614975e-01,5.891436e-01,6.176612e-01,0.163452,58.8428
0.00653125,2.515000e+01,-5.010475e+00,8.743465e-01,2.612060e-01,5.889488e-01,6.171763e-01,0.164238,59.1257
0.0065625,2.515000e+01,-5.010647e+00,8.743465e-01,2.603635e-01,5.877768e-01,6.164127e-01,0.165024,59.4086
0.00659375,2.515000e+01,-5.010842e+00,8.743465e-01,2.605375e-01,5.870060e-01,6.176343e-01,0.165810,59.6915
0.006625,2.515000e+01,-5.011020e+00,8.743465e-01,2.601754e-01,5.873171e-01,6.164489e-01,0.166595,59.9744
0.00665625,2.515000e+01,-5.011201e+00,8.743465e-01,2.604413e-01,5.876325e-01,6.167481e-01,0.167381,60.2573
0.0066875,2.515000e+01,-5.011378e+00,8.743465e-01,2.602199e-01,5.874514e-01,6.164139e-01,0.168167,60.5402
0.00671875,2.515000e+01,-5.011557e+00,8.743465e-01,2.599467e-01,5.869296e-01,6.163137e-01,0.168953,60.8231
0.00675,2.515000e+01,-5.011741e+00,8.743465e-01,2.597235e-01,5.862146e-01,6.165360e-01,0.169739,61.1059
0.00678125,2.515000e+01,-5.011911e+00,8.743465e-01,2.588693e-01,5.855681e-01,6.151864e-01,0.170525,61.3888
0.0068125,2.515000e+01,-5.012081e+00,8.743465e-01,2.583526e-01,5.847657e-01,6.148014e-01,0.171310,61.6717
0.00684375,2.515000e+01,-5.012250e+00,8.743465e-01,2.583896e-01,5.849652e-01,6.146793e-01,0.172096,61.9546
0.006875,2.515000e+01,-5.012429e+00,8.743465e-01,2.587594e-01,5.851742e-01,6.153396e-01,0.172882,62.2375
0.00690625,2.515000e+01,-5.012615e+00,8.743465e-01,2.589264e-01,5.851416e-01,6.157707e-01,0.173668,62.5204
0.0069375,2.515000e+01,-5.012799e+00,8.743465e-01,2.584543e-01,5.844555e-01,6.153696e-01,0.174454,62.8033
0.00696875,2.515000e+01,-5.012990e+00,8.743465e-01,2.581280e-01,5.836774e-01,6.154124e-01,0.175240,63.0862
0.007,2.515000e+01,-5.013177e+00,8.743465e-01,2.578378e-01,5.834073e-01,6.150046e-01,0.176025,63.3691
0.00703226,2.515000e+01,-5.013361e+00,8.743465e-01,2.574668e-01,5.825090e-01,6.150671e-01,0.176837,63.6612
0.00706452,2.515000e+01,-5.013547e+00,8.743465e-01,2.576233e-01,5.829118e-01,6.150151e-01,0.177648,63.9532
0.00709677,2.515000e+01,-5.013733e+00,8.743465e-01,2.576519e-01,5.829697e-01,6.150229e-01,0.178459,64.2452
0.00712903,2.515000e+01,-5.013924e+00,8.743465e-01,2.573079e-01,5.823421e-01,6.148636e-01,0.179270,64.5372
0.00716129,2.515000e+01,-5.014134e+00,8.743465e-01,2.565425e-01,5.804462e-01,6.150367e-01,0.180081,64.8292
0.00719355,2.515000e+01,-5.014336e+00,8.743465e-01,2.561896e-01,5.803003e-01,6.143452e-01,0.180892,65.1213
0.00722581,2.515000e+01,-5.014514e+00,8.743465e-01,2.557643e-01,5.805936e-01,6.130156e-01,0.181704,65.4133
0.00725806,2.515000e+01,-5.014689e+00,8.743465e-01,2.560666e-01,5.811359e-01,6.131672e-01,0.182515,65.7053
0.00729032,2.515000e+01,-5.014869e+00,8.743465e-01,2.559496e-01,5.808258e-01,6.132144e-01,0.183326,65.9973
0.00732258,2.515000e+01,-5.015068e+00,8.743465e-01,2.560854e-01,5.803230e-01,6.140713e-01,0.184137,66.2894
0.00735484,2.515000e+01,-5.015273e+00,8.743465e-01,2.559527e-01,5.798159e-01,6.142898e-01,0.184948,66.5814
0.0073871,2.515000e+01,-5.015464e+00,8.743465e-01,2.551250e-01,5.791051e-01,6.130546e-01,0.185760,66.8734
0.00741935,2.515000e+01,-5.015652e+00,8.743465e-01,2.549303e-01,5.788887e-01,6.128158e-01,0.186571,67.1654
0.00745161,2.515000e+01,-5.015826e+00,8.743465e-01,2.545721e-01,5.788772e-01,6.119672e-01,0.187382,67.4574
0.00748387,2.515000e+01,-5.016011e+00,8.743465e-01,2.546207e-01,5.784644e-01,6.125207e-01,0.188193,67.7495
0.00751613,2.515000e+01,-5.016209e+00,8.743465e-01,2.544989e-01,5.779695e-01,6.127523e-01,0.189004,68.0415
0.00754839,2.515000e+01,-5.016415e+00,8.743465e-01,2.543596e-01,5.775651e-01,6.128451e-01,0.189815,68.3336
0.00758065,2.515000e+01,-5.016616e+00,8.743465e-01,2.542340e-01,5.775330e-01,6.125767e-01,0.190627,68.6256
0.0076129,2.515000e+01,-5.016798e+00,8.743465e-01,2.541305e-01,5.779837e-01,6.118498e-01,0.191438,68.9176
0.00764516,2.515000e+01,-5.016990e+00,8.743465e-01,2.539979e-01,5.773213e-01,6.122323e-01,0.192249,69.2096
0.00767742,2.515000e+01,-5.017183e+00,8.743465e-01,2.537994e-01,5.769970e-01,6.120974e-01,0.193060,69.5016
0.00770968,2.515000e+01,-5.017377e+00,8.743465e-01,2.536161e-01,5.766426e-01,6.120315e-01,0.193871,69.7937
0.00774194,2.515000e+01,-5.017585e+00,8.743465e-01,2.533748e-01,5.756412e-01,6.125132e-01,0.194683,70.0857
0.00777419,2.515000e+01,-5.017803e+00,8.743465e-01,2.530132e-01,5.747088e-01,6.126313e-01,0.195494,70.3777
0.00780645,2.515000e+01,-5.018008e+00,8.743465e-01,2.525713e-01,5.746198e-01,6.116559e-01,0.196305,70.6697
0.00783871,2.515000e+01,-5.018200e+00,8.743465e-01,2.523661e-01,5.748109e-01,6.109556e-01,0.197116,70.9617
0.00787097,2.515000e+01,-5.018395e+00,8.743465e-01,2.525725e-01,5.751716e-01,6.110721e-01,0.197927,71.2538
0.00790323,2.515000e+01,-5.018592e+00,8.743465e-01,2.525321e-01,5.749826e-01,6.111752e-01,0.198738,71.5458
0.00793548,2.515000e+01,-5.018778e+00,8.743465e-01,2.522320e-01,5.750320e-01,6.103963e-01,0.199549,71.8378
0.00796774,2.515000e+01,-5.018975e+00,8.743465e-01,2.517748e-01,5.736236e-01,6.107855e-01,0.200361,72.1298
0.008,2.515000e+01,-5.019183e+00,8.743465e-01,2.517119e-01,5.731645e-01,6.111226e-01,0.201172,72.4219
0.00803226,2.515000e+01,-5.019392e+00,8.743465e-01,2.516164e-01,5.730192e-01,6.110451e-01,0.201983,72.7139
0.00806452,2.515000e+01,-5.019583e+00,8.743465e-01,2.511260e-01,5.729513e-01,6.099266e-01,0.202794,73.0059
0.00809677,2.515000e+01,-5.019780e+00,8.743465e-01,2.511751e-01,5.728976e-01,6.101031e-01,0.203605,73.2979
0.00812903,2.515000e+01,-5.019996e+00,8.743465e-01,2.513213e-01,5.725311e-01,6.108493e-01,0.204416,73.5899
0.00816129,2.515000e+01,-5.020214e+00,8.743465e-01,2.509828e-01,5.719330e-01,6.106641e-01,0.205228,73.8820
0.00819355,2.515000e+01,-5.020415e+00,8.743465e-01,2.507790e-01,5.722157e-01,6.098670e-01,0.206039,74.1740
0.00822581,2.515000e+01,-5.020606e+00,8.743465e-01,2.503385e-01,5.719383e-01,6.090908e-01,0.206850,74.4661
0.00825806,2.515000e+01,-5.020804e+00,8.743465e-01,2.504743e-01,5.718561e-01,6.095087e-01,0.207661,74.7580
0.00829032,2.515000e+01,-5.020999e+00,8.743465e-01,2.502330e-01,5.715502e-01,6.092479e-01,0.208472,75.0501
0.00832258,2.515000e+01,-5.021198e+00,8.743465e-01,2.493536e-01,5.697322e-01,6.090437e-01,0.209284,75.3421
0.00835484,2.515000e+01,-5.021424e+00,8.743465e-01,2.494662e-01,5.689519e-01,6.101545e-01,0.210095,75.6341
0.0083871,2.515000e+01,-5.021650e+00,8.743465e-01,2.493752e-01,5.688192e-01,6.100743e-01,0.210906,75.9262
0.00841935,2.515000e+01,-5.021856e+00,8.743465e-01,2.493748e-01,5.697690e-01,6.090563e-01,0.211717,76.2181
0.00845161,2.515000e+01,-5.022055e+00,8.743465e-01,2.491489e-01,5.696311e-01,6.086519e-01,0.212528,76.5102
0.00848387,2.515000e+01,-5.022270e+00,8.743465e-01,2.494751e-01,5.697232e-01,6.093503e-01,0.213339,76.8022
0.00851613,2.515000e+01,-5.022491e+00,8.743465e-01,2.492578e-01,5.690819e-01,6.095054e-01,0.214151,77.0943
0.00854839,2.515000e+01,-5.022691e+00,8.743465e-01,2.483622e-01,5.684159e-01,6.080274e-01,0.214962,77.3863
0.00858065,2.515000e+01,-5.022899e+00,8.743465e-01,2.481953e-01,5.678473e-01,6.082274e-01,0.215773,77.6783
0.0086129,2.515000e+01,-5.023111e+00,8.743465e-01,2.484654e-01,5.681858e-01,6.085260e-01,0.216584,77.9703
0.00864516,2.515000e+01,-5.023339e+00,8.743465e-01,2.486603e-01,5.676941e-01,6.095312e-01,0.217395,78.2623
0.00867742,2.515000e+01,-5.023554e+00,8.743465e-01,2.475641e-01,5.663257e-01,6.083101e-01,0.218207,78.5544
0.00870968,2.515000e+01,-5.023769e+00,8.743465e-01,2.471777e-01,5.658650e-01,6.078552e-01,0.219018,78.8464
0.00874194,2.515000e+01,-5.023974e+00,8.743465e-01,2.469617e-01,5.659976e-01,6.071818e-01,0.219829,79.1385
0.00877419,2.515000e+01,-5.024167e+00,8.743465e-01,2.472862e-01,5.672002e-01,6.066905e-01,0.220640,79.4304
0.00880645,2.515000e+01,-5.024375e+00,8.743465e-01,2.473978e-01,5.668553e-01,6.073336e-01,0.221451,79.7224
0.00883871,2.515000e+01,-5.024602e+00,8.743465e-01,2.475425e-01,5.662693e-01,6.083177e-01,0.222262,80.0145
0.00887097,2.515000e+01,-5.024836e+00,8.743465e-01,2.474714e-01,5.658692e-01,6.085731e-01,0.223074,80.3065
0.00890323,2.515000e+01,-5.025047e+00,8.743465e-01,2.467352e-01,5.653995e-01,6.072667e-01,0.223885,80.5986
0.00893548,2.515000e+01,-5.025255e+00,8.743465e-01,2.461614e-01,5.645555e-01,6.067601e-01,0.224696,80.8905
0.00896774,2.515000e+01,-5.025485e+00,8.743465e-01,2.465657e-01,5.643697e-01,6.079566e-01,0.225507,81.1826
0.009,2.515000e+01,-5.025718e+00,8.743465e-01,2.464631e-01,5.641022e-01,6.079918e-01,0.226318,81.4746
0.00903333,2.515000e+01,-5.025960e+00,8.743465e-01,2.460698e-01,5.628149e-01,6.084102e-01,0.227156,81.7763
0.00906667,2.515000e+01,-5.026185e+00,8.743465e-01,2.456588e-01,5.631608e-01,6.070208e-01,0.227995,82.0781
0.0091,2.515000e+01,-5.026397e+00,8.743465e-01,2.455973e-01,5.637500e-01,6.062348e-01,0.228833,82.3799
0.00913333,2.515000e+01,-5.026612e+00,8.743465e-01,2.456801e-01,5.638790e-01,6.063004e-01,0.229671,82.6816
0.00916667,2.515000e+01,-5.026867e+00,8.743465e-01,2.461240e-01,5.629607e-01,6.083863e-01,0.230509,82.9834
0.0092,2.515000e+01,-5.027116e+00,8.743465e-01,2.458857e-01,5.628949e-01,6.078687e-01,0.231348,83.2851
0.00923333,2.515000e+01,-5.027332e+00,8.743465e-01,2.450864e-01,5.630218e-01,6.057559e-01,0.232186,83.5869
0.00926667,2.515000e+01,-5.027539e+00,8.743465e-01,2.442265e-01,5.618029e-01,6.049404e-01,0.233024,83.8887
0.0093,2.515000e+01,-5.027777e+00,8.743465e-01,2.443942e-01,5.607478e-01,6.064945e-01,0.233862,84.1904
0.00933333,2.515000e+01,-5.028029e+00,8.743465e-01,2.447585e-01,5.609263e-01,6.072053e-01,0.234700,84.4921
0.00936667,2.515000e+01,-5.028253e+00,8.743465e-01,2.442668e-01,5.613054e-01,6.055763e-01,0.235539,84.7940
0.0094,2.515000e+01,-5.028504e+00,8.743465e-01,2.443486e-01,5.604819e-01,6.066692e-01,0.236377,85.0957
0.00943333,2.515000e+01,-5.028751e+00,8.743465e-01,2.442344e-01,5.606404e-01,6.062141e-01,0.237215,85.3974
0.00946667,2.515000e+01,-5.028984e+00,8.743465e-01,2.442650e-01,5.613117e-01,6.055653e-01,0.238053,85.6992
0.0095,2.515000e+01,-5.029198e+00,8.743465e-01,2.437190e-01,5.610163e-01,6.045293e-01,0.238892,86.0010
0.00953333,2.515000e+01,-5.029441e+00,8.743465e-01,2.435752e-01,5.594194e-01,6.058977e-01,0.239730,86.3027
0.00956667,2.515000e+01,-5.029681e+00,8.743465e-01,2.433875e-01,5.592051e-01,6.056629e-01,0.240568,86.6045
0.0096,2.515000e+01,-5.029896e+00,8.743465e-01,2.429766e-01,5.598169e-01,6.039793e-01,0.241406,86.9062
0.00963333,2.515000e+01,-5.030143e+00,8.743465e-01,2.429384e-01,5.584912e-01,6.053183e-01,0.242244,87.2080
0.00966667,2.515000e+01,-5.030418e+00,8.743465e-01,2.433614e-01,5.580610e-01,6.068395e-01,0.243083,87.5098
0.0097,2.515000e+01,-5.030713e+00,8.743465e-01,2.436666e-01,5.578467e-01,6.078338e-01,0.243921,87.8115
0.00973333,2.515000e+01,-5.030937e+00,8.743465e-01,2.423300e-01,5.583853e-01,6.039165e-01,0.244759,88.1132
0.00976667,2.515000e+01,-5.031137e+00,8.743465e-01,2.418481e-01,5.585933e-01,6.024909e-01,0.245597,88.4151
0.0098,2.515000e+01,-5.031366e+00,8.743465e-01,2.424237e-01,5.585122e-01,6.040123e-01,0.246436,88.7168
0.00983333,2.515000e+01,-5.031613e+00,8.743465e-01,2.427398e-01,5.584775e-01,6.048376e-01,0.247274,89.0185
0.00986667,2.515000e+01,-5.031898e+00,8.743465e-01,2.421223e-01,5.556248e-01,6.063965e-01,0.248112,89.3203
0.0099,2.515000e+01,-5.032136e+00,8.743465e-01,2.405262e-01,5.544749e-01,6.036486e-01,0.248950,89.6221
0.00993333,2.515000e+01,-5.032346e+00,8.743465e-01,2.402267e-01,5.552178e-01,6.020908e-01,0.249788,89.9238
0.00996667,2.515000e+01,-5.032563e+00,8.743465e-01,2.411264e-01,5.569516e-01,6.024634e-01,0.250627,90.2256
0.01,2.515000e+01,-5.032811e+00,8.743465e-01,2.414020e-01,5.562603e-01,6.039019e-01,0.251465,90.5273
0.0100333,2.515000e+01,-5.033084e+00,8.743465e-01,2.415526e-01,5.554685e-01,6.051405e-01,0.252302,90.8288
0.0100667,2.515000e+01,-5.033366e+00,8.743465e-01,2.417028e-01,5.553131e-01,6.056863e-01,0.253142,91.1311
0.0101,2.515000e+01,-5.033621e+00,8.743465e-01,2.409979e-01,5.551536e-01,6.040927e-01,0.253979,91.4326
0.0101333,2.515000e+01,-5.033850e+00,8.743465e-01,2.403400e-01,5.550862e-01,6.025170e-01,0.254817,91.7341
0.0101667,2.515000e+01,-5.034081e+00,8.743465e-01,2.403417e-01,5.550504e-01,6.025606e-01,0.255657,92.0364
0.0102,2.515000e+01,-5.034346e+00,8.743465e-01,2.405696e-01,5.542417e-01,6.040118e-01,0.256494,92.3379
0.0102333,2.515000e+01,-5.034641e+00,8.743465e-01,2.404261e-01,5.526737e-01,6.053635e-01,0.257331,92.6393
0.0102667,2.515000e+01,-5.034893e+00,8.743465e-01,2.391866e-01,5.521277e-01,6.028384e-01,0.258171,92.9417
0.0103,2.515000e+01,-5.035122e+00,8.743465e-01,2.389157e-01,5.526379e-01,6.015998e-01,0.259009,93.2432
0.0103333,2.515000e+01,-5.035351e+00,8.743465e-01,2.393963e-01,5.537852e-01,6.015608e-01,0.259846,93.5446
0.0103667,2.515000e+01,-5.035607e+00,8.743465e-01,2.397871e-01,5.535583e-01,6.027899e-01,0.260686,93.8470
0.0104,2.515000e+01,-5.035838e+00,8.743465e-01,2.390333e-01,5.532624e-01,6.012163e-01,0.261523,94.1484
0.0104333,2.515000e+01,-5.036052e+00,8.743465e-01,2.384205e-01,5.528148e-01,6.001611e-01,0.262361,94.4499
0.0104667,2.515000e+01,-5.036332e+00,8.743465e-01,2.390020e-01,5.509041e-01,6.037111e-01,0.263201,94.7522
0.0105,2.515000e+01,-5.036640e+00,8.743465e-01,2.394097e-01,5.505677e-01,6.051108e-01,0.264038,95.0537
0.0105333,2.515000e+01,-5.036919e+00,8.743465e-01,2.390524e-01,5.512885e-01,6.034174e-01,0.264875,95.3552
0.0105667,2.515000e+01,-5.037168e+00,8.743465e-01,2.385052e-01,5.517518e-01,6.015305e-01,0.265715,95.6575
0.0106,2.515000e+01,-5.037426e+00,8.743465e-01,2.381250e-01,5.507320e-01,6.016838e-01,0.266553,95.9590
0.0106333,2.515000e+01,-5.037677e+00,8.743465e-01,2.376365e-01,5.501228e-01,6.011151e-01,0.267390,96.2604
0.0106667,2.515000e+01,-5.037914e+00,8.743465e-01,2.376047e-01,5.506567e-01,6.004514e-01,0.268230,96.5628
0.0107,2.515000e+01,-5.038179e+00,8.743465e-01,2.381435e-01,5.506035e-01,6.018713e-01,0.269067,96.8642
0.0107333,2.515000e+01,-5.038470e+00,8.743465e-01,2.384011e-01,5.501202e-01,6.030515e-01,0.269905,97.1657
0.0107667,2.515000e+01,-5.038712e+00,8.743465e-01,2.372711e-01,5.502028e-01,6.001030e-01,0.270745,97.4681
0.0108,2.515000e+01,-5.038950e+00,8.743465e-01,2.369806e-01,5.497800e-01,5.998293e-01,0.271582,97.7695
0.0108333,2.515000e+01,-5.039213e+00,8.743465e-01,2.371006e-01,5.490282e-01,6.009547e-01,0.272419,98.0710
0.0108667,2.515000e+01,-5.039498e+00,8.743465e-01,2.373422e-01,5.486728e-01,6.019570e-01,0.273259,98.3733
0.0109,2.515000e+01,-5.039779e+00,8.743465e-01,2.373123e-01,5.489466e-01,6.015808e-01,0.274097,98.6748
0.0109333,2.515000e+01,-5.040038e+00,8.743465e-01,2.367712e-01,5.490540e-01,6.000911e-01,0.274934,98.9762
0.0109667,2.515000e+01,-5.040305e+00,8.743465e-01,2.367862e-01,5.487844e-01,6.004241e-01,0.275774,99.2786
0.011,2.515000e+01,-5.040558e+00,8.743465e-01,2.364406e-01,5.488207e-01,5.995086e-01,0.276611,99.5801
0.0110333,2.515000e+01,-5.040838e+00,8.743465e-01,2.368709e-01,5.484443e-01,6.010114e-01,0.277449,99.8815
0.0110667,2.515000e+01,-5.041149e+00,8.743465e-01,2.372238e-01,5.479357e-01,6.024657e-01,0.278289,100.1839
0.0111,2.515000e+01,-5.041431e+00,8.743465e-01,2.364528e-01,5.477745e-01,6.006837e-01,0.279126,100.4853
0.0111333,2.515000e+01,-5.041668e+00,8.743465e-01,2.354205e-01,5.479330e-01,5.978886e-01,0.279963,100.7868
0.0111667,2.515000e+01,-5.041936e+00,8.743465e-01,2.357563e-01,5.474371e-01,5.992844e-01,0.280803,101.0892
0.0112,2.515000e+01,-5.042218e+00,8.743465e-01,2.357208e-01,5.469200e-01,5.997604e-01,0.281641,101.3906
0.0112333,2.515000e+01,-5.042516e+00,8.743465e-01,2.361006e-01,5.470385e-01,6.005969e-01,0.282478,101.6921
0.0112667,2.515000e+01,-5.042789e+00,8.743465e-01,2.358051e-01,5.475692e-01,5.992630e-01,0.283318,101.9944
0.0113,2.515000e+01,-5.043078e+00,8.743465e-01,2.360045e-01,5.473454e-01,6.000155e-01,0.284155,102.2959
0.0113333,2.515000e+01,-5.043378e+00,8.743465e-01,2.360045e-01,5.469721e-01,6.004246e-01,0.284993,102.5973
0.0113667,2.515000e+01,-5.043658e+00,8.743465e-01,2.354218e-01,5.469795e-01,5.989345e-01,0.285833,102.8997
0.0114,2.515000e+01,-5.043942e+00,8.743465e-01,2.353513e-01,5.468242e-01,5.989249e-01,0.286670,103.2012
0.0114333,2.515000e+01,-5.044216e+00,8.743465e-01,2.350822e-01,5.469158e-01,5.981404e-01,0.287507,103.5026
0.0114667,2.515000e+01,-5.044468e+00,8.743465e-01,2.343550e-01,5.466515e-01,5.965784e-01,0.288347,103.8050
0.0115,2.515000e+01,-5.044740e+00,8.743465e-01,2.345843e-01,5.463567e-01,5.974842e-01,0.289185,104.1064
0.0115333,2.515000e+01,-5.045066e+00,8.743465e-01,2.353950e-01,5.456501e-01,6.003255e-01,0.290022,104.4079
0.0115667,2.515000e+01,-5.045407e+00,8.743465e-01,2.356082e-01,5.455290e-01,6.010028e-01,0.290862,104.7102
0.0116,2.515000e+01,-5.045703e+00,8.743465e-01,2.347798e-01,5.460355e-01,5.983339e-01,0.291699,105.0117
0.0116333,2.515000e+01,-5.045977e+00,8.743465e-01,2.344115e-01,5.463746e-01,5.970247e-01,0.292537,105.3132
0.0116667,2.515000e+01,-5.046264e+00,8.743465e-01,2.344840e-01,5.462440e-01,5.973522e-01,0.293376,105.6155
0.0117,2.515000e+01,-5.046562e+00,8.743465e-01,2.344444e-01,5.458607e-01,5.976699e-01,0.294214,105.9170
0.0117333,2.515000e+01,-5.046881e+00,8.743465e-01,2.344976e-01,5.451957e-01,5.985354e-01,0.295051,106.2184
0.0117667,2.515000e+01,-5.047214e+00,8.743465e-01,2.344652e-01,5.445370e-01,5.991767e-01,0.295891,106.5208
0.0118,2.515000e+01,-5.047543e+00,8.743465e-01,2.343705e-01,5.446797e-01,5.987775e-01,0.296728,106.8223
0.0118333,2.515000e+01,-5.047838e+00,8.743465e-01,2.337560e-01,5.453115e-01,5.965156e-01,0.297566,107.1237
0.0118667,2.515000e+01,-5.048139e+00,8.743465e-01,2.337614e-01,5.452036e-01,5.966474e-01,0.298406,107.4261
0.0119,2.515000e+01,-5.048462e+00,8.743465e-01,2.340622e-01,5.449567e-01,5.976860e-01,0.299243,107.7275
0.0119333,2.515000e+01,-5.048787e+00,8.743465e-01,2.338845e-01,5.446055e-01,5.976171e-01,0.300081,108.0290
0.0119667,2.515000e+01,-5.049079e+00,8.743465e-01,2.332729e-01,5.451062e-01,5.955069e-01,0.300920,108.3313
0.012,2.515000e+01,-5.049386e+00,8.743465e-01,2.334139e-01,5.449804e-01,5.960043e-01,0.301758,108.6328
0.0120333,2.515000e+01,-5.049699e+00,8.743465e-01,2.334728e-01,5.450720e-01,5.960548e-01,0.302595,108.9343
0.0120667,2.515000e+01,-5.050026e+00,8.743465e-01,2.333948e-01,5.444265e-01,5.965623e-01,0.303435,109.2366
0.0121,2.515000e+01,-5.050373e+00,8.743465e-01,2.333568e-01,5.436141e-01,5.973564e-01,0.304272,109.5381
0.0121333,2.515000e+01,-5.050726e+00,8.743465e-01,2.333869e-01,5.434561e-01,5.976068e-01,0.305110,109.8395
0.0121667,2.515000e+01,-5.051073e+00,8.743465e-01,2.333216e-01,5.439347e-01,5.969141e-01,0.305950,110.1419
0.0122,2.515000e+01,-5.051389e+00,8.743465e-01,2.328310e-01,5.446750e-01,5.948498e-01,0.306787,110.4433
0.0122333,2.515000e+01,-5.051719e+00,8.743465e-01,2.330404e-01,5.446344e-01,5.954287e-01,0.307624,110.7448
0.0122667,2.515000e+01,-5.052031e+00,8.743465e-01,2.324822e-01,5.444581e-01,5.941948e-01,0.308464,111.0472
0.0123,2.515000e+01,-5.052348e+00,8.743465e-01,2.322807e-01,5.440126e-01,5.941660e-01,0.309302,111.3486
0.0123333,2.515000e+01,-5.052720e+00,8.743465e-01,2.330165e-01,5.432060e-01,5.969335e-01,0.310139,111.6501
0.0123667,2.515000e+01,-5.053127e+00,8.743465e-01,2.335508e-01,5.428511e-01,5.986929e-01,0.310979,111.9524
0.0124,2.515000e+01,-5.053513e+00,8.743465e-01,2.331999e-01,5.432197e-01,5.973880e-01,0.311816,112.2539
0.0124333,2.515000e+01,-5.053835e+00,8.743465e-01,2.319000e-01,5.438183e-01,5.934038e-01,0.312654,112.5553
0.0124667,2.515000e+01,-5.054145e+00,8.743465e-01,2.314962e-01,5.437362e-01,5.924604e-01,0.313494,112.8577
0.0125,2.515000e+01,-5.054498e+00,8.743465e-01,2.321848e-01,5.433871e-01,5.946046e-01,0.314331,113.1592
0.0125333,2.515000e+01,-5.054880e+00,8.743465e-01,2.325525e-01,5.431139e-01,5.958459e-01,0.315168,113.4606
0.0125667,2.515000e+01,-5.055248e+00,8.743465e-01,2.324621e-01,5.437257e-01,5.949444e-01,0.316008,113.7630
0.0126,2.515000e+01,-5.055612e+00,8.743465e-01,2.321368e-01,5.434129e-01,5.944533e-01,0.316846,114.0644
0.0126333,2.515000e+01,-5.055953e+00,8.743465e-01,2.314896e-01,5.433492e-01,5.928650e-01,0.317683,114.3659
0.0126667,2.515000e+01,-5.056302e+00,8.743465e-01,2.313477e-01,5.429485e-01,5.929393e-01,0.318523,114.6683
0.0127,2.515000e+01,-5.056708e+00,8.743465e-01,2.320909e-01,5.420735e-01,5.958045e-01,0.319360,114.9697
0.0127333,2.515000e+01,-5.057150e+00,8.743465e-01,2.327261e-01,5.418339e-01,5.976987e-01,0.320198,115.2712
0.0127667,2.515000e+01,-5.057556e+00,8.743465e-01,2.320914e-01,5.425447e-01,5.952884e-01,0.321038,115.5735
0.0128,2.515000e+01,-5.057878e+00,8.743465e-01,2.305875e-01,5.437057e-01,5.901681e-01,0.321875,115.8750
0.0128333,2.515000e+01,-5.058209e+00,8.743465e-01,2.304885e-01,5.433076e-01,5.903471e-01,0.322712,116.1764
0.0128667,2.515000e+01,-5.058583e+00,8.743465e-01,2.309970e-01,5.426842e-01,5.923287e-01,0.323552,116.4788
0.0129,2.515000e+01,-5.058997e+00,8.743465e-01,2.315331e-01,5.421151e-01,5.943267e-01,0.324390,116.7803
0.0129333,2.515000e+01,-5.059410e+00,8.743465e-01,2.314318e-01,5.419998e-01,5.941927e-01,0.325227,117.0817
0.0129667,2.515000e+01,-5.059797e+00,8.743465e-01,2.308742e-01,5.422256e-01,5.925147e-01,0.326067,117.3841
0.013,2.515000e+01,-5.060194e+00,8.743465e-01,2.309787e-01,5.425510e-01,5.924271e-01,0.326904,117.6855
0.0130323,2.515000e+01,-5.060575e+00,8.743465e-01,2.307853e-01,5.433855e-01,5.910219e-01,0.327716,117.9779
0.0130645,2.515000e+01,-5.060997e+00,8.743465e-01,2.310648e-01,5.420071e-01,5.932430e-01,0.328526,118.2694
0.0130968,2.515000e+01,-5.061415e+00,8.743465e-01,2.307337e-01,5.414422e-01,5.930106e-01,0.329338,118.5618
0.013129,2.515000e+01,-5.061816e+00,8.743465e-01,2.304307e-01,5.417028e-01,5.919474e-01,0.330148,118.8533
0.0131613,2.515000e+01,-5.062186e+00,8.743465e-01,2.299399e-01,5.424547e-01,5.898676e-01,0.330960,119.1457
0.0131935,2.515000e+01,-5.062554e+00,8.743465e-01,2.298961e-01,5.424384e-01,5.897730e-01,0.331770,119.4372
0.0132258,2.515000e+01,-5.062957e+00,8.743465e-01,2.304339e-01,5.421588e-01,5.914573e-01,0.332582,119.7296
0.0132581,2.515000e+01,-5.063373e+00,8.743465e-01,2.305599e-01,5.419408e-01,5.920190e-01,0.333395,120.0220
0.0132903,2.515000e+01,-5.063826e+00,8.743465e-01,2.311541e-01,5.413264e-01,5.942184e-01,0.334204,120.3135
0.0133226,2.515000e+01,-5.064270e+00,8.743465e-01,2.307315e-01,5.411384e-01,5.933383e-01,0.335017,120.6059
0.0133548,2.515000e+01,-5.064697e+00,8.743465e-01,2.302332e-01,5.412363e-01,5.919494e-01,0.335826,120.8974
0.0133871,2.515000e+01,-5.065080e+00,8.743465e-01,2.295063e-01,5.422325e-01,5.889967e-01,0.336638,121.1898
0.0134194,2.515000e+01,-5.065476e+00,8.743465e-01,2.295902e-01,5.418845e-01,5.895904e-01,0.337451,121.4822
0.0134516,2.515000e+01,-5.065871e+00,8.743465e-01,2.294056e-01,5.414791e-01,5.895578e-01,0.338260,121.7737
0.0134839,2.515000e+01,-5.066268e+00,8.743465e-01,2.292000e-01,5.410047e-01,5.895456e-01,0.339073,122.0661
0.0135161,2.515000e+01,-5.066651e+00,8.743465e-01,2.290231e-01,5.415391e-01,5.885092e-01,0.339882,122.3576
0.0135484,2.515000e+01,-5.067070e+00,8.743465e-01,2.297091e-01,5.414106e-01,5.904118e-01,0.340695,122.6500
0.0135806,2.515000e+01,-5.067510e+00,8.743465e-01,2.298081e-01,5.407293e-01,5.914106e-01,0.341504,122.9415
0.0136129,2.515000e+01,-5.067913e+00,8.743465e-01,2.288182e-01,5.406677e-01,5.889304e-01,0.342317,123.2340
0.0136452,2.515000e+01,-5.068301e+00,8.743465e-01,2.287032e-01,5.410278e-01,5.882424e-01,0.343129,123.5264
0.0136774,2.515000e+01,-5.068740e+00,8.743465e-01,2.296162e-01,5.405956e-01,5.910629e-01,0.343938,123.8179
0.0137097,2.515000e+01,-5.069201e+00,8.743465e-01,2.299509e-01,5.403981e-01,5.921410e-01,0.344751,124.1103
0.0137419,2.515000e+01,-5.069624e+00,8.743465e-01,2.291581e-01,5.409689e-01,5.894769e-01,0.345560,124.4018
0.0137742,2.515000e+01,-5.070010e+00,8.743465e-01,2.281646e-01,5.407203e-01,5.871907e-01,0.346373,124.6942
0.0138065,2.515000e+01,-5.070420e+00,8.743465e-01,2.285268e-01,5.402628e-01,5.886210e-01,0.347185,124.9866
0.0138387,2.515000e+01,-5.070842e+00,8.743465e-01,2.284673e-01,5.396447e-01,5.891416e-01,0.347995,125.2781
0.013871,2.515000e+01,-5.071260e+00,8.743465e-01,2.285351e-01,5.400606e-01,5.888625e-01,0.348807,125.5705
0.0139032,2.515000e+01,-5.071702e+00,8.743465e-01,2.291569e-01,5.402191e-01,5.902917e-01,0.349617,125.8620
0.0139355,2.515000e+01,-5.072161e+00,8.743465e-01,2.293212e-01,5.398005e-01,5.911729e-01,0.350429,126.1544
0.0139677,2.515000e+01,-5.072564e+00,8.743465e-01,2.279500e-01,5.397379e-01,5.877065e-01,0.351239,126.4459
0.014,2.515000e+01,-5.072926e+00,8.743465e-01,2.269121e-01,5.396220e-01,5.851562e-01,0.352051,126.7383
0.0140323,2.515000e+01,-5.073300e+00,8.743465e-01,2.270999e-01,5.393114e-01,5.859779e-01,0.352863,127.0307
0.0140645,2.515000e+01,-5.073722e+00,8.743465e-01,2.282433e-01,5.394135e-01,5.888168e-01,0.353673,127.3222
0.0140968,2.515000e+01,-5.074150e+00,8.743465e-01,2.282063e-01,5.389428e-01,5.892352e-01,0.354485,127.6146
0.014129,2.515000e+01,-5.074519e+00,8.743465e-01,2.271839e-01,5.396747e-01,5.857995e-01,0.355295,127.9061
0.0141613,2.515000e+01,-5.074890e+00,8.743465e-01,2.270969e-01,5.392624e-01,5.860235e-01,0.356107,128.1985
0.0141935,2.515000e+01,-5.075284e+00,8.743465e-01,2.273718e-01,5.385943e-01,5.874602e-01,0.356917,128.4900
0.0142258,2.515000e+01,-5.075704e+00,8.743465e-01,2.278989e-01,5.384564e-01,5.889730e-01,0.357729,128.7824
0.0142581,2.515000e+01,-5.076131e+00,8.743465e-01,2.280442e-01,5.384506e-01,5.893553e-01,0.358541,129.0748
0.0142903,2.515000e+01,-5.076540e+00,8.743465e-01,2.275866e-01,5.382784e-01,5.883607e-01,0.359351,129.3663
0.0143226,2.515000e+01,-5.076916e+00,8.743465e-01,2.271055e-01,5.387433e-01,5.866100e-01,0.360163,129.6587
0.0143548,2.515000e+01,-5.077235e+00,8.743465e-01,2.256857e-01,5.384358e-01,5.832757e-01,0.360973,129.9502
0.0143871,2.515000e+01,-5.077572e+00,8.743465e-01,2.260337e-01,5.381246e-01,5.845128e-01,0.361785,130.2426
0.0144194,2.515000e+01,-5.077957e+00,8.743465e-01,2.270022e-01,5.376876e-01,5.874946e-01,0.362597,130.5350
0.0144516,2.515000e+01,-5.078349e+00,8.743465e-01,2.271664e-01,5.374576e-01,5.881714e-01,0.363407,130.8265
0.0144839,2.515000e+01,-5.078720e+00,8.743465e-01,2.269329e-01,5.378261e-01,5.871634e-01,0.364219,131.1189
0.0145161,2.515000e+01,-5.079055e+00,8.743465e-01,2.261455e-01,5.378751e-01,5.850733e-01,0.365029,131.4104
0.0145484,2.515000e+01,-5.079404e+00,8.743465e-01,2.264297e-01,5.374012e-01,5.863248e-01,0.365841,131.7028
0.0145806,2.515000e+01,-5.079757e+00,8.743465e-01,2.263366e-01,5.369916e-01,5.865312e-01,0.366651,131.9943
0.0146129,2.515000e+01,-5.080134e+00,8.743465e-01,2.267027e-01,5.364630e-01,5.880590e-01,0.367463,132.2867
0.0146452,2.515000e+01,-5.080473e+00,8.743465e-01,2.258989e-01,5.367905e-01,5.856161e-01,0.368275,132.5791
0.0146774,2.515000e+01,-5.080771e+00,8.743465e-01,2.249713e-01,5.367705e-01,5.832330e-01,0.369085,132.8706
0.0147097,2.515000e+01,-5.081019e+00,8.743465e-01,2.240920e-01,5.370311e-01,5.806716e-01,0.369897,133.1630
0.0147419,2.515000e+01,-5.081330e+00,8.743465e-01,2.253685e-01,5.368152e-01,5.842140e-01,0.370707,133.4545
0.0147742,2.515000e+01,-5.081679e+00,8.743465e-01,2.261160e-01,5.363803e-01,5.866273e-01,0.371519,133.7469
0.0148065,2.515000e+01,-5.082033e+00,8.743465e-01,2.261222e-01,5.360291e-01,5.870276e-01,0.372331,134.0393
0.0148387,2.515000e+01,-5.082374e+00,8.743465e-01,2.257898e-01,5.358733e-01,5.863353e-01,0.373141,134.3308
0.014871,2.515000e+01,-5.082680e+00,8.743465e-01,2.250973e-01,5.360481e-01,5.843462e-01,0.373953,134.6232
0.0149032,2.515000e+01,-5.083000e+00,8.743465e-01,2.252645e-01,5.357095e-01,5.851495e-01,0.374763,134.9147
0.0149355,2.515000e+01,-5.083293e+00,8.743465e-01,2.247317e-01,5.359849e-01,5.834657e-01,0.375575,135.2071
0.0149677,2.515000e+01,-5.083602e+00,8.743465e-01,2.249106e-01,5.350962e-01,5.849005e-01,0.376385,135.4986
0.015,2.515000e+01,-5.083927e+00,8.743465e-01,2.253578e-01,5.353436e-01,5.857924e-01,0.377197,135.7910
0.0150323,2.515000e+01,-5.084198e+00,8.743465e-01,2.238787e-01,5.349150e-01,5.824138e-01,0.378009,136.0834
0.0150645,2.515000e+01,-5.084457e+00,8.743465e-01,2.236429e-01,5.348845e-01,5.818340e-01,0.378819,136.3749
0.0150968,2.515000e+01,-5.084750e+00,8.743465e-01,2.244421e-01,5.349293e-01,5.838640e-01,0.379631,136.6673
0.015129,2.515000e+01,-5.085075e+00,8.743465e-01,2.252859e-01,5.351793e-01,5.857856e-01,0.380441,136.9588
0.0151613,2.515000e+01,-5.085393e+00,8.743465e-01,2.250172e-01,5.350367e-01,5.852430e-01,0.381253,137.2512
0.0151935,2.515000e+01,-5.085683e+00,8.743465e-01,2.242081e-01,5.345523e-01,5.836667e-01,0.382063,137.5427
0.0152258,2.515000e+01,-5.085952e+00,8.743465e-01,2.235771e-01,5.340289e-01,5.825940e-01,0.382875,137.8351
0.0152581,2.515000e+01,-5.086228e+00,8.743465e-01,2.236180e-01,5.337920e-01,5.829594e-01,0.383688,138.1275
0.0152903,2.515000e+01,-5.086507e+00,8.743465e-01,2.237626e-01,5.338420e-01,5.832815e-01,0.384497,138.4190
0.0153226,2.515000e+01,-5.086789e+00,8.743465e-01,2.240101e-01,5.342264e-01,5.835071e-01,0.385309,138.7114
0.0153548,2.515000e+01,-5.087076e+00,8.743465e-01,2.240483e-01,5.340547e-01,5.837942e-01,0.386119,139.0029
0.0153871,2.515000e+01,-5.087354e+00,8.743465e-01,2.236306e-01,5.334297e-01,5.833884e-01,0.386931,139.2953
0.0154194,2.515000e+01,-5.087611e+00,8.743465e-01,2.229808e-01,5.331381e-01,5.820116e-01,0.387744,139.5877
0.0154516,2.515000e+01,-5.087898e+00,8.743465e-01,2.237392e-01,5.332976e-01,5.838166e-01,0.388553,139.8792
0.0154839,2.515000e+01,-5.088205e+00,8.743465e-01,2.242744e-01,5.335219e-01,5.849662e-01,0.389366,140.1716
0.0155161,2.515000e+01,-5.088498e+00,8.743465e-01,2.240090e-01,5.337604e-01,5.840131e-01,0.390175,140.4631
0.0155484,2.515000e+01,-5.088737e+00,8.743465e-01,2.223776e-01,5.329048e-01,5.806910e-01,0.390988,140.7555
0.0155806,2.515000e+01,-5.088976e+00,8.743465e-01,2.221898e-01,5.323946e-01,5.807567e-01,0.391797,141.0470
0.0156129,2.515000e+01,-5.089215e+00,8.743465e-01,2.221229e-01,5.320482e-01,5.809600e-01,0.392609,141.3394
0.0156452,2.515000e+01,-5.089469e+00,8.743465e-01,2.225744e-01,5.322609e-01,5.819081e-01,0.393422,141.6318
0.0156774,2.515000e+01,-5.089744e+00,8.743465e-01,2.232277e-01,5.328659e-01,5.829541e-01,0.394231,141.9233
0.0157097,2.515000e+01,-5.090046e+00,8.743465e-01,2.240364e-01,5.329938e-01,5.849252e-01,0.395044,142.2157
0.0157419,2.515000e+01,-5.090317e+00,8.743465e-01,2.231514e-01,5.324399e-01,5.832204e-01,0.395853,142.5072
0.0157742,2.515000e+01,-5.090560e+00,8.743465e-01,2.221453e-01,5.315943e-01,5.815144e-01,0.396666,142.7996
0.0158065,2.515000e+01,-5.090812e+00,8.743465e-01,2.225418e-01,5.318697e-01,5.822504e-01,0.397478,143.0920
0.0158387,2.515000e+01,-5.091089e+00,8.743465e-01,2.231390e-01,5.319392e-01,5.837374e-01,0.398288,143.3835
0.015871,2.515000e+01,-5.091378e+00,8.743465e-01,2.234155e-01,5.319381e-01,5.844617e-01,0.399100,143.6759
0.0159032,2.515000e+01,-5.091594e+00,8.743465e-01,2.215831e-01,5.316286e-01,5.800055e-01,0.399910,143.9674
0.0159355,2.515000e+01,-5.091817e+00,8.743465e-01,2.215506e-01,5.310257e-01,5.805787e-01,0.400722,144.2598
0.0159677,2.515000e+01,-5.092043e+00,8.743465e-01,2.216926e-01,5.310984e-01,5.808713e-01,0.401531,144.5513
0.016,2.515000e+01,-5.092287e+00,8.743465e-01,2.220745e-01,5.309809e-01,5.820005e-01,0.402344,144.8437
0.0160313,2.515000e+01,-5.092536e+00,8.743465e-01,2.223222e-01,5.315517e-01,5.820242e-01,0.403131,145.1271
0.0160625,2.515000e+01,-5.092792e+00,8.743465e-01,2.223368e-01,5.313105e-01,5.823272e-01,0.403915,145.4095
0.0160938,2.515000e+01,-5.093051e+00,8.743465e-01,2.222978e-01,5.309983e-01,5.825670e-01,0.404702,145.6929
0.016125,2.515000e+01,-5.093259e+00,8.743465e-01,2.210065e-01,5.306298e-01,5.795853e-01,0.405487,145.9753
0.0161563,2.515000e+01,-5.093462e+00,8.743465e-01,2.207169e-01,5.303007e-01,5.791848e-01,0.406274,146.2587
0.0161875,2.515000e+01,-5.093687e+00,8.743465e-01,2.212522e-01,5.303170e-01,5.805713e-01,0.407059,146.5411
0.0162188,2.515000e+01,-5.093939e+00,8.743465e-01,2.218975e-01,5.304950e-01,5.820695e-01,0.407846,146.8245
0.01625,2.515000e+01,-5.094173e+00,8.743465e-01,2.212728e-01,5.298737e-01,5.811115e-01,0.408630,147.1069
0.0162813,2.515000e+01,-5.094401e+00,8.743465e-01,2.210024e-01,5.294735e-01,5.808405e-01,0.409417,147.3903
0.0163125,2.515000e+01,-5.094631e+00,8.743465e-01,2.212366e-01,5.298521e-01,5.810400e-01,0.410202,147.6727
0.0163438,2.515000e+01,-5.094882e+00,8.743465e-01,2.219092e-01,5.303660e-01,5.822421e-01,0.410989,147.9561
0.016375,2.515000e+01,-5.095141e+00,8.743465e-01,2.219529e-01,5.301211e-01,5.826254e-01,0.411774,148.2385
0.0164063,2.515000e+01,-5.095381e+00,8.743465e-01,2.213502e-01,5.296452e-01,5.815654e-01,0.412561,148.5219
0.0164375,2.515000e+01,-5.095621e+00,8.743465e-01,2.210621e-01,5.290265e-01,5.814875e-01,0.413345,148.8043
0.0164688,2.515000e+01,-5.095858e+00,8.743465e-01,2.209829e-01,5.291603e-01,5.811323e-01,0.414132,149.0877
0.0165,2.515000e+01,-5.096067e+00,8.743465e-01,2.199354e-01,5.284031e-01,5.792061e-01,0.414917,149.3701
0.0165313,2.515000e+01,-5.096300e+00,8.743465e-01,2.202530e-01,5.279261e-01,5.805669e-01,0.415704,149.6534
0.0165625,2.515000e+01,-5.096518e+00,8.743465e-01,2.200174e-01,5.282178e-01,5.796263e-01,0.416489,149.9359
0.0165938,2.515000e+01,-5.096747e+00,8.743465e-01,2.203581e-01,5.284474e-01,5.802712e-01,0.417276,150.2192
0.016625,2.515000e+01,-5.096979e+00,8.743465e-01,2.204661e-01,5.284668e-01,5.805340e-01,0.418060,150.5017
0.0166563,2.515000e+01,-5.097218e+00,8.743465e-01,2.205588e-01,5.283494e-01,5.809078e-01,0.418847,150.7850
0.0166875,2.515000e+01,-5.097471e+00,8.743465e-01,2.207950e-01,5.281346e-01,5.817660e-01,0.419632,151.0675
0.0167188,2.515000e+01,-5.097709e+00,8.743465e-01,2.201953e-01,5.278192e-01,5.805325e-01,0.420419,151.3508
0.01675,2.515000e+01,-5.097940e+00,8.743465e-01,2.196212e-01,5.269884e-01,5.799320e-01,0.421204,151.6333
0.0167813,2.515000e+01,-5.098158e+00,8.743465e-01,2.193729e-01,5.270948e-01,5.791591e-01,0.421991,151.9166
0.0168125,2.515000e+01,-5.098372e+00,8.743465e-01,2.193925e-01,5.272817e-01,5.790055e-01,0.422775,152.1991
0.0168438,2.515000e+01,-5.098592e+00,8.743465e-01,2.196945e-01,5.276997e-01,5.793432e-01,0.423562,152.4824
0.016875,2.515000e+01,-5.098832e+00,8.743465e-01,2.199898e-01,5.274649e-01,5.803806e-01,0.424347,152.7649
0.0169063,2.515000e+01,-5.099087e+00,8.743465e-01,2.200892e-01,5.270542e-01,5.810952e-01,0.425134,153.0482
0.0169375,2.515000e+01,-5.099328e+00,8.743465e-01,2.195739e-01,5.265351e-01,5.803059e-01,0.425919,153.3307
0.0169688,2.515000e+01,-5.099569e+00,8.743465e-01,2.195273e-01,5.264471e-01,5.802797e-01,0.426706,153.6140
0.017,2.515000e+01,-5.099811e+00,8.743465e-01,2.195762e-01,5.265361e-01,5.803112e-01,0.427490,153.8965
0.0170313,2.515000e+01,-5.100077e+00,8.743465e-01,2.203225e-01,5.269989e-01,5.817716e-01,0.428277,154.1798
0.0170625,2.515000e+01,-5.100340e+00,8.743465e-01,2.199166e-01,5.265151e-01,5.812340e-01,0.429062,154.4623
0.0170938,2.515000e+01,-5.100571e+00,8.743465e-01,2.185730e-01,5.250344e-01,5.793117e-01,0.429849,154.7456
0.017125,2.515000e+01,-5.100797e+00,8.743465e-01,2.181035e-01,5.243397e-01,5.788334e-01,0.430633,155.0281
0.0171563,2.515000e+01,-5.101013e+00,8.743465e-01,2.180505e-01,5.247893e-01,5.781967e-01,0.431421,155.3114
0.0171875,2.515000e+01,-5.101250e+00,8.743465e-01,2.188443e-01,5.255001e-01,5.795170e-01,0.432205,155.5939
0.0172188,2.515000e+01,-5.101489e+00,8.743465e-01,2.189763e-01,5.257874e-01,5.795494e-01,0.432992,155.8772
0.01725,2.515000e+01,-5.101740e+00,8.743465e-01,2.190308e-01,5.252328e-01,5.803057e-01,0.433777,156.1596
0.0172813,2.515000e+01,-5.101987e+00,8.743465e-01,2.189622e-01,5.250446e-01,5.803319e-01,0.434564,156.4430
0.0173125,2.515000e+01,-5.102223e+00,8.743465e-01,2.182855e-01,5.241970e-01,5.794740e-01,0.435348,156.7254
0.0173438,2.515000e+01,-5.102466e+00,8.743465e-01,2.183134e-01,5.239857e-01,5.797818e-01,0.436136,157.0088
0.017375,2.515000e+01,-5.102703e+00,8.743465e-01,2.182807e-01,5.244022e-01,5.792345e-01,0.436920,157.2912
0.0174063,2.515000e+01,-5.102947e+00,8.743465e-01,2.184580e-01,5.244076e-01,5.796994e-01,0.437707,157.5746
0.0174375,2.515000e+01,-5.103180e+00,8.743465e-01,2.181049e-01,5.240246e-01,5.791849e-01,0.438492,157.8570
0.0174688,2.515000e+01,-5.103392e+00,8.743465e-01,2.172745e-01,5.232195e-01,5.778679e-01,0.439279,158.1404
0.0175,2.515000e+01,-5.103592e+00,8.743465e-01,2.169634e-01,5.231337e-01,5.771349e-01,0.440063,158.4228
0.0175313,2.515000e+01,-5.103805e+00,8.743465e-01,2.175509e-01,5.237105e-01,5.780605e-01,0.440851,158.7062
0.0175625,2.515000e+01,-5.104047e+00,8.743465e-01,2.184133e-01,5.242196e-01,5.797883e-01,0.441635,158.9886
0.0175938,2.515000e+01,-5.104294e+00,8.743465e-01,2.183430e-01,5.236627e-01,5.802182e-01,0.442422,159.2720
0.017625,2.515000e+01,-5.104532e+00,8.743465e-01,2.181017e-01,5.234836e-01,5.797756e-01,0.443207,159.5544
0.0176563,2.515000e+01,-5.104773e+00,8.743465e-01,2.180359e-01,5.231141e-01,5.800099e-01,0.443994,159.8378
0.0176875,2.515000e+01,-5.105009e+00,8.743465e-01,2.175554e-01,5.223500e-01,5.795783e-01,0.444778,160.1202
0.0177188,2.515000e+01,-5.105250e+00,8.743465e-01,2.174685e-01,5.217902e-01,5.799682e-01,0.445565,160.4036
0.01775,2.515000e+01,-5.105473e+00,8.743465e-01,2.171511e-01,5.219762e-01,5.789150e-01,0.446350,160.6860
0.0177813,2.515000e+01,-5.105685e+00,8.743465e-01,2.171517e-01,5.221624e-01,5.787104e-01,0.447137,160.9694
0.0178125,2.515000e+01,-5.105891e+00,8.743465e-01,2.172489e-01,5.225745e-01,5.785128e-01,0.447922,161.2518
0.0178438,2.515000e+01,-5.106102e+00,8.743465e-01,2.174859e-01,5.227175e-01,5.789854e-01,0.448709,161.5352
0.017875,2.515000e+01,-5.106303e+00,8.743465e-01,2.174410e-01,5.230642e-01,5.784823e-01,0.449493,161.8176
0.0179063,2.515000e+01,-5.106525e+00,8.743465e-01,2.175102e-01,5.220576e-01,5.797821e-01,0.450280,162.1010
0.0179375,2.515000e+01,-5.106747e+00,8.743465e-01,2.173984e-01,5.214183e-01,5.801947e-01,0.451065,162.3834
0.0179688,2.515000e+01,-5.106953e+00,8.743465e-01,2.172024e-01,5.215767e-01,5.794955e-01,0.451852,162.6668
0.018,2.515000e+01,-5.107134e+00,8.743465e-01,2.167379e-01,5.217170e-01,5.781006e-01,0.452637,162.9492
0.0180323,2.515000e+01,-5.107304e+00,8.743465e-01,2.166380e-01,5.214321e-01,5.781498e-01,0.453449,163.2416
0.0180645,2.515000e+01,-5.107473e+00,8.743465e-01,2.166690e-01,5.215567e-01,5.780950e-01,0.454259,163.5331
0.0180968,2.515000e+01,-5.107649e+00,8.743465e-01,2.167359e-01,5.212405e-01,5.786241e-01,0.455071,163.8255
0.018129,2.515000e+01,-5.107817e+00,8.743465e-01,2.168627e-01,5.215049e-01,5.786686e-01,0.455881,164.1170
0.0181613,2.515000e+01,-5.107984e+00,8.743465e-01,2.170069e-01,5.218241e-01,5.786994e-01,0.456693,164.4094
0.0181935,2.515000e+01,-5.108148e+00,8.743465e-01,2.171868e-01,5.220694e-01,5.789073e-01,0.457503,164.7009
0.0182258,2.515000e+01,-5.108313e+00,8.743465e-01,2.173524e-01,5.222882e-01,5.791059e-01,0.458315,164.9933
0.0182581,2.515000e+01,-5.108492e+00,8.743465e-01,2.172127e-01,5.209723e-01,5.801952e-01,0.459127,165.2857
0.0182903,2.515000e+01,-5.108665e+00,8.743465e-01,2.167569e-01,5.200171e-01,5.800415e-01,0.459937,165.5772
0.0183226,2.515000e+01,-5.108837e+00,8.743465e-01,2.168636e-01,5.199614e-01,5.803895e-01,0.460749,165.8696
0.0183548,2.515000e+01,-5.108971e+00,8.743465e-01,2.165866e-01,5.210594e-01,5.784262e-01,0.461559,166.1611
0.0183871,2.515000e+01,-5.109090e+00,8.743465e-01,2.166034e-01,5.216089e-01,5.778616e-01,0.462371,166.4535
0.0184194,2.515000e+01,-5.109206e+00,8.743465e-01,2.166546e-01,5.217133e-01,5.778826e-01,0.463183,166.7459
0.0184516,2.515000e+01,-5.109337e+00,8.743465e-01,2.170222e-01,5.213363e-01,5.792817e-01,0.463993,167.0374
0.0184839,2.515000e+01,-5.109458e+00,8.743465e-01,2.169082e-01,5.213338e-01,5.789803e-01,0.464805,167.3298
0.0185161,2.515000e+01,-5.109583e+00,8.743465e-01,2.168079e-01,5.207899e-01,5.793166e-01,0.465615,167.6213
0.0185484,2.515000e+01,-5.109703e+00,8.743465e-01,2.170722e-01,5.215187e-01,5.792128e-01,0.466427,167.9137
0.0185806,2.515000e+01,-5.109826e+00,8.743465e-01,2.172509e-01,5.211524e-01,5.800968e-01,0.467237,168.2052
0.0186129,2.515000e+01,-5.109937e+00,8.743465e-01,2.169124e-01,5.206593e-01,5.797415e-01,0.468049,168.4976
0.0186452,2.515000e+01,-5.110041e+00,8.743465e-01,2.164906e-01,5.200842e-01,5.792539e-01,0.468861,168.7900
0.0186774,2.515000e+01,-5.110143e+00,8.743465e-01,2.166412e-01,5.204334e-01,5.792679e-01,0.469671,169.0815
0.0187097,2.515000e+01,-5.110214e+00,8.743465e-01,2.166374e-01,5.218071e-01,5.777329e-01,0.470483,169.3739
0.0187419,2.515000e+01,-5.110257e+00,8.743465e-01,2.161622e-01,5.218653e-01,5.764012e-01,0.471293,169.6654
0.0187742,2.515000e+01,-5.110311e+00,8.743465e-01,2.164814e-01,5.217193e-01,5.774145e-01,0.472105,169.9578
0.0188065,2.515000e+01,-5.110386e+00,8.743465e-01,2.169434e-01,5.215506e-01,5.788337e-01,0.472917,170.2502
0.0188387,2.515000e+01,-5.110475e+00,8.743465e-01,2.174924e-01,5.217724e-01,5.800516e-01,0.473727,170.5417
0.018871,2.515000e+01,-5.110565e+00,8.743465e-01,2.172534e-01,5.211057e-01,5.801557e-01,0.474539,170.8341
0.0189032,2.515000e+01,-5.110647e+00,8.743465e-01,2.171313e-01,5.211138e-01,5.798206e-01,0.475349,171.1256
0.0189355,2.515000e+01,-5.110728e+00,8.743465e-01,2.172443e-01,5.212454e-01,5.799758e-01,0.476161,171.4180
0.0189677,2.515000e+01,-5.110785e+00,8.743465e-01,2.167282e-01,5.211255e-01,5.787310e-01,0.476971,171.7095
0.019,2.515000e+01,-5.110848e+00,8.743465e-01,2.168829e-01,5.211113e-01,5.791600e-01,0.477783,172.0019
0.0190323,2.515000e+01,-5.110885e+00,8.743465e-01,2.167731e-01,5.219591e-01,5.779264e-01,0.478595,172.2943
0.0190645,2.515000e+01,-5.110919e+00,8.743465e-01,2.170419e-01,5.224293e-01,5.781225e-01,0.479405,172.5858
0.0190968,2.515000e+01,-5.110962e+00,8.743465e-01,2.172550e-01,5.219957e-01,5.791706e-01,0.480217,172.8782
0.019129,2.515000e+01,-5.111025e+00,8.743465e-01,2.176435e-01,5.216671e-01,5.805720e-01,0.481027,173.1697
0.0191613,2.515000e+01,-5.111068e+00,8.743465e-01,2.175071e-01,5.224217e-01,5.793699e-01,0.481839,173.4621
0.0191935,2.515000e+01,-5.111083e+00,8.743465e-01,2.171168e-01,5.227673e-01,5.779479e-01,0.482649,173.7536
0.0192258,2.515000e+01,-5.111128e+00,8.743465e-01,2.171264e-01,5.208370e-01,5.801155e-01,0.483461,174.0460
0.0192581,2.515000e+01,-5.111172e+00,8.743465e-01,2.172821e-01,5.210378e-01,5.803076e-01,0.484273,174.3384
0.0192903,2.515000e+01,-5.111220e+00,8.743465e-01,2.177795e-01,5.219233e-01,5.806495e-01,0.485083,174.6299
0.0193226,2.515000e+01,-5.111238e+00,8.743465e-01,2.172389e-01,5.222048e-01,5.788956e-01,0.485895,174.9223
0.0193548,2.515000e+01,-5.111246e+00,8.743465e-01,2.168742e-01,5.218700e-01,5.782948e-01,0.486705,175.2138
0.0193871,2.515000e+01,-5.111232e+00,8.743465e-01,2.165258e-01,5.222441e-01,5.769526e-01,0.487517,175.5062
0.0194194,2.515000e+01,-5.111203e+00,8.743465e-01,2.167355e-01,5.232624e-01,5.763870e-01,0.488330,175.7986
0.0194516,2.515000e+01,-5.111218e+00,8.743465e-01,2.175334e-01,5.222849e-01,5.795916e-01,0.489139,176.0901
0.0194839,2.515000e+01,-5.111264e+00,8.743465e-01,2.182224e-01,5.220009e-01,5.817437e-01,0.489952,176.3825
0.0195161,2.515000e+01,-5.111308e+00,8.743465e-01,2.183558e-01,5.224521e-01,5.815965e-01,0.490761,176.6740
0.0195484,2.515000e+01,-5.111268e+00,8.743465e-01,2.165017e-01,5.227863e-01,5.762894e-01,0.491573,176.9664
0.0195806,2.515000e+01,-5.111234e+00,8.743465e-01,2.162141e-01,5.216714e-01,5.767539e-01,0.492383,177.2579
0.0196129,2.515000e+01,-5.111223e+00,8.743465e-01,2.167558e-01,5.216062e-01,5.782713e-01,0.493195,177.5504
0.0196452,2.515000e+01,-5.111254e+00,8.743465e-01,2.179753e-01,5.220271e-01,5.810558e-01,0.494008,177.8428
0.0196774,2.515000e+01,-5.111263e+00,8.743465e-01,2.180304e-01,5.232229e-01,5.798743e-01,0.494817,178.1343
0.0197097,2.515000e+01,-5.111258e+00,8.743465e-01,2.179629e-01,5.238049e-01,5.790507e-01,0.495630,178.4267
0.0197419,2.515000e+01,-5.111239e+00,8.743465e-01,2.176899e-01,5.238004e-01,5.783307e-01,0.496439,178.7182
0.0197742,2.515000e+01,-5.111211e+00,8.743465e-01,2.174965e-01,5.238612e-01,5.777499e-01,0.497252,179.0106
0.0198065,2.515000e+01,-5.111235e+00,8.743465e-01,2.177833e-01,5.215681e-01,5.810552e-01,0.498064,179.3030
0.0198387,2.515000e+01,-5.111302e+00,8.743465e-01,2.186851e-01,5.212373e-01,5.838317e-01,0.498873,179.5945
0.019871,2.515000e+01,-5.111365e+00,8.743465e-01,2.190117e-01,5.222561e-01,5.835627e-01,0.499686,179.8869
0.0199032,2.515000e+01,-5.111344e+00,8.743465e-01,2.175484e-01,5.239003e-01,5.778445e-01,0.500495,180.1784
0.0199355,2.515000e+01,-5.111271e+00,8.743465e-01,2.159865e-01,5.233691e-01,5.742782e-01,0.501308,180.4708
0.0199677,2.515000e+01,-5.111217e+00,8.743465e-01,2.162919e-01,5.230106e-01,5.754839e-01,0.502117,180.7623
0.02,2.515000e+01,-5.111236e+00,8.743465e-01,2.181528e-01,5.232242e-01,5.801987e-01,0.502930,181.0547
0.0200323,2.515000e+01,-5.111269e+00,8.743465e-01,2.186388e-01,5.239068e-01,5.807334e-01,0.503742,181.3471
0.0200645,2.515000e+01,-5.111282e+00,8.743465e-01,2.182178e-01,5.238559e-01,5.796720e-01,0.504552,181.6386
0.0200968,2.515000e+01,-5.111266e+00,8.743465e-01,2.176647e-01,5.241511e-01,5.778769e-01,0.505364,181.9310
0.020129,2.515000e+01,-5.111253e+00,8.743465e-01,2.176316e-01,5.240872e-01,5.778592e-01,0.506174,182.2225
0.0201613,2.515000e+01,-5.111273e+00,8.743465e-01,2.179030e-01,5.230109e-01,5.797703e-01,0.506986,182.5149
0.0201935,2.515000e+01,-5.111328e+00,8.743465e-01,2.185970e-01,5.226833e-01,5.819813e-01,0.507795,182.8064
0.0202258,2.515000e+01,-5.111374e+00,8.743465e-01,2.185759e-01,5.231286e-01,5.814301e-01,0.508608,183.0988
0.0202581,2.515000e+01,-5.111390e+00,8.743465e-01,2.184656e-01,5.245789e-01,5.795301e-01,0.509420,183.3912
0.0202903,2.515000e+01,-5.111360e+00,8.743465e-01,2.174682e-01,5.248228e-01,5.766163e-01,0.510230,183.6827
0.0203226,2.515000e+01,-5.111345e+00,8.743465e-01,2.177463e-01,5.249849e-01,5.771755e-01,0.511042,183.9751
0.0203548,2.515000e+01,-5.111342e+00,8.743465e-01,2.182154e-01,5.254486e-01,5.779085e-01,0.511852,184.2666
0.0203871,2.515000e+01,-5.111380e+00,8.743465e-01,2.189091e-01,5.246106e-01,5.806714e-01,0.512664,184.5590
0.0204194,2.515000e+01,-5.111443e+00,8.743465e-01,2.191180e-01,5.232750e-01,5.827094e-01,0.513476,184.8514
0.0204516,2.515000e+01,-5.111486e+00,8.743465e-01,2.187072e-01,5.231697e-01,5.817336e-01,0.514286,185.1429
0.0204839,2.515000e+01,-5.111474e+00,8.743465e-01,2.182422e-01,5.250027e-01,5.784700e-01,0.515098,185.4353
0.0205161,2.515000e+01,-5.111464e+00,8.743465e-01,2.185633e-01,5.252791e-01,5.790162e-01,0.515908,185.7268
0.0205484,2.515000e+01,-5.111467e+00,8.743465e-01,2.187506e-01,5.248562e-01,5.799796e-01,0.516720,186.0192
0.0205806,2.515000e+01,-5.111458e+00,8.743465e-01,2.184331e-01,5.245208e-01,5.795085e-01,0.517530,186.3107
0.0206129,2.515000e+01,-5.111429e+00,8.743465e-01,2.183839e-01,5.254267e-01,5.783783e-01,0.518342,186.6031
0.0206452,2.515000e+01,-5.111404e+00,8.743465e-01,2.185062e-01,5.253045e-01,5.788368e-01,0.519154,186.8955
0.0206774,2.515000e+01,-5.111398e+00,8.743465e-01,2.189265e-01,5.252532e-01,5.800073e-01,0.519964,187.1870
0.0207097,2.515000e+01,-5.111384e+00,8.743465e-01,2.190254e-01,5.258550e-01,5.796050e-01,0.520776,187.4794
0.0207419,2.515000e+01,-5.111362e+00,8.743465e-01,2.187989e-01,5.256783e-01,5.792004e-01,0.521586,187.7709
0.0207742,2.515000e+01,-5.111345e+00,8.743465e-01,2.187944e-01,5.249959e-01,5.799414e-01,0.522398,188.0633
0.0208065,2.515000e+01,-5.111319e+00,8.743465e-01,2.185608e-01,5.247608e-01,5.795813e-01,0.523210,188.3557
0.0208387,2.515000e+01,-5.111296e+00,8.743465e-01,2.189835e-01,5.253035e-01,5.801028e-01,0.524020,188.6472
0.020871,2.515000e+01,-5.111252e+00,8.743465e-01,2.188524e-01,5.260594e-01,5.789226e-01,0.524832,188.9396
0.0209032,2.515000e+01,-5.111207e+00,8.743465e-01,2.190203e-01,5.262164e-01,5.791934e-01,0.525642,189.2311
0.0209355,2.515000e+01,-5.111140e+00,8.743465e-01,2.187388e-01,5.263784e-01,5.782711e-01,0.526454,189.5235
0.0209677,2.515000e+01,-5.111068e+00,8.743465e-01,2.189049e-01,5.263398e-01,5.787527e-01,0.527264,189.8150
0.021,2.515000e+01,-5.111028e+00,8.743465e-01,2.194862e-01,5.255858e-01,5.811218e-01,0.528076,190.1074
0.0210323,2.515000e+01,-5.110997e+00,8.743465e-01,2.200366e-01,5.259615e-01,5.821628e-01,0.528888,190.3998
0.0210645,2.515000e+01,-5.110952e+00,8.743465e-01,2.200724e-01,5.264974e-01,5.816650e-01,0.529698,190.6913
0.0210968,2.515000e+01,-5.110866e+00,8.743465e-01,2.191783e-01,5.266072e-01,5.791809e-01,0.530510,190.9837
0.021129,2.515000e+01,-5.110759e+00,8.743465e-01,2.186735e-01,5.259890e-01,5.785263e-01,0.531320,191.2752
0.0211613,2.515000e+01,-5.110661e+00,8.743465e-01,2.190041e-01,5.259404e-01,5.794546e-01,0.532132,191.5676
0.0211935,2.515000e+01,-5.110574e+00,8.743465e-01,2.197344e-01,5.266557e-01,5.805971e-01,0.532942,191.8591
0.0212258,2.515000e+01,-5.110475e+00,8.743465e-01,2.198933e-01,5.272348e-01,5.803788e-01,0.533754,192.1515
0.0212581,2.515000e+01,-5.110357e+00,8.743465e-01,2.196177e-01,5.270368e-01,5.798697e-01,0.534566,192.4439
0.0212903,2.515000e+01,-5.110224e+00,8.743465e-01,2.194688e-01,5.269468e-01,5.795749e-01,0.535376,192.7354
0.0213226,2.515000e+01,-5.110082e+00,8.743465e-01,2.195344e-01,5.273554e-01,5.792991e-01,0.536188,193.0278
0.0213548,2.515000e+01,-5.109945e+00,8.743465e-01,2.197566e-01,5.270995e-01,5.801670e-01,0.536998,193.3193
0.0213871,2.515000e+01,-5.109805e+00,8.743465e-01,2.199239e-01,5.273622e-01,5.803192e-01,0.537810,193.6117
0.0214194,2.515000e+01,-5.109650e+00,8.743465e-01,2.197060e-01,5.273012e-01,5.798117e-01,0.538623,193.9041
0.0214516,2.515000e+01,-5.109485e+00,8.743465e-01,2.194512e-01,5.270379e-01,5.794286e-01,0.539432,194.1956
0.0214839,2.515000e+01,-5.109315e+00,8.743465e-01,2.191657e-01,5.265435e-01,5.792184e-01,0.540244,194.4880
0.0215161,2.515000e+01,-5.109151e+00,8.743465e-01,2.194809e-01,5.268773e-01,5.796836e-01,0.541054,194.7795
0.0215484,2.515000e+01,-5.108985e+00,8.743465e-01,2.197980e-01,5.276787e-01,5.796394e-01,0.541866,195.0719
0.0215806,2.515000e+01,-5.108805e+00,8.743465e-01,2.199219e-01,5.281757e-01,5.794208e-01,0.542676,195.3634
0.0216129,2.515000e+01,-5.108613e+00,8.743465e-01,2.196723e-01,5.279019e-01,5.790630e-01,0.543488,195.6558
0.0216452,2.515000e+01,-5.108423e+00,8.743465e-01,2.195564e-01,5.276913e-01,5.789886e-01,0.544301,195.9482
0.0216774,2.515000e+01,-5.108257e+00,8.743465e-01,2.200122e-01,5.272769e-01,5.806466e-01,0.545110,196.2397
0.0217097,2.515000e+01,-5.108110e+00,8.743465e-01,2.203442e-01,5.270595e-01,5.817620e-01,0.545923,196.5321
0.0217419,2.515000e+01,-5.107963e+00,8.743465e-01,2.204781e-01,5.272685e-01,5.818850e-01,0.546732,196.8236
0.0217742,2.515000e+01,-5.107791e+00,8.743465e-01,2.201195e-01,5.278019e-01,5.803521e-01,0.547545,197.1160
0.0218065,2.515000e+01,-5.107605e+00,8.743465e-01,2.198210e-01,5.278514e-01,5.795106e-01,0.548357,197.4084
0.0218387,2.515000e+01,-5.107423e+00,8.743465e-01,2.199494e-01,5.279430e-01,5.797487e-01,0.549166,197.6999
0.021871,2.515000e+01,-5.107245e+00,8.743465e-01,2.198775e-01,5.277034e-01,5.798214e-01,0.549979,197.9923
0.0219032,2.515000e+01,-5.107061e+00,8.743465e-01,2.199573e-01,5.283463e-01,5.793267e-01,0.550788,198.2838
0.0219355,2.515000e+01,-5.106878e+00,8.743465e-01,2.198927e-01,5.282141e-01,5.793013e-01,0.551601,198.5762
0.0219677,2.515000e+01,-5.106689e+00,8.743465e-01,2.197439e-01,5.283547e-01,5.787555e-01,0.552410,198.8677
0.022,2.515000e+01,-5.106513e+00,8.743465e-01,2.198906e-01,5.280525e-01,5.794732e-01,0.553223,199.1601
0.0220323,2.515000e+01,-5.106353e+00,8.743465e-01,2.198669e-01,5.273875e-01,5.801411e-01,0.554035,199.4525
0.0220645,2.515000e+01,-5.106196e+00,8.743465e-01,2.198614e-01,5.273533e-01,5.801648e-01,0.554845,199.7440
0.0220968,2.515000e+01,-5.106029e+00,8.743465e-01,2.197816e-01,5.277713e-01,5.794945e-01,0.555657,200.0364
0.022129,2.515000e+01,-5.105846e+00,8.743465e-01,2.195612e-01,5.283758e-01,5.782507e-01,0.556466,200.3279
0.0221613,2.515000e+01,-5.105667e+00,8.743465e-01,2.198468e-01,5.290086e-01,5.783107e-01,0.557279,200.6203
0.0221935,2.515000e+01,-5.105496e+00,8.743465e-01,2.198254e-01,5.288570e-01,5.784202e-01,0.558088,200.9118
0.0222258,2.515000e+01,-5.105332e+00,8.743465e-01,2.199160e-01,5.287638e-01,5.787604e-01,0.558901,201.2042
0.0222581,2.515000e+01,-5.105186e+00,8.743465e-01,2.200376e-01,5.281794e-01,5.797217e-01,0.559713,201.4966
0.0222903,2.515000e+01,-5.105064e+00,8.743465e-01,2.202666e-01,5.275065e-01,5.810649e-01,0.560523,201.7881
0.0223226,2.515000e+01,-5.104949e+00,8.743465e-01,2.203016e-01,5.276139e-01,5.810390e-01,0.561335,202.0805
0.0223548,2.515000e+01,-5.104823e+00,8.743465e-01,2.203341e-01,5.286495e-01,5.799861e-01,0.562145,202.3720
0.0223871,2.515000e+01,-5.104689e+00,8.743465e-01,2.200842e-01,5.289376e-01,5.790129e-01,0.562957,202.6644
0.0224194,2.515000e+01,-5.104559e+00,8.743465e-01,2.200538e-01,5.289365e-01,5.789337e-01,0.563769,202.9568
0.0224516,2.515000e+01,-5.104435e+00,8.743465e-01,2.199288e-01,5.285353e-01,5.790443e-01,0.564579,203.2483
0.0224839,2.515000e+01,-5.104319e+00,8.743465e-01,2.201016e-01,5.286553e-01,5.793674e-01,0.565391,203.5407
0.0225161,2.515000e+01,-5.104206e+00,8.743465e-01,2.202901e-01,5.293819e-01,5.790676e-01,0.566201,203.8322
0.0225484,2.515000e+01,-5.104107e+00,8.743465e-01,2.203047e-01,5.291387e-01,5.793725e-01,0.567013,204.1246
0.0225806,2.515000e+01,-5.104012e+00,8.743465e-01,2.202195e-01,5.291429e-01,5.791439e-01,0.567823,204.4161
0.0226129,2.515000e+01,-5.103918e+00,8.743465e-01,2.199195e-01,5.285632e-01,5.789892e-01,0.568635,204.7085
0.0226452,2.515000e+01,-5.103849e+00,8.743465e-01,2.200824e-01,5.279619e-01,5.800779e-01,0.569447,205.0010
0.0226774,2.515000e+01,-5.103800e+00,8.743465e-01,2.202190e-01,5.279651e-01,5.804343e-01,0.570257,205.2925
0.0227097,2.515000e+01,-5.103742e+00,8.743465e-01,2.201787e-01,5.288891e-01,5.793145e-01,0.571069,205.5849
0.0227419,2.515000e+01,-5.103645e+00,8.743465e-01,2.195834e-01,5.301743e-01,5.763481e-01,0.571879,205.8764
0.0227742,2.515000e+01,-5.103559e+00,8.743465e-01,2.194928e-01,5.298753e-01,5.764349e-01,0.572691,206.1688
0.0228065,2.515000e+01,-5.103505e+00,8.743465e-01,2.198806e-01,5.292050e-01,5.781847e-01,0.573503,206.4612
0.0228387,2.515000e+01,-5.103475e+00,8.743465e-01,2.200233e-01,5.286359e-01,5.791832e-01,0.574313,206.7527
0.022871,2.515000e+01,-5.103463e+00,8.743465e-01,2.203129e-01,5.287938e-01,5.797719e-01,0.575125,207.0451
0.0229032,2.515000e+01,-5.103446e+00,8.743465e-01,2.202440e-01,5.293245e-01,5.790095e-01,0.575935,207.3366
0.0229355,2.515000e+01,-5.103437e+00,8.743465e-01,2.204045e-01,5.294109e-01,5.793370e-01,0.576747,207.6290
0.0229677,2.515000e+01,-5.103421e+00,8.743465e-01,2.203600e-01,5.298563e-01,5.787330e-01,0.577557,207.9205
0.023,2.515000e+01,-5.103428e+00,8.743465e-01,2.203381e-01,5.289054e-01,5.797160e-01,0.578369,208.2129
0.0230323,2.515000e+01,-5.103435e+00,8.743465e-01,2.201095e-01,5.288101e-01,5.792195e-01,0.579181,208.5053
0.0230645,2.515000e+01,-5.103446e+00,8.743465e-01,2.200243e-01,5.289044e-01,5.788914e-01,0.579991,208.7968
0.0230968,2.515000e+01,-5.103429e+00,8.743465e-01,2.197176e-01,5.299011e-01,5.769974e-01,0.580803,209.0892
0.023129,2.515000e+01,-5.103427e+00,8.743465e-01,2.200365e-01,5.300696e-01,5.776507e-01,0.581613,209.3807
0.0231613,2.515000e+01,-5.103448e+00,8.743465e-01,2.203045e-01,5.297289e-01,5.787267e-01,0.582425,209.6731
0.0231935,2.515000e+01,-5.103491e+00,8.743465e-01,2.207044e-01,5.297205e-01,5.797862e-01,0.583235,209.9646
0.0232258,2.515000e+01,-5.103558e+00,8.743465e-01,2.210303e-01,5.293093e-01,5.810932e-01,0.584047,210.2570
0.0232581,2.515000e+01,-5.103611e+00,8.743465e-01,2.205537e-01,5.291345e-01,5.800320e-01,0.584859,210.5494
0.0232903,2.515000e+01,-5.103660e+00,8.743465e-01,2.202974e-01,5.289639e-01,5.795448e-01,0.585669,210.8409
0.0233226,2.515000e+01,-5.103670e+00,8.743465e-01,2.197056e-01,5.302138e-01,5.766253e-01,0.586481,211.1333
0.0233548,2.515000e+01,-5.103697e+00,8.743465e-01,2.199847e-01,5.302417e-01,5.773272e-01,0.587291,211.4248
0.0233871,2.515000e+01,-5.103747e+00,8.743465e-01,2.202274e-01,5.298463e-01,5.783961e-01,0.588103,211.7172
0.0234194,2.515000e+01,-5.103791e+00,8.743465e-01,2.199848e-01,5.297642e-01,5.778480e-01,0.588915,212.0096
0.0234516,2.515000e+01,-5.103820e+00,8.743465e-01,2.197035e-01,5.299195e-01,5.769403e-01,0.589725,212.3011
0.0234839,2.515000e+01,-5.103876e+00,8.743465e-01,2.202345e-01,5.300153e-01,5.782297e-01,0.590537,212.5935
0.0235161,2.515000e+01,-5.103956e+00,8.743465e-01,2.202555e-01,5.292945e-01,5.790728e-01,0.591347,212.8850
0.0235484,2.515000e+01,-5.104019e+00,8.743465e-01,2.198212e-01,5.296246e-01,5.775701e-01,0.592159,213.1774
0.0235806,2.515000e+01,-5.104073e+00,8.743465e-01,2.198107e-01,5.302275e-01,5.768863e-01,0.592969,213.4689
0.0236129,2.515000e+01,-5.104160e+00,8.743465e-01,2.203645e-01,5.296399e-01,5.789813e-01,0.593781,213.7613
0.0236452,2.515000e+01,-5.104279e+00,8.743465e-01,2.209374e-01,5.295057e-01,5.806339e-01,0.594594,214.0537
0.0236774,2.515000e+01,-5.104379e+00,8.743465e-01,2.205257e-01,5.300722e-01,5.789328e-01,0.595403,214.3452
0.0237097,2.515000e+01,-5.104455e+00,8.743465e-01,2.197636e-01,5.301791e-01,5.768155e-01,0.596216,214.6376
0.0237419,2.515000e+01,-5.104557e+00,8.743465e-01,2.201613e-01,5.299948e-01,5.780603e-01,0.597025,214.9291
0.0237742,2.515000e+01,-5.104665e+00,8.743465e-01,2.199261e-01,5.293287e-01,5.781695e-01,0.597837,215.2215
0.0238065,2.515000e+01,-5.104788e+00,8.743465e-01,2.202678e-01,5.295341e-01,5.788430e-01,0.598650,215.5139
0.0238387,2.515000e+01,-5.104913e+00,8.743465e-01,2.205329e-01,5.299437e-01,5.790917e-01,0.599459,215.8054
0.023871,2.515000e+01,-5.105062e+00,8.743465e-01,2.207590e-01,5.297205e-01,5.799295e-01,0.600272,216.0978
0.0239032,2.515000e+01,-5.105198e+00,8.743465e-01,2.203042e-01,5.298084e-01,5.786386e-01,0.601081,216.3893
0.0239355,2.515000e+01,-5.105287e+00,8.743465e-01,2.191310e-01,5.299216e-01,5.754341e-01,0.601894,216.6817
0.0239677,2.515000e+01,-5.105395e+00,8.743465e-01,2.193772e-01,5.295757e-01,5.764575e-01,0.602703,216.9732
0.024,2.515000e+01,-5.105527e+00,8.743465e-01,2.198837e-01,5.295936e-01,5.777689e-01,0.603516,217.2656
0.0240323,2.515000e+01,-5.105688e+00,8.743465e-01,2.202254e-01,5.290576e-01,5.792528e-01,0.604328,217.5580
0.0240645,2.515000e+01,-5.105813e+00,8.743465e-01,2.197645e-01,5.301180e-01,5.768844e-01,0.605137,217.8495
0.0240968,2.515000e+01,-5.105927e+00,8.743465e-01,2.194609e-01,5.300353e-01,5.761769e-01,0.605950,218.1419
0.024129,2.515000e+01,-5.106065e+00,8.743465e-01,2.196584e-01,5.290618e-01,5.777570e-01,0.606759,218.4334
0.0241613,2.515000e+01,-5.106209e+00,8.743465e-01,2.198654e-01,5.289707e-01,5.784010e-01,0.607572,218.7258
0.0241935,2.515000e+01,-5.106361e+00,8.743465e-01,2.199393e-01,5.286948e-01,5.788970e-01,0.608381,219.0173
0.0242258,2.515000e+01,-5.106495e+00,8.743465e-01,2.196976e-01,5.290734e-01,5.778473e-01,0.609194,219.3097
0.0242581,2.515000e+01,-5.106621e+00,8.743465e-01,2.197677e-01,5.294214e-01,5.776519e-01,0.610006,219.6021
0.0242903,2.515000e+01,-5.106703e+00,8.743465e-01,2.189090e-01,5.296441e-01,5.751527e-01,0.610816,219.8936
0.0243226,2.515000e+01,-5.106804e+00,8.743465e-01,2.192039e-01,5.289655e-01,5.766669e-01,0.611628,220.1860
0.0243548,2.515000e+01,-5.106915e+00,8.743465e-01,2.194220e-01,5.287422e-01,5.774841e-01,0.612438,220.4775
0.0243871,2.515000e+01,-5.107050e+00,8.743465e-01,2.199526e-01,5.283463e-01,5.793142e-01,0.613250,220.7699
0.0244194,2.515000e+01,-5.107179e+00,8.743465e-01,2.200253e-01,5.286701e-01,5.791508e-01,0.614062,221.0623
0.0244516,2.515000e+01,-5.107266e+00,8.743465e-01,2.192958e-01,5.290218e-01,5.768465e-01,0.614872,221.3538
0.0244839,2.515000e+01,-5.107365e+00,8.743465e-01,2.194741e-01,5.285906e-01,5.777866e-01,0.615684,221.6462
0.0245161,2.515000e+01,-5.107456e+00,8.743465e-01,2.192996e-01,5.282083e-01,5.777454e-01,0.616494,221.9377
0.0245484,2.515000e+01,-5.107563e+00,8.743465e-01,2.194748e-01,5.275723e-01,5.789039e-01,0.617306,222.2301
0.0245806,2.515000e+01,-5.107639e+00,8.743465e-01,2.189682e-01,5.278145e-01,5.773024e-01,0.618116,222.5216
0.0246129,2.515000e+01,-5.107669e+00,8.743465e-01,2.181320e-01,5.282489e-01,5.746251e-01,0.618928,222.8140
0.0246452,2.515000e+01,-5.107691e+00,8.743465e-01,2.181196e-01,5.284811e-01,5.743399e-01,0.619740,223.1064
0.0246774,2.515000e+01,-5.107729e+00,8.743465e-01,2.184283e-01,5.282341e-01,5.754220e-01,0.620550,223.3979
0.0247097,2.515000e+01,-5.107788e+00,8.743465e-01,2.187618e-01,5.275655e-01,5.770306e-01,0.621362,223.6903
0.0247419,2.515000e+01,-5.107859e+00,8.743465e-01,2.189325e-01,5.271711e-01,5.779126e-01,0.622172,223.9818
0.0247742,2.515000e+01,-5.107924e+00,8.743465e-01,2.188449e-01,5.271511e-01,5.777032e-01,0.622984,224.2742
0.0248065,2.515000e+01,-5.107962e+00,8.743465e-01,2.183419e-01,5.274265e-01,5.760750e-01,0.623796,224.5666
0.0248387,2.515000e+01,-5.107998e+00,8.743465e-01,2.182529e-01,5.271285e-01,5.761654e-01,0.624606,224.8581
0.024871,2.515000e+01,-5.108019e+00,8.743465e-01,2.181344e-01,5.274249e-01,5.755286e-01,0.625418,225.1505
0.0249032,2.515000e+01,-5.108072e+00,8.743465e-01,2.184387e-01,5.265293e-01,5.773121e-01,0.626228,225.4420
0.0249355,2.515000e+01,-5.108130e+00,8.743465e-01,2.186156e-01,5.267225e-01,5.775675e-01,0.627040,225.7344
0.0249677,2.515000e+01,-5.108150e+00,8.743465e-01,2.175751e-01,5.263877e-01,5.751844e-01,0.627850,226.0259
0.025,2.515000e+01,-5.108163e+00,8.743465e-01,2.174410e-01,5.263511e-01,5.748701e-01,0.628662,226.3183
0.0250323,2.515000e+01,-5.108188e+00,8.743465e-01,2.176711e-01,5.262331e-01,5.756074e-01,0.629474,226.6107
0.0250645,2.515000e+01,-5.108231e+00,8.743465e-01,2.182027e-01,5.262485e-01,5.769960e-01,0.630284,226.9022
0.0250968,2.515000e+01,-5.108270e+00,8.743465e-01,2.181931e-01,5.261875e-01,5.770375e-01,0.631096,227.1946
0.025129,2.515000e+01,-5.108286e+00,8.743465e-01,2.175694e-01,5.258031e-01,5.758087e-01,0.631906,227.4861
0.0251613,2.515000e+01,-5.108294e+00,8.743465e-01,2.173369e-01,5.253897e-01,5.756465e-01,0.632718,227.7785
0.0251935,2.515000e+01,-5.108279e+00,8.743465e-01,2.167451e-01,5.250036e-01,5.745013e-01,0.633528,228.0700
0.0252258,2.515000e+01,-5.108279e+00,8.743465e-01,2.171275e-01,5.248142e-01,5.757225e-01,0.634340,228.3624
0.0252581,2.515000e+01,-5.108269e+00,8.743465e-01,2.171543e-01,5.253218e-01,5.752372e-01,0.635152,228.6548
0.0252903,2.515000e+01,-5.108274e+00,8.743465e-01,2.173437e-01,5.250088e-01,5.760821e-01,0.635962,228.9463
0.0253226,2.515000e+01,-5.108260e+00,8.743465e-01,2.168730e-01,5.245431e-01,5.753444e-01,0.636774,229.2387
0.0253548,2.515000e+01,-5.108220e+00,8.743465e-01,2.160895e-01,5.241202e-01,5.737284e-01,0.637584,229.5302
0.0253871,2.515000e+01,-5.108194e+00,8.743465e-01,2.164184e-01,5.239385e-01,5.748008e-01,0.638396,229.8226
0.0254194,2.515000e+01,-5.108175e+00,8.743465e-01,2.167130e-01,5.241556e-01,5.753450e-01,0.639208,230.1150
0.0254516,2.515000e+01,-5.108159e+00,8.743465e-01,2.167870e-01,5.241171e-01,5.755837e-01,0.640018,230.4065
0.0254839,2.515000e+01,-5.108104e+00,8.743465e-01,2.157572e-01,5.236405e-01,5.733708e-01,0.640830,230.6989
0.0255161,2.515000e+01,-5.108047e+00,8.743465e-01,2.154784e-01,5.230835e-01,5.732400e-01,0.641640,230.9904
0.0255484,2.515000e+01,-5.107986e+00,8.743465e-01,2.151954e-01,5.225155e-01,5.731094e-01,0.642452,231.2828
0.0255806,2.515000e+01,-5.107937e+00,8.743465e-01,2.155795e-01,5.225828e-01,5.740587e-01,0.643262,231.5743
0.0256129,2.515000e+01,-5.107889e+00,8.743465e-01,2.157276e-01,5.229543e-01,5.740446e-01,0.644074,231.8667
0.0256452,2.515000e+01,-5.107868e+00,8.743465e-01,2.163337e-01,5.228379e-01,5.757853e-01,0.644887,232.1592
0.0256774,2.515000e+01,-5.107836e+00,8.743465e-01,2.159777e-01,5.225162e-01,5.751922e-01,0.645696,232.4507
0.0257097,2.515000e+01,-5.107781e+00,8.743465e-01,2.150588e-01,5.216172e-01,5.737322e-01,0.646508,232.7431
0.0257419,2.515000e+01,-5.107724e+00,8.743465e-01,2.150375e-01,5.215935e-01,5.737014e-01,0.647318,233.0346
0.0257742,2.515000e+01,-5.107676e+00,8.743465e-01,2.151030e-01,5.214781e-01,5.740031e-01,0.648130,233.3270
0.0258065,2.515000e+01,-5.107638e+00,8.743465e-01,2.153189e-01,5.212304e-01,5.748522e-01,0.648943,233.6194
0.0258387,2.515000e+01,-5.107573e+00,8.743465e-01,2.146167e-01,5.212399e-01,5.729670e-01,0.649752,233.9109
0.025871,2.515000e+01,-5.107507e+00,8.743465e-01,2.142389e-01,5.205402e-01,5.727271e-01,0.650565,234.2033
0.0259032,2.515000e+01,-5.107442e+00,8.743465e-01,2.142151e-01,5.203663e-01,5.728548e-01,0.651374,234.4948
0.0259355,2.515000e+01,-5.107378e+00,8.743465e-01,2.140052e-01,5.202495e-01,5.724221e-01,0.652187,234.7872
0.0259677,2.515000e+01,-5.107328e+00,8.743465e-01,2.140526e-01,5.198321e-01,5.730090e-01,0.652996,235.0787
0.026,2.515000e+01,-5.107285e+00,8.743465e-01,2.141583e-01,5.197228e-01,5.734120e-01,0.653809,235.3711
0.0260312,2.515000e+01,-5.107248e+00,8.743465e-01,2.140808e-01,5.201465e-01,5.727378e-01,0.654593,235.6535
0.0260625,2.515000e+01,-5.107200e+00,8.743465e-01,2.133877e-01,5.195147e-01,5.715775e-01,0.655380,235.9369
0.0260937,2.515000e+01,-5.107144e+00,8.743465e-01,2.128779e-01,5.192301e-01,5.705246e-01,0.656165,236.2193
0.026125,2.515000e+01,-5.107104e+00,8.743465e-01,2.129514e-01,5.189085e-01,5.710752e-01,0.656952,236.5027
0.0261562,2.515000e+01,-5.107084e+00,8.743465e-01,2.132257e-01,5.186473e-01,5.720989e-01,0.657736,236.7851
0.0261875,2.515000e+01,-5.107067e+00,8.743465e-01,2.129090e-01,5.180895e-01,5.718645e-01,0.658523,237.0684
0.0262187,2.515000e+01,-5.107055e+00,8.743465e-01,2.127777e-01,5.177036e-01,5.719376e-01,0.659308,237.3509
0.02625,2.515000e+01,-5.107049e+00,8.743465e-01,2.130080e-01,5.180241e-01,5.722022e-01,0.660095,237.6342
0.0262812,2.515000e+01,-5.107057e+00,8.743465e-01,2.131743e-01,5.182294e-01,5.724225e-01,0.660880,237.9167
0.0263125,2.515000e+01,-5.107072e+00,8.743465e-01,2.130316e-01,5.178724e-01,5.724336e-01,0.661667,238.2000
0.0263437,2.515000e+01,-5.107082e+00,8.743465e-01,2.127150e-01,5.175365e-01,5.719540e-01,0.662451,238.4825
0.026375,2.515000e+01,-5.107105e+00,8.743465e-01,2.125799e-01,5.168296e-01,5.723723e-01,0.663238,238.7658
0.0264062,2.515000e+01,-5.107129e+00,8.743465e-01,2.125085e-01,5.168974e-01,5.721045e-01,0.664023,239.0483
0.0264375,2.515000e+01,-5.107140e+00,8.743465e-01,2.118161e-01,5.163919e-01,5.707991e-01,0.664810,239.3316
0.0264687,2.515000e+01,-5.107170e+00,8.743465e-01,2.119004e-01,5.158896e-01,5.715823e-01,0.665595,239.6141
0.0265,2.515000e+01,-5.107195e+00,8.743465e-01,2.118633e-01,5.160293e-01,5.713274e-01,0.666382,239.8974
0.0265312,2.515000e+01,-5.107219e+00,8.743465e-01,2.117487e-01,5.159775e-01,5.710758e-01,0.667166,240.1799
0.0265625,2.515000e+01,-5.107248e+00,8.743465e-01,2.118320e-01,5.160750e-01,5.711926e-01,0.667953,240.4632
0.0265937,2.515000e+01,-5.107281e+00,8.743465e-01,2.117306e-01,5.158330e-01,5.711868e-01,0.668738,240.7457
0.026625,2.515000e+01,-5.107321e+00,8.743465e-01,2.117561e-01,5.156564e-01,5.714511e-01,0.669525,241.0290
0.0266562,2.515000e+01,-5.107361e+00,8.743465e-01,2.114448e-01,5.152472e-01,5.710643e-01,0.670310,241.3115
0.0266875,2.515000e+01,-5.107399e+00,8.743465e-01,2.109876e-01,5.145472e-01,5.706051e-01,0.671097,241.5948
0.0267187,2.515000e+01,-5.107432e+00,8.743465e-01,2.110082e-01,5.148380e-01,5.703382e-01,0.671881,241.8773
0.02675,2.515000e+01,-5.107455e+00,8.743465e-01,2.108389e-01,5.149140e-01,5.697964e-01,0.672668,242.1606
0.0267812,2.515000e+01,-5.107482e+00,8.743465e-01,2.110710e-01,5.153437e-01,5.699480e-01,0.673453,242.4431
0.0268125,2.515000e+01,-5.107527e+00,8.743465e-01,2.112058e-01,5.150000e-01,5.706927e-01,0.674240,242.7264
0.0268437,2.515000e+01,-5.107591e+00,8.743465e-01,2.114591e-01,5.147869e-01,5.716136e-01,0.675025,243.0089
0.026875,2.515000e+01,-5.107660e+00,8.743465e-01,2.112679e-01,5.142936e-01,5.716450e-01,0.675812,243.2922
0.0269062,2.515000e+01,-5.107726e+00,8.743465e-01,2.110126e-01,5.141917e-01,5.710672e-01,0.676596,243.5746
0.0269375,2.515000e+01,-5.107793e+00,8.743465e-01,2.109314e-01,5.142994e-01,5.707276e-01,0.677383,243.8580
0.0269687,2.515000e+01,-5.107877e+00,8.743465e-01,2.113299e-01,5.144768e-01,5.716084e-01,0.678168,244.1404
0.027,2.515000e+01,-5.107971e+00,8.743465e-01,2.112638e-01,5.142712e-01,5.716586e-01,0.678955,244.4238
0.0270313,2.515000e+01,-5.108069e+00,8.743465e-01,2.109013e-01,5.134143e-01,5.716300e-01,0.679742,244.7071
0.0270625,2.515000e+01,-5.108175e+00,8.743465e-01,2.106604e-01,5.125824e-01,5.719037e-01,0.680527,244.9896
0.0270938,2.515000e+01,-5.108270e+00,8.743465e-01,2.104465e-01,5.129862e-01,5.708730e-01,0.681314,245.2729
0.027125,2.515000e+01,-5.108360e+00,8.743465e-01,2.104811e-01,5.135514e-01,5.703385e-01,0.682098,245.5554
0.0271563,2.515000e+01,-5.108452e+00,8.743465e-01,2.106261e-01,5.140374e-01,5.701922e-01,0.682885,245.8387
0.0271875,2.515000e+01,-5.108567e+00,8.743465e-01,2.108902e-01,5.136470e-01,5.713410e-01,0.683670,246.1212
0.0272188,2.515000e+01,-5.108691e+00,8.743465e-01,2.110785e-01,5.136344e-01,5.718653e-01,0.684457,246.4045
0.02725,2.515000e+01,-5.108821e+00,8.743465e-01,2.107999e-01,5.128823e-01,5.719478e-01,0.685242,246.6870
0.0272813,2.515000e+01,-5.108946e+00,8.743465e-01,2.104764e-01,5.126802e-01,5.712951e-01,0.686029,246.9703
0.0273125,2.515000e+01,-5.109065e+00,8.743465e-01,2.104260e-01,5.131661e-01,5.706173e-01,0.686813,247.2528
0.0273438,2.515000e+01,-5.109187e+00,8.743465e-01,2.104853e-01,5.133635e-01,5.705589e-01,0.687600,247.5361
0.027375,2.515000e+01,-5.109318e+00,8.743465e-01,2.105312e-01,5.132165e-01,5.708467e-01,0.688385,247.8186
0.0274063,2.515000e+01,-5.109459e+00,8.743465e-01,2.104424e-01,5.127976e-01,5.710721e-01,0.689172,248.1019
0.0274375,2.515000e+01,-5.109597e+00,8.743465e-01,2.102735e-01,5.128343e-01,5.705727e-01,0.689957,248.3844
0.0274688,2.515000e+01,-5.109740e+00,8.743465e-01,2.104199e-01,5.132593e-01,5.704973e-01,0.690744,248.6677
0.0275,2.515000e+01,-5.109895e+00,8.743465e-01,2.107407e-01,5.137325e-01,5.708408e-01,0.691528,248.9502
0.0275313,2.515000e+01,-5.110063e+00,8.743465e-01,2.109602e-01,5.135531e-01,5.716350e-01,0.692315,249.2335
0.0275625,2.515000e+01,-5.110239e+00,8.743465e-01,2.111215e-01,5.134177e-01,5.722232e-01,0.693100,249.5160
0.0275938,2.515000e+01,-5.110417e+00,8.743465e-01,2.111177e-01,5.133047e-01,5.723389e-01,0.693887,249.7993
0.027625,2.515000e+01,-5.110598e+00,8.743465e-01,2.110073e-01,5.128082e-01,5.725935e-01,0.694672,250.0818
0.0276563,2.515000e+01,-5.110796e+00,8.743465e-01,2.110545e-01,5.122852e-01,5.733058e-01,0.695459,250.3651
0.0276875,2.515000e+01,-5.110981e+00,8.743465e-01,2.107824e-01,5.126046e-01,5.722098e-01,0.696243,250.6475
0.0277188,2.515000e+01,-5.111163e+00,8.743465e-01,2.109281e-01,5.129773e-01,5.721897e-01,0.697030,250.9309
0.02775,2.515000e+01,-5.111344e+00,8.743465e-01,2.110691e-01,5.135243e-01,5.719621e-01,0.697815,251.2133
0.0277813,2.515000e+01,-5.111526e+00,8.743465e-01,2.111842e-01,5.137453e-01,5.720281e-01,0.698602,251.4967
0.0278125,2.515000e+01,-5.111702e+00,8.743465e-01,2.111025e-01,5.140954e-01,5.714171e-01,0.699387,251.7791
0.0278438,2.515000e+01,-5.111895e+00,8.743465e-01,2.112339e-01,5.134650e-01,5.724753e-01,0.700174,252.0625
0.027875,2.515000e+01,-5.112111e+00,8.743465e-01,2.115331e-01,5.129303e-01,5.738836e-01,0.700958,252.3449
0.0279063,2.515000e+01,-5.112321e+00,8.743465e-01,2.116096e-01,5.132659e-01,5.737155e-01,0.701745,252.6283
0.0279375,2.515000e+01,-5.112506e+00,8.743465e-01,2.111869e-01,5.135670e-01,5.722339e-01,0.702530,252.9107
0.0279688,2.515000e+01,-5.112673e+00,8.743465e-01,2.109787e-01,5.139383e-01,5.712565e-01,0.703317,253.1941
0.028,2.515000e+01,-5.112845e+00,8.743465e-01,2.111327e-01,5.140065e-01,5.715981e-01,0.704101,253.4765
0.0280323,2.515000e+01,-5.113037e+00,8.743465e-01,2.114332e-01,5.131497e-01,5.733673e-01,0.704914,253.7689
0.0280645,2.515000e+01,-5.113228e+00,8.743465e-01,2.117313e-01,5.137630e-01,5.734904e-01,0.705723,254.0604
0.0280968,2.515000e+01,-5.113405e+00,8.743465e-01,2.117047e-01,5.142804e-01,5.728415e-01,0.706536,254.3528
0.028129,2.515000e+01,-5.113577e+00,8.743465e-01,2.118296e-01,5.145628e-01,5.728644e-01,0.707345,254.6443
0.0281613,2.515000e+01,-5.113741e+00,8.743465e-01,2.120189e-01,5.150108e-01,5.728780e-01,0.708158,254.9367
0.0281935,2.515000e+01,-5.113917e+00,8.743465e-01,2.120001e-01,5.141709e-01,5.737629e-01,0.708967,255.2282
0.0282258,2.515000e+01,-5.114116e+00,8.743465e-01,2.121977e-01,5.133804e-01,5.751816e-01,0.709780,255.5206
0.0282581,2.515000e+01,-5.114323e+00,8.743465e-01,2.123947e-01,5.132484e-01,5.758638e-01,0.710592,255.8130
0.0282903,2.515000e+01,-5.114501e+00,8.743465e-01,2.122318e-01,5.141523e-01,5.744107e-01,0.711401,256.1045
0.0283226,2.515000e+01,-5.114648e+00,8.743465e-01,2.119413e-01,5.150373e-01,5.726384e-01,0.712214,256.3969
0.0283548,2.515000e+01,-5.114798e+00,8.743465e-01,2.120966e-01,5.152178e-01,5.728576e-01,0.713023,256.6884
0.0283871,2.515000e+01,-5.114967e+00,8.743465e-01,2.127004e-01,5.151378e-01,5.745776e-01,0.713836,256.9808
0.0284194,2.515000e+01,-5.115136e+00,8.743465e-01,2.127913e-01,5.153122e-01,5.746282e-01,0.714648,257.2732
0.0284516,2.515000e+01,-5.115307e+00,8.743465e-01,2.127632e-01,5.148848e-01,5.750293e-01,0.715458,257.5647
0.0284839,2.515000e+01,-5.115469e+00,8.743465e-01,2.129077e-01,5.154509e-01,5.747879e-01,0.716270,257.8571
0.0285161,2.515000e+01,-5.115636e+00,8.743465e-01,2.132238e-01,5.154452e-01,5.756478e-01,0.717080,258.1486
0.0285484,2.515000e+01,-5.115788e+00,8.743465e-01,2.130083e-01,5.153044e-01,5.752233e-01,0.717892,258.4410
0.0285806,2.515000e+01,-5.115943e+00,8.743465e-01,2.129268e-01,5.147243e-01,5.756512e-01,0.718702,258.7325
0.0286129,2.515000e+01,-5.116091e+00,8.743465e-01,2.129647e-01,5.150457e-01,5.753946e-01,0.719514,259.0249
0.0286452,2.515000e+01,-5.116215e+00,8.743465e-01,2.130680e-01,5.161907e-01,5.743967e-01,0.720326,259.3174
0.0286774,2.515000e+01,-5.116308e+00,8.743465e-01,2.126806e-01,5.167273e-01,5.727563e-01,0.721136,259.6089
0.0287097,2.515000e+01,-5.116402e+00,8.743465e-01,2.129059e-01,5.168176e-01,5.732633e-01,0.721948,259.9013
0.0287419,2.515000e+01,-5.116520e+00,8.743465e-01,2.135331e-01,5.165671e-01,5.752308e-01,0.722758,260.1928
0.0287742,2.515000e+01,-5.116640e+00,8.743465e-01,2.140967e-01,5.171962e-01,5.760475e-01,0.723570,260.4852
0.0288065,2.515000e+01,-5.116768e+00,8.743465e-01,2.141078e-01,5.165460e-01,5.768026e-01,0.724382,260.7776
0.0288387,2.515000e+01,-5.116889e+00,8.743465e-01,2.141124e-01,5.166460e-01,5.767034e-01,0.725192,261.0691
0.028871,2.515000e+01,-5.117007e+00,8.743465e-01,2.142931e-01,5.169533e-01,5.768466e-01,0.726004,261.3615
0.0289032,2.515000e+01,-5.117105e+00,8.743465e-01,2.139934e-01,5.171170e-01,5.758579e-01,0.726814,261.6530
0.0289355,2.515000e+01,-5.117207e+00,8.743465e-01,2.140787e-01,5.169285e-01,5.762978e-01,0.727626,261.9454
0.0289677,2.515000e+01,-5.117285e+00,8.743465e-01,2.139800e-01,5.177698e-01,5.750955e-01,0.728436,262.2369
0.029,2.515000e+01,-5.117364e+00,8.743465e-01,2.144075e-01,5.183496e-01,5.756004e-01,0.729248,262.5293
0.0290323,2.515000e+01,-5.117449e+00,8.743465e-01,2.146720e-01,5.184293e-01,5.762219e-01,0.730060,262.8217
0.0290645,2.515000e+01,-5.117564e+00,8.743465e-01,2.152876e-01,5.181712e-01,5.781619e-01,0.730870,263.1132
0.0290968,2.515000e+01,-5.117660e+00,8.743465e-01,2.151549e-01,5.188971e-01,5.769976e-01,0.731682,263.4056
0.029129,2.515000e+01,-5.117722e+00,8.743465e-01,2.147361e-01,5.196128e-01,5.750807e-01,0.732492,263.6971
0.0291613,2.515000e+01,-5.117836e+00,8.743465e-01,2.152813e-01,5.179057e-01,5.784414e-01,0.733304,263.9895
0.0291935,2.515000e+01,-5.117954e+00,8.743465e-01,2.154876e-01,5.181155e-01,5.787610e-01,0.734114,264.2810
0.0292258,2.515000e+01,-5.118075e+00,8.743465e-01,2.159857e-01,5.190409e-01,5.790647e-01,0.734926,264.5734
0.0292581,2.515000e+01,-5.118162e+00,8.743465e-01,2.155183e-01,5.197075e-01,5.770706e-01,0.735738,264.8658
0.0292903,2.515000e+01,-5.118236e+00,8.743465e-01,2.150357e-01,5.193233e-01,5.762042e-01,0.736548,265.1573
0.0293226,2.515000e+01,-5.118293e+00,8.743465e-01,2.149707e-01,5.198470e-01,5.754499e-01,0.737360,265.4497
0.0293548,2.515000e+01,-5.118341e+00,8.743465e-01,2.152544e-01,5.206534e-01,5.753168e-01,0.738170,265.7412
0.0293871,2.515000e+01,-5.118414e+00,8.743465e-01,2.161661e-01,5.207002e-01,5.777018e-01,0.738982,266.0336
0.0294194,2.515000e+01,-5.118521e+00,8.743465e-01,2.168685e-01,5.203966e-01,5.799166e-01,0.739794,266.3260
0.0294516,2.515000e+01,-5.118623e+00,8.743465e-01,2.169840e-01,5.207799e-01,5.797987e-01,0.740604,266.6175
0.0294839,2.515000e+01,-5.118669e+00,8.743465e-01,2.158825e-01,5.213598e-01,5.762138e-01,0.741416,266.9099
0.0295161,2.515000e+01,-5.118722e+00,8.743465e-01,2.156130e-01,5.203059e-01,5.766599e-01,0.742226,267.2014
0.0295484,2.515000e+01,-5.118794e+00,8.743465e-01,2.161513e-01,5.203030e-01,5.781031e-01,0.743038,267.4938
0.0295806,2.515000e+01,-5.118899e+00,8.743465e-01,2.172291e-01,5.205966e-01,5.806579e-01,0.743848,267.7853
0.0296129,2.515000e+01,-5.118974e+00,8.743465e-01,2.172351e-01,5.219870e-01,5.791271e-01,0.744660,268.0777
0.0296452,2.515000e+01,-5.119024e+00,8.743465e-01,2.170426e-01,5.228314e-01,5.776792e-01,0.745472,268.3701
0.0296774,2.515000e+01,-5.119072e+00,8.743465e-01,2.170762e-01,5.230460e-01,5.775320e-01,0.746282,268.6616
0.0297097,2.515000e+01,-5.119120e+00,8.743465e-01,2.171285e-01,5.230864e-01,5.776263e-01,0.747094,268.9540
0.0297419,2.515000e+01,-5.119214e+00,8.743465e-01,2.176362e-01,5.216595e-01,5.805611e-01,0.747904,269.2455
0.0297742,2.515000e+01,-5.119349e+00,8.743465e-01,2.184571e-01,5.210575e-01,5.834241e-01,0.748716,269.5379
0.0298065,2.515000e+01,-5.119476e+00,8.743465e-01,2.187114e-01,5.219403e-01,5.831154e-01,0.749529,269.8303
0.0298387,2.515000e+01,-5.119533e+00,8.743465e-01,2.178658e-01,5.237558e-01,5.788470e-01,0.750338,270.1218
0.029871,2.515000e+01,-5.119541e+00,8.743465e-01,2.165565e-01,5.234742e-01,5.756784e-01,0.751151,270.4142
0.0299032,2.515000e+01,-5.119562e+00,8.743465e-01,2.167613e-01,5.232226e-01,5.764995e-01,0.751960,270.7057
0.0299355,2.515000e+01,-5.119631e+00,8.743465e-01,2.179420e-01,5.231749e-01,5.796927e-01,0.752772,270.9981
0.0299677,2.515000e+01,-5.119711e+00,8.743465e-01,2.189021e-01,5.243267e-01,5.809674e-01,0.753582,271.2896
0.03,2.515000e+01,-5.119787e+00,8.743465e-01,2.188721e-01,5.244307e-01,5.807728e-01,0.754394,271.5820
0.0300323,2.515000e+01,-5.119833e+00,8.743465e-01,2.184568e-01,5.248334e-01,5.792260e-01,0.755207,271.8744
0.0300645,2.515000e+01,-5.119873e+00,8.743465e-01,2.184818e-01,5.250745e-01,5.790263e-01,0.756016,272.1659
0.0300968,2.515000e+01,-5.119940e+00,8.743465e-01,2.186825e-01,5.241740e-01,5.805535e-01,0.756829,272.4583
0.030129,2.515000e+01,-5.120040e+00,8.743465e-01,2.194057e-01,5.238830e-01,5.827967e-01,0.757638,272.7498
0.0301613,2.515000e+01,-5.120131e+00,8.743465e-01,2.194742e-01,5.244157e-01,5.823866e-01,0.758451,273.0422
0.0301935,2.515000e+01,-5.120194e+00,8.743465e-01,2.194917e-01,5.257022e-01,5.810080e-01,0.759260,273.3337
0.0302258,2.515000e+01,-5.120223e+00,8.743465e-01,2.188700e-01,5.262076e-01,5.788058e-01,0.760073,273.6261
0.0302581,2.515000e+01,-5.120259e+00,8.743465e-01,2.191249e-01,5.264209e-01,5.792452e-01,0.760885,273.9185
0.0302903,2.515000e+01,-5.120289e+00,8.743465e-01,2.192398e-01,5.270579e-01,5.788482e-01,0.761694,274.2100
0.0303226,2.515000e+01,-5.120340e+00,8.743465e-01,2.198100e-01,5.270479e-01,5.803652e-01,0.762507,274.5024
0.0303548,2.515000e+01,-5.120455e+00,8.743465e-01,2.207726e-01,5.254780e-01,5.846479e-01,0.763316,274.7939
0.0303871,2.515000e+01,-5.120571e+00,8.743465e-01,2.208924e-01,5.254569e-01,5.849885e-01,0.764129,275.0863
0.0304194,2.515000e+01,-5.120636e+00,8.743465e-01,2.205013e-01,5.268815e-01,5.823739e-01,0.764941,275.3787
0.0304516,2.515000e+01,-5.120671e+00,8.743465e-01,2.201929e-01,5.277687e-01,5.805818e-01,0.765751,275.6702
0.0304839,2.515000e+01,-5.120718e+00,8.743465e-01,2.203615e-01,5.273280e-01,5.815124e-01,0.766563,275.9626
0.0305161,2.515000e+01,-5.120765e+00,8.743465e-01,2.204002e-01,5.272211e-01,5.817319e-01,0.767373,276.2541
0.0305484,2.515000e+01,-5.120790e+00,8.743465e-01,2.204705e-01,5.280230e-01,5.810340e-01,0.768185,276.5465
0.0305806,2.515000e+01,-5.120816e+00,8.743465e-01,2.207312e-01,5.283021e-01,5.814134e-01,0.768994,276.8380
0.0306129,2.515000e+01,-5.120861e+00,8.743465e-01,2.212094e-01,5.282920e-01,5.826843e-01,0.769807,277.1304
0.0306452,2.515000e+01,-5.120892e+00,8.743465e-01,2.212724e-01,5.290592e-01,5.820050e-01,0.770619,277.4228
0.0306774,2.515000e+01,-5.120911e+00,8.743465e-01,2.211424e-01,5.292461e-01,5.814576e-01,0.771429,277.7143
0.0307097,2.515000e+01,-5.120942e+00,8.743465e-01,2.213152e-01,5.285937e-01,5.826303e-01,0.772241,278.0067
0.0307419,2.515000e+01,-5.120979e+00,8.743465e-01,2.215494e-01,5.284742e-01,5.833789e-01,0.773051,278.2982
0.0307742,2.515000e+01,-5.121020e+00,8.743465e-01,2.220086e-01,5.289481e-01,5.840641e-01,0.773863,278.5906
0.0308065,2.515000e+01,-5.121029e+00,8.743465e-01,2.216335e-01,5.297958e-01,5.821441e-01,0.774675,278.8830
0.0308387,2.515000e+01,-5.121025e+00,8.743465e-01,2.216646e-01,5.300906e-01,5.819022e-01,0.775485,279.1745
0.030871,2.515000e+01,-5.121005e+00,8.743465e-01,2.215056e-01,5.303128e-01,5.812414e-01,0.776297,279.4669
0.0309032,2.515000e+01,-5.120986e+00,8.743465e-01,2.218505e-01,5.305550e-01,5.818801e-01,0.777107,279.7584
0.0309355,2.515000e+01,-5.121003e+00,8.743465e-01,2.226442e-01,5.300201e-01,5.845513e-01,0.777919,280.0508
0.0309677,2.515000e+01,-5.121027e+00,8.743465e-01,2.231076e-01,5.304081e-01,5.853392e-01,0.778729,280.3423
0.031,2.515000e+01,-5.121043e+00,8.743465e-01,2.232215e-01,5.309309e-01,5.850622e-01,0.779541,280.6347
0.0310323,2.515000e+01,-5.121019e+00,8.743465e-01,2.225671e-01,5.315980e-01,5.826149e-01,0.780353,280.9271
0.0310645,2.515000e+01,-5.120994e+00,8.743465e-01,2.221948e-01,5.307303e-01,5.825910e-01,0.781163,281.2186
0.0310968,2.515000e+01,-5.120982e+00,8.743465e-01,2.226890e-01,5.307782e-01,5.838340e-01,0.781975,281.5110
0.031129,2.515000e+01,-5.120978e+00,8.743465e-01,2.232813e-01,5.315469e-01,5.845405e-01,0.782785,281.8025
0.0311613,2.515000e+01,-5.120967e+00,8.743465e-01,2.234658e-01,5.322920e-01,5.842043e-01,0.783597,282.0949
0.0311935,2.515000e+01,-5.120943e+00,8.743465e-01,2.233165e-01,5.323051e-01,5.837999e-01,0.784407,282.3864
0.0312258,2.515000e+01,-5.120920e+00,8.743465e-01,2.232905e-01,5.321361e-01,5.839173e-01,0.785219,282.6788
0.0312581,2.515000e+01,-5.120885e+00,8.743465e-01,2.233933e-01,5.328843e-01,5.833655e-01,0.786031,282.9712
0.0312903,2.515000e+01,-5.120865e+00,8.743465e-01,2.236719e-01,5.326853e-01,5.843115e-01,0.786841,283.2627
0.0313226,2.515000e+01,-5.120843e+00,8.743465e-01,2.239371e-01,5.331428e-01,5.845025e-01,0.787653,283.5551
0.0313548,2.515000e+01,-5.120821e+00,8.743465e-01,2.239009e-01,5.333008e-01,5.842347e-01,0.788463,283.8466
0.0313871,2.515000e+01,-5.120794e+00,8.743465e-01,2.237704e-01,5.331696e-01,5.840379e-01,0.789275,284.1390
0.0314194,2.515000e+01,-5.120766e+00,8.743465e-01,2.235151e-01,5.326395e-01,5.839523e-01,0.790087,284.4314
0.0314516,2.515000e+01,-5.120743e+00,8.743465e-01,2.238098e-01,5.328074e-01,5.845377e-01,0.790897,284.7229
0.0314839,2.515000e+01,-5.120712e+00,8.743465e-01,2.241084e-01,5.337841e-01,5.842467e-01,0.791709,285.0153
0.0315161,2.515000e+01,-5.120669e+00,8.743465e-01,2.242559e-01,5.345991e-01,5.837397e-01,0.792519,285.3068
0.0315484,2.515000e+01,-5.120633e+00,8.743465e-01,2.243446e-01,5.345186e-01,5.840589e-01,0.793331,285.5992
0.0315806,2.515000e+01,-5.120593e+00,8.743465e-01,2.241664e-01,5.343406e-01,5.837894e-01,0.794141,285.8907
0.0316129,2.515000e+01,-5.120575e+00,8.743465e-01,2.246185e-01,5.341590e-01,5.851658e-01,0.794953,286.1831
0.0316452,2.515000e+01,-5.120577e+00,8.743465e-01,2.249068e-01,5.337772e-01,5.863360e-01,0.795765,286.4756
0.0316774,2.515000e+01,-5.120583e+00,8.743465e-01,2.251774e-01,5.340947e-01,5.866915e-01,0.796575,286.7670
0.0317097,2.515000e+01,-5.120577e+00,8.743465e-01,2.252325e-01,5.349866e-01,5.858573e-01,0.797387,287.0595
0.0317419,2.515000e+01,-5.120560e+00,8.743465e-01,2.249748e-01,5.350540e-01,5.851132e-01,0.798197,287.3510
0.0317742,2.515000e+01,-5.120539e+00,8.743465e-01,2.249619e-01,5.353431e-01,5.847636e-01,0.799009,287.6434
0.0318065,2.515000e+01,-5.120523e+00,8.743465e-01,2.248183e-01,5.349550e-01,5.848145e-01,0.799822,287.9358
0.0318387,2.515000e+01,-5.120496e+00,8.743465e-01,2.248883e-01,5.356664e-01,5.842199e-01,0.800631,288.2273
0.031871,2.515000e+01,-5.120476e+00,8.743465e-01,2.251866e-01,5.359470e-01,5.846886e-01,0.801443,288.5197
0.0319032,2.515000e+01,-5.120459e+00,8.743465e-01,2.250897e-01,5.360118e-01,5.843662e-01,0.802253,288.8112
0.0319355,2.515000e+01,-5.120457e+00,8.743465e-01,2.253201e-01,5.359965e-01,5.849805e-01,0.803065,289.1036
0.0319677,2.515000e+01,-5.120471e+00,8.743465e-01,2.252769e-01,5.353152e-01,5.856136e-01,0.803875,289.3951
0.032,2.515000e+01,-5.120488e+00,8.743465e-01,2.252116e-01,5.352425e-01,5.855230e-01,0.804687,289.6875
0.0320323,2.515000e+01,-5.120497e+00,8.743465e-01,2.251934e-01,5.355516e-01,5.851378e-01,0.805500,289.9799
0.0320645,2.515000e+01,-5.120496e+00,8.743465e-01,2.252314e-01,5.363782e-01,5.843344e-01,0.806309,290.2714
0.0320968,2.515000e+01,-5.120488e+00,8.743465e-01,2.254979e-01,5.372564e-01,5.840696e-01,0.807122,290.5638
0.032129,2.515000e+01,-5.120488e+00,8.743465e-01,2.254621e-01,5.372280e-01,5.840075e-01,0.807931,290.8553
0.0321613,2.515000e+01,-5.120490e+00,8.743465e-01,2.254615e-01,5.373459e-01,5.838782e-01,0.808744,291.1477
0.0321935,2.515000e+01,-5.120518e+00,8.743465e-01,2.257338e-01,5.368910e-01,5.850786e-01,0.809553,291.4392
0.0322258,2.515000e+01,-5.120584e+00,8.743465e-01,2.261000e-01,5.361439e-01,5.868439e-01,0.810365,291.7316
0.0322581,2.515000e+01,-5.120661e+00,8.743465e-01,2.262696e-01,5.361766e-01,5.872489e-01,0.811178,292.0240
0.0322903,2.515000e+01,-5.120722e+00,8.743465e-01,2.262895e-01,5.372475e-01,5.861299e-01,0.811987,292.3155
0.0323226,2.515000e+01,-5.120766e+00,8.743465e-01,2.260403e-01,5.378535e-01,5.848245e-01,0.812800,292.6079
0.0323548,2.515000e+01,-5.120811e+00,8.743465e-01,2.260053e-01,5.380678e-01,5.845010e-01,0.813609,292.8994
0.0323871,2.515000e+01,-5.120873e+00,8.743465e-01,2.260440e-01,5.377040e-01,5.849968e-01,0.814422,293.1918
0.0324194,2.515000e+01,-5.120948e+00,8.743465e-01,2.262575e-01,5.376208e-01,5.856401e-01,0.815234,293.4842
0.0324516,2.515000e+01,-5.121015e+00,8.743465e-01,2.263952e-01,5.385316e-01,5.850048e-01,0.816044,293.7757
0.0324839,2.515000e+01,-5.121094e+00,8.743465e-01,2.265249e-01,5.384721e-01,5.854050e-01,0.816856,294.0681
0.0325161,2.515000e+01,-5.121169e+00,8.743465e-01,2.264123e-01,5.386485e-01,5.849225e-01,0.817665,294.3596
0.0325484,2.515000e+01,-5.121254e+00,8.743465e-01,2.263893e-01,5.383437e-01,5.851941e-01,0.818478,294.6520
0.0325806,2.515000e+01,-5.121353e+00,8.743465e-01,2.263837e-01,5.375787e-01,5.860120e-01,0.819287,294.9435
0.0326129,2.515000e+01,-5.121468e+00,8.743465e-01,2.266831e-01,5.375560e-01,5.868126e-01,0.820100,295.2359
0.0326452,2.515000e+01,-5.121575e+00,8.743465e-01,2.266492e-01,5.381199e-01,5.861094e-01,0.820912,295.5283
0.0326774,2.515000e+01,-5.121623e+00,8.743465e-01,2.259732e-01,5.398463e-01,5.824926e-01,0.821722,295.8198
0.0327097,2.515000e+01,-5.121672e+00,8.743465e-01,2.260197e-01,5.399922e-01,5.824553e-01,0.822534,296.1122
0.0327419,2.515000e+01,-5.121756e+00,8.743465e-01,2.265055e-01,5.393356e-01,5.844174e-01,0.823344,296.4037
0.0327742,2.515000e+01,-5.121861e+00,8.743465e-01,2.266516e-01,5.387280e-01,5.854541e-01,0.824156,296.6961
0.0328065,2.515000e+01,-5.121977e+00,8.743465e-01,2.269404e-01,5.387823e-01,5.861413e-01,0.824968,296.9885
0.0328387,2.515000e+01,-5.122076e+00,8.743465e-01,2.268081e-01,5.393446e-01,5.851891e-01,0.825778,297.2800
0.032871,2.515000e+01,-5.122177e+00,8.743465e-01,2.269785e-01,5.395562e-01,5.853991e-01,0.826590,297.5724
0.0329032,2.515000e+01,-5.122276e+00,8.743465e-01,2.272165e-01,5.403313e-01,5.851723e-01,0.827400,297.8639
0.0329355,2.515000e+01,-5.122397e+00,8.743465e-01,2.272669e-01,5.394457e-01,5.862631e-01,0.828212,298.1563
0.0329677,2.515000e+01,-5.122513e+00,8.743465e-01,2.269917e-01,5.391724e-01,5.858496e-01,0.829022,298.4478
0.033,2.515000e+01,-5.122619e+00,8.743465e-01,2.267563e-01,5.391292e-01,5.852888e-01,0.829834,298.7402
0.0330323,2.515000e+01,-5.122694e+00,8.743465e-01,2.265706e-01,5.404171e-01,5.834159e-01,0.830646,299.0326
0.0330645,2.515000e+01,-5.122784e+00,8.743465e-01,2.269702e-01,5.406609e-01,5.841814e-01,0.831456,299.3241
0.0330968,2.515000e+01,-5.122892e+00,8.743465e-01,2.272526e-01,5.404566e-01,5.851290e-01,0.832268,299.6165
0.033129,2.515000e+01,-5.123019e+00,8.743465e-01,2.275739e-01,5.403328e-01,5.860905e-01,0.833078,299.9080
0.0331613,2.515000e+01,-5.123167e+00,8.743465e-01,2.278349e-01,5.400227e-01,5.871003e-01,0.833890,300.2004
0.0331935,2.515000e+01,-5.123302e+00,8.743465e-01,2.275968e-01,5.398637e-01,5.866592e-01,0.834700,300.4919
0.0332258,2.515000e+01,-5.123435e+00,8.743465e-01,2.274052e-01,5.397905e-01,5.862446e-01,0.835512,300.7843
0.0332581,2.515000e+01,-5.123537e+00,8.743465e-01,2.269704e-01,5.407330e-01,5.841041e-01,0.836324,301.0767
0.0332903,2.515000e+01,-5.123633e+00,8.743465e-01,2.270630e-01,5.412295e-01,5.838058e-01,0.837134,301.3682
0.0333226,2.515000e+01,-5.123751e+00,8.743465e-01,2.272340e-01,5.406140e-01,5.849113e-01,0.837946,301.6606
0.0333548,2.515000e+01,-5.123858e+00,8.743465e-01,2.269334e-01,5.407540e-01,5.839855e-01,0.838756,301.9521
0.0333871,2.515000e+01,-5.123961e+00,8.743465e-01,2.267164e-01,5.407272e-01,5.834563e-01,0.839568,302.2445
0.0334194,2.515000e+01,-5.124090e+00,8.743465e-01,2.274803e-01,5.410668e-01,5.850547e-01,0.840380,302.5369
0.0334516,2.515000e+01,-5.124238e+00,8.743465e-01,2.275841e-01,5.405303e-01,5.859031e-01,0.841190,302.8284
0.0334839,2.515000e+01,-5.124375e+00,8.743465e-01,2.271144e-01,5.404550e-01,5.847754e-01,0.842002,303.1208
0.0335161,2.515000e+01,-5.124483e+00,8.743465e-01,2.267126e-01,5.411347e-01,5.830075e-01,0.842812,303.4123
0.0335484,2.515000e+01,-5.124627e+00,8.743465e-01,2.274170e-01,5.407656e-01,5.852179e-01,0.843624,303.7047
0.0335806,2.515000e+01,-5.124815e+00,8.743465e-01,2.283655e-01,5.406672e-01,5.877653e-01,0.844434,303.9962
0.0336129,2.515000e+01,-5.124991e+00,8.743465e-01,2.280239e-01,5.409941e-01,5.865315e-01,0.845246,304.2886
0.0336452,2.515000e+01,-5.125128e+00,8.743465e-01,2.270804e-01,5.413785e-01,5.836903e-01,0.846058,304.5810
0.0336774,2.515000e+01,-5.125277e+00,8.743465e-01,2.272213e-01,5.412553e-01,5.841850e-01,0.846868,304.8725
0.0337097,2.515000e+01,-5.125439e+00,8.743465e-01,2.271297e-01,5.405550e-01,5.847065e-01,0.847680,305.1649
0.0337419,2.515000e+01,-5.125625e+00,8.743465e-01,2.276604e-01,5.406361e-01,5.859842e-01,0.848490,305.4564
0.0337742,2.515000e+01,-5.125812e+00,8.743465e-01,2.279238e-01,5.412511e-01,5.859959e-01,0.849302,305.7488
0.0338065,2.515000e+01,-5.126018e+00,8.743465e-01,2.281647e-01,5.410468e-01,5.868368e-01,0.850115,306.0412
0.0338387,2.515000e+01,-5.126219e+00,8.743465e-01,2.279216e-01,5.410005e-01,5.862615e-01,0.850924,306.3327
0.033871,2.515000e+01,-5.126362e+00,8.743465e-01,2.265547e-01,5.413185e-01,5.824032e-01,0.851736,306.6251
0.0339032,2.515000e+01,-5.126519e+00,8.743465e-01,2.267653e-01,5.411252e-01,5.831527e-01,0.852546,306.9166
0.0339355,2.515000e+01,-5.126699e+00,8.743465e-01,2.273548e-01,5.409768e-01,5.848290e-01,0.853358,307.2090
0.0339677,2.515000e+01,-5.126905e+00,8.743465e-01,2.277793e-01,5.406535e-01,5.862722e-01,0.854168,307.5005
0.034,2.515000e+01,-5.127090e+00,8.743465e-01,2.276886e-01,5.415754e-01,5.850404e-01,0.854980,307.7929
0.0340323,2.515000e+01,-5.127235e+00,8.743465e-01,2.267459e-01,5.416891e-01,5.824961e-01,0.855793,308.0853
0.0340645,2.515000e+01,-5.127413e+00,8.743465e-01,2.271406e-01,5.409341e-01,5.843247e-01,0.856602,308.3768
0.0340968,2.515000e+01,-5.127615e+00,8.743465e-01,2.276560e-01,5.408751e-01,5.857138e-01,0.857415,308.6692
0.034129,2.515000e+01,-5.127828e+00,8.743465e-01,2.278355e-01,5.405345e-01,5.865454e-01,0.858224,308.9607
0.0341613,2.515000e+01,-5.128022e+00,8.743465e-01,2.274687e-01,5.406166e-01,5.855115e-01,0.859036,309.2531
0.0341935,2.515000e+01,-5.128201e+00,8.743465e-01,2.272916e-01,5.408309e-01,5.848245e-01,0.859846,309.5446
0.0342258,2.515000e+01,-5.128335e+00,8.743465e-01,2.266877e-01,5.416760e-01,5.823605e-01,0.860658,309.8370
0.0342581,2.515000e+01,-5.128499e+00,8.743465e-01,2.272497e-01,5.411510e-01,5.843710e-01,0.861471,310.1294
0.0342903,2.515000e+01,-5.128671e+00,8.743465e-01,2.273709e-01,5.409847e-01,5.848622e-01,0.862280,310.4209
0.0343226,2.515000e+01,-5.128870e+00,8.743465e-01,2.278164e-01,5.404502e-01,5.865877e-01,0.863093,310.7133
0.0343548,2.515000e+01,-5.129071e+00,8.743465e-01,2.282047e-01,5.408851e-01,5.871154e-01,0.863902,311.0048
0.0343871,2.515000e+01,-5.129235e+00,8.743465e-01,2.274497e-01,5.412263e-01,5.848034e-01,0.864715,311.2972
0.0344194,2.515000e+01,-5.129404e+00,8.743465e-01,2.275856e-01,5.410526e-01,5.853411e-01,0.865527,311.5896
0.0344516,2.515000e+01,-5.129577e+00,8.743465e-01,2.275986e-01,5.408551e-01,5.855882e-01,0.866337,311.8811
0.0344839,2.515000e+01,-5.129764e+00,8.743465e-01,2.277411e-01,5.403944e-01,5.864545e-01,0.867149,312.1735
0.0345161,2.515000e+01,-5.129958e+00,8.743465e-01,2.277445e-01,5.400880e-01,5.867961e-01,0.867958,312.4650
0.0345484,2.515000e+01,-5.130080e+00,8.743465e-01,2.262636e-01,5.406772e-01,5.823449e-01,0.868771,312.7574
0.0345806,2.515000e+01,-5.130199e+00,8.743465e-01,2.263639e-01,5.410326e-01,5.822208e-01,0.869580,313.0489
0.0346129,2.515000e+01,-5.130331e+00,8.743465e-01,2.267546e-01,5.412126e-01,5.830308e-01,0.870393,313.3413
0.0346452,2.515000e+01,-5.130498e+00,8.743465e-01,2.272542e-01,5.406845e-01,5.848864e-01,0.871205,313.6338
0.0346774,2.515000e+01,-5.130693e+00,8.743465e-01,2.277516e-01,5.402665e-01,5.866201e-01,0.872015,313.9252
0.0347097,2.515000e+01,-5.130881e+00,8.743465e-01,2.276004e-01,5.402660e-01,5.862311e-01,0.872827,314.2177
0.0347419,2.515000e+01,-5.131041e+00,8.743465e-01,2.270387e-01,5.405698e-01,5.844559e-01,0.873637,314.5092
0.0347742,2.515000e+01,-5.131203e+00,8.743465e-01,2.270219e-01,5.405908e-01,5.843900e-01,0.874449,314.8016
0.0348065,2.515000e+01,-5.131356e+00,8.743465e-01,2.269492e-01,5.408420e-01,5.839320e-01,0.875261,315.0940
0.0348387,2.515000e+01,-5.131529e+00,8.743465e-01,2.274572e-01,5.403639e-01,5.857563e-01,0.876071,315.3855
0.034871,2.515000e+01,-5.131711e+00,8.743465e-01,2.277619e-01,5.403829e-01,5.865206e-01,0.876883,315.6779
0.0349032,2.515000e+01,-5.131854e+00,8.743465e-01,2.268882e-01,5.400712e-01,5.846079e-01,0.877693,315.9694
0.0349355,2.515000e+01,-5.131980e+00,8.743465e-01,2.266242e-01,5.401085e-01,5.838876e-01,0.878505,316.2618
0.0349677,2.515000e+01,-5.132103e+00,8.743465e-01,2.267308e-01,5.402702e-01,5.839868e-01,0.879315,316.5533
0.035,2.515000e+01,-5.132251e+00,8.743465e-01,2.275692e-01,5.404624e-01,5.859385e-01,0.880127,316.8457
0.0350323,2.515000e+01,-5.132407e+00,8.743465e-01,2.279344e-01,5.405045e-01,5.868327e-01,0.880939,317.1381
0.0350645,2.515000e+01,-5.132533e+00,8.743465e-01,2.272078e-01,5.402049e-01,5.852865e-01,0.881749,317.4296
0.0350968,2.515000e+01,-5.132650e+00,8.743465e-01,2.271070e-01,5.400554e-01,5.851892e-01,0.882561,317.7220
0.035129,2.515000e+01,-5.132741e+00,8.743465e-01,2.264504e-01,5.397231e-01,5.838560e-01,0.883371,318.0135
0.0351613,2.515000e+01,-5.132847e+00,8.743465e-01,2.269475e-01,5.394952e-01,5.853846e-01,0.884183,318.3059
0.0351935,2.515000e+01,-5.132937e+00,8.743465e-01,2.270785e-01,5.402138e-01,5.849432e-01,0.884993,318.5974
0.0352258,2.515000e+01,-5.133033e+00,8.743465e-01,2.273637e-01,5.400901e-01,5.858125e-01,0.885805,318.8898
0.0352581,2.515000e+01,-5.133111e+00,8.743465e-01,2.270839e-01,5.398321e-01,5.853713e-01,0.886617,319.1822
0.0352903,2.515000e+01,-5.133160e+00,8.743465e-01,2.263045e-01,5.394283e-01,5.837984e-01,0.887427,319.4737
0.0353226,2.515000e+01,-5.133217e+00,8.743465e-01,2.265524e-01,5.392967e-01,5.845812e-01,0.888239,319.7661
0.0353548,2.515000e+01,-5.133281e+00,8.743465e-01,2.271000e-01,5.397116e-01,5.855434e-01,0.889049,320.0576
0.0353871,2.515000e+01,-5.133344e+00,8.743465e-01,2.272922e-01,5.397237e-01,5.860258e-01,0.889861,320.3500
0.0354194,2.515000e+01,-5.133372e+00,8.743465e-01,2.265366e-01,5.398221e-01,5.839713e-01,0.890673,320.6424
0.0354516,2.515000e+01,-5.133399e+00,8.743465e-01,2.263056e-01,5.391440e-01,5.841097e-01,0.891483,320.9339
0.0354839,2.515000e+01,-5.133411e+00,8.743465e-01,2.259437e-01,5.387770e-01,5.835724e-01,0.892295,321.2263
0.0355161,2.515000e+01,-5.133427e+00,8.743465e-01,2.262900e-01,5.388312e-01,5.844081e-01,0.893105,321.5178
0.0355484,2.515000e+01,-5.133443e+00,8.743465e-01,2.266583e-01,5.393182e-01,5.848310e-01,0.893917,321.8102
0.0355806,2.515000e+01,-5.133477e+00,8.743465e-01,2.274144e-01,5.394757e-01,5.866104e-01,0.894727,322.1017
0.0356129,2.515000e+01,-5.133504e+00,8.743465e-01,2.273598e-01,5.393646e-01,5.865903e-01,0.895539,322.3941
0.0356452,2.515000e+01,-5.133504e+00,8.743465e-01,2.265140e-01,5.387380e-01,5.850885e-01,0.896351,322.6865
0.0356774,2.515000e+01,-5.133503e+00,8.743465e-01,2.265438e-01,5.387491e-01,5.851529e-01,0.897161,322.9780
0.0357097,2.515000e+01,-5.133504e+00,8.743465e-01,2.267030e-01,5.388181e-01,5.854894e-01,0.897973,323.2704
0.0357419,2.515000e+01,-5.133519e+00,8.743465e-01,2.270494e-01,5.387401e-01,5.864687e-01,0.898783,323.5619
0.0357742,2.515000e+01,-5.133514e+00,8.743465e-01,2.267341e-01,5.389771e-01,5.853969e-01,0.899595,323.8543
0.0358065,2.515000e+01,-5.133491e+00,8.743465e-01,2.260968e-01,5.384669e-01,5.843041e-01,0.900407,324.1467
0.0358387,2.515000e+01,-5.133471e+00,8.743465e-01,2.262954e-01,5.384269e-01,5.848611e-01,0.901217,324.4382
0.035871,2.515000e+01,-5.133442e+00,8.743465e-01,2.262037e-01,5.385364e-01,5.845052e-01,0.902029,324.7306
0.0359032,2.515000e+01,-5.133425e+00,8.743465e-01,2.263802e-01,5.382394e-01,5.852839e-01,0.902839,325.0221
0.0359355,2.515000e+01,-5.133420e+00,8.743465e-01,2.267839e-01,5.384000e-01,5.861529e-01,0.903651,325.3145
0.0359677,2.515000e+01,-5.133409e+00,8.743465e-01,2.267745e-01,5.383274e-01,5.862080e-01,0.904461,325.6060
0.036,2.515000e+01,-5.133374e+00,8.743465e-01,2.262692e-01,5.382794e-01,5.849538e-01,0.905273,325.8984
0.0360323,2.515000e+01,-5.133312e+00,8.743465e-01,2.256135e-01,5.381252e-01,5.834257e-01,0.906086,326.1908
0.0360645,2.515000e+01,-5.133258e+00,8.743465e-01,2.257715e-01,5.380862e-01,5.838765e-01,0.906895,326.4823
0.0360968,2.515000e+01,-5.133232e+00,8.743465e-01,2.263958e-01,5.380762e-01,5.855021e-01,0.907707,326.7747
0.036129,2.515000e+01,-5.133209e+00,8.743465e-01,2.262373e-01,5.376145e-01,5.855944e-01,0.908517,327.0662
0.0361613,2.515000e+01,-5.133180e+00,8.743465e-01,2.260632e-01,5.373770e-01,5.854022e-01,0.909329,327.3586
0.0361935,2.515000e+01,-5.133158e+00,8.743465e-01,2.264297e-01,5.379177e-01,5.857619e-01,0.910139,327.6501
0.0362258,2.515000e+01,-5.133139e+00,8.743465e-01,2.266294e-01,5.382694e-01,5.858953e-01,0.910951,327.9425
0.0362581,2.515000e+01,-5.133127e+00,8.743465e-01,2.266901e-01,5.380599e-01,5.862811e-01,0.911764,328.2349
0.0362903,2.515000e+01,-5.133111e+00,8.743465e-01,2.264899e-01,5.377819e-01,5.860658e-01,0.912573,328.5264
0.0363226,2.515000e+01,-5.133101e+00,8.743465e-01,2.263994e-01,5.373665e-01,5.862850e-01,0.913386,328.8188
0.0363548,2.515000e+01,-5.133087e+00,8.743465e-01,2.263595e-01,5.375497e-01,5.859820e-01,0.914195,329.1103
0.0363871,2.515000e+01,-5.133059e+00,8.743465e-01,2.257443e-01,5.371080e-01,5.848697e-01,0.915008,329.4027
0.0364194,2.515000e+01,-5.133054e+00,8.743465e-01,2.261142e-01,5.368068e-01,5.861565e-01,0.915820,329.6951
0.0364516,2.515000e+01,-5.133043e+00,8.743465e-01,2.261527e-01,5.372117e-01,5.858145e-01,0.916629,329.9866
0.0364839,2.515000e+01,-5.133032e+00,8.743465e-01,2.262067e-01,5.373707e-01,5.857809e-01,0.917442,330.2790
0.0365161,2.515000e+01,-5.133022e+00,8.743465e-01,2.262142e-01,5.374591e-01,5.857035e-01,0.918251,330.5705
0.0365484,2.515000e+01,-5.133018e+00,8.743465e-01,2.261965e-01,5.373823e-01,5.857416e-01,0.919064,330.8629
0.0365806,2.515000e+01,-5.133037e+00,8.743465e-01,2.265158e-01,5.370521e-01,5.869295e-01,0.919873,331.1544
0.0366129,2.515000e+01,-5.133044e+00,8.743465e-01,2.259660e-01,5.368152e-01,5.857630e-01,0.920686,331.4468
0.0366452,2.515000e+01,-5.133045e+00,8.743465e-01,2.257072e-01,5.366910e-01,5.852276e-01,0.921498,331.7392
0.0366774,2.515000e+01,-5.133038e+00,8.743465e-01,2.255752e-01,5.368584e-01,5.847030e-01,0.922308,332.0307
0.0367097,2.515000e+01,-5.133039e+00,8.743465e-01,2.258952e-01,5.372822e-01,5.850704e-01,0.923120,332.3231
0.0367419,2.515000e+01,-5.133056e+00,8.743465e-01,2.261451e-01,5.372870e-01,5.857125e-01,0.923929,332.6146
0.0367742,2.515000e+01,-5.133097e+00,8.743465e-01,2.265948e-01,5.374376e-01,5.867128e-01,0.924742,332.9070
0.0368065,2.515000e+01,-5.133145e+00,8.743465e-01,2.264445e-01,5.368568e-01,5.869577e-01,0.925554,333.1994
0.0368387,2.515000e+01,-5.133187e+00,8.743465e-01,2.262203e-01,5.368716e-01,5.863605e-01,0.926364,333.4909
0.036871,2.515000e+01,-5.133236e+00,8.743465e-01,2.261269e-01,5.368105e-01,5.861853e-01,0.927176,333.7833
0.0369032,2.515000e+01,-5.133301e+00,8.743465e-01,2.264614e-01,5.370948e-01,5.867417e-01,0.927986,334.0748
0.0369355,2.515000e+01,-5.133382e+00,8.743465e-01,2.267543e-01,5.373407e-01,5.872316e-01,0.928798,334.3672
0.0369677,2.515000e+01,-5.133471e+00,8.743465e-01,2.265039e-01,5.367394e-01,5.872401e-01,0.929608,334.6587
0.037,2.515000e+01,-5.133582e+00,8.743465e-01,2.263110e-01,5.356211e-01,5.879650e-01,0.930420,334.9511
0.0370323,2.515000e+01,-5.133681e+00,8.743465e-01,2.260211e-01,5.360539e-01,5.867381e-01,0.931232,335.2435
0.0370645,2.515000e+01,-5.133772e+00,8.743465e-01,2.259840e-01,5.366294e-01,5.860124e-01,0.932042,335.5350
0.0370968,2.515000e+01,-5.133867e+00,8.743465e-01,2.261822e-01,5.371243e-01,5.859857e-01,0.932854,335.8274
0.037129,2.515000e+01,-5.133991e+00,8.743465e-01,2.265093e-01,5.368536e-01,5.871293e-01,0.933664,336.1189
0.0371613,2.515000e+01,-5.134124e+00,8.743465e-01,2.266794e-01,5.368521e-01,5.875718e-01,0.934476,336.4113
0.0371935,2.515000e+01,-5.134268e+00,8.743465e-01,2.265492e-01,5.362813e-01,5.878594e-01,0.935286,336.7028
0.0372258,2.515000e+01,-5.134412e+00,8.743465e-01,2.263582e-01,5.361350e-01,5.875243e-01,0.936098,336.9952
0.0372581,2.515000e+01,-5.134549e+00,8.743465e-01,2.261709e-01,5.365493e-01,5.865849e-01,0.936910,337.2876
0.0372903,2.515000e+01,-5.134689e+00,8.743465e-01,2.261695e-01,5.366251e-01,5.864981e-01,0.937720,337.5791
0.0373226,2.515000e+01,-5.134830e+00,8.743465e-01,2.261642e-01,5.365525e-01,5.865637e-01,0.938532,337.8715
0.0373548,2.515000e+01,-5.134986e+00,8.743465e-01,2.261857e-01,5.360481e-01,5.871718e-01,0.939342,338.1630
0.0373871,2.515000e+01,-5.135135e+00,8.743465e-01,2.260339e-01,5.362361e-01,5.865716e-01,0.940154,338.4554
0.0374194,2.515000e+01,-5.135286e+00,8.743465e-01,2.262580e-01,5.368084e-01,5.865276e-01,0.940966,338.7478
0.0374516,2.515000e+01,-5.135452e+00,8.743465e-01,2.266425e-01,5.371316e-01,5.871705e-01,0.941776,339.0393
0.0374839,2.515000e+01,-5.135631e+00,8.743465e-01,2.267080e-01,5.367884e-01,5.877159e-01,0.942588,339.3317
0.0375161,2.515000e+01,-5.135821e+00,8.743465e-01,2.269195e-01,5.369484e-01,5.880890e-01,0.943398,339.6232
0.0375484,2.515000e+01,-5.136021e+00,8.743465e-01,2.268652e-01,5.364045e-01,5.885439e-01,0.944210,339.9156
0.0375806,2.515000e+01,-5.136235e+00,8.743465e-01,2.268446e-01,5.360649e-01,5.888640e-01,0.945020,340.2071
0.0376129,2.515000e+01,-5.136455e+00,8.743465e-01,2.267489e-01,5.358291e-01,5.888746e-01,0.945832,340.4995
0.0376452,2.515000e+01,-5.136661e+00,8.743465e-01,2.265169e-01,5.361508e-01,5.879189e-01,0.946644,340.7920
0.0376774,2.515000e+01,-5.136863e+00,8.743465e-01,2.266065e-01,5.364524e-01,5.878205e-01,0.947454,341.0834
0.0377097,2.515000e+01,-5.137065e+00,8.743465e-01,2.268965e-01,5.370643e-01,5.879025e-01,0.948266,341.3759
0.0377419,2.515000e+01,-5.137269e+00,8.743465e-01,2.268865e-01,5.370790e-01,5.878601e-01,0.949076,341.6673
0.0377742,2.515000e+01,-5.137473e+00,8.743465e-01,2.269609e-01,5.372591e-01,5.878561e-01,0.949888,341.9598
0.0378065,2.515000e+01,-5.137704e+00,8.743465e-01,2.271992e-01,5.364314e-01,5.893812e-01,0.950700,342.2522
0.0378387,2.515000e+01,-5.137941e+00,8.743465e-01,2.273977e-01,5.365083e-01,5.898115e-01,0.951510,342.5437
0.037871,2.515000e+01,-5.138160e+00,8.743465e-01,2.269645e-01,5.365920e-01,5.885959e-01,0.952322,342.8361
0.0379032,2.515000e+01,-5.138357e+00,8.743465e-01,2.265579e-01,5.368294e-01,5.872820e-01,0.953132,343.1276
0.0379355,2.515000e+01,-5.138557e+00,8.743465e-01,2.267158e-01,5.371832e-01,5.873040e-01,0.953944,343.4200
0.0379677,2.515000e+01,-5.138771e+00,8.743465e-01,2.269635e-01,5.370190e-01,5.881259e-01,0.954754,343.7115
0.038,2.515000e+01,-5.138996e+00,8.743465e-01,2.272008e-01,5.369089e-01,5.888612e-01,0.955566,344.0039
0.0380323,2.515000e+01,-5.139211e+00,8.743465e-01,2.272089e-01,5.374560e-01,5.882826e-01,0.956379,344.2963
0.0380645,2.515000e+01,-5.139427e+00,8.743465e-01,2.272246e-01,5.376224e-01,5.881416e-01,0.957188,344.5878
0.0380968,2.515000e+01,-5.139642e+00,8.743465e-01,2.274017e-01,5.380041e-01,5.881823e-01,0.958000,344.8802
0.038129,2.515000e+01,-5.139863e+00,8.743465e-01,2.272670e-01,5.373707e-01,5.885262e-01,0.958810,345.1717
0.0381613,2.515000e+01,-5.140113e+00,8.743465e-01,2.275532e-01,5.364456e-01,5.902840e-01,0.959622,345.4641
0.0381935,2.515000e+01,-5.140366e+00,8.743465e-01,2.276676e-01,5.363177e-01,5.907215e-01,0.960432,345.7556
0.0382258,2.515000e+01,-5.140607e+00,8.743465e-01,2.277183e-01,5.367905e-01,5.903331e-01,0.961244,346.0480
0.0382581,2.515000e+01,-5.140801e+00,8.743465e-01,2.271930e-01,5.377561e-01,5.879134e-01,0.962057,346.3404
0.0382903,2.515000e+01,-5.140994e+00,8.743465e-01,2.273057e-01,5.378482e-01,5.881045e-01,0.962866,346.6319
0.0383226,2.515000e+01,-5.141202e+00,8.743465e-01,2.277826e-01,5.379193e-01,5.892603e-01,0.963679,346.9243
0.0383548,2.515000e+01,-5.141414e+00,8.743465e-01,2.279714e-01,5.379883e-01,5.896730e-01,0.964488,347.2158
0.0383871,2.515000e+01,-5.141631e+00,8.743465e-01,2.279785e-01,5.375755e-01,5.901444e-01,0.965300,347.5082
0.0384194,2.515000e+01,-5.141844e+00,8.743465e-01,2.280725e-01,5.378103e-01,5.901300e-01,0.966113,347.8006
0.0384516,2.515000e+01,-5.142055e+00,8.743465e-01,2.283408e-01,5.380857e-01,5.905215e-01,0.966922,348.0921
0.0384839,2.515000e+01,-5.142253e+00,8.743465e-01,2.280600e-01,5.378819e-01,5.900188e-01,0.967735,348.3845
0.0385161,2.515000e+01,-5.142462e+00,8.743465e-01,2.280058e-01,5.371174e-01,5.907184e-01,0.968544,348.6760
0.0385484,2.515000e+01,-5.142661e+00,8.743465e-01,2.279529e-01,5.374433e-01,5.902228e-01,0.969357,348.9684
0.0385806,2.515000e+01,-5.142848e+00,8.743465e-01,2.281183e-01,5.383216e-01,5.896878e-01,0.970166,349.2599
0.0386129,2.515000e+01,-5.143005e+00,8.743465e-01,2.278372e-01,5.389908e-01,5.882302e-01,0.970979,349.5523
0.0386452,2.515000e+01,-5.143161e+00,8.743465e-01,2.278613e-01,5.389192e-01,5.883705e-01,0.971791,349.8447
0.0386774,2.515000e+01,-5.143338e+00,8.743465e-01,2.282328e-01,5.384843e-01,5.898055e-01,0.972601,350.1362
0.0387097,2.515000e+01,-5.143520e+00,8.743465e-01,2.287320e-01,5.391292e-01,5.903879e-01,0.973413,350.4286
0.0387419,2.515000e+01,-5.143712e+00,8.743465e-01,2.287885e-01,5.384743e-01,5.912524e-01,0.974222,350.7201
0.0387742,2.515000e+01,-5.143902e+00,8.743465e-01,2.287984e-01,5.385274e-01,5.912198e-01,0.975035,351.0125
0.0388065,2.515000e+01,-5.144092e+00,8.743465e-01,2.288289e-01,5.386290e-01,5.911871e-01,0.975847,351.3049
0.0388387,2.515000e+01,-5.144271e+00,8.743465e-01,2.285888e-01,5.386896e-01,5.904998e-01,0.976657,351.5964
0.038871,2.515000e+01,-5.144453e+00,8.743465e-01,2.284001e-01,5.381936e-01,5.905565e-01,0.977469,351.8888
0.0389032,2.515000e+01,-5.144626e+00,8.743465e-01,2.285726e-01,5.391155e-01,5.899924e-01,0.978279,352.1803
0.0389355,2.515000e+01,-5.144801e+00,8.743465e-01,2.289721e-01,5.397663e-01,5.903107e-01,0.979091,352.4727
0.0389677,2.515000e+01,-5.144968e+00,8.743465e-01,2.289533e-01,5.399390e-01,5.900731e-01,0.979901,352.7642
0.039,2.515000e+01,-5.145170e+00,8.743465e-01,2.294922e-01,5.393198e-01,5.921410e-01,0.980713,353.0566
0.0390323,2.515000e+01,-5.145359e+00,8.743465e-01,2.294327e-01,5.398474e-01,5.914094e-01,0.981525,353.3490
0.0390645,2.515000e+01,-5.145524e+00,8.743465e-01,2.291327e-01,5.405050e-01,5.899170e-01,0.982335,353.6405
0.0390968,2.515000e+01,-5.145716e+00,8.743465e-01,2.292975e-01,5.393288e-01,5.916293e-01,0.983147,353.9329
0.039129,2.515000e+01,-5.145923e+00,8.743465e-01,2.295939e-01,5.391013e-01,5.926438e-01,0.983957,354.2244
0.0391613,2.515000e+01,-5.146139e+00,8.743465e-01,2.301196e-01,5.396742e-01,5.933700e-01,0.984769,354.5168
0.0391935,2.515000e+01,-5.146318e+00,8.743465e-01,2.295189e-01,5.403518e-01,5.910788e-01,0.985579,354.8083
0.0392258,2.515000e+01,-5.146486e+00,8.743465e-01,2.288703e-01,5.396020e-01,5.902279e-01,0.986391,355.1007
0.0392581,2.515000e+01,-5.146646e+00,8.743465e-01,2.288488e-01,5.400591e-01,5.896729e-01,0.987203,355.3931
0.0392903,2.515000e+01,-5.146801e+00,8.743465e-01,2.291807e-01,5.408778e-01,5.896342e-01,0.988013,355.6846
0.0393226,2.515000e+01,-5.146967e+00,8.743465e-01,2.298540e-01,5.414606e-01,5.907296e-01,0.988825,355.9770
0.0393548,2.515000e+01,-5.147174e+00,8.743465e-01,2.304098e-01,5.405450e-01,5.931611e-01,0.989635,356.2685
0.0393871,2.515000e+01,-5.147376e+00,8.743465e-01,2.303907e-01,5.406340e-01,5.930146e-01,0.990447,356.5609
0.0394194,2.515000e+01,-5.147542e+00,8.743465e-01,2.297746e-01,5.412548e-01,5.907503e-01,0.991259,356.8533
0.0394516,2.515000e+01,-5.147702e+00,8.743465e-01,2.292258e-01,5.404408e-01,5.902271e-01,0.992069,357.1448
0.0394839,2.515000e+01,-5.147882e+00,8.743465e-01,2.296475e-01,5.401486e-01,5.916322e-01,0.992881,357.4372
0.0395161,2.515000e+01,-5.148094e+00,8.743465e-01,2.304767e-01,5.402196e-01,5.936908e-01,0.993691,357.7287
0.0395484,2.515000e+01,-5.148288e+00,8.743465e-01,2.305128e-01,5.412432e-01,5.926616e-01,0.994503,358.0211
0.0395806,2.515000e+01,-5.148455e+00,8.743465e-01,2.302362e-01,5.421493e-01,5.909604e-01,0.995313,358.3126
0.0396129,2.515000e+01,-5.148613e+00,8.743465e-01,2.300641e-01,5.422809e-01,5.903755e-01,0.996125,358.6050
0.0396452,2.515000e+01,-5.148780e+00,8.743465e-01,2.302762e-01,5.422041e-01,5.910037e-01,0.996937,358.8974
0.0396774,2.515000e+01,-5.148971e+00,8.743465e-01,2.305299e-01,5.414959e-01,5.924283e-01,0.997747,359.1889
0.0397097,2.515000e+01,-5.149213e+00,8.743465e-01,2.312228e-01,5.400522e-01,5.957974e-01,0.998559,359.4813
0.0397419,2.515000e+01,-5.149446e+00,8.743465e-01,2.313319e-01,5.407103e-01,5.953531e-01,0.999369,359.7728
0.0397742,2.515000e+01,-5.149628e+00,8.743465e-01,2.308943e-01,5.423088e-01,5.924754e-01,1.000181,0.0652
0.0398065,2.515000e+01,-5.149757e+00,8.743465e-01,2.295994e-01,5.423141e-01,5.891469e-01,1.000993,0.3576
0.0398387,2.515000e+01,-5.149894e+00,8.743465e-01,2.295253e-01,5.417439e-01,5.895766e-01,1.001803,0.6491
0.039871,2.515000e+01,-5.150073e+00,8.743465e-01,2.304354e-01,5.414317e-01,5.922556e-01,1.002615,0.9415
0.0399032,2.515000e+01,-5.150261e+00,8.743465e-01,2.313092e-01,5.426326e-01,5.931853e-01,1.003425,1.2330
0.0399355,2.515000e+01,-5.150447e+00,8.743465e-01,2.314238e-01,5.426858e-01,5.934211e-01,1.004237,1.5254
0.0399677,2.515000e+01,-5.150602e+00,8.743465e-01,2.309155e-01,5.430065e-01,5.917685e-01,1.005047,1.8169
0.04,2.515000e+01,-5.150750e+00,8.743465e-01,2.307746e-01,5.431581e-01,5.912425e-01,1.005859,2.1093
0.0400333,2.515000e+01,-5.150936e+00,8.743465e-01,2.309680e-01,5.416307e-01,5.934065e-01,1.006697,2.4108
0.0400667,2.515000e+01,-5.151146e+00,8.743465e-01,2.315190e-01,5.414648e-01,5.950040e-01,1.007537,2.7131
0.0401,2.515000e+01,-5.151347e+00,8.743465e-01,2.315502e-01,5.418634e-01,5.946462e-01,1.008374,3.0146
0.0401333,2.515000e+01,-5.151518e+00,8.743465e-01,2.314243e-01,5.430275e-01,5.930494e-01,1.009211,3.3161
0.0401667,2.515000e+01,-5.151659e+00,8.743465e-01,2.310738e-01,5.436472e-01,5.914763e-01,1.010051,3.6184
0.0402,2.515000e+01,-5.151810e+00,8.743465e-01,2.312623e-01,5.436578e-01,5.919469e-01,1.010889,3.9199
0.0402333,2.515000e+01,-5.151940e+00,8.743465e-01,2.309656e-01,5.440437e-01,5.907684e-01,1.011726,4.2213
0.0402667,2.515000e+01,-5.152081e+00,8.743465e-01,2.312987e-01,5.437752e-01,5.919119e-01,1.012566,4.5237
0.0403,2.515000e+01,-5.152292e+00,8.743465e-01,2.324276e-01,5.424136e-01,5.962947e-01,1.013403,4.8251
0.0403333,2.515000e+01,-5.152509e+00,8.743465e-01,2.326518e-01,5.424436e-01,5.968364e-01,1.014241,5.1266
0.0403667,2.515000e+01,-5.152668e+00,8.743465e-01,2.319873e-01,5.439573e-01,5.934759e-01,1.015080,5.4290
0.0404,2.515000e+01,-5.152810e+00,8.743465e-01,2.315007e-01,5.439652e-01,5.922219e-01,1.015918,5.7304
0.0404333,2.515000e+01,-5.152965e+00,8.743465e-01,2.316085e-01,5.434651e-01,5.930439e-01,1.016755,6.0319
0.0404667,2.515000e+01,-5.153113e+00,8.743465e-01,2.314771e-01,5.433045e-01,5.928819e-01,1.017595,6.3342
0.0405,2.515000e+01,-5.153240e+00,8.743465e-01,2.316445e-01,5.443422e-01,5.921798e-01,1.018432,6.6357
0.0405333,2.515000e+01,-5.153388e+00,8.743465e-01,2.320889e-01,5.441701e-01,5.935040e-01,1.019270,6.9371
0.0405667,2.515000e+01,-5.153546e+00,8.743465e-01,2.323931e-01,5.442222e-01,5.942244e-01,1.020110,7.2395
0.0406,2.515000e+01,-5.153677e+00,8.743465e-01,2.320604e-01,5.449440e-01,5.925882e-01,1.020947,7.5410
0.0406333,2.515000e+01,-5.153802e+00,8.743465e-01,2.316788e-01,5.443069e-01,5.923056e-01,1.021785,7.8424
0.0406667,2.515000e+01,-5.153935e+00,8.743465e-01,2.320203e-01,5.439484e-01,5.935697e-01,1.022624,8.1448
0.0407,2.515000e+01,-5.154082e+00,8.743465e-01,2.324640e-01,5.438842e-01,5.947754e-01,1.023462,8.4462
0.0407333,2.515000e+01,-5.154213e+00,8.743465e-01,2.326088e-01,5.446618e-01,5.942963e-01,1.024299,8.7477
0.0407667,2.515000e+01,-5.154315e+00,8.743465e-01,2.320555e-01,5.448861e-01,5.926385e-01,1.025139,9.0501
0.0408,2.515000e+01,-5.154406e+00,8.743465e-01,2.318857e-01,5.448751e-01,5.922168e-01,1.025976,9.3515
0.0408333,2.515000e+01,-5.154488e+00,8.743465e-01,2.319810e-01,5.451420e-01,5.921701e-01,1.026814,9.6530
0.0408667,2.515000e+01,-5.154595e+00,8.743465e-01,2.325051e-01,5.447945e-01,5.938866e-01,1.027654,9.9553
0.0409,2.515000e+01,-5.154725e+00,8.743465e-01,2.331176e-01,5.447803e-01,5.954670e-01,1.028491,10.2568
0.0409333,2.515000e+01,-5.154845e+00,8.743465e-01,2.330377e-01,5.451320e-01,5.948785e-01,1.029328,10.5582
0.0409667,2.515000e+01,-5.154932e+00,8.743465e-01,2.325290e-01,5.457522e-01,5.929058e-01,1.030168,10.8606
0.041,2.515000e+01,-5.155018e+00,8.743465e-01,2.319908e-01,5.447155e-01,5.926589e-01,1.031006,11.1621
0.0410333,2.515000e+01,-5.155116e+00,8.743465e-01,2.323689e-01,5.446086e-01,5.937413e-01,1.031843,11.4635
0.0410667,2.515000e+01,-5.155216e+00,8.743465e-01,2.329103e-01,5.453068e-01,5.943624e-01,1.032683,11.7659
0.0411,2.515000e+01,-5.155307e+00,8.743465e-01,2.331931e-01,5.461034e-01,5.942160e-01,1.033520,12.0673
0.0411333,2.515000e+01,-5.155391e+00,8.743465e-01,2.329326e-01,5.458802e-01,5.937950e-01,1.034358,12.3688
0.0411667,2.515000e+01,-5.155476e+00,8.743465e-01,2.328197e-01,5.455279e-01,5.938910e-01,1.035198,12.6712
0.0412,2.515000e+01,-5.155551e+00,8.743465e-01,2.327814e-01,5.460945e-01,5.931769e-01,1.036035,12.9726
0.0412333,2.515000e+01,-5.155640e+00,8.743465e-01,2.329761e-01,5.459776e-01,5.938003e-01,1.036872,13.2741
0.0412667,2.515000e+01,-5.155724e+00,8.743465e-01,2.330668e-01,5.464404e-01,5.935284e-01,1.037712,13.5764
0.0413,2.515000e+01,-5.155807e+00,8.743465e-01,2.330181e-01,5.464972e-01,5.933428e-01,1.038550,13.8779
0.0413333,2.515000e+01,-5.155897e+00,8.743465e-01,2.328621e-01,5.459944e-01,5.934913e-01,1.039387,14.1793
0.0413667,2.515000e+01,-5.155997e+00,8.743465e-01,2.326551e-01,5.451699e-01,5.938605e-01,1.040227,14.4817
0.0414,2.515000e+01,-5.156103e+00,8.743465e-01,2.329641e-01,5.455664e-01,5.942173e-01,1.041064,14.7832
0.0414333,2.515000e+01,-5.156192e+00,8.743465e-01,2.330317e-01,5.465683e-01,5.932998e-01,1.041902,15.0846
0.0414667,2.515000e+01,-5.156268e+00,8.743465e-01,2.330009e-01,5.471022e-01,5.926427e-01,1.042742,15.3870
0.0415,2.515000e+01,-5.156348e+00,8.743465e-01,2.330098e-01,5.468916e-01,5.928932e-01,1.043579,15.6884
0.0415333,2.515000e+01,-5.156436e+00,8.743465e-01,2.329573e-01,5.466736e-01,5.929965e-01,1.044416,15.9899
0.0415667,2.515000e+01,-5.156556e+00,8.743465e-01,2.333382e-01,5.459528e-01,5.947500e-01,1.045256,16.2922
0.0416,2.515000e+01,-5.156687e+00,8.743465e-01,2.336044e-01,5.459913e-01,5.953868e-01,1.046094,16.5937
0.0416333,2.515000e+01,-5.156815e+00,8.743465e-01,2.337376e-01,5.463951e-01,5.952855e-01,1.046931,16.8952
0.0416667,2.515000e+01,-5.156926e+00,8.743465e-01,2.335427e-01,5.470985e-01,5.940244e-01,1.047771,17.1975
0.0417,2.515000e+01,-5.157031e+00,8.743465e-01,2.333195e-01,5.470632e-01,5.934950e-01,1.048608,17.4990
0.0417333,2.515000e+01,-5.157141e+00,8.743465e-01,2.332316e-01,5.466683e-01,5.937006e-01,1.049446,17.8004
0.0417667,2.515000e+01,-5.157239e+00,8.743465e-01,2.330735e-01,5.468426e-01,5.931087e-01,1.050286,18.1028
0.0418,2.515000e+01,-5.157334e+00,8.743465e-01,2.332474e-01,5.475066e-01,5.928309e-01,1.051123,18.4042
0.0418333,2.515000e+01,-5.157429e+00,8.743465e-01,2.332360e-01,5.474497e-01,5.928637e-01,1.051960,18.7057
0.0418667,2.515000e+01,-5.157533e+00,8.743465e-01,2.333535e-01,5.475466e-01,5.930577e-01,1.052800,19.0081
0.0419,2.515000e+01,-5.157656e+00,8.743465e-01,2.334512e-01,5.468711e-01,5.940387e-01,1.053638,19.3095
0.0419333,2.515000e+01,-5.157786e+00,8.743465e-01,2.333307e-01,5.463646e-01,5.942827e-01,1.054475,19.6110
0.0419667,2.515000e+01,-5.157913e+00,8.743465e-01,2.331229e-01,5.462250e-01,5.939052e-01,1.055315,19.9133
0.042,2.515000e+01,-5.158029e+00,8.743465e-01,2.331355e-01,5.471143e-01,5.929719e-01,1.056152,20.2148
0.0420333,2.515000e+01,-5.158137e+00,8.743465e-01,2.332935e-01,5.480604e-01,5.923488e-01,1.056990,20.5162
0.0420667,2.515000e+01,-5.158251e+00,8.743465e-01,2.332055e-01,5.479720e-01,5.922214e-01,1.057829,20.8186
0.0421,2.515000e+01,-5.158367e+00,8.743465e-01,2.331659e-01,5.480689e-01,5.920164e-01,1.058667,21.1201
0.0421333,2.515000e+01,-5.158495e+00,8.743465e-01,2.332641e-01,5.476608e-01,5.927067e-01,1.059504,21.4215
0.0421667,2.515000e+01,-5.158664e+00,8.743465e-01,2.337015e-01,5.467010e-01,5.948610e-01,1.060344,21.7239
0.0422,2.515000e+01,-5.158857e+00,8.743465e-01,2.339527e-01,5.466378e-01,5.955685e-01,1.061181,22.0253
0.0422333,2.515000e+01,-5.159040e+00,8.743465e-01,2.339442e-01,5.476408e-01,5.944570e-01,1.062019,22.3268
0.0422667,2.515000e+01,-5.159207e+00,8.743465e-01,2.334884e-01,5.481973e-01,5.926963e-01,1.062859,22.6292
0.0423,2.515000e+01,-5.159371e+00,8.743465e-01,2.333020e-01,5.482252e-01,5.921926e-01,1.063696,22.9306
0.0423333,2.515000e+01,-5.159551e+00,8.743465e-01,2.333286e-01,5.476603e-01,5.928710e-01,1.064534,23.2321
0.0423667,2.515000e+01,-5.159748e+00,8.743465e-01,2.335428e-01,5.476598e-01,5.934159e-01,1.065373,23.5344
0.0424,2.515000e+01,-5.159945e+00,8.743465e-01,2.338125e-01,5.485543e-01,5.931329e-01,1.066211,23.8359
0.0424333,2.515000e+01,-5.160143e+00,8.743465e-01,2.336398e-01,5.483479e-01,5.929182e-01,1.067048,24.1373
0.0424667,2.515000e+01,-5.160338e+00,8.743465e-01,2.335585e-01,5.485206e-01,5.925246e-01,1.067888,24.4397
0.0425,2.515000e+01,-5.160548e+00,8.743465e-01,2.333540e-01,5.477661e-01,5.928212e-01,1.068725,24.7412
0.0425333,2.515000e+01,-5.160790e+00,8.743465e-01,2.336342e-01,5.469806e-01,5.943854e-01,1.069563,25.0426
0.0425667,2.515000e+01,-5.161047e+00,8.743465e-01,2.337120e-01,5.467858e-01,5.947955e-01,1.070403,25.3450
0.0426,2.515000e+01,-5.161263e+00,8.743465e-01,2.333359e-01,5.482610e-01,5.922404e-01,1.071240,25.6464
0.0426333,2.515000e+01,-5.161437e+00,8.743465e-01,2.327934e-01,5.494094e-01,5.896278e-01,1.072077,25.9479
0.0426667,2.515000e+01,-5.161635e+00,8.743465e-01,2.330385e-01,5.488697e-01,5.908295e-01,1.072917,26.2503
0.0427,2.515000e+01,-5.161865e+00,8.743465e-01,2.334904e-01,5.482653e-01,5.926279e-01,1.073755,26.5517
0.0427333,2.515000e+01,-5.162107e+00,8.743465e-01,2.336231e-01,5.479336e-01,5.933233e-01,1.074592,26.8532
0.0427667,2.515000e+01,-5.162348e+00,8.743465e-01,2.335790e-01,5.478046e-01,5.933514e-01,1.075432,27.1555
0.0428,2.515000e+01,-5.162565e+00,8.743465e-01,2.333914e-01,5.484285e-01,5.922001e-01,1.076269,27.4570
0.0428333,2.515000e+01,-5.162790e+00,8.743465e-01,2.337714e-01,5.489697e-01,5.925793e-01,1.077107,27.7584
0.0428667,2.515000e+01,-5.163026e+00,8.743465e-01,2.338763e-01,5.488434e-01,5.929820e-01,1.077947,28.0608
0.0429,2.515000e+01,-5.163274e+00,8.743465e-01,2.337812e-01,5.480231e-01,5.936279e-01,1.078784,28.3623
0.0429333,2.515000e+01,-5.163515e+00,8.743465e-01,2.334674e-01,5.476613e-01,5.932229e-01,1.079621,28.6637
0.0429667,2.515000e+01,-5.163718e+00,8.743465e-01,2.329613e-01,5.486391e-01,5.908820e-01,1.080461,28.9661
0.043,2.515000e+01,-5.163929e+00,8.743465e-01,2.333084e-01,5.491751e-01,5.911848e-01,1.081299,29.2675
0.0430323,2.515000e+01,-5.164145e+00,8.743465e-01,2.336403e-01,5.497600e-01,5.913959e-01,1.082111,29.5599
0.0430645,2.515000e+01,-5.164374e+00,8.743465e-01,2.338534e-01,5.491940e-01,5.925455e-01,1.082921,29.8514
0.0430968,2.515000e+01,-5.164614e+00,8.743465e-01,2.339736e-01,5.487407e-01,5.933397e-01,1.083733,30.1438
0.043129,2.515000e+01,-5.164856e+00,8.743465e-01,2.338479e-01,5.482321e-01,5.935714e-01,1.084543,30.4353
0.0431613,2.515000e+01,-5.165091e+00,8.743465e-01,2.336079e-01,5.482116e-01,5.929840e-01,1.085355,30.7277
0.0431935,2.515000e+01,-5.165310e+00,8.743465e-01,2.333223e-01,5.488918e-01,5.915249e-01,1.086165,31.0192
0.0432258,2.515000e+01,-5.165515e+00,8.743465e-01,2.332108e-01,5.497105e-01,5.903617e-01,1.086977,31.3116
0.0432581,2.515000e+01,-5.165749e+00,8.743465e-01,2.335217e-01,5.490513e-01,5.918584e-01,1.087789,31.6040
0.0432903,2.515000e+01,-5.165961e+00,8.743465e-01,2.330235e-01,5.490998e-01,5.905435e-01,1.088599,31.8955
0.0433226,2.515000e+01,-5.166169e+00,8.743465e-01,2.327638e-01,5.489318e-01,5.900664e-01,1.089411,32.1879
0.0433548,2.515000e+01,-5.166400e+00,8.743465e-01,2.334246e-01,5.493172e-01,5.913264e-01,1.090221,32.4794
0.0433871,2.515000e+01,-5.166650e+00,8.743465e-01,2.336447e-01,5.490050e-01,5.922203e-01,1.091033,32.7718
0.0434194,2.515000e+01,-5.166902e+00,8.743465e-01,2.333230e-01,5.485006e-01,5.919491e-01,1.091845,33.0642
0.0434516,2.515000e+01,-5.167115e+00,8.743465e-01,2.326142e-01,5.490387e-01,5.895722e-01,1.092655,33.3557
0.0434839,2.515000e+01,-5.167353e+00,8.743465e-01,2.333125e-01,5.490792e-01,5.912980e-01,1.093467,33.6481
0.0435161,2.515000e+01,-5.167640e+00,8.743465e-01,2.344604e-01,5.490113e-01,5.942811e-01,1.094277,33.9396
0.0435484,2.515000e+01,-5.167924e+00,8.743465e-01,2.342857e-01,5.490034e-01,5.938467e-01,1.095089,34.2320
0.0435806,2.515000e+01,-5.168154e+00,8.743465e-01,2.330432e-01,5.495210e-01,5.901408e-01,1.095899,34.5235
0.0436129,2.515000e+01,-5.168383e+00,8.743465e-01,2.329408e-01,5.493214e-01,5.900962e-01,1.096711,34.8159
0.0436452,2.515000e+01,-5.168627e+00,8.743465e-01,2.329639e-01,5.485764e-01,5.909561e-01,1.097523,35.1083
0.0436774,2.515000e+01,-5.168896e+00,8.743465e-01,2.335110e-01,5.485380e-01,5.923854e-01,1.098333,35.3998
0.0437097,2.515000e+01,-5.169161e+00,8.743465e-01,2.338344e-01,5.493873e-01,5.922887e-01,1.099145,35.6923
0.0437419,2.515000e+01,-5.169441e+00,8.743465e-01,2.340208e-01,5.491572e-01,5.930096e-01,1.099955,35.9837
0.0437742,2.515000e+01,-5.169729e+00,8.743465e-01,2.339754e-01,5.487960e-01,5.932844e-01,1.100767,36.2762
0.0438065,2.515000e+01,-5.169953e+00,8.743465e-01,2.324165e-01,5.491424e-01,5.889592e-01,1.101579,36.5686
0.0438387,2.515000e+01,-5.170180e+00,8.743465e-01,2.324902e-01,5.490419e-01,5.892542e-01,1.102389,36.8601
0.043871,2.515000e+01,-5.170430e+00,8.743465e-01,2.330253e-01,5.489244e-01,5.907373e-01,1.103201,37.1525
0.0439032,2.515000e+01,-5.170709e+00,8.743465e-01,2.334830e-01,5.486554e-01,5.921874e-01,1.104011,37.4440
0.0439355,2.515000e+01,-5.170985e+00,8.743465e-01,2.336114e-01,5.491393e-01,5.919908e-01,1.104823,37.7364
0.0439677,2.515000e+01,-5.171203e+00,8.743465e-01,2.323415e-01,5.493678e-01,5.885281e-01,1.105633,38.0279
0.044,2.515000e+01,-5.171442e+00,8.743465e-01,2.326272e-01,5.487628e-01,5.899014e-01,1.106445,38.3203
0.0440323,2.515000e+01,-5.171714e+00,8.743465e-01,2.332837e-01,5.485533e-01,5.917921e-01,1.107257,38.6127
0.0440645,2.515000e+01,-5.172002e+00,8.743465e-01,2.335097e-01,5.483648e-01,5.925689e-01,1.108067,38.9042
0.0440968,2.515000e+01,-5.172280e+00,8.743465e-01,2.332325e-01,5.482321e-01,5.920096e-01,1.108879,39.1966
0.044129,2.515000e+01,-5.172538e+00,8.743465e-01,2.327164e-01,5.481484e-01,5.907888e-01,1.109689,39.4881
0.0441613,2.515000e+01,-5.172755e+00,8.743465e-01,2.322377e-01,5.491951e-01,5.884501e-01,1.110501,39.7805
0.0441935,2.515000e+01,-5.172998e+00,8.743465e-01,2.327233e-01,5.488097e-01,5.900951e-01,1.111311,40.0720
0.0442258,2.515000e+01,-5.173245e+00,8.743465e-01,2.328327e-01,5.486775e-01,5.905147e-01,1.112123,40.3644
0.0442581,2.515000e+01,-5.173520e+00,8.743465e-01,2.332185e-01,5.480031e-01,5.922206e-01,1.112935,40.6568
0.0442903,2.515000e+01,-5.173804e+00,8.743465e-01,2.337383e-01,5.484232e-01,5.930865e-01,1.113745,40.9483
0.0443226,2.515000e+01,-5.174053e+00,8.743465e-01,2.330229e-01,5.485717e-01,5.911108e-01,1.114557,41.2407
0.0443548,2.515000e+01,-5.174292e+00,8.743465e-01,2.328304e-01,5.485217e-01,5.906768e-01,1.115367,41.5322
0.0443871,2.515000e+01,-5.174543e+00,8.743465e-01,2.330334e-01,5.483126e-01,5.914169e-01,1.116179,41.8246
0.0444194,2.515000e+01,-5.174803e+00,8.743465e-01,2.330868e-01,5.478188e-01,5.920856e-01,1.116992,42.1170
0.0444516,2.515000e+01,-5.175085e+00,8.743465e-01,2.334763e-01,5.475134e-01,5.934055e-01,1.117801,42.4085
0.0444839,2.515000e+01,-5.175283e+00,8.743465e-01,2.316378e-01,5.478804e-01,5.883388e-01,1.118614,42.7009
0.0445161,2.515000e+01,-5.175472e+00,8.743465e-01,2.315945e-01,5.481563e-01,5.879328e-01,1.119423,42.9924
0.0445484,2.515000e+01,-5.175659e+00,8.743465e-01,2.317113e-01,5.485438e-01,5.878136e-01,1.120235,43.2848
0.0445806,2.515000e+01,-5.175887e+00,8.743465e-01,2.324849e-01,5.481010e-01,5.902527e-01,1.121045,43.5763
0.0446129,2.515000e+01,-5.176150e+00,8.743465e-01,2.331132e-01,5.475661e-01,5.924258e-01,1.121857,43.8687
0.0446452,2.515000e+01,-5.176400e+00,8.743465e-01,2.328088e-01,5.475102e-01,5.917130e-01,1.122670,44.1611
0.0446774,2.515000e+01,-5.176629e+00,8.743465e-01,2.322290e-01,5.475255e-01,5.902228e-01,1.123479,44.4526
0.0447097,2.515000e+01,-5.176850e+00,8.743465e-01,2.321111e-01,5.477851e-01,5.896433e-01,1.124292,44.7450
0.0447419,2.515000e+01,-5.177069e+00,8.743465e-01,2.320633e-01,5.477840e-01,5.895232e-01,1.125101,45.0365
0.0447742,2.515000e+01,-5.177307e+00,8.743465e-01,2.324809e-01,5.476366e-01,5.907429e-01,1.125914,45.3289
0.0448065,2.515000e+01,-5.177564e+00,8.743465e-01,2.328915e-01,5.474734e-01,5.919627e-01,1.126726,45.6213
0.0448387,2.515000e+01,-5.177803e+00,8.743465e-01,2.323072e-01,5.472454e-01,5.907236e-01,1.127536,45.9128
0.044871,2.515000e+01,-5.178020e+00,8.743465e-01,2.316823e-01,5.471401e-01,5.892484e-01,1.128348,46.2052
0.0449032,2.515000e+01,-5.178227e+00,8.743465e-01,2.315291e-01,5.472075e-01,5.887855e-01,1.129157,46.4967
0.0449355,2.515000e+01,-5.178464e+00,8.743465e-01,2.324332e-01,5.473670e-01,5.909125e-01,1.129970,46.7891
0.0449677,2.515000e+01,-5.178721e+00,8.743465e-01,2.331701e-01,5.476103e-01,5.925227e-01,1.130779,47.0806
0.045,2.515000e+01,-5.178942e+00,8.743465e-01,2.322451e-01,5.472259e-01,5.905865e-01,1.131592,47.3730
0.0450323,2.515000e+01,-5.179157e+00,8.743465e-01,2.320924e-01,5.469590e-01,5.904865e-01,1.132404,47.6654
0.0450645,2.515000e+01,-5.179343e+00,8.743465e-01,2.313227e-01,5.465915e-01,5.889241e-01,1.133214,47.9569
0.0450968,2.515000e+01,-5.179544e+00,8.743465e-01,2.318147e-01,5.463598e-01,5.904266e-01,1.134026,48.2493
0.045129,2.515000e+01,-5.179734e+00,8.743465e-01,2.319786e-01,5.469800e-01,5.901744e-01,1.134836,48.5408
0.0451613,2.515000e+01,-5.179927e+00,8.743465e-01,2.322598e-01,5.470032e-01,5.908641e-01,1.135648,48.8332
0.0451935,2.515000e+01,-5.180109e+00,8.743465e-01,2.320626e-01,5.467937e-01,5.905891e-01,1.136457,49.1247
0.0452258,2.515000e+01,-5.180258e+00,8.743465e-01,2.312679e-01,5.463214e-01,5.890756e-01,1.137270,49.4171
0.0452581,2.515000e+01,-5.180404e+00,8.743465e-01,2.313160e-01,5.461113e-01,5.894248e-01,1.138082,49.7095
0.0452903,2.515000e+01,-5.180556e+00,8.743465e-01,2.318608e-01,5.464425e-01,5.904549e-01,1.138892,50.0010
0.0453226,2.515000e+01,-5.180713e+00,8.743465e-01,2.320496e-01,5.463724e-01,5.910110e-01,1.139704,50.2934
0.0453548,2.515000e+01,-5.180834e+00,8.743465e-01,2.315346e-01,5.469769e-01,5.890480e-01,1.140514,50.5849
0.0453871,2.515000e+01,-5.180950e+00,8.743465e-01,2.311154e-01,5.459934e-01,5.890405e-01,1.141326,50.8773
0.0454194,2.515000e+01,-5.181053e+00,8.743465e-01,2.307543e-01,5.456132e-01,5.885302e-01,1.142138,51.1697
0.0454516,2.515000e+01,-5.181157e+00,8.743465e-01,2.309075e-01,5.455169e-01,5.890247e-01,1.142948,51.4612
0.0454839,2.515000e+01,-5.181265e+00,8.743465e-01,2.313658e-01,5.460076e-01,5.896631e-01,1.143760,51.7536
0.0455161,2.515000e+01,-5.181389e+00,8.743465e-01,2.320481e-01,5.463214e-01,5.910631e-01,1.144570,52.0451
0.0455484,2.515000e+01,-5.181518e+00,8.743465e-01,2.322884e-01,5.462450e-01,5.917575e-01,1.145382,52.3375
0.0455806,2.515000e+01,-5.181617e+00,8.743465e-01,2.313694e-01,5.455911e-01,5.901229e-01,1.146192,52.6290
0.0456129,2.515000e+01,-5.181709e+00,8.743465e-01,2.312642e-01,5.454411e-01,5.900163e-01,1.147004,52.9214
0.0456452,2.515000e+01,-5.181799e+00,8.743465e-01,2.313345e-01,5.455485e-01,5.900799e-01,1.147816,53.2138
0.0456774,2.515000e+01,-5.181901e+00,8.743465e-01,2.316308e-01,5.454384e-01,5.909548e-01,1.148626,53.5053
0.0457097,2.515000e+01,-5.181994e+00,8.743465e-01,2.315322e-01,5.456675e-01,5.904552e-01,1.149438,53.7977
0.0457419,2.515000e+01,-5.182061e+00,8.743465e-01,2.306546e-01,5.451699e-01,5.887543e-01,1.150248,54.0892
0.0457742,2.515000e+01,-5.182136e+00,8.743465e-01,2.309004e-01,5.449956e-01,5.895699e-01,1.151060,54.3816
0.0458065,2.515000e+01,-5.182202e+00,8.743465e-01,2.308273e-01,5.451741e-01,5.891905e-01,1.151872,54.6740
0.0458387,2.515000e+01,-5.182281e+00,8.743465e-01,2.310000e-01,5.447345e-01,5.901074e-01,1.152682,54.9655
0.045871,2.515000e+01,-5.182363e+00,8.743465e-01,2.313600e-01,5.450372e-01,5.906980e-01,1.153494,55.2579
0.0459032,2.515000e+01,-5.182442e+00,8.743465e-01,2.314573e-01,5.450783e-01,5.909023e-01,1.154304,55.5494
0.0459355,2.515000e+01,-5.182503e+00,8.743465e-01,2.311106e-01,5.450198e-01,5.900805e-01,1.155116,55.8418
0.0459677,2.515000e+01,-5.182522e+00,8.743465e-01,2.300305e-01,5.446076e-01,5.877672e-01,1.155926,56.1333
0.046,2.515000e+01,-5.182546e+00,8.743465e-01,2.301305e-01,5.444702e-01,5.881714e-01,1.156738,56.4257
0.0460323,2.515000e+01,-5.182592e+00,8.743465e-01,2.308236e-01,5.446644e-01,5.897321e-01,1.157550,56.7181
0.0460645,2.515000e+01,-5.182642e+00,8.743465e-01,2.307541e-01,5.443670e-01,5.898766e-01,1.158360,57.0096
0.0460968,2.515000e+01,-5.182694e+00,8.743465e-01,2.306417e-01,5.439442e-01,5.900477e-01,1.159172,57.3020
0.046129,2.515000e+01,-5.182742e+00,8.743465e-01,2.308347e-01,5.443970e-01,5.900505e-01,1.159982,57.5935
0.0461613,2.515000e+01,-5.182794e+00,8.743465e-01,2.311296e-01,5.446450e-01,5.905346e-01,1.160794,57.8859
0.0461935,2.515000e+01,-5.182844e+00,8.743465e-01,2.310824e-01,5.446529e-01,5.904065e-01,1.161604,58.1774
0.0462258,2.515000e+01,-5.182893e+00,8.743465e-01,2.310119e-01,5.444881e-01,5.904046e-01,1.162416,58.4698
0.0462581,2.515000e+01,-5.182947e+00,8.743465e-01,2.308201e-01,5.438189e-01,5.906402e-01,1.163228,58.7622
0.0462903,2.515000e+01,-5.183000e+00,8.743465e-01,2.309041e-01,5.441084e-01,5.905411e-01,1.164038,59.0537
0.0463226,2.515000e+01,-5.183039e+00,8.743465e-01,2.302248e-01,5.436583e-01,5.892910e-01,1.164850,59.3461
0.0463548,2.515000e+01,-5.183098e+00,8.743465e-01,2.304368e-01,5.432476e-01,5.902794e-01,1.165660,59.6376
0.0463871,2.515000e+01,-5.183151e+00,8.743465e-01,2.304849e-01,5.436177e-01,5.900007e-01,1.166472,59.9300
0.0464194,2.515000e+01,-5.183203e+00,8.743465e-01,2.305784e-01,5.438405e-01,5.899986e-01,1.167285,60.2224
0.0464516,2.515000e+01,-5.183255e+00,8.743465e-01,2.306221e-01,5.439131e-01,5.900318e-01,1.168094,60.5139
0.0464839,2.515000e+01,-5.183313e+00,8.743465e-01,2.306420e-01,5.438262e-01,5.901763e-01,1.168907,60.8063
0.0465161,2.515000e+01,-5.183384e+00,8.743465e-01,2.308166e-01,5.435856e-01,5.908844e-01,1.169716,61.0978
0.0465484,2.515000e+01,-5.183442e+00,8.743465e-01,2.302808e-01,5.433903e-01,5.897257e-01,1.170528,61.3902
0.0465806,2.515000e+01,-5.183493e+00,8.743465e-01,2.297934e-01,5.428396e-01,5.890739e-01,1.171338,61.6817
0.0466129,2.515000e+01,-5.183538e+00,8.743465e-01,2.298230e-01,5.430739e-01,5.888953e-01,1.172150,61.9741
0.0466452,2.515000e+01,-5.183596e+00,8.743465e-01,2.302379e-01,5.434866e-01,5.895103e-01,1.172963,62.2665
0.0466774,2.515000e+01,-5.183663e+00,8.743465e-01,2.304673e-01,5.437120e-01,5.898540e-01,1.173772,62.5580
0.0467097,2.515000e+01,-5.183741e+00,8.743465e-01,2.306914e-01,5.438373e-01,5.902910e-01,1.174585,62.8505
0.0467419,2.515000e+01,-5.183834e+00,8.743465e-01,2.306352e-01,5.431707e-01,5.908713e-01,1.175394,63.1419
0.0467742,2.515000e+01,-5.183922e+00,8.743465e-01,2.304526e-01,5.430997e-01,5.904806e-01,1.176207,63.4344
0.0468065,2.515000e+01,-5.184010e+00,8.743465e-01,2.303338e-01,5.429538e-01,5.903349e-01,1.177019,63.7268
0.0468387,2.515000e+01,-5.184103e+00,8.743465e-01,2.304827e-01,5.432281e-01,5.904183e-01,1.177828,64.0183
0.046871,2.515000e+01,-5.184206e+00,8.743465e-01,2.308544e-01,5.436730e-01,5.908869e-01,1.178641,64.3107
0.0469032,2.515000e+01,-5.184310e+00,8.743465e-01,2.306161e-01,5.431760e-01,5.908169e-01,1.179450,64.6022
0.0469355,2.515000e+01,-5.184438e+00,8.743465e-01,2.302812e-01,5.416170e-01,5.916569e-01,1.180263,64.8946
0.0469677,2.515000e+01,-5.184551e+00,8.743465e-01,2.300189e-01,5.420372e-01,5.905248e-01,1.181072,65.1861
0.047,2.515000e+01,-5.184656e+00,8.743465e-01,2.300443e-01,5.426342e-01,5.899398e-01,1.181885,65.4785
0.0470323,2.515000e+01,-5.184763e+00,8.743465e-01,2.303031e-01,5.432576e-01,5.899263e-01,1.182697,65.7709
0.0470645,2.515000e+01,-5.184886e+00,8.743465e-01,2.304518e-01,5.429686e-01,5.906213e-01,1.183507,66.0624
0.0470968,2.515000e+01,-5.185016e+00,8.743465e-01,2.305373e-01,5.427785e-01,5.910475e-01,1.184319,66.3548
0.047129,2.515000e+01,-5.185157e+00,8.743465e-01,2.305432e-01,5.423041e-01,5.915799e-01,1.185129,66.6463
0.0471613,2.515000e+01,-5.185292e+00,8.743465e-01,2.301935e-01,5.420798e-01,5.909267e-01,1.185941,66.9387
0.0471935,2.515000e+01,-5.185423e+00,8.743465e-01,2.301810e-01,5.424499e-01,5.904916e-01,1.186750,67.2302
0.0472258,2.515000e+01,-5.185552e+00,8.743465e-01,2.300696e-01,5.425584e-01,5.900874e-01,1.187563,67.5226
0.0472581,2.515000e+01,-5.185682e+00,8.743465e-01,2.299537e-01,5.422420e-01,5.901341e-01,1.188375,67.8150
0.0472903,2.515000e+01,-5.185820e+00,8.743465e-01,2.298980e-01,5.419118e-01,5.903509e-01,1.189185,68.1065
0.0473226,2.515000e+01,-5.185955e+00,8.743465e-01,2.297741e-01,5.419282e-01,5.900153e-01,1.189997,68.3989
0.0473548,2.515000e+01,-5.186097e+00,8.743465e-01,2.300999e-01,5.424168e-01,5.903198e-01,1.190807,68.6904
0.0473871,2.515000e+01,-5.186242e+00,8.743465e-01,2.302842e-01,5.428348e-01,5.903370e-01,1.191619,68.9828
0.0474194,2.515000e+01,-5.186399e+00,8.743465e-01,2.303389e-01,5.424294e-01,5.909191e-01,1.192431,69.2752
0.0474516,2.515000e+01,-5.186568e+00,8.743465e-01,2.305659e-01,5.424615e-01,5.914658e-01,1.193241,69.5667
0.0474839,2.515000e+01,-5.186743e+00,8.743465e-01,2.305125e-01,5.421593e-01,5.916583e-01,1.194053,69.8591
0.0475161,2.515000e+01,-5.186927e+00,8.743465e-01,2.303198e-01,5.416181e-01,5.917553e-01,1.194863,70.1506
0.0475484,2.515000e+01,-5.187118e+00,8.743465e-01,2.302350e-01,5.412395e-01,5.919510e-01,1.195675,70.4430
0.0475806,2.515000e+01,-5.187294e+00,8.743465e-01,2.298998e-01,5.413932e-01,5.909213e-01,1.196485,70.7345
0.0476129,2.515000e+01,-5.187470e+00,8.743465e-01,2.300841e-01,5.417128e-01,5.910456e-01,1.197297,71.0269
0.0476452,2.515000e+01,-5.187645e+00,8.743465e-01,2.302981e-01,5.423346e-01,5.909173e-01,1.198109,71.3193
0.0476774,2.515000e+01,-5.187823e+00,8.743465e-01,2.303428e-01,5.423225e-01,5.910456e-01,1.198919,71.6108
0.0477097,2.515000e+01,-5.187994e+00,8.743465e-01,2.302693e-01,5.426068e-01,5.905470e-01,1.199731,71.9032
0.0477419,2.515000e+01,-5.188192e+00,8.743465e-01,2.304262e-01,5.416449e-01,5.919983e-01,1.200541,72.1947
0.0477742,2.515000e+01,-5.188400e+00,8.743465e-01,2.306187e-01,5.415586e-01,5.925878e-01,1.201353,72.4871
0.0478065,2.515000e+01,-5.188594e+00,8.743465e-01,2.303187e-01,5.415638e-01,5.918112e-01,1.202165,72.7795
0.0478387,2.515000e+01,-5.188767e+00,8.743465e-01,2.298680e-01,5.417723e-01,5.904258e-01,1.202975,73.0710
0.047871,2.515000e+01,-5.188937e+00,8.743465e-01,2.298463e-01,5.420092e-01,5.901120e-01,1.203787,73.3634
0.0479032,2.515000e+01,-5.189114e+00,8.743465e-01,2.299715e-01,5.418534e-01,5.906034e-01,1.204597,73.6549
0.0479355,2.515000e+01,-5.189303e+00,8.743465e-01,2.301348e-01,5.415896e-01,5.913112e-01,1.205409,73.9473
0.0479677,2.515000e+01,-5.189481e+00,8.743465e-01,2.302733e-01,5.421751e-01,5.910275e-01,1.206219,74.2388
0.048,2.515000e+01,-5.189655e+00,8.743465e-01,2.302246e-01,5.423015e-01,5.907651e-01,1.207031,74.5312
0.0480323,2.515000e+01,-5.189826e+00,8.743465e-01,2.303484e-01,5.425710e-01,5.907887e-01,1.207843,74.8236
0.0480645,2.515000e+01,-5.189999e+00,8.743465e-01,2.301830e-01,5.421672e-01,5.908043e-01,1.208653,75.1151
0.0480968,2.515000e+01,-5.190195e+00,8.743465e-01,2.302845e-01,5.409831e-01,5.923586e-01,1.209465,75.4075
0.048129,2.515000e+01,-5.190394e+00,8.743465e-01,2.302458e-01,5.406619e-01,5.926109e-01,1.210275,75.6990
0.0481613,2.515000e+01,-5.190587e+00,8.743465e-01,2.303689e-01,5.409467e-01,5.926153e-01,1.211087,75.9914
0.0481935,2.515000e+01,-5.190742e+00,8.743465e-01,2.300502e-01,5.420003e-01,5.906449e-01,1.211897,76.2829
0.0482258,2.515000e+01,-5.190891e+00,8.743465e-01,2.300826e-01,5.421072e-01,5.906122e-01,1.212709,76.5753
0.0482581,2.515000e+01,-5.191051e+00,8.743465e-01,2.304331e-01,5.421772e-01,5.914357e-01,1.213521,76.8677
0.0482903,2.515000e+01,-5.191213e+00,8.743465e-01,2.305854e-01,5.421293e-01,5.918787e-01,1.214331,77.1592
0.0483226,2.515000e+01,-5.191371e+00,8.743465e-01,2.303969e-01,5.416744e-01,5.918911e-01,1.215143,77.4516
0.0483548,2.515000e+01,-5.191525e+00,8.743465e-01,2.303720e-01,5.416417e-01,5.918632e-01,1.215953,77.7431
0.0483871,2.515000e+01,-5.191679e+00,8.743465e-01,2.307259e-01,5.420888e-01,5.922836e-01,1.216765,78.0355
0.0484194,2.515000e+01,-5.191823e+00,8.743465e-01,2.305953e-01,5.418613e-01,5.921968e-01,1.217578,78.3279
0.0484516,2.515000e+01,-5.191976e+00,8.743465e-01,2.304658e-01,5.410263e-01,5.927779e-01,1.218387,78.6194
0.0484839,2.515000e+01,-5.192113e+00,8.743465e-01,2.302511e-01,5.411800e-01,5.920573e-01,1.219199,78.9118
0.0485161,2.515000e+01,-5.192238e+00,8.743465e-01,2.303498e-01,5.418450e-01,5.915842e-01,1.220009,79.2033
0.0485484,2.515000e+01,-5.192332e+00,8.743465e-01,2.301693e-01,5.428090e-01,5.900704e-01,1.220821,79.4957
0.0485806,2.515000e+01,-5.192427e+00,8.743465e-01,2.302111e-01,5.426958e-01,5.903007e-01,1.221631,79.7872
0.0486129,2.515000e+01,-5.192542e+00,8.743465e-01,2.305499e-01,5.422341e-01,5.916732e-01,1.222443,80.0796
0.0486452,2.515000e+01,-5.192655e+00,8.743465e-01,2.307777e-01,5.425805e-01,5.918795e-01,1.223256,80.3720
0.0486774,2.515000e+01,-5.192776e+00,8.743465e-01,2.308440e-01,5.421277e-01,5.925444e-01,1.224065,80.6635
0.0487097,2.515000e+01,-5.192899e+00,8.743465e-01,2.307107e-01,5.419466e-01,5.924000e-01,1.224878,80.9559
0.0487419,2.515000e+01,-5.193024e+00,8.743465e-01,2.307960e-01,5.419561e-01,5.926087e-01,1.225687,81.2474
0.0487742,2.515000e+01,-5.193144e+00,8.743465e-01,2.306946e-01,5.420619e-01,5.922325e-01,1.226499,81.5398
0.0488065,2.515000e+01,-5.193266e+00,8.743465e-01,2.304610e-01,5.415249e-01,5.922195e-01,1.227312,81.8322
0.0488387,2.515000e+01,-5.193377e+00,8.743465e-01,2.305743e-01,5.422825e-01,5.916825e-01,1.228121,82.1237
0.048871,2.515000e+01,-5.193484e+00,8.743465e-01,2.308413e-01,5.430544e-01,5.915259e-01,1.228934,82.4161
0.0489032,2.515000e+01,-5.193579e+00,8.743465e-01,2.307639e-01,5.432471e-01,5.911177e-01,1.229743,82.7076
0.0489355,2.515000e+01,-5.193705e+00,8.743465e-01,2.311791e-01,5.424889e-01,5.930088e-01,1.230556,83.0000
0.0489677,2.515000e+01,-5.193824e+00,8.743465e-01,2.312130e-01,5.428238e-01,5.927307e-01,1.231365,83.2915
0.049,2.515000e+01,-5.193918e+00,8.743465e-01,2.309348e-01,5.433650e-01,5.914271e-01,1.232178,83.5839
0.0490323,2.515000e+01,-5.194015e+00,8.743465e-01,2.308742e-01,5.428511e-01,5.918320e-01,1.232990,83.8763
0.0490645,2.515000e+01,-5.194133e+00,8.743465e-01,2.311320e-01,5.420429e-01,5.933760e-01,1.233800,84.1678
0.0490968,2.515000e+01,-5.194260e+00,8.743465e-01,2.316471e-01,5.424241e-01,5.942805e-01,1.234612,84.4602
0.049129,2.515000e+01,-5.194355e+00,8.743465e-01,2.312815e-01,5.431465e-01,5.925533e-01,1.235421,84.7517
0.0491613,2.515000e+01,-5.194434e+00,8.743465e-01,2.306102e-01,5.424842e-01,5.915552e-01,1.236234,85.0441
0.0491935,2.515000e+01,-5.194505e+00,8.743465e-01,2.304900e-01,5.427158e-01,5.909942e-01,1.237043,85.3356
0.0492258,2.515000e+01,-5.194567e+00,8.743465e-01,2.306311e-01,5.434145e-01,5.905956e-01,1.237856,85.6280
0.0492581,2.515000e+01,-5.194623e+00,8.743465e-01,2.311185e-01,5.444617e-01,5.907059e-01,1.238668,85.9204
0.0492903,2.515000e+01,-5.194724e+00,8.743465e-01,2.317661e-01,5.430928e-01,5.938540e-01,1.239478,86.2119
0.0493226,2.515000e+01,-5.194825e+00,8.743465e-01,2.317267e-01,5.430739e-01,5.937735e-01,1.240290,86.5043
0.0493548,2.515000e+01,-5.194896e+00,8.743465e-01,2.312927e-01,5.437362e-01,5.919395e-01,1.241100,86.7958
0.0493871,2.515000e+01,-5.194947e+00,8.743465e-01,2.305750e-01,5.433229e-01,5.905513e-01,1.241912,87.0882
0.0494194,2.515000e+01,-5.195022e+00,8.743465e-01,2.309584e-01,5.427279e-01,5.921817e-01,1.242724,87.3806
0.0494516,2.515000e+01,-5.195123e+00,8.743465e-01,2.316531e-01,5.426990e-01,5.939948e-01,1.243534,87.6721
0.0494839,2.515000e+01,-5.195214e+00,8.743465e-01,2.318952e-01,5.434308e-01,5.938150e-01,1.244346,87.9645
0.0495161,2.515000e+01,-5.195264e+00,8.743465e-01,2.313918e-01,5.444101e-01,5.914599e-01,1.245156,88.2560
0.0495484,2.515000e+01,-5.195301e+00,8.743465e-01,2.312301e-01,5.446339e-01,5.908040e-01,1.245968,88.5484
0.0495806,2.515000e+01,-5.195346e+00,8.743465e-01,2.314170e-01,5.445049e-01,5.914218e-01,1.246778,88.8399
0.0496129,2.515000e+01,-5.195397e+00,8.743465e-01,2.314835e-01,5.442611e-01,5.918567e-01,1.247590,89.1323
0.0496452,2.515000e+01,-5.195513e+00,8.743465e-01,2.321491e-01,5.421514e-01,5.958680e-01,1.248402,89.4247
0.0496774,2.515000e+01,-5.195620e+00,8.743465e-01,2.321685e-01,5.426042e-01,5.954208e-01,1.249212,89.7162
0.0497097,2.515000e+01,-5.195688e+00,8.743465e-01,2.320229e-01,5.441448e-01,5.933627e-01,1.250024,90.0086
0.0497419,2.515000e+01,-5.195694e+00,8.743465e-01,2.308200e-01,5.446818e-01,5.897043e-01,1.250834,90.3001
0.0497742,2.515000e+01,-5.195702e+00,8.743465e-01,2.306062e-01,5.439816e-01,5.899165e-01,1.251646,90.5926
0.0498065,2.515000e+01,-5.195748e+00,8.743465e-01,2.313194e-01,5.435962e-01,5.921605e-01,1.252458,90.8850
0.0498387,2.515000e+01,-5.195810e+00,8.743465e-01,2.322171e-01,5.445381e-01,5.934303e-01,1.253268,91.1765
0.049871,2.515000e+01,-5.195869e+00,8.743465e-01,2.322742e-01,5.446023e-01,5.935059e-01,1.254080,91.4689
0.0499032,2.515000e+01,-5.195899e+00,8.743465e-01,2.317830e-01,5.449119e-01,5.919145e-01,1.254890,91.7604
0.0499355,2.515000e+01,-5.195916e+00,8.743465e-01,2.315540e-01,5.450541e-01,5.911755e-01,1.255702,92.0528
0.0499677,2.515000e+01,-5.195956e+00,8.743465e-01,2.317034e-01,5.444275e-01,5.922376e-01,1.256512,92.3443
0.05,2.515000e+01,-5.196031e+00,8.743465e-01,2.322027e-01,5.435014e-01,5.945254e-01,1.257324,92.6367
0.0500333,2.515000e+01,-5.196101e+00,8.743465e-01,2.321346e-01,5.430175e-01,5.948808e-01,1.258161,92.9381
0.0500667,2.515000e+01,-5.196148e+00,8.743465e-01,2.321736e-01,5.442685e-01,5.936132e-01,1.259001,93.2405
0.0501,2.515000e+01,-5.196157e+00,8.743465e-01,2.317518e-01,5.453963e-01,5.913091e-01,1.259839,93.5419
0.0501333,2.515000e+01,-5.196177e+00,8.743465e-01,2.319437e-01,5.454021e-01,5.917928e-01,1.260676,93.8434
0.0501667,2.515000e+01,-5.196182e+00,8.743465e-01,2.316426e-01,5.455005e-01,5.909180e-01,1.261516,94.1457
0.0502,2.515000e+01,-5.196187e+00,8.743465e-01,2.317550e-01,5.456501e-01,5.910423e-01,1.262353,94.4472
0.0502333,2.515000e+01,-5.196253e+00,8.743465e-01,2.325885e-01,5.440995e-01,5.948587e-01,1.263191,94.7487
0.0502667,2.515000e+01,-5.196334e+00,8.743465e-01,2.330196e-01,5.440010e-01,5.960691e-01,1.264031,95.0510
0.0503,2.515000e+01,-5.196379e+00,8.743465e-01,2.326695e-01,5.449398e-01,5.941483e-01,1.264868,95.3525
0.0503333,2.515000e+01,-5.196385e+00,8.743465e-01,2.320438e-01,5.456811e-01,5.917455e-01,1.265705,95.6539
0.0503667,2.515000e+01,-5.196405e+00,8.743465e-01,2.321063e-01,5.449835e-01,5.926620e-01,1.266545,95.9563
0.0504,2.515000e+01,-5.196420e+00,8.743465e-01,2.320065e-01,5.446960e-01,5.927198e-01,1.267383,96.2578
0.0504333,2.515000e+01,-5.196410e+00,8.743465e-01,2.320014e-01,5.454716e-01,5.918647e-01,1.268220,96.5592
0.0504667,2.515000e+01,-5.196402e+00,8.743465e-01,2.322475e-01,5.456322e-01,5.923177e-01,1.269060,96.8616
0.0505,2.515000e+01,-5.196416e+00,8.743465e-01,2.327274e-01,5.455263e-01,5.936564e-01,1.269897,97.1630
0.0505333,2.515000e+01,-5.196400e+00,8.743465e-01,2.324394e-01,5.460271e-01,5.923790e-01,1.270735,97.4645
0.0505667,2.515000e+01,-5.196369e+00,8.743465e-01,2.319982e-01,5.457048e-01,5.916035e-01,1.271575,97.7668
0.0506,2.515000e+01,-5.196353e+00,8.743465e-01,2.321963e-01,5.451399e-01,5.927221e-01,1.272412,98.0683
0.0506333,2.515000e+01,-5.196349e+00,8.743465e-01,2.325053e-01,5.450335e-01,5.936268e-01,1.273249,98.3698
0.0506667,2.515000e+01,-5.196339e+00,8.743465e-01,2.327721e-01,5.456364e-01,5.936514e-01,1.274089,98.6721
0.0507,2.515000e+01,-5.196299e+00,8.743465e-01,2.322493e-01,5.459602e-01,5.919667e-01,1.274927,98.9736
0.0507333,2.515000e+01,-5.196251e+00,8.743465e-01,2.321900e-01,5.458554e-01,5.919289e-01,1.275764,99.2750
0.0507667,2.515000e+01,-5.196183e+00,8.743465e-01,2.319816e-01,5.460708e-01,5.911644e-01,1.276604,99.5774
0.0508,2.515000e+01,-5.196131e+00,8.743465e-01,2.324067e-01,5.459102e-01,5.924221e-01,1.277441,99.8788
0.0508333,2.515000e+01,-5.196107e+00,8.743465e-01,2.329791e-01,5.456101e-01,5.942076e-01,1.278279,100.1803
0.0508667,2.515000e+01,-5.196071e+00,8.743465e-01,2.328743e-01,5.458907e-01,5.936349e-01,1.279119,100.4827
0.0509,2.515000e+01,-5.196015e+00,8.743465e-01,2.326308e-01,5.463798e-01,5.924834e-01,1.279956,100.7841
0.0509333,2.515000e+01,-5.195952e+00,8.743465e-01,2.321864e-01,5.458101e-01,5.919689e-01,1.280793,101.0856
0.0509667,2.515000e+01,-5.195898e+00,8.743465e-01,2.322754e-01,5.454600e-01,5.925758e-01,1.281633,101.3879
0.051,2.515000e+01,-5.195851e+00,8.743465e-01,2.325572e-01,5.457817e-01,5.929454e-01,1.282471,101.6894
0.0510333,2.515000e+01,-5.195798e+00,8.743465e-01,2.329805e-01,5.467510e-01,5.929712e-01,1.283308,101.9908
0.0510667,2.515000e+01,-5.195740e+00,8.743465e-01,2.328433e-01,5.465162e-01,5.928769e-01,1.284148,102.2932
0.0511,2.515000e+01,-5.195674e+00,8.743465e-01,2.326640e-01,5.462203e-01,5.927414e-01,1.284985,102.5947
0.0511333,2.515000e+01,-5.195601e+00,8.743465e-01,2.326644e-01,5.465399e-01,5.923954e-01,1.285823,102.8961
0.0511667,2.515000e+01,-5.195523e+00,8.743465e-01,2.326769e-01,5.465941e-01,5.923690e-01,1.286662,103.1985
0.0512,2.515000e+01,-5.195442e+00,8.743465e-01,2.327403e-01,5.468400e-01,5.922637e-01,1.287500,103.4999
0.0512333,2.515000e+01,-5.195353e+00,8.743465e-01,2.325558e-01,5.468310e-01,5.918037e-01,1.288337,103.8014
0.0512667,2.515000e+01,-5.195267e+00,8.743465e-01,2.325710e-01,5.465857e-01,5.921081e-01,1.289177,104.1038
0.0513,2.515000e+01,-5.195191e+00,8.743465e-01,2.324494e-01,5.457817e-01,5.926706e-01,1.290014,104.4052
0.0513333,2.515000e+01,-5.195123e+00,8.743465e-01,2.326589e-01,5.457791e-01,5.932070e-01,1.290852,104.7067
0.0513667,2.515000e+01,-5.195036e+00,8.743465e-01,2.326379e-01,5.466436e-01,5.922160e-01,1.291692,105.0090
0.0514,2.515000e+01,-5.194931e+00,8.743465e-01,2.325520e-01,5.472923e-01,5.912958e-01,1.292529,105.3105
0.0514333,2.515000e+01,-5.194829e+00,8.743465e-01,2.325262e-01,5.471580e-01,5.913747e-01,1.293367,105.6119
0.0514667,2.515000e+01,-5.194731e+00,8.743465e-01,2.324102e-01,5.468437e-01,5.914196e-01,1.294206,105.9143
0.0515,2.515000e+01,-5.194657e+00,8.743465e-01,2.327885e-01,5.464314e-01,5.928293e-01,1.295044,106.2158
0.0515333,2.515000e+01,-5.194603e+00,8.743465e-01,2.330715e-01,5.460523e-01,5.939619e-01,1.295881,106.5172
0.0515667,2.515000e+01,-5.194544e+00,8.743465e-01,2.330897e-01,5.463224e-01,5.937144e-01,1.296721,106.8196
0.0516,2.515000e+01,-5.194467e+00,8.743465e-01,2.329494e-01,5.470990e-01,5.925147e-01,1.297558,107.1210
0.0516333,2.515000e+01,-5.194381e+00,8.743465e-01,2.327068e-01,5.470395e-01,5.919624e-01,1.298396,107.4225
0.0516667,2.515000e+01,-5.194300e+00,8.743465e-01,2.326958e-01,5.468384e-01,5.921519e-01,1.299236,107.7248
0.0517,2.515000e+01,-5.194215e+00,8.743465e-01,2.325268e-01,5.466547e-01,5.919209e-01,1.300073,108.0263
0.0517333,2.515000e+01,-5.194116e+00,8.743465e-01,2.325152e-01,5.473881e-01,5.910986e-01,1.300910,108.3278
0.0517667,2.515000e+01,-5.194025e+00,8.743465e-01,2.325886e-01,5.473528e-01,5.913233e-01,1.301750,108.6301
0.0518,2.515000e+01,-5.193936e+00,8.743465e-01,2.326300e-01,5.475071e-01,5.912617e-01,1.302588,108.9316
0.0518333,2.515000e+01,-5.193868e+00,8.743465e-01,2.327631e-01,5.470069e-01,5.921408e-01,1.303425,109.2330
0.0518667,2.515000e+01,-5.193809e+00,8.743465e-01,2.326167e-01,5.462371e-01,5.926027e-01,1.304265,109.5354
0.0519,2.515000e+01,-5.193749e+00,8.743465e-01,2.325086e-01,5.461192e-01,5.924549e-01,1.305102,109.8369
0.0519333,2.515000e+01,-5.193683e+00,8.743465e-01,2.325015e-01,5.466441e-01,5.918683e-01,1.305940,110.1383
0.0519667,2.515000e+01,-5.193595e+00,8.743465e-01,2.324432e-01,5.476624e-01,5.906192e-01,1.306780,110.4407
0.052,2.515000e+01,-5.193512e+00,8.743465e-01,2.324596e-01,5.477677e-01,5.905472e-01,1.307617,110.7421
0.0520333,2.515000e+01,-5.193423e+00,8.743465e-01,2.324083e-01,5.478330e-01,5.903466e-01,1.308454,111.0436
0.0520667,2.515000e+01,-5.193341e+00,8.743465e-01,2.323270e-01,5.474529e-01,5.905502e-01,1.309294,111.3459
0.0521,2.515000e+01,-5.193298e+00,8.743465e-01,2.326544e-01,5.465367e-01,5.923733e-01,1.310132,111.6474
0.0521333,2.515000e+01,-5.193284e+00,8.743465e-01,2.330702e-01,5.462566e-01,5.937367e-01,1.310969,111.9489
0.0521667,2.515000e+01,-5.193265e+00,8.743465e-01,2.330404e-01,5.468116e-01,5.930585e-01,1.311809,112.2512
0.0522,2.515000e+01,-5.193222e+00,8.743465e-01,2.326307e-01,5.477640e-01,5.909858e-01,1.312646,112.5527
0.0522333,2.515000e+01,-5.193172e+00,8.743465e-01,2.323523e-01,5.478462e-01,5.901906e-01,1.313484,112.8541
0.0522667,2.515000e+01,-5.193142e+00,8.743465e-01,2.324614e-01,5.473497e-01,5.910028e-01,1.314324,113.1565
0.0523,2.515000e+01,-5.193127e+00,8.743465e-01,2.326220e-01,5.471117e-01,5.916683e-01,1.315161,113.4579
0.0523333,2.515000e+01,-5.193105e+00,8.743465e-01,2.327258e-01,5.479051e-01,5.910757e-01,1.315998,113.7594
0.0523667,2.515000e+01,-5.193092e+00,8.743465e-01,2.327742e-01,5.478293e-01,5.912801e-01,1.316838,114.0618
0.0524,2.515000e+01,-5.193069e+00,8.743465e-01,2.325090e-01,5.478493e-01,5.905848e-01,1.317676,114.3632
0.0524333,2.515000e+01,-5.193053e+00,8.743465e-01,2.323511e-01,5.474839e-01,5.905782e-01,1.318513,114.6647
0.0524667,2.515000e+01,-5.193069e+00,8.743465e-01,2.325636e-01,5.465130e-01,5.921680e-01,1.319353,114.9670
0.0525,2.515000e+01,-5.193106e+00,8.743465e-01,2.328092e-01,5.462492e-01,5.930794e-01,1.320190,115.2685
0.0525333,2.515000e+01,-5.193123e+00,8.743465e-01,2.326179e-01,5.471075e-01,5.916627e-01,1.321028,115.5699
0.0525667,2.515000e+01,-5.193079e+00,8.743465e-01,2.317739e-01,5.486296e-01,5.878806e-01,1.321868,115.8723
0.0526,2.515000e+01,-5.193047e+00,8.743465e-01,2.318756e-01,5.484027e-01,5.883814e-01,1.322705,116.1738
0.0526333,2.515000e+01,-5.193048e+00,8.743465e-01,2.323210e-01,5.478109e-01,5.901489e-01,1.323542,116.4752
0.0526667,2.515000e+01,-5.193067e+00,8.743465e-01,2.324784e-01,5.471901e-01,5.912182e-01,1.324382,116.7776
0.0527,2.515000e+01,-5.193090e+00,8.743465e-01,2.325326e-01,5.471464e-01,5.914037e-01,1.325220,117.0790
0.0527333,2.515000e+01,-5.193092e+00,8.743465e-01,2.323333e-01,5.476556e-01,5.903476e-01,1.326057,117.3805
0.0527667,2.515000e+01,-5.193097e+00,8.743465e-01,2.325888e-01,5.480004e-01,5.906244e-01,1.326897,117.6829
0.0528,2.515000e+01,-5.193097e+00,8.743465e-01,2.326187e-01,5.483663e-01,5.903061e-01,1.327734,117.9843
0.0528333,2.515000e+01,-5.193117e+00,8.743465e-01,2.326429e-01,5.474249e-01,5.913830e-01,1.328572,118.2858
0.0528667,2.515000e+01,-5.193133e+00,8.743465e-01,2.324487e-01,5.470237e-01,5.913228e-01,1.329411,118.5881
0.0529,2.515000e+01,-5.193114e+00,8.743465e-01,2.320443e-01,5.475582e-01,5.897181e-01,1.330249,118.8896
0.0529333,2.515000e+01,-5.193081e+00,8.743465e-01,2.320451e-01,5.483890e-01,5.888262e-01,1.331086,119.1910
0.0529667,2.515000e+01,-5.193065e+00,8.743465e-01,2.324166e-01,5.484248e-01,5.897311e-01,1.331926,119.4934
0.053,2.515000e+01,-5.193064e+00,8.743465e-01,2.327151e-01,5.482495e-01,5.906771e-01,1.332763,119.7949
0.0530323,2.515000e+01,-5.193077e+00,8.743465e-01,2.329198e-01,5.486259e-01,5.907907e-01,1.333576,120.0873
0.0530645,2.515000e+01,-5.193099e+00,8.743465e-01,2.328039e-01,5.475687e-01,5.916367e-01,1.334385,120.3788
0.0530968,2.515000e+01,-5.193108e+00,8.743465e-01,2.324640e-01,5.474950e-01,5.908529e-01,1.335198,120.6712
0.053129,2.515000e+01,-5.193102e+00,8.743465e-01,2.322573e-01,5.479204e-01,5.898692e-01,1.336007,120.9627
0.0531613,2.515000e+01,-5.193064e+00,8.743465e-01,2.319259e-01,5.489876e-01,5.878823e-01,1.336820,121.2551
0.0531935,2.515000e+01,-5.193051e+00,8.743465e-01,2.323097e-01,5.484258e-01,5.894582e-01,1.337629,121.5466
0.0532258,2.515000e+01,-5.193017e+00,8.743465e-01,2.319502e-01,5.483732e-01,5.886025e-01,1.338442,121.8390
0.0532581,2.515000e+01,-5.192977e+00,8.743465e-01,2.316794e-01,5.479762e-01,5.883416e-01,1.339254,122.1314
0.0532903,2.515000e+01,-5.192937e+00,8.743465e-01,2.319612e-01,5.486154e-01,5.883707e-01,1.340064,122.4229
0.0533226,2.515000e+01,-5.192922e+00,8.743465e-01,2.323543e-01,5.483748e-01,5.896263e-01,1.340876,122.7153
0.0533548,2.515000e+01,-5.192920e+00,8.743465e-01,2.322955e-01,5.477614e-01,5.901373e-01,1.341685,123.0068
0.0533871,2.515000e+01,-5.192881e+00,8.743465e-01,2.315581e-01,5.481573e-01,5.878390e-01,1.342498,123.2992
0.0534194,2.515000e+01,-5.192851e+00,8.743465e-01,2.319667e-01,5.483879e-01,5.886284e-01,1.343310,123.5916
0.0534516,2.515000e+01,-5.192868e+00,8.743465e-01,2.329330e-01,5.481236e-01,5.913664e-01,1.344120,123.8831
0.0534839,2.515000e+01,-5.192897e+00,8.743465e-01,2.330713e-01,5.480031e-01,5.918473e-01,1.344932,124.1755
0.0535161,2.515000e+01,-5.192873e+00,8.743465e-01,2.319981e-01,5.487944e-01,5.882727e-01,1.345742,124.4670
0.0535484,2.515000e+01,-5.192840e+00,8.743465e-01,2.317123e-01,5.485838e-01,5.877732e-01,1.346554,124.7594
0.0535806,2.515000e+01,-5.192825e+00,8.743465e-01,2.318537e-01,5.478651e-01,5.889032e-01,1.347364,125.0509
0.0536129,2.515000e+01,-5.192825e+00,8.743465e-01,2.321360e-01,5.476382e-01,5.898648e-01,1.348176,125.3433
0.0536452,2.515000e+01,-5.192819e+00,8.743465e-01,2.323525e-01,5.484374e-01,5.895546e-01,1.348988,125.6357
0.0536774,2.515000e+01,-5.192831e+00,8.743465e-01,2.327081e-01,5.483458e-01,5.905555e-01,1.349798,125.9272
0.0537097,2.515000e+01,-5.192858e+00,8.743465e-01,2.327667e-01,5.479351e-01,5.911471e-01,1.350610,126.2196
0.0537419,2.515000e+01,-5.192830e+00,8.743465e-01,2.314789e-01,5.482452e-01,5.875439e-01,1.351420,126.5111
0.0537742,2.515000e+01,-5.192793e+00,8.743465e-01,2.311624e-01,5.481605e-01,5.868309e-01,1.352232,126.8035
0.0538065,2.515000e+01,-5.192775e+00,8.743465e-01,2.314932e-01,5.480241e-01,5.878172e-01,1.353044,127.0959
0.0538387,2.515000e+01,-5.192780e+00,8.743465e-01,2.320971e-01,5.478925e-01,5.894922e-01,1.353854,127.3874
0.053871,2.515000e+01,-5.192791e+00,8.743465e-01,2.322522e-01,5.479472e-01,5.898271e-01,1.354666,127.6798
0.0539032,2.515000e+01,-5.192751e+00,8.743465e-01,2.312806e-01,5.485585e-01,5.867052e-01,1.355476,127.9713
0.0539355,2.515000e+01,-5.192723e+00,8.743465e-01,2.313865e-01,5.480478e-01,5.875211e-01,1.356288,128.2637
0.0539677,2.515000e+01,-5.192717e+00,8.743465e-01,2.317168e-01,5.475782e-01,5.888646e-01,1.357098,128.5552
0.054,2.515000e+01,-5.192730e+00,8.743465e-01,2.320898e-01,5.474365e-01,5.899645e-01,1.357910,128.8476
0.0540323,2.515000e+01,-5.192738e+00,8.743465e-01,2.319449e-01,5.474044e-01,5.896309e-01,1.358722,129.1400
0.0540645,2.515000e+01,-5.192728e+00,8.743465e-01,2.314658e-01,5.472085e-01,5.886240e-01,1.359532,129.4315
0.0540968,2.515000e+01,-5.192688e+00,8.743465e-01,2.313088e-01,5.483527e-01,5.869969e-01,1.360344,129.7239
0.054129,2.515000e+01,-5.192650e+00,8.743465e-01,2.311413e-01,5.479846e-01,5.869662e-01,1.361154,130.0154
0.0541613,2.515000e+01,-5.192622e+00,8.743465e-01,2.313577e-01,5.478025e-01,5.877111e-01,1.361966,130.3078
0.0541935,2.515000e+01,-5.192621e+00,8.743465e-01,2.317223e-01,5.470953e-01,5.893981e-01,1.362776,130.5993
0.0542258,2.515000e+01,-5.192634e+00,8.743465e-01,2.322051e-01,5.472933e-01,5.904121e-01,1.363588,130.8917
0.0542581,2.515000e+01,-5.192623e+00,8.743465e-01,2.317702e-01,5.476108e-01,5.889644e-01,1.364400,131.1841
0.0542903,2.515000e+01,-5.192592e+00,8.743465e-01,2.313914e-01,5.476629e-01,5.879466e-01,1.365210,131.4756
0.0543226,2.515000e+01,-5.192574e+00,8.743465e-01,2.316279e-01,5.473654e-01,5.888671e-01,1.366022,131.7680
0.0543548,2.515000e+01,-5.192565e+00,8.743465e-01,2.315912e-01,5.468837e-01,5.892924e-01,1.366832,132.0595
0.0543871,2.515000e+01,-5.192579e+00,8.743465e-01,2.319167e-01,5.464541e-01,5.905842e-01,1.367644,132.3519
0.0544194,2.515000e+01,-5.192530e+00,8.743465e-01,2.306065e-01,5.469374e-01,5.867288e-01,1.368456,132.6443
0.0544516,2.515000e+01,-5.192464e+00,8.743465e-01,2.303714e-01,5.471148e-01,5.859407e-01,1.369266,132.9358
0.0544839,2.515000e+01,-5.192379e+00,8.743465e-01,2.301466e-01,5.475876e-01,5.848637e-01,1.370078,133.2282
0.0545161,2.515000e+01,-5.192336e+00,8.743465e-01,2.308856e-01,5.471601e-01,5.872000e-01,1.370888,133.5197
0.0545484,2.515000e+01,-5.192324e+00,8.743465e-01,2.315099e-01,5.465867e-01,5.894058e-01,1.371700,133.8121
0.0545806,2.515000e+01,-5.192299e+00,8.743465e-01,2.313030e-01,5.465162e-01,5.889551e-01,1.372510,134.1036
0.0546129,2.515000e+01,-5.192265e+00,8.743465e-01,2.310493e-01,5.464672e-01,5.883618e-01,1.373322,134.3960
0.0546452,2.515000e+01,-5.192210e+00,8.743465e-01,2.306672e-01,5.467136e-01,5.871237e-01,1.374134,134.6884
0.0546774,2.515000e+01,-5.192163e+00,8.743465e-01,2.306566e-01,5.465262e-01,5.872985e-01,1.374944,134.9799
0.0547097,2.515000e+01,-5.192117e+00,8.743465e-01,2.308145e-01,5.467447e-01,5.874656e-01,1.375756,135.2723
0.0547419,2.515000e+01,-5.192094e+00,8.743465e-01,2.311764e-01,5.463130e-01,5.888516e-01,1.376566,135.5638
0.0547742,2.515000e+01,-5.192065e+00,8.743465e-01,2.310204e-01,5.462440e-01,5.885284e-01,1.377378,135.8562
0.0548065,2.515000e+01,-5.192003e+00,8.743465e-01,2.302394e-01,5.460571e-01,5.867396e-01,1.378191,136.1486
0.0548387,2.515000e+01,-5.191932e+00,8.743465e-01,2.300912e-01,5.461387e-01,5.862746e-01,1.379000,136.4401
0.054871,2.515000e+01,-5.191883e+00,8.743465e-01,2.307995e-01,5.462319e-01,5.879785e-01,1.379813,136.7325
0.0549032,2.515000e+01,-5.191852e+00,8.743465e-01,2.314162e-01,5.464630e-01,5.893008e-01,1.380622,137.0240
0.0549355,2.515000e+01,-5.191797e+00,8.743465e-01,2.308547e-01,5.461761e-01,5.881799e-01,1.381435,137.3164
0.0549677,2.515000e+01,-5.191734e+00,8.743465e-01,2.305889e-01,5.458923e-01,5.878073e-01,1.382244,137.6079
0.055,2.515000e+01,-5.191649e+00,8.743465e-01,2.298938e-01,5.454700e-01,5.864895e-01,1.383056,137.9003
0.0550323,2.515000e+01,-5.191578e+00,8.743465e-01,2.302095e-01,5.452210e-01,5.875625e-01,1.383869,138.1927
0.0550645,2.515000e+01,-5.191501e+00,8.743465e-01,2.304031e-01,5.456643e-01,5.875793e-01,1.384678,138.4842
0.0550968,2.515000e+01,-5.191425e+00,8.743465e-01,2.306489e-01,5.459002e-01,5.879520e-01,1.385491,138.7766
0.055129,2.515000e+01,-5.191344e+00,8.743465e-01,2.305332e-01,5.457054e-01,5.878671e-01,1.386300,139.0681
0.0551613,2.515000e+01,-5.191240e+00,8.743465e-01,2.299100e-01,5.451652e-01,5.868582e-01,1.387113,139.3605
0.0551935,2.515000e+01,-5.191126e+00,8.743465e-01,2.297135e-01,5.449661e-01,5.865713e-01,1.387922,139.6520
0.0552258,2.515000e+01,-5.191021e+00,8.743465e-01,2.302634e-01,5.451783e-01,5.877466e-01,1.388735,139.9444
0.0552581,2.515000e+01,-5.190917e+00,8.743465e-01,2.304467e-01,5.451646e-01,5.882291e-01,1.389547,140.2368
0.0552903,2.515000e+01,-5.190782e+00,8.743465e-01,2.300513e-01,5.457764e-01,5.865614e-01,1.390356,140.5283
0.0553226,2.515000e+01,-5.190636e+00,8.743465e-01,2.294110e-01,5.448524e-01,5.859211e-01,1.391169,140.8207
0.0553548,2.515000e+01,-5.190486e+00,8.743465e-01,2.292184e-01,5.444696e-01,5.858406e-01,1.391978,141.1122
0.0553871,2.515000e+01,-5.190336e+00,8.743465e-01,2.293946e-01,5.443301e-01,5.864410e-01,1.392791,141.4046
0.0554194,2.515000e+01,-5.190191e+00,8.743465e-01,2.297635e-01,5.446171e-01,5.870749e-01,1.393603,141.6970
0.0554516,2.515000e+01,-5.190050e+00,8.743465e-01,2.302036e-01,5.450751e-01,5.877052e-01,1.394413,141.9885
0.0554839,2.515000e+01,-5.189921e+00,8.743465e-01,2.306633e-01,5.450467e-01,5.889097e-01,1.395225,142.2809
0.0555161,2.515000e+01,-5.189768e+00,8.743465e-01,2.299062e-01,5.444612e-01,5.876078e-01,1.396035,142.5724
0.0555484,2.515000e+01,-5.189606e+00,8.743465e-01,2.296263e-01,5.441353e-01,5.872441e-01,1.396847,142.8648
0.0555806,2.515000e+01,-5.189440e+00,8.743465e-01,2.297353e-01,5.443169e-01,5.873266e-01,1.397657,143.1563
0.0556129,2.515000e+01,-5.189286e+00,8.743465e-01,2.299800e-01,5.441743e-01,5.881066e-01,1.398469,143.4487
0.0556452,2.515000e+01,-5.189129e+00,8.743465e-01,2.300657e-01,5.443501e-01,5.881355e-01,1.399281,143.7411
0.0556774,2.515000e+01,-5.188936e+00,8.743465e-01,2.290157e-01,5.440500e-01,5.857737e-01,1.400091,144.0326
0.0557097,2.515000e+01,-5.188758e+00,8.743465e-01,2.293007e-01,5.437683e-01,5.868066e-01,1.400903,144.3250
0.0557419,2.515000e+01,-5.188573e+00,8.743465e-01,2.293132e-01,5.439494e-01,5.866436e-01,1.401713,144.6165
0.0557742,2.515000e+01,-5.188400e+00,8.743465e-01,2.293847e-01,5.434824e-01,5.873304e-01,1.402525,144.9089
0.0558065,2.515000e+01,-5.188225e+00,8.743465e-01,2.295781e-01,5.437199e-01,5.875694e-01,1.403337,145.2014
0.0558387,2.515000e+01,-5.188044e+00,8.743465e-01,2.296586e-01,5.438305e-01,5.876554e-01,1.404147,145.4929
0.055871,2.515000e+01,-5.187855e+00,8.743465e-01,2.295602e-01,5.437278e-01,5.875146e-01,1.404959,145.7853
0.0559032,2.515000e+01,-5.187631e+00,8.743465e-01,2.286330e-01,5.434687e-01,5.854212e-01,1.405769,146.0768
0.0559355,2.515000e+01,-5.187408e+00,8.743465e-01,2.286993e-01,5.432566e-01,5.858193e-01,1.406581,146.3692
0.0559677,2.515000e+01,-5.187194e+00,8.743465e-01,2.290917e-01,5.434408e-01,5.866254e-01,1.407391,146.6607
0.056,2.515000e+01,-5.186982e+00,8.743465e-01,2.290502e-01,5.432076e-01,5.867709e-01,1.408203,146.9531
0.0560323,2.515000e+01,-5.186777e+00,8.743465e-01,2.289591e-01,5.427258e-01,5.870586e-01,1.409015,147.2455
0.0560645,2.515000e+01,-5.186572e+00,8.743465e-01,2.291535e-01,5.430159e-01,5.872427e-01,1.409825,147.5370
0.0560968,2.515000e+01,-5.186373e+00,8.743465e-01,2.294916e-01,5.432829e-01,5.878201e-01,1.410637,147.8294
0.056129,2.515000e+01,-5.186170e+00,8.743465e-01,2.294842e-01,5.434877e-01,5.875797e-01,1.411447,148.1209
0.0561613,2.515000e+01,-5.185962e+00,8.743465e-01,2.293501e-01,5.433397e-01,5.873964e-01,1.412259,148.4133
0.0561935,2.515000e+01,-5.185760e+00,8.743465e-01,2.291774e-01,5.425784e-01,5.877776e-01,1.413069,148.7048
0.0562258,2.515000e+01,-5.185558e+00,8.743465e-01,2.293117e-01,5.428038e-01,5.878777e-01,1.413881,148.9972
0.0562581,2.515000e+01,-5.185341e+00,8.743465e-01,2.287525e-01,5.424731e-01,5.868018e-01,1.414693,149.2896
0.0562903,2.515000e+01,-5.185137e+00,8.743465e-01,2.287380e-01,5.420582e-01,5.872136e-01,1.415503,149.5811
0.0563226,2.515000e+01,-5.184930e+00,8.743465e-01,2.287660e-01,5.422388e-01,5.870899e-01,1.416315,149.8735
0.0563548,2.515000e+01,-5.184722e+00,8.743465e-01,2.288486e-01,5.424810e-01,5.870394e-01,1.417125,150.1650
0.0563871,2.515000e+01,-5.184517e+00,8.743465e-01,2.289996e-01,5.426411e-01,5.872537e-01,1.417937,150.4574
0.0564194,2.515000e+01,-5.184315e+00,8.743465e-01,2.290386e-01,5.425758e-01,5.874248e-01,1.418749,150.7498
0.0564516,2.515000e+01,-5.184121e+00,8.743465e-01,2.291273e-01,5.424394e-01,5.877997e-01,1.419559,151.0413
0.0564839,2.515000e+01,-5.183915e+00,8.743465e-01,2.286809e-01,5.422304e-01,5.868809e-01,1.420371,151.3337
0.0565161,2.515000e+01,-5.183709e+00,8.743465e-01,2.282530e-01,5.415201e-01,5.865512e-01,1.421181,151.6252
0.0565484,2.515000e+01,-5.183501e+00,8.743465e-01,2.282866e-01,5.418281e-01,5.863035e-01,1.421993,151.9176
0.0565806,2.515000e+01,-5.183300e+00,8.743465e-01,2.285299e-01,5.421288e-01,5.866029e-01,1.422803,152.2091
0.0566129,2.515000e+01,-5.183104e+00,8.743465e-01,2.287779e-01,5.425215e-01,5.868146e-01,1.423615,152.5015
0.0566452,2.515000e+01,-5.182920e+00,8.743465e-01,2.289190e-01,5.424947e-01,5.872052e-01,1.424427,152.7939
0.0566774,2.515000e+01,-5.182749e+00,8.743465e-01,2.289855e-01,5.420466e-01,5.878613e-01,1.425237,153.0854
0.0567097,2.515000e+01,-5.182578e+00,8.743465e-01,2.289047e-01,5.418244e-01,5.878951e-01,1.426049,153.3778
0.0567419,2.515000e+01,-5.182405e+00,8.743465e-01,2.287599e-01,5.417207e-01,5.876358e-01,1.426859,153.6693
0.0567742,2.515000e+01,-5.182232e+00,8.743465e-01,2.288358e-01,5.419582e-01,5.875729e-01,1.427671,153.9617
0.0568065,2.515000e+01,-5.182070e+00,8.743465e-01,2.292695e-01,5.424478e-01,5.881549e-01,1.428484,154.2541
0.0568387,2.515000e+01,-5.181907e+00,8.743465e-01,2.289509e-01,5.419787e-01,5.878464e-01,1.429293,154.5456
0.056871,2.515000e+01,-5.181759e+00,8.743465e-01,2.285608e-01,5.405066e-01,5.884430e-01,1.430106,154.8380
0.0569032,2.515000e+01,-5.181605e+00,8.743465e-01,2.283613e-01,5.406919e-01,5.877280e-01,1.430915,155.1295
0.0569355,2.515000e+01,-5.181441e+00,8.743465e-01,2.283470e-01,5.412806e-01,5.870518e-01,1.431727,155.4219
0.0569677,2.515000e+01,-5.181282e+00,8.743465e-01,2.287244e-01,5.419376e-01,5.873094e-01,1.432537,155.7134
0.057,2.515000e+01,-5.181132e+00,8.743465e-01,2.288052e-01,5.418350e-01,5.876283e-01,1.433349,156.0058
0.0570323,2.515000e+01,-5.180997e+00,8.743465e-01,2.289748e-01,5.414791e-01,5.884504e-01,1.434162,156.2982
0.0570645,2.515000e+01,-5.180869e+00,8.743465e-01,2.289741e-01,5.412163e-01,5.887339e-01,1.434971,156.5897
0.0570968,2.515000e+01,-5.180734e+00,8.743465e-01,2.284776e-01,5.408699e-01,5.878340e-01,1.435784,156.8821
0.057129,2.515000e+01,-5.180602e+00,8.743465e-01,2.285162e-01,5.410315e-01,5.877572e-01,1.436593,157.1736
0.0571613,2.515000e+01,-5.180467e+00,8.743465e-01,2.283910e-01,5.413053e-01,5.871384e-01,1.437406,157.4660
0.0571935,2.515000e+01,-5.180343e+00,8.743465e-01,2.285216e-01,5.410647e-01,5.877358e-01,1.438215,157.7575
0.0572258,2.515000e+01,-5.180220e+00,8.743465e-01,2.282823e-01,5.407735e-01,5.874358e-01,1.439027,158.0499
0.0572581,2.515000e+01,-5.180098e+00,8.743465e-01,2.281127e-01,5.406066e-01,5.871804e-01,1.439840,158.3423
0.0572903,2.515000e+01,-5.179981e+00,8.743465e-01,2.283268e-01,5.409467e-01,5.873624e-01,1.440649,158.6338
0.0573226,2.515000e+01,-5.179866e+00,8.743465e-01,2.286273e-01,5.415912e-01,5.874356e-01,1.441462,158.9262
0.0573548,2.515000e+01,-5.179768e+00,8.743465e-01,2.287431e-01,5.412258e-01,5.881300e-01,1.442271,159.2177
0.0573871,2.515000e+01,-5.179681e+00,8.743465e-01,2.289257e-01,5.411400e-01,5.886926e-01,1.443084,159.5101
0.0574194,2.515000e+01,-5.179599e+00,8.743465e-01,2.289058e-01,5.410273e-01,5.887640e-01,1.443896,159.8025
0.0574516,2.515000e+01,-5.179523e+00,8.743465e-01,2.286224e-01,5.404029e-01,5.887147e-01,1.444706,160.0940
0.0574839,2.515000e+01,-5.179463e+00,8.743465e-01,2.285948e-01,5.399348e-01,5.891543e-01,1.445518,160.3864
0.0575161,2.515000e+01,-5.179391e+00,8.743465e-01,2.282817e-01,5.401122e-01,5.881538e-01,1.446328,160.6779
0.0575484,2.515000e+01,-5.179323e+00,8.743465e-01,2.285700e-01,5.404060e-01,5.885768e-01,1.447140,160.9703
0.0575806,2.515000e+01,-5.179251e+00,8.743465e-01,2.286517e-01,5.409383e-01,5.882074e-01,1.447949,161.2618
0.0576129,2.515000e+01,-5.179180e+00,8.743465e-01,2.287294e-01,5.410526e-01,5.882828e-01,1.448762,161.5542
0.0576452,2.515000e+01,-5.179099e+00,8.743465e-01,2.286230e-01,5.413990e-01,5.876330e-01,1.449574,161.8466
0.0576774,2.515000e+01,-5.179043e+00,8.743465e-01,2.287391e-01,5.404360e-01,5.889791e-01,1.450384,162.1381
0.0577097,2.515000e+01,-5.178997e+00,8.743465e-01,2.289254e-01,5.402007e-01,5.897151e-01,1.451196,162.4305
0.0577419,2.515000e+01,-5.178938e+00,8.743465e-01,2.287706e-01,5.402560e-01,5.892562e-01,1.452006,162.7220
0.0577742,2.515000e+01,-5.178857e+00,8.743465e-01,2.283404e-01,5.404608e-01,5.879251e-01,1.452818,163.0144
0.0578065,2.515000e+01,-5.178765e+00,8.743465e-01,2.282379e-01,5.407225e-01,5.873769e-01,1.453630,163.3068
0.0578387,2.515000e+01,-5.178684e+00,8.743465e-01,2.282922e-01,5.405950e-01,5.876558e-01,1.454440,163.5983
0.057871,2.515000e+01,-5.178616e+00,8.743465e-01,2.284598e-01,5.402786e-01,5.884313e-01,1.455252,163.8907
0.0579032,2.515000e+01,-5.178546e+00,8.743465e-01,2.286536e-01,5.407972e-01,5.883657e-01,1.456062,164.1822
0.0579355,2.515000e+01,-5.178473e+00,8.743465e-01,2.285980e-01,5.409694e-01,5.880355e-01,1.456874,164.4746
0.0579677,2.515000e+01,-5.178397e+00,8.743465e-01,2.286764e-01,5.411932e-01,5.879939e-01,1.457684,164.7661
0.058,2.515000e+01,-5.178324e+00,8.743465e-01,2.287158e-01,5.411516e-01,5.881406e-01,1.458496,165.0585
0.0580323,2.515000e+01,-5.178275e+00,8.743465e-01,2.287474e-01,5.399279e-01,5.895549e-01,1.459308,165.3509
0.0580645,2.515000e+01,-5.178233e+00,8.743465e-01,2.286183e-01,5.393383e-01,5.898655e-01,1.460118,165.6424
0.0580968,2.515000e+01,-5.178190e+00,8.743465e-01,2.287344e-01,5.395515e-01,5.899323e-01,1.460930,165.9348
0.058129,2.515000e+01,-5.178112e+00,8.743465e-01,2.284819e-01,5.405824e-01,5.881570e-01,1.461740,166.2263
0.0581613,2.515000e+01,-5.178031e+00,8.743465e-01,2.285054e-01,5.407609e-01,5.880232e-01,1.462552,166.5187
0.0581935,2.515000e+01,-5.177952e+00,8.743465e-01,2.287750e-01,5.409752e-01,5.884841e-01,1.463362,166.8102
0.0582258,2.515000e+01,-5.177884e+00,8.743465e-01,2.290722e-01,5.407888e-01,5.894519e-01,1.464174,167.1026
0.0582581,2.515000e+01,-5.177810e+00,8.743465e-01,2.288613e-01,5.405219e-01,5.891998e-01,1.464986,167.3950
0.0582903,2.515000e+01,-5.177731e+00,8.743465e-01,2.287930e-01,5.403565e-01,5.892045e-01,1.465796,167.6865
0.0583226,2.515000e+01,-5.177647e+00,8.743465e-01,2.290303e-01,5.408883e-01,5.892358e-01,1.466608,167.9789
0.0583548,2.515000e+01,-5.177562e+00,8.743465e-01,2.291761e-01,5.406272e-01,5.898961e-01,1.467418,168.2704
0.0583871,2.515000e+01,-5.177478e+00,8.743465e-01,2.290274e-01,5.399353e-01,5.902681e-01,1.468230,168.5628
0.0584194,2.515000e+01,-5.177379e+00,8.743465e-01,2.286601e-01,5.398253e-01,5.894421e-01,1.469042,168.8552
0.0584516,2.515000e+01,-5.177271e+00,8.743465e-01,2.287803e-01,5.403976e-01,5.891268e-01,1.469852,169.1467
0.0584839,2.515000e+01,-5.177125e+00,8.743465e-01,2.285085e-01,5.415280e-01,5.871987e-01,1.470664,169.4391
0.0585161,2.515000e+01,-5.176978e+00,8.743465e-01,2.285118e-01,5.414053e-01,5.873406e-01,1.471474,169.7306
0.0585484,2.515000e+01,-5.176853e+00,8.743465e-01,2.289808e-01,5.411416e-01,5.888329e-01,1.472286,170.0230
0.0585806,2.515000e+01,-5.176735e+00,8.743465e-01,2.292577e-01,5.411463e-01,5.895398e-01,1.473096,170.3145
0.0586129,2.515000e+01,-5.176620e+00,8.743465e-01,2.294468e-01,5.411837e-01,5.899848e-01,1.473908,170.6069
0.0586452,2.515000e+01,-5.176500e+00,8.743465e-01,2.291552e-01,5.407920e-01,5.896621e-01,1.474720,170.8993
0.0586774,2.515000e+01,-5.176383e+00,8.743465e-01,2.292774e-01,5.407535e-01,5.900187e-01,1.475530,171.1908
0.0587097,2.515000e+01,-5.176266e+00,8.743465e-01,2.293570e-01,5.408346e-01,5.901348e-01,1.476342,171.4832
0.0587419,2.515000e+01,-5.176144e+00,8.743465e-01,2.291155e-01,5.404703e-01,5.899110e-01,1.477152,171.7747
0.0587742,2.515000e+01,-5.176015e+00,8.743465e-01,2.291038e-01,5.408741e-01,5.894402e-01,1.477964,172.0671
0.0588065,2.515000e+01,-5.175867e+00,8.743465e-01,2.290823e-01,5.417607e-01,5.884206e-01,1.478777,172.3596
0.0588387,2.515000e+01,-5.175717e+00,8.743465e-01,2.292001e-01,5.420566e-01,5.884014e-01,1.479586,172.6511
0.058871,2.515000e+01,-5.175600e+00,8.743465e-01,2.296962e-01,5.414501e-01,5.903362e-01,1.480398,172.9435
0.0589032,2.515000e+01,-5.175494e+00,8.743465e-01,2.299211e-01,5.414970e-01,5.908626e-01,1.481208,173.2350
0.0589355,2.515000e+01,-5.175357e+00,8.743465e-01,2.295227e-01,5.420793e-01,5.892052e-01,1.482020,173.5274
0.0589677,2.515000e+01,-5.175206e+00,8.743465e-01,2.292865e-01,5.421172e-01,5.885577e-01,1.482830,173.8189
0.059,2.515000e+01,-5.175088e+00,8.743465e-01,2.296151e-01,5.408141e-01,5.908210e-01,1.483642,174.1113
0.0590323,2.515000e+01,-5.174978e+00,8.743465e-01,2.299652e-01,5.410652e-01,5.914471e-01,1.484455,174.4037
0.0590645,2.515000e+01,-5.174848e+00,8.743465e-01,2.300177e-01,5.419645e-01,5.906005e-01,1.485264,174.6952
0.0590968,2.515000e+01,-5.174698e+00,8.743465e-01,2.294376e-01,5.415959e-01,5.895123e-01,1.486077,174.9876
0.059129,2.515000e+01,-5.174542e+00,8.743465e-01,2.292793e-01,5.415275e-01,5.891799e-01,1.486886,175.2791
0.0591613,2.515000e+01,-5.174364e+00,8.743465e-01,2.290149e-01,5.421224e-01,5.878542e-01,1.487699,175.5715
0.0591935,2.515000e+01,-5.174170e+00,8.743465e-01,2.293657e-01,5.433524e-01,5.874226e-01,1.488508,175.8630
0.0592258,2.515000e+01,-5.174035e+00,8.743465e-01,2.303118e-01,5.420145e-01,5.913014e-01,1.489320,176.1554
0.0592581,2.515000e+01,-5.173910e+00,8.743465e-01,2.305653e-01,5.419877e-01,5.919815e-01,1.490133,176.4478
0.0592903,2.515000e+01,-5.173758e+00,8.743465e-01,2.302180e-01,5.425136e-01,5.905166e-01,1.490942,176.7393
0.0593226,2.515000e+01,-5.173554e+00,8.743465e-01,2.289803e-01,5.424815e-01,5.873768e-01,1.491755,177.0317
0.0593548,2.515000e+01,-5.173378e+00,8.743465e-01,2.293067e-01,5.415691e-01,5.892048e-01,1.492564,177.3232
0.0593871,2.515000e+01,-5.173227e+00,8.743465e-01,2.299974e-01,5.415775e-01,5.909705e-01,1.493377,177.6156
0.0594194,2.515000e+01,-5.173086e+00,8.743465e-01,2.305924e-01,5.421614e-01,5.918616e-01,1.494189,177.9080
0.0594516,2.515000e+01,-5.172908e+00,8.743465e-01,2.301998e-01,5.432666e-01,5.896519e-01,1.494999,178.1995
0.0594839,2.515000e+01,-5.172718e+00,8.743465e-01,2.300240e-01,5.436109e-01,5.888286e-01,1.495811,178.4919
0.0595161,2.515000e+01,-5.172534e+00,8.743465e-01,2.300406e-01,5.434556e-01,5.890391e-01,1.496620,178.7834
0.0595484,2.515000e+01,-5.172349e+00,8.743465e-01,2.299998e-01,5.434651e-01,5.889243e-01,1.497433,179.0758
0.0595806,2.515000e+01,-5.172238e+00,8.743465e-01,2.308138e-01,5.412827e-01,5.933912e-01,1.498242,179.3673
0.0596129,2.515000e+01,-5.172129e+00,8.743465e-01,2.309989e-01,5.415291e-01,5.935973e-01,1.499055,179.6597
0.0596452,2.515000e+01,-5.171996e+00,8.743465e-01,2.310177e-01,5.427522e-01,5.923077e-01,1.499867,179.9521
0.0596774,2.515000e+01,-5.171787e+00,8.743465e-01,2.295974e-01,5.437578e-01,5.875773e-01,1.500677,180.2436
0.0597097,2.515000e+01,-5.171572e+00,8.743465e-01,2.290725e-01,5.429980e-01,5.870541e-01,1.501489,180.5360
0.0597419,2.515000e+01,-5.171384e+00,8.743465e-01,2.295648e-01,5.426453e-01,5.886986e-01,1.502299,180.8275
0.0597742,2.515000e+01,-5.171235e+00,8.743465e-01,2.308819e-01,5.432455e-01,5.914219e-01,1.503111,181.1199
0.0598065,2.515000e+01,-5.171083e+00,8.743465e-01,2.309971e-01,5.436599e-01,5.912661e-01,1.503923,181.4123
0.0598387,2.515000e+01,-5.170904e+00,8.743465e-01,2.305658e-01,5.438699e-01,5.899338e-01,1.504733,181.7038
0.059871,2.515000e+01,-5.170707e+00,8.743465e-01,2.302407e-01,5.440637e-01,5.888922e-01,1.505545,181.9962
0.0599032,2.515000e+01,-5.170523e+00,8.743465e-01,2.303503e-01,5.436720e-01,5.895976e-01,1.506355,182.2877
0.0599355,2.515000e+01,-5.170376e+00,8.743465e-01,2.308161e-01,5.426695e-01,5.918810e-01,1.507167,182.5801
0.0599677,2.515000e+01,-5.170245e+00,8.743465e-01,2.311093e-01,5.426447e-01,5.926595e-01,1.507977,182.8716
0.06,2.515000e+01,-5.170096e+00,8.743465e-01,2.310097e-01,5.432439e-01,5.917509e-01,1.508789,183.1640
0.0600333,2.515000e+01,-5.169892e+00,8.743465e-01,2.304859e-01,5.439013e-01,5.896956e-01,1.509626,183.4654
0.0600667,2.515000e+01,-5.169681e+00,8.743465e-01,2.304382e-01,5.443007e-01,5.891412e-01,1.510466,183.7678
0.0601,2.515000e+01,-5.169469e+00,8.743465e-01,2.304548e-01,5.444868e-01,5.889822e-01,1.511304,184.0693
0.0601333,2.515000e+01,-5.169257e+00,8.743465e-01,2.306712e-01,5.449606e-01,5.890226e-01,1.512141,184.3707
0.0601667,2.515000e+01,-5.169098e+00,8.743465e-01,2.313232e-01,5.433993e-01,5.923847e-01,1.512981,184.6731
0.0602,2.515000e+01,-5.168954e+00,8.743465e-01,2.316051e-01,5.430228e-01,5.935179e-01,1.513818,184.9745
0.0602333,2.515000e+01,-5.168794e+00,8.743465e-01,2.314733e-01,5.434981e-01,5.926614e-01,1.514656,185.2760
0.0602667,2.515000e+01,-5.168580e+00,8.743465e-01,2.308109e-01,5.449171e-01,5.894263e-01,1.515495,185.5784
0.0603,2.515000e+01,-5.168386e+00,8.743465e-01,2.309295e-01,5.442357e-01,5.904676e-01,1.516333,185.8798
0.0603333,2.515000e+01,-5.168199e+00,8.743465e-01,2.309709e-01,5.438948e-01,5.909437e-01,1.517170,186.1813
0.0603667,2.515000e+01,-5.167990e+00,8.743465e-01,2.308116e-01,5.443163e-01,5.900788e-01,1.518010,186.4836
0.0604,2.515000e+01,-5.167778e+00,8.743465e-01,2.309708e-01,5.447714e-01,5.899924e-01,1.518847,186.7851
0.0604333,2.515000e+01,-5.167585e+00,8.743465e-01,2.313109e-01,5.445736e-01,5.910760e-01,1.519685,187.0865
0.0604667,2.515000e+01,-5.167381e+00,8.743465e-01,2.312888e-01,5.450061e-01,5.905502e-01,1.520525,187.3889
0.0605,2.515000e+01,-5.167164e+00,8.743465e-01,2.310504e-01,5.450625e-01,5.898807e-01,1.521362,187.6904
0.0605333,2.515000e+01,-5.166961e+00,8.743465e-01,2.311203e-01,5.443049e-01,5.908804e-01,1.522199,187.9918
0.0605667,2.515000e+01,-5.166757e+00,8.743465e-01,2.311710e-01,5.441841e-01,5.911413e-01,1.523039,188.2942
0.0606,2.515000e+01,-5.166551e+00,8.743465e-01,2.314285e-01,5.445180e-01,5.914366e-01,1.523877,188.5956
0.0606333,2.515000e+01,-5.166317e+00,8.743465e-01,2.310747e-01,5.450659e-01,5.899391e-01,1.524714,188.8971
0.0606667,2.515000e+01,-5.166079e+00,8.743465e-01,2.310944e-01,5.450731e-01,5.899815e-01,1.525554,189.1994
0.0607,2.515000e+01,-5.165819e+00,8.743465e-01,2.308300e-01,5.451619e-01,5.892105e-01,1.526391,189.5009
0.0607333,2.515000e+01,-5.165561e+00,8.743465e-01,2.310894e-01,5.452210e-01,5.898088e-01,1.527229,189.8024
0.0607667,2.515000e+01,-5.165334e+00,8.743465e-01,2.316638e-01,5.446789e-01,5.918631e-01,1.528069,190.1047
0.0608,2.515000e+01,-5.165110e+00,8.743465e-01,2.319166e-01,5.449868e-01,5.921742e-01,1.528906,190.4062
0.0608333,2.515000e+01,-5.164873e+00,8.743465e-01,2.317906e-01,5.454225e-01,5.913798e-01,1.529743,190.7076
0.0608667,2.515000e+01,-5.164618e+00,8.743465e-01,2.312225e-01,5.452040e-01,5.901669e-01,1.530583,191.0100
0.0609,2.515000e+01,-5.164366e+00,8.743465e-01,2.310525e-01,5.446792e-01,5.903010e-01,1.531421,191.3114
0.0609333,2.515000e+01,-5.164118e+00,8.743465e-01,2.313085e-01,5.447648e-01,5.908624e-01,1.532258,191.6129
0.0609667,2.515000e+01,-5.163866e+00,8.743465e-01,2.317307e-01,5.456340e-01,5.909977e-01,1.533098,191.9153
0.061,2.515000e+01,-5.163613e+00,8.743465e-01,2.318064e-01,5.457947e-01,5.910167e-01,1.533935,192.2167
0.0610333,2.515000e+01,-5.163351e+00,8.743465e-01,2.315212e-01,5.454970e-01,5.906117e-01,1.534773,192.5182
0.0610667,2.515000e+01,-5.163083e+00,8.743465e-01,2.315204e-01,5.456088e-01,5.904885e-01,1.535613,192.8205
0.0611,2.515000e+01,-5.162815e+00,8.743465e-01,2.315530e-01,5.458180e-01,5.903454e-01,1.536450,193.1220
0.0611333,2.515000e+01,-5.162552e+00,8.743465e-01,2.316720e-01,5.458398e-01,5.906255e-01,1.537287,193.4235
0.0611667,2.515000e+01,-5.162278e+00,8.743465e-01,2.315120e-01,5.460343e-01,5.900071e-01,1.538127,193.7258
0.0612,2.515000e+01,-5.162001e+00,8.743465e-01,2.314334e-01,5.458647e-01,5.899900e-01,1.538965,194.0273
0.0612333,2.515000e+01,-5.161733e+00,8.743465e-01,2.313562e-01,5.451650e-01,5.905504e-01,1.539802,194.3287
0.0612667,2.515000e+01,-5.161480e+00,8.743465e-01,2.314863e-01,5.447105e-01,5.913753e-01,1.540642,194.6311
0.0613,2.515000e+01,-5.161209e+00,8.743465e-01,2.314588e-01,5.456604e-01,5.902756e-01,1.541479,194.9325
0.0613333,2.515000e+01,-5.160930e+00,8.743465e-01,2.316088e-01,5.462978e-01,5.899691e-01,1.542317,195.2340
0.0613667,2.515000e+01,-5.160642e+00,8.743465e-01,2.314429e-01,5.464417e-01,5.893914e-01,1.543157,195.5364
0.0614,2.515000e+01,-5.160357e+00,8.743465e-01,2.313155e-01,5.461007e-01,5.894346e-01,1.543994,195.8378
0.0614333,2.515000e+01,-5.160088e+00,8.743465e-01,2.315751e-01,5.459187e-01,5.902929e-01,1.544831,196.1393
0.0614667,2.515000e+01,-5.159856e+00,8.743465e-01,2.319756e-01,5.451594e-01,5.921373e-01,1.545671,196.4416
0.0615,2.515000e+01,-5.159626e+00,8.743465e-01,2.321014e-01,5.453595e-01,5.922410e-01,1.546509,196.7431
0.0615333,2.515000e+01,-5.159374e+00,8.743465e-01,2.319124e-01,5.461852e-01,5.908643e-01,1.547346,197.0445
0.0615667,2.515000e+01,-5.159112e+00,8.743465e-01,2.316455e-01,5.462178e-01,5.901491e-01,1.548186,197.3469
0.0616,2.515000e+01,-5.158857e+00,8.743465e-01,2.316990e-01,5.462310e-01,5.902712e-01,1.549023,197.6484
0.0616333,2.515000e+01,-5.158606e+00,8.743465e-01,2.315345e-01,5.457341e-01,5.903892e-01,1.549861,197.9498
0.0616667,2.515000e+01,-5.158339e+00,8.743465e-01,2.314608e-01,5.463942e-01,5.894881e-01,1.550701,198.2522
0.0617,2.515000e+01,-5.158075e+00,8.743465e-01,2.315666e-01,5.465483e-01,5.895912e-01,1.551538,198.5536
0.0617333,2.515000e+01,-5.157811e+00,8.743465e-01,2.315269e-01,5.465930e-01,5.894419e-01,1.552375,198.8551
0.0617667,2.515000e+01,-5.157561e+00,8.743465e-01,2.316176e-01,5.463924e-01,5.898894e-01,1.553215,199.1575
0.0618,2.515000e+01,-5.157330e+00,8.743465e-01,2.315369e-01,5.455612e-01,5.905823e-01,1.554053,199.4589
0.0618333,2.515000e+01,-5.157106e+00,8.743465e-01,2.314877e-01,5.453061e-01,5.907331e-01,1.554890,199.7604
0.0618667,2.515000e+01,-5.156882e+00,8.743465e-01,2.315656e-01,5.456335e-01,5.905772e-01,1.555730,200.0627
0.0619,2.515000e+01,-5.156641e+00,8.743465e-01,2.313556e-01,5.465684e-01,5.890325e-01,1.556567,200.3642
0.0619333,2.515000e+01,-5.156405e+00,8.743465e-01,2.314885e-01,5.470707e-01,5.888296e-01,1.557405,200.6656
0.0619667,2.515000e+01,-5.156167e+00,8.743465e-01,2.313605e-01,5.470071e-01,5.885724e-01,1.558244,200.9680
0.062,2.515000e+01,-5.155934e+00,8.743465e-01,2.312763e-01,5.467604e-01,5.886237e-01,1.559082,201.2695
0.0620333,2.515000e+01,-5.155731e+00,8.743465e-01,2.315265e-01,5.460488e-01,5.900284e-01,1.559919,201.5709
0.0620667,2.515000e+01,-5.155569e+00,8.743465e-01,2.320527e-01,5.453877e-01,5.920863e-01,1.560759,201.8733
0.0621,2.515000e+01,-5.155413e+00,8.743465e-01,2.320443e-01,5.456666e-01,5.917621e-01,1.561596,202.1747
0.0621333,2.515000e+01,-5.155225e+00,8.743465e-01,2.316215e-01,5.467986e-01,5.894611e-01,1.562434,202.4762
0.0621667,2.515000e+01,-5.155028e+00,8.743465e-01,2.313592e-01,5.470873e-01,5.884828e-01,1.563274,202.7785
0.0622,2.515000e+01,-5.154851e+00,8.743465e-01,2.314974e-01,5.466864e-01,5.892662e-01,1.564111,203.0800
0.0622333,2.515000e+01,-5.154689e+00,8.743465e-01,2.315738e-01,5.462664e-01,5.899138e-01,1.564948,203.3815
0.0622667,2.515000e+01,-5.154526e+00,8.743465e-01,2.316466e-01,5.468194e-01,5.895027e-01,1.565788,203.6838
0.0623,2.515000e+01,-5.154372e+00,8.743465e-01,2.318260e-01,5.471068e-01,5.896492e-01,1.566626,203.9853
0.0623333,2.515000e+01,-5.154213e+00,8.743465e-01,2.315486e-01,5.469775e-01,5.890827e-01,1.567463,204.2867
0.0623667,2.515000e+01,-5.154058e+00,8.743465e-01,2.314361e-01,5.468489e-01,5.889351e-01,1.568303,204.5891
0.0624,2.515000e+01,-5.153926e+00,8.743465e-01,2.313930e-01,5.458695e-01,5.898818e-01,1.569140,204.8905
0.0624333,2.515000e+01,-5.153823e+00,8.743465e-01,2.318614e-01,5.455116e-01,5.914639e-01,1.569978,205.1920
0.0624667,2.515000e+01,-5.153718e+00,8.743465e-01,2.317984e-01,5.458059e-01,5.909844e-01,1.570818,205.4944
0.0625,2.515000e+01,-5.153546e+00,8.743465e-01,2.308823e-01,5.476173e-01,5.867014e-01,1.571655,205.7958
0.0625333,2.515000e+01,-5.153371e+00,8.743465e-01,2.307843e-01,5.478105e-01,5.862456e-01,1.572492,206.0973
0.0625667,2.515000e+01,-5.153233e+00,8.743465e-01,2.311677e-01,5.471409e-01,5.879382e-01,1.573332,206.3996
0.0626,2.515000e+01,-5.153123e+00,8.743465e-01,2.313859e-01,5.464030e-01,5.892879e-01,1.574170,206.7011
0.0626333,2.515000e+01,-5.153024e+00,8.743465e-01,2.316210e-01,5.463395e-01,5.899553e-01,1.575007,207.0026
0.0626667,2.515000e+01,-5.152910e+00,8.743465e-01,2.315012e-01,5.467572e-01,5.891995e-01,1.575847,207.3049
0.0627,2.515000e+01,-5.152795e+00,8.743465e-01,2.315816e-01,5.469917e-01,5.891516e-01,1.576684,207.6064
0.0627333,2.515000e+01,-5.152671e+00,8.743465e-01,2.316349e-01,5.477281e-01,5.884947e-01,1.577522,207.9078
0.0627667,2.515000e+01,-5.152565e+00,8.743465e-01,2.316358e-01,5.467432e-01,5.895571e-01,1.578362,208.2102
0.0628,2.515000e+01,-5.152458e+00,8.743465e-01,2.314674e-01,5.463108e-01,5.895949e-01,1.579199,208.5116
0.0628333,2.515000e+01,-5.152337e+00,8.743465e-01,2.312396e-01,5.464200e-01,5.888968e-01,1.580036,208.8131
0.0628667,2.515000e+01,-5.152185e+00,8.743465e-01,2.310138e-01,5.475000e-01,5.871615e-01,1.580876,209.1155
0.0629,2.515000e+01,-5.152048e+00,8.743465e-01,2.313408e-01,5.477150e-01,5.877617e-01,1.581714,209.4169
0.0629333,2.515000e+01,-5.151929e+00,8.743465e-01,2.316220e-01,5.474176e-01,5.887958e-01,1.582551,209.7184
0.0629667,2.515000e+01,-5.151825e+00,8.743465e-01,2.319401e-01,5.473543e-01,5.896726e-01,1.583391,210.0207
0.063,2.515000e+01,-5.151743e+00,8.743465e-01,2.321867e-01,5.466717e-01,5.910366e-01,1.584228,210.3222
0.0630323,2.515000e+01,-5.151652e+00,8.743465e-01,2.317350e-01,5.471972e-01,5.893205e-01,1.585041,210.6146
0.0630645,2.515000e+01,-5.151548e+00,8.743465e-01,2.313755e-01,5.469881e-01,5.886311e-01,1.585850,210.9061
0.0630968,2.515000e+01,-5.151399e+00,8.743465e-01,2.308232e-01,5.481093e-01,5.860249e-01,1.586662,211.1985
0.063129,2.515000e+01,-5.151271e+00,8.743465e-01,2.311999e-01,5.478226e-01,5.872884e-01,1.587472,211.4900
0.0631613,2.515000e+01,-5.151142e+00,8.743465e-01,2.311531e-01,5.475809e-01,5.874286e-01,1.588284,211.7824
0.0631935,2.515000e+01,-5.151009e+00,8.743465e-01,2.308609e-01,5.471771e-01,5.871190e-01,1.589094,212.0739
0.0632258,2.515000e+01,-5.150863e+00,8.743465e-01,2.308025e-01,5.477686e-01,5.863366e-01,1.589906,212.3663
0.0632581,2.515000e+01,-5.150746e+00,8.743465e-01,2.313924e-01,5.476861e-01,5.879238e-01,1.590719,212.6587
0.0632903,2.515000e+01,-5.150645e+00,8.743465e-01,2.314348e-01,5.470554e-01,5.887096e-01,1.591528,212.9502
0.0633226,2.515000e+01,-5.150520e+00,8.743465e-01,2.308052e-01,5.472468e-01,5.869028e-01,1.592341,213.2426
0.0633548,2.515000e+01,-5.150383e+00,8.743465e-01,2.309264e-01,5.477728e-01,5.866469e-01,1.593150,213.5341
0.0633871,2.515000e+01,-5.150290e+00,8.743465e-01,2.317700e-01,5.472929e-01,5.893063e-01,1.593963,213.8265
0.0634194,2.515000e+01,-5.150218e+00,8.743465e-01,2.321105e-01,5.471945e-01,5.902783e-01,1.594775,214.1189
0.0634516,2.515000e+01,-5.150107e+00,8.743465e-01,2.313822e-01,5.479614e-01,5.876026e-01,1.595584,214.4104
0.0634839,2.515000e+01,-5.149979e+00,8.743465e-01,2.308438e-01,5.478462e-01,5.863586e-01,1.596397,214.7028
0.0635161,2.515000e+01,-5.149870e+00,8.743465e-01,2.310944e-01,5.473668e-01,5.875093e-01,1.597206,214.9943
0.0635484,2.515000e+01,-5.149772e+00,8.743465e-01,2.311158e-01,5.468796e-01,5.880871e-01,1.598019,215.2867
0.0635806,2.515000e+01,-5.149671e+00,8.743465e-01,2.313565e-01,5.474695e-01,5.880653e-01,1.598828,215.5782
0.0636129,2.515000e+01,-5.149583e+00,8.743465e-01,2.317767e-01,5.476146e-01,5.889772e-01,1.599641,215.8706
0.0636452,2.515000e+01,-5.149512e+00,8.743465e-01,2.319416e-01,5.472631e-01,5.897748e-01,1.600453,216.1630
0.0636774,2.515000e+01,-5.149398e+00,8.743465e-01,2.309143e-01,5.474775e-01,5.869325e-01,1.601263,216.4545
0.0637097,2.515000e+01,-5.149255e+00,8.743465e-01,2.301718e-01,5.475002e-01,5.850210e-01,1.602075,216.7469
0.0637419,2.515000e+01,-5.149127e+00,8.743465e-01,2.304196e-01,5.471950e-01,5.859776e-01,1.602884,217.0384
0.0637742,2.515000e+01,-5.149033e+00,8.743465e-01,2.311836e-01,5.472244e-01,5.878888e-01,1.603697,217.3308
0.0638065,2.515000e+01,-5.148954e+00,8.743465e-01,2.313521e-01,5.469566e-01,5.886057e-01,1.604509,217.6232
0.0638387,2.515000e+01,-5.148831e+00,8.743465e-01,2.306300e-01,5.478956e-01,5.857627e-01,1.605319,217.9147
0.063871,2.515000e+01,-5.148711e+00,8.743465e-01,2.305562e-01,5.475044e-01,5.859936e-01,1.606131,218.2071
0.0639032,2.515000e+01,-5.148612e+00,8.743465e-01,2.307496e-01,5.468340e-01,5.872044e-01,1.606941,218.4986
0.0639355,2.515000e+01,-5.148536e+00,8.743465e-01,2.311467e-01,5.467442e-01,5.883114e-01,1.607753,218.7910
0.0639677,2.515000e+01,-5.148459e+00,8.743465e-01,2.311173e-01,5.466513e-01,5.883365e-01,1.608563,219.0825
0.064,2.515000e+01,-5.148373e+00,8.743465e-01,2.307893e-01,5.466353e-01,5.875186e-01,1.609375,219.3749
0.0640323,2.515000e+01,-5.148273e+00,8.743465e-01,2.307785e-01,5.474187e-01,5.866504e-01,1.610187,219.6673
0.0640645,2.515000e+01,-5.148141e+00,8.743465e-01,2.300573e-01,5.473505e-01,5.848900e-01,1.610997,219.9588
0.0640968,2.515000e+01,-5.148025e+00,8.743465e-01,2.303538e-01,5.470685e-01,5.859456e-01,1.611809,220.2512
0.064129,2.515000e+01,-5.147941e+00,8.743465e-01,2.308066e-01,5.464542e-01,5.877574e-01,1.612619,220.5427
0.0641613,2.515000e+01,-5.147877e+00,8.743465e-01,2.313374e-01,5.464396e-01,5.891250e-01,1.613431,220.8351
0.0641935,2.515000e+01,-5.147794e+00,8.743465e-01,2.310875e-01,5.468921e-01,5.880017e-01,1.614241,221.1266
0.0642258,2.515000e+01,-5.147681e+00,8.743465e-01,2.305492e-01,5.470314e-01,5.864826e-01,1.615053,221.4190
0.0642581,2.515000e+01,-5.147582e+00,8.743465e-01,2.308163e-01,5.466138e-01,5.876105e-01,1.615865,221.7114
0.0642903,2.515000e+01,-5.147487e+00,8.743465e-01,2.307276e-01,5.462842e-01,5.877390e-01,1.616675,222.0029
0.0643226,2.515000e+01,-5.147412e+00,8.743465e-01,2.309872e-01,5.457727e-01,5.889518e-01,1.617487,222.2953
0.0643548,2.515000e+01,-5.147289e+00,8.743465e-01,2.300307e-01,5.461653e-01,5.860915e-01,1.618297,222.5868
0.0643871,2.515000e+01,-5.147140e+00,8.743465e-01,2.295649e-01,5.463708e-01,5.846848e-01,1.619109,222.8792
0.0644194,2.515000e+01,-5.146970e+00,8.743465e-01,2.293336e-01,5.468494e-01,5.835844e-01,1.619921,223.1716
0.0644516,2.515000e+01,-5.146837e+00,8.743465e-01,2.300580e-01,5.465551e-01,5.857431e-01,1.620731,223.4631
0.0644839,2.515000e+01,-5.146733e+00,8.743465e-01,2.305121e-01,5.460108e-01,5.874842e-01,1.621543,223.7555
0.0645161,2.515000e+01,-5.146631e+00,8.743465e-01,2.304968e-01,5.458057e-01,5.876660e-01,1.622353,224.0470
0.0645484,2.515000e+01,-5.146530e+00,8.743465e-01,2.304328e-01,5.457592e-01,5.875529e-01,1.623165,224.3394
0.0645806,2.515000e+01,-5.146404e+00,8.743465e-01,2.299194e-01,5.460228e-01,5.859609e-01,1.623975,224.6309
0.0646129,2.515000e+01,-5.146288e+00,8.743465e-01,2.299503e-01,5.456877e-01,5.863994e-01,1.624787,224.9233
0.0646452,2.515000e+01,-5.146160e+00,8.743465e-01,2.299178e-01,5.462053e-01,5.857609e-01,1.625599,225.2157
0.0646774,2.515000e+01,-5.146060e+00,8.743465e-01,2.303061e-01,5.454996e-01,5.875093e-01,1.626409,225.5072
0.0647097,2.515000e+01,-5.145959e+00,8.743465e-01,2.303294e-01,5.456107e-01,5.874491e-01,1.627221,225.7996
0.0647419,2.515000e+01,-5.145819e+00,8.743465e-01,2.294004e-01,5.454094e-01,5.852955e-01,1.628031,226.0911
0.0647742,2.515000e+01,-5.145673e+00,8.743465e-01,2.293273e-01,5.454816e-01,5.850317e-01,1.628843,226.3835
0.0648065,2.515000e+01,-5.145549e+00,8.743465e-01,2.299469e-01,5.455458e-01,5.865432e-01,1.629655,226.6760
0.0648387,2.515000e+01,-5.145447e+00,8.743465e-01,2.305113e-01,5.456907e-01,5.878267e-01,1.630465,226.9674
0.064871,2.515000e+01,-5.145332e+00,8.743465e-01,2.302112e-01,5.455866e-01,5.871735e-01,1.631277,227.2599
0.0649032,2.515000e+01,-5.145203e+00,8.743465e-01,2.297914e-01,5.453171e-01,5.863924e-01,1.632087,227.5514
0.0649355,2.515000e+01,-5.145061e+00,8.743465e-01,2.293456e-01,5.448352e-01,5.857725e-01,1.632899,227.8438
0.0649677,2.515000e+01,-5.144920e+00,8.743465e-01,2.293186e-01,5.446350e-01,5.859188e-01,1.633709,228.1353
0.065,2.515000e+01,-5.144783e+00,8.743465e-01,2.296285e-01,5.448381e-01,5.864920e-01,1.634521,228.4277
0.0650323,2.515000e+01,-5.144643e+00,8.743465e-01,2.297993e-01,5.452689e-01,5.864643e-01,1.635333,228.7201
0.0650645,2.515000e+01,-5.144505e+00,8.743465e-01,2.298122e-01,5.451028e-01,5.866761e-01,1.636143,229.0116
0.0650968,2.515000e+01,-5.144354e+00,8.743465e-01,2.293550e-01,5.445240e-01,5.861312e-01,1.636955,229.3040
0.065129,2.515000e+01,-5.144183e+00,8.743465e-01,2.288758e-01,5.443336e-01,5.851112e-01,1.637765,229.5955
0.0651613,2.515000e+01,-5.144026e+00,8.743465e-01,2.294107e-01,5.444628e-01,5.863397e-01,1.638577,229.8879
0.0651935,2.515000e+01,-5.143876e+00,8.743465e-01,2.297384e-01,5.445839e-01,5.870465e-01,1.639387,230.1794
0.0652258,2.515000e+01,-5.143711e+00,8.743465e-01,2.295514e-01,5.449815e-01,5.861407e-01,1.640199,230.4718
0.0652581,2.515000e+01,-5.143513e+00,8.743465e-01,2.285841e-01,5.443183e-01,5.843820e-01,1.641012,230.7642
0.0652903,2.515000e+01,-5.143315e+00,8.743465e-01,2.284743e-01,5.438858e-01,5.845656e-01,1.641821,231.0557
0.0653226,2.515000e+01,-5.143115e+00,8.743465e-01,2.285120e-01,5.436058e-01,5.849633e-01,1.642634,231.3481
0.0653548,2.515000e+01,-5.142923e+00,8.743465e-01,2.290158e-01,5.438396e-01,5.860010e-01,1.643443,231.6396
0.0653871,2.515000e+01,-5.142729e+00,8.743465e-01,2.293040e-01,5.443372e-01,5.862021e-01,1.644255,231.9320
0.0654194,2.515000e+01,-5.142548e+00,8.743465e-01,2.299225e-01,5.444892e-01,5.876190e-01,1.645068,232.2244
0.0654516,2.515000e+01,-5.142350e+00,8.743465e-01,2.294278e-01,5.440210e-01,5.868593e-01,1.645877,232.5159
0.0654839,2.515000e+01,-5.142135e+00,8.743465e-01,2.288381e-01,5.434228e-01,5.859954e-01,1.646690,232.8083
0.0655161,2.515000e+01,-5.141917e+00,8.743465e-01,2.289950e-01,5.436632e-01,5.861379e-01,1.647499,233.0998
0.0655484,2.515000e+01,-5.141708e+00,8.743465e-01,2.292388e-01,5.435475e-01,5.868869e-01,1.648312,233.3922
0.0655806,2.515000e+01,-5.141505e+00,8.743465e-01,2.294829e-01,5.436273e-01,5.874255e-01,1.649121,233.6837
0.0656129,2.515000e+01,-5.141254e+00,8.743465e-01,2.283758e-01,5.435851e-01,5.846369e-01,1.649934,233.9761
0.0656452,2.515000e+01,-5.141014e+00,8.743465e-01,2.285167e-01,5.431216e-01,5.854969e-01,1.650746,234.2685
0.0656774,2.515000e+01,-5.140771e+00,8.743465e-01,2.285664e-01,5.432060e-01,5.855332e-01,1.651555,234.5600
0.0657097,2.515000e+01,-5.140534e+00,8.743465e-01,2.286491e-01,5.429997e-01,5.859676e-01,1.652368,234.8524
0.0657419,2.515000e+01,-5.140302e+00,8.743465e-01,2.288015e-01,5.430162e-01,5.863405e-01,1.653177,235.1439
0.0657742,2.515000e+01,-5.140068e+00,8.743465e-01,2.288709e-01,5.431842e-01,5.863367e-01,1.653990,235.4363
0.0658065,2.515000e+01,-5.139835e+00,8.743465e-01,2.289184e-01,5.430322e-01,5.866227e-01,1.654802,235.7287
0.0658387,2.515000e+01,-5.139568e+00,8.743465e-01,2.280472e-01,5.428789e-01,5.845551e-01,1.655612,236.0202
0.065871,2.515000e+01,-5.139306e+00,8.743465e-01,2.280396e-01,5.426903e-01,5.847388e-01,1.656424,236.3126
0.0659032,2.515000e+01,-5.139051e+00,8.743465e-01,2.282837e-01,5.427362e-01,5.853151e-01,1.657234,236.6041
0.0659355,2.515000e+01,-5.138802e+00,8.743465e-01,2.283330e-01,5.426876e-01,5.854942e-01,1.658046,236.8965
0.0659677,2.515000e+01,-5.138563e+00,8.743465e-01,2.282326e-01,5.421519e-01,5.858149e-01,1.658856,237.1880
0.066,2.515000e+01,-5.138328e+00,8.743465e-01,2.283790e-01,5.422248e-01,5.861118e-01,1.659668,237.4804
0.0660323,2.515000e+01,-5.138094e+00,8.743465e-01,2.287584e-01,5.425855e-01,5.866951e-01,1.660480,237.7728
0.0660645,2.515000e+01,-5.137859e+00,8.743465e-01,2.288421e-01,5.429343e-01,5.865329e-01,1.661290,238.0643
0.0660968,2.515000e+01,-5.137616e+00,8.743465e-01,2.286914e-01,5.427848e-01,5.863081e-01,1.662102,238.3567
0.066129,2.515000e+01,-5.137374e+00,8.743465e-01,2.285190e-01,5.421058e-01,5.866000e-01,1.662912,238.6482
0.0661613,2.515000e+01,-5.137141e+00,8.743465e-01,2.286673e-01,5.421149e-01,5.869708e-01,1.663724,238.9406
0.0661935,2.515000e+01,-5.136894e+00,8.743465e-01,2.282150e-01,5.419638e-01,5.859730e-01,1.664534,239.2321
0.0662258,2.515000e+01,-5.136646e+00,8.743465e-01,2.279466e-01,5.415215e-01,5.857620e-01,1.665346,239.5245
0.0662581,2.515000e+01,-5.136404e+00,8.743465e-01,2.280659e-01,5.415147e-01,5.860757e-01,1.666158,239.8169
0.0662903,2.515000e+01,-5.136155e+00,8.743465e-01,2.280956e-01,5.417979e-01,5.858457e-01,1.666968,240.1084
0.0663226,2.515000e+01,-5.135909e+00,8.743465e-01,2.283297e-01,5.420210e-01,5.862056e-01,1.667780,240.4008
0.0663548,2.515000e+01,-5.135662e+00,8.743465e-01,2.283527e-01,5.420165e-01,5.862695e-01,1.668590,240.6923
0.0663871,2.515000e+01,-5.135421e+00,8.743465e-01,2.284619e-01,5.419684e-01,5.866019e-01,1.669402,240.9847
0.0664194,2.515000e+01,-5.135175e+00,8.743465e-01,2.281429e-01,5.416370e-01,5.861413e-01,1.670214,241.2771
0.0664516,2.515000e+01,-5.134926e+00,8.743465e-01,2.276037e-01,5.409324e-01,5.855177e-01,1.671024,241.5686
0.0664839,2.515000e+01,-5.134673e+00,8.743465e-01,2.276534e-01,5.412169e-01,5.853377e-01,1.671836,241.8610
0.0665161,2.515000e+01,-5.134422e+00,8.743465e-01,2.277769e-01,5.414442e-01,5.854093e-01,1.672646,242.1525
0.0665484,2.515000e+01,-5.134175e+00,8.743465e-01,2.281309e-01,5.419927e-01,5.857258e-01,1.673458,242.4449
0.0665806,2.515000e+01,-5.133936e+00,8.743465e-01,2.281479e-01,5.417803e-01,5.859991e-01,1.674268,242.7364
0.0666129,2.515000e+01,-5.133712e+00,8.743465e-01,2.283501e-01,5.416473e-01,5.866624e-01,1.675080,243.0288
0.0666452,2.515000e+01,-5.133495e+00,8.743465e-01,2.282886e-01,5.412034e-01,5.869856e-01,1.675892,243.3212
0.0666774,2.515000e+01,-5.133271e+00,8.743465e-01,2.281487e-01,5.412060e-01,5.866231e-01,1.676702,243.6127
0.0667097,2.515000e+01,-5.133048e+00,8.743465e-01,2.281835e-01,5.413660e-01,5.865390e-01,1.677514,243.9051
0.0667419,2.515000e+01,-5.132842e+00,8.743465e-01,2.286758e-01,5.418371e-01,5.872935e-01,1.678324,244.1966
0.0667742,2.515000e+01,-5.132637e+00,8.743465e-01,2.284008e-01,5.414495e-01,5.870071e-01,1.679136,244.4890
0.0668065,2.515000e+01,-5.132443e+00,8.743465e-01,2.279630e-01,5.402447e-01,5.871886e-01,1.679948,244.7814
0.0668387,2.515000e+01,-5.132253e+00,8.743465e-01,2.276923e-01,5.400127e-01,5.867432e-01,1.680758,245.0729
0.066871,2.515000e+01,-5.132060e+00,8.743465e-01,2.276396e-01,5.405850e-01,5.859864e-01,1.681570,245.3653
0.0669032,2.515000e+01,-5.131873e+00,8.743465e-01,2.280670e-01,5.412149e-01,5.864033e-01,1.682380,245.6568
0.0669355,2.515000e+01,-5.131694e+00,8.743465e-01,2.281596e-01,5.413436e-01,5.865021e-01,1.683192,245.9492
0.0669677,2.515000e+01,-5.131532e+00,8.743465e-01,2.283289e-01,5.409286e-01,5.873874e-01,1.684002,246.2407
0.067,2.515000e+01,-5.131380e+00,8.743465e-01,2.284203e-01,5.408240e-01,5.877362e-01,1.684814,246.5331
0.0670323,2.515000e+01,-5.131219e+00,8.743465e-01,2.278480e-01,5.403723e-01,5.867536e-01,1.685626,246.8255
0.0670645,2.515000e+01,-5.131065e+00,8.743465e-01,2.279325e-01,5.403696e-01,5.869744e-01,1.686436,247.1170
0.0670968,2.515000e+01,-5.130905e+00,8.743465e-01,2.277590e-01,5.406879e-01,5.861821e-01,1.687248,247.4094
0.067129,2.515000e+01,-5.130760e+00,8.743465e-01,2.279467e-01,5.405804e-01,5.867819e-01,1.688058,247.7009
0.0671613,2.515000e+01,-5.130613e+00,8.743465e-01,2.277332e-01,5.403781e-01,5.864518e-01,1.688870,247.9933
0.0671935,2.515000e+01,-5.130471e+00,8.743465e-01,2.274765e-01,5.400293e-01,5.861691e-01,1.689680,248.2848
0.0672258,2.515000e+01,-5.130337e+00,8.743465e-01,2.276547e-01,5.402609e-01,5.863770e-01,1.690492,248.5772
0.0672581,2.515000e+01,-5.130207e+00,8.743465e-01,2.279544e-01,5.410229e-01,5.863218e-01,1.691305,248.8696
0.0672903,2.515000e+01,-5.130096e+00,8.743465e-01,2.281639e-01,5.408034e-01,5.870988e-01,1.692114,249.1611
0.0673226,2.515000e+01,-5.129999e+00,8.743465e-01,2.283246e-01,5.406106e-01,5.877218e-01,1.692926,249.4535
0.0673548,2.515000e+01,-5.129908e+00,8.743465e-01,2.283207e-01,5.406232e-01,5.876980e-01,1.693736,249.7450
0.0673871,2.515000e+01,-5.129826e+00,8.743465e-01,2.281297e-01,5.400306e-01,5.878509e-01,1.694548,250.0374
0.0674194,2.515000e+01,-5.129754e+00,8.743465e-01,2.279487e-01,5.395152e-01,5.879456e-01,1.695361,250.3298
0.0674516,2.515000e+01,-5.129682e+00,8.743465e-01,2.277465e-01,5.394728e-01,5.874701e-01,1.696170,250.6213
0.0674839,2.515000e+01,-5.129611e+00,8.743465e-01,2.279993e-01,5.398938e-01,5.876637e-01,1.696983,250.9137
0.0675161,2.515000e+01,-5.129538e+00,8.743465e-01,2.280931e-01,5.403144e-01,5.874479e-01,1.697792,251.2052
0.0675484,2.515000e+01,-5.129465e+00,8.743465e-01,2.281656e-01,5.405808e-01,5.873450e-01,1.698605,251.4976
0.0675806,2.515000e+01,-5.129386e+00,8.743465e-01,2.280990e-01,5.409063e-01,5.868201e-01,1.699414,251.7891
0.0676129,2.515000e+01,-5.129326e+00,8.743465e-01,2.281303e-01,5.401750e-01,5.876954e-01,1.700227,252.0815
0.0676452,2.515000e+01,-5.129286e+00,8.743465e-01,2.282962e-01,5.396234e-01,5.887237e-01,1.701039,252.3739
0.0676774,2.515000e+01,-5.129242e+00,8.743465e-01,2.282660e-01,5.398331e-01,5.884173e-01,1.701848,252.6654
0.0677097,2.515000e+01,-5.129178e+00,8.743465e-01,2.278643e-01,5.399840e-01,5.872175e-01,1.702661,252.9578
0.0677419,2.515000e+01,-5.129103e+00,8.743465e-01,2.277204e-01,5.402535e-01,5.865540e-01,1.703470,253.2493
0.0677742,2.515000e+01,-5.129031e+00,8.743465e-01,2.277020e-01,5.401343e-01,5.866362e-01,1.704283,253.5417
0.0678065,2.515000e+01,-5.128974e+00,8.743465e-01,2.279016e-01,5.399062e-01,5.873984e-01,1.705095,253.8342
0.0678387,2.515000e+01,-5.128918e+00,8.743465e-01,2.281378e-01,5.401863e-01,5.877022e-01,1.705905,254.1256
0.067871,2.515000e+01,-5.128855e+00,8.743465e-01,2.280058e-01,5.404596e-01,5.870653e-01,1.706717,254.4181
0.0679032,2.515000e+01,-5.128792e+00,8.743465e-01,2.281010e-01,5.406849e-01,5.870656e-01,1.707527,254.7096
0.0679355,2.515000e+01,-5.128732e+00,8.743465e-01,2.282386e-01,5.408850e-01,5.872026e-01,1.708339,255.0020
0.0679677,2.515000e+01,-5.128695e+00,8.743465e-01,2.281847e-01,5.396704e-01,5.883850e-01,1.709148,255.2935
0.068,2.515000e+01,-5.128669e+00,8.743465e-01,2.281068e-01,5.389480e-01,5.889727e-01,1.709961,255.5859
0.0680323,2.515000e+01,-5.128646e+00,8.743465e-01,2.282103e-01,5.389950e-01,5.891884e-01,1.710773,255.8783
0.0680645,2.515000e+01,-5.128591e+00,8.743465e-01,2.279809e-01,5.399514e-01,5.875536e-01,1.711583,256.1698
0.0680968,2.515000e+01,-5.128526e+00,8.743465e-01,2.280077e-01,5.404218e-01,5.871111e-01,1.712395,256.4622
0.068129,2.515000e+01,-5.128464e+00,8.743465e-01,2.281673e-01,5.405280e-01,5.874068e-01,1.713205,256.7537
0.0681613,2.515000e+01,-5.128420e+00,8.743465e-01,2.285700e-01,5.402771e-01,5.887168e-01,1.714017,257.0461
0.0681935,2.515000e+01,-5.128367e+00,8.743465e-01,2.284070e-01,5.402737e-01,5.883006e-01,1.714827,257.3376
0.0682258,2.515000e+01,-5.128315e+00,8.743465e-01,2.282755e-01,5.398923e-01,5.883771e-01,1.715639,257.6300
0.0682581,2.515000e+01,-5.128255e+00,8.743465e-01,2.284009e-01,5.405313e-01,5.880044e-01,1.716451,257.9224
0.0682903,2.515000e+01,-5.128211e+00,8.743465e-01,2.287572e-01,5.401500e-01,5.893375e-01,1.717261,258.2139
0.0683226,2.515000e+01,-5.128162e+00,8.743465e-01,2.285717e-01,5.397127e-01,5.893366e-01,1.718073,258.5063
0.0683548,2.515000e+01,-5.128103e+00,8.743465e-01,2.282307e-01,5.393659e-01,5.888361e-01,1.718883,258.7978
0.0683871,2.515000e+01,-5.128033e+00,8.743465e-01,2.282030e-01,5.397885e-01,5.883034e-01,1.719695,259.0902
0.0684194,2.515000e+01,-5.127931e+00,8.743465e-01,2.281281e-01,5.410387e-01,5.867513e-01,1.720507,259.3826
0.0684516,2.515000e+01,-5.127820e+00,8.743465e-01,2.279349e-01,5.410006e-01,5.862959e-01,1.721317,259.6741
0.0684839,2.515000e+01,-5.127725e+00,8.743465e-01,2.283074e-01,5.408547e-01,5.874123e-01,1.722129,259.9665
0.0685161,2.515000e+01,-5.127650e+00,8.743465e-01,2.287581e-01,5.406766e-01,5.887659e-01,1.722939,260.2580
0.0685484,2.515000e+01,-5.127576e+00,8.743465e-01,2.290082e-01,5.409230e-01,5.891411e-01,1.723751,260.5504
0.0685806,2.515000e+01,-5.127501e+00,8.743465e-01,2.287049e-01,5.404076e-01,5.889218e-01,1.724561,260.8419
0.0686129,2.515000e+01,-5.127429e+00,8.743465e-01,2.287823e-01,5.403840e-01,5.891470e-01,1.725373,261.1343
0.0686452,2.515000e+01,-5.127361e+00,8.743465e-01,2.289433e-01,5.404091e-01,5.895342e-01,1.726185,261.4267
0.0686774,2.515000e+01,-5.127286e+00,8.743465e-01,2.287175e-01,5.402237e-01,5.891550e-01,1.726995,261.7182
0.0687097,2.515000e+01,-5.127205e+00,8.743465e-01,2.286679e-01,5.403248e-01,5.889169e-01,1.727807,262.0106
0.0687419,2.515000e+01,-5.127099e+00,8.743465e-01,2.285011e-01,5.412591e-01,5.874714e-01,1.728617,262.3021
0.0687742,2.515000e+01,-5.126990e+00,8.743465e-01,2.287056e-01,5.417250e-01,5.874915e-01,1.729429,262.5945
0.0688065,2.515000e+01,-5.126906e+00,8.743465e-01,2.291510e-01,5.412007e-01,5.892059e-01,1.730241,262.8869
0.0688387,2.515000e+01,-5.126843e+00,8.743465e-01,2.295585e-01,5.409375e-01,5.905410e-01,1.731051,263.1784
0.068871,2.515000e+01,-5.126752e+00,8.743465e-01,2.291666e-01,5.417224e-01,5.886786e-01,1.731863,263.4708
0.0689032,2.515000e+01,-5.126637e+00,8.743465e-01,2.288093e-01,5.420972e-01,5.873545e-01,1.732673,263.7623
0.0689355,2.515000e+01,-5.126565e+00,8.743465e-01,2.291620e-01,5.404283e-01,5.900764e-01,1.733485,264.0547
0.0689677,2.515000e+01,-5.126497e+00,8.743465e-01,2.293820e-01,5.406715e-01,5.903773e-01,1.734295,264.3462
0.069,2.515000e+01,-5.126422e+00,8.743465e-01,2.296148e-01,5.414535e-01,5.901227e-01,1.735107,264.6386
0.0690323,2.515000e+01,-5.126328e+00,8.743465e-01,2.291522e-01,5.414655e-01,5.889209e-01,1.735919,264.9310
0.0690645,2.515000e+01,-5.126232e+00,8.743465e-01,2.289200e-01,5.411352e-01,5.886831e-01,1.736729,265.2225
0.0690968,2.515000e+01,-5.126112e+00,8.743465e-01,2.286289e-01,5.416369e-01,5.873902e-01,1.737541,265.5149
0.069129,2.515000e+01,-5.125972e+00,8.743465e-01,2.288013e-01,5.428594e-01,5.865091e-01,1.738351,265.8064
0.0691613,2.515000e+01,-5.125878e+00,8.743465e-01,2.296535e-01,5.419454e-01,5.896865e-01,1.739163,266.0988
0.0691935,2.515000e+01,-5.125809e+00,8.743465e-01,2.301833e-01,5.416714e-01,5.913461e-01,1.739973,266.3903
0.0692258,2.515000e+01,-5.125727e+00,8.743465e-01,2.300393e-01,5.420656e-01,5.905463e-01,1.740785,266.6827
0.0692581,2.515000e+01,-5.125585e+00,8.743465e-01,2.286900e-01,5.423473e-01,5.867773e-01,1.741597,266.9751
0.0692903,2.515000e+01,-5.125464e+00,8.743465e-01,2.287604e-01,5.413222e-01,5.880695e-01,1.742407,267.2666
0.0693226,2.515000e+01,-5.125365e+00,8.743465e-01,2.293351e-01,5.412477e-01,5.896282e-01,1.743219,267.5590
0.0693548,2.515000e+01,-5.125287e+00,8.743465e-01,2.301551e-01,5.416923e-01,5.912507e-01,1.744029,267.8505
0.0693871,2.515000e+01,-5.125174e+00,8.743465e-01,2.298968e-01,5.427967e-01,5.893855e-01,1.744841,268.1429
0.0694194,2.515000e+01,-5.125045e+00,8.743465e-01,2.296897e-01,5.433038e-01,5.883049e-01,1.745654,268.4353
0.0694516,2.515000e+01,-5.124919e+00,8.743465e-01,2.296765e-01,5.432101e-01,5.883725e-01,1.746463,268.7268
0.0694839,2.515000e+01,-5.124789e+00,8.743465e-01,2.296435e-01,5.433329e-01,5.881551e-01,1.747276,269.0192
0.0695161,2.515000e+01,-5.124718e+00,8.743465e-01,2.301803e-01,5.413103e-01,5.917327e-01,1.748085,269.3107
0.0695484,2.515000e+01,-5.124672e+00,8.743465e-01,2.305852e-01,5.411180e-01,5.929843e-01,1.748898,269.6031
0.0695806,2.515000e+01,-5.124612e+00,8.743465e-01,2.306709e-01,5.421103e-01,5.921189e-01,1.749707,269.8946
0.0696129,2.515000e+01,-5.124481e+00,8.743465e-01,2.295660e-01,5.434828e-01,5.877945e-01,1.750519,270.1870
0.0696452,2.515000e+01,-5.124328e+00,8.743465e-01,2.286897e-01,5.428529e-01,5.862301e-01,1.751332,270.4794
0.0696774,2.515000e+01,-5.124195e+00,8.743465e-01,2.290014e-01,5.424722e-01,5.874411e-01,1.752141,270.7709
0.0697097,2.515000e+01,-5.124106e+00,8.743465e-01,2.302661e-01,5.426432e-01,5.904994e-01,1.752954,271.0633
0.0697419,2.515000e+01,-5.124010e+00,8.743465e-01,2.306410e-01,5.434426e-01,5.905904e-01,1.753763,271.3548
0.0697742,2.515000e+01,-5.123897e+00,8.743465e-01,2.303097e-01,5.435392e-01,5.896374e-01,1.754576,271.6472
0.0698065,2.515000e+01,-5.123763e+00,8.743465e-01,2.299137e-01,5.437850e-01,5.883575e-01,1.755388,271.9396
0.0698387,2.515000e+01,-5.123635e+00,8.743465e-01,2.299332e-01,5.436326e-01,5.885723e-01,1.756198,272.2311
0.069871,2.515000e+01,-5.123545e+00,8.743465e-01,2.303016e-01,5.425272e-01,5.907165e-01,1.757010,272.5235
0.0699032,2.515000e+01,-5.123475e+00,8.743465e-01,2.307478e-01,5.423259e-01,5.920809e-01,1.757819,272.8150
0.0699355,2.515000e+01,-5.123391e+00,8.743465e-01,2.306542e-01,5.427604e-01,5.913666e-01,1.758632,273.1074
0.0699677,2.515000e+01,-5.123264e+00,8.743465e-01,2.303979e-01,5.441745e-01,5.891747e-01,1.759441,273.3989
0.07,2.515000e+01,-5.123121e+00,8.743465e-01,2.298311e-01,5.442028e-01,5.876946e-01,1.760254,273.6913
0.0700333,2.515000e+01,-5.122976e+00,8.743465e-01,2.299910e-01,5.436965e-01,5.886511e-01,1.761091,273.9928
0.0700667,2.515000e+01,-5.122827e+00,8.743465e-01,2.302469e-01,5.445374e-01,5.883962e-01,1.761931,274.2951
0.0701,2.515000e+01,-5.122719e+00,8.743465e-01,2.308283e-01,5.435358e-01,5.909688e-01,1.762768,274.5966
0.0701333,2.515000e+01,-5.122637e+00,8.743465e-01,2.312718e-01,5.427658e-01,5.929444e-01,1.763606,274.8981
0.0701667,2.515000e+01,-5.122546e+00,8.743465e-01,2.311914e-01,5.428739e-01,5.926202e-01,1.764446,275.2004
0.0702,2.515000e+01,-5.122392e+00,8.743465e-01,2.305044e-01,5.446033e-01,5.889828e-01,1.765283,275.5019
0.0702333,2.515000e+01,-5.122254e+00,8.743465e-01,2.305738e-01,5.441731e-01,5.896259e-01,1.766120,275.8033
0.0702667,2.515000e+01,-5.122125e+00,8.743465e-01,2.306881e-01,5.437343e-01,5.903942e-01,1.766960,276.1057
0.0703,2.515000e+01,-5.121984e+00,8.743465e-01,2.304747e-01,5.437836e-01,5.897946e-01,1.767798,276.4071
0.0703333,2.515000e+01,-5.121828e+00,8.743465e-01,2.305437e-01,5.446050e-01,5.890816e-01,1.768635,276.7086
0.0703667,2.515000e+01,-5.121693e+00,8.743465e-01,2.308815e-01,5.442882e-01,5.902879e-01,1.769475,277.0110
0.0704,2.515000e+01,-5.121555e+00,8.743465e-01,2.309598e-01,5.445419e-01,5.902130e-01,1.770312,277.3124
0.0704333,2.515000e+01,-5.121403e+00,8.743465e-01,2.307927e-01,5.449702e-01,5.893224e-01,1.771150,277.6139
0.0704667,2.515000e+01,-5.121262e+00,8.743465e-01,2.307428e-01,5.441513e-01,5.900817e-01,1.771990,277.9162
0.0705,2.515000e+01,-5.121123e+00,8.743465e-01,2.308010e-01,5.440131e-01,5.903805e-01,1.772827,278.2177
0.0705333,2.515000e+01,-5.120989e+00,8.743465e-01,2.310131e-01,5.440719e-01,5.908591e-01,1.773664,278.5191
0.0705667,2.515000e+01,-5.120825e+00,8.743465e-01,2.307979e-01,5.447723e-01,5.895499e-01,1.774504,278.8215
0.0706,2.515000e+01,-5.120656e+00,8.743465e-01,2.307622e-01,5.448649e-01,5.893586e-01,1.775342,279.1230
0.0706333,2.515000e+01,-5.120474e+00,8.743465e-01,2.305496e-01,5.448673e-01,5.888130e-01,1.776179,279.4244
0.0706667,2.515000e+01,-5.120289e+00,8.743465e-01,2.306783e-01,5.450381e-01,5.889569e-01,1.777019,279.7268
0.0707,2.515000e+01,-5.120125e+00,8.743465e-01,2.311840e-01,5.445241e-01,5.908053e-01,1.777856,280.0282
0.0707333,2.515000e+01,-5.119972e+00,8.743465e-01,2.315970e-01,5.446667e-01,5.917058e-01,1.778694,280.3297
0.0707667,2.515000e+01,-5.119812e+00,8.743465e-01,2.316004e-01,5.449496e-01,5.914073e-01,1.779533,280.6321
0.0708,2.515000e+01,-5.119622e+00,8.743465e-01,2.310560e-01,5.453647e-01,5.895681e-01,1.780371,280.9335
0.0708333,2.515000e+01,-5.119432e+00,8.743465e-01,2.306415e-01,5.444459e-01,5.895037e-01,1.781208,281.2350
0.0708667,2.515000e+01,-5.119254e+00,8.743465e-01,2.309289e-01,5.444491e-01,5.902346e-01,1.782048,281.5373
0.0709,2.515000e+01,-5.119073e+00,8.743465e-01,2.313260e-01,5.451762e-01,5.904610e-01,1.782886,281.8388
0.0709333,2.515000e+01,-5.118886e+00,8.743465e-01,2.314975e-01,5.456480e-01,5.903878e-01,1.783723,282.1402
0.0709667,2.515000e+01,-5.118693e+00,8.743465e-01,2.312588e-01,5.453821e-01,5.900667e-01,1.784563,282.4426
0.071,2.515000e+01,-5.118502e+00,8.743465e-01,2.312239e-01,5.452460e-01,5.901249e-01,1.785400,282.7441
0.0710333,2.515000e+01,-5.118295e+00,8.743465e-01,2.312172e-01,5.456263e-01,5.896965e-01,1.786238,283.0455
0.0710667,2.515000e+01,-5.118094e+00,8.743465e-01,2.313458e-01,5.455321e-01,5.901263e-01,1.787077,283.3479
0.0711,2.515000e+01,-5.117882e+00,8.743465e-01,2.312594e-01,5.458705e-01,5.895403e-01,1.787915,283.6493
0.0711333,2.515000e+01,-5.117666e+00,8.743465e-01,2.311523e-01,5.457573e-01,5.893896e-01,1.788752,283.9508
0.0711667,2.515000e+01,-5.117461e+00,8.743465e-01,2.310661e-01,5.451872e-01,5.897858e-01,1.789592,284.2531
0.0712,2.515000e+01,-5.117273e+00,8.743465e-01,2.311179e-01,5.444781e-01,5.906864e-01,1.790429,284.5546
0.0712333,2.515000e+01,-5.117079e+00,8.743465e-01,2.311894e-01,5.451925e-01,5.900947e-01,1.791267,284.8561
0.0712667,2.515000e+01,-5.116874e+00,8.743465e-01,2.312736e-01,5.459739e-01,5.894649e-01,1.792107,285.1584
0.0713,2.515000e+01,-5.116661e+00,8.743465e-01,2.311920e-01,5.462856e-01,5.889207e-01,1.792944,285.4599
0.0713333,2.515000e+01,-5.116451e+00,8.743465e-01,2.310724e-01,5.460251e-01,5.888966e-01,1.793781,285.7613
0.0713667,2.515000e+01,-5.116252e+00,8.743465e-01,2.311718e-01,5.458674e-01,5.893202e-01,1.794621,286.0637
0.0714,2.515000e+01,-5.116092e+00,8.743465e-01,2.315860e-01,5.449431e-01,5.913775e-01,1.795459,286.3651
0.0714333,2.515000e+01,-5.115934e+00,8.743465e-01,2.317909e-01,5.451694e-01,5.916550e-01,1.796296,286.6666
0.0714667,2.515000e+01,-5.115769e+00,8.743465e-01,2.317239e-01,5.457127e-01,5.908952e-01,1.797136,286.9690
0.0715,2.515000e+01,-5.115586e+00,8.743465e-01,2.313819e-01,5.460193e-01,5.896917e-01,1.797973,287.2704
0.0715333,2.515000e+01,-5.115403e+00,8.743465e-01,2.313894e-01,5.461196e-01,5.896026e-01,1.798811,287.5719
0.0715667,2.515000e+01,-5.115230e+00,8.743465e-01,2.313036e-01,5.456328e-01,5.899097e-01,1.799651,287.8742
0.0716,2.515000e+01,-5.115043e+00,8.743465e-01,2.311837e-01,5.460075e-01,5.891993e-01,1.800488,288.1757
0.0716333,2.515000e+01,-5.114858e+00,8.743465e-01,2.313324e-01,5.464147e-01,5.891390e-01,1.801325,288.4772
0.0716667,2.515000e+01,-5.114671e+00,8.743465e-01,2.312229e-01,5.463846e-01,5.888927e-01,1.802165,288.7795
0.0717,2.515000e+01,-5.114496e+00,8.743465e-01,2.313038e-01,5.463440e-01,5.891425e-01,1.803003,289.0810
0.0717333,2.515000e+01,-5.114341e+00,8.743465e-01,2.312285e-01,5.455483e-01,5.898096e-01,1.803840,289.3824
0.0717667,2.515000e+01,-5.114201e+00,8.743465e-01,2.312393e-01,5.451039e-01,5.903179e-01,1.804680,289.6848
0.0718,2.515000e+01,-5.114065e+00,8.743465e-01,2.312756e-01,5.452707e-01,5.902302e-01,1.805517,289.9862
0.0718333,2.515000e+01,-5.113912e+00,8.743465e-01,2.311327e-01,5.461820e-01,5.888810e-01,1.806355,290.2877
0.0718667,2.515000e+01,-5.113752e+00,8.743465e-01,2.312118e-01,5.469569e-01,5.882482e-01,1.807195,290.5901
0.0719,2.515000e+01,-5.113600e+00,8.743465e-01,2.311313e-01,5.467902e-01,5.882227e-01,1.808032,290.8915
0.0719333,2.515000e+01,-5.113446e+00,8.743465e-01,2.309906e-01,5.466862e-01,5.879764e-01,1.808869,291.1930
0.0719667,2.515000e+01,-5.113313e+00,8.743465e-01,2.311862e-01,5.461191e-01,5.890855e-01,1.809709,291.4953
0.072,2.515000e+01,-5.113227e+00,8.743465e-01,2.317161e-01,5.452427e-01,5.913846e-01,1.810547,291.7968
0.0720333,2.515000e+01,-5.113151e+00,8.743465e-01,2.318042e-01,5.453191e-01,5.915266e-01,1.811384,292.0982
0.0720667,2.515000e+01,-5.113046e+00,8.743465e-01,2.314615e-01,5.465290e-01,5.893446e-01,1.812224,292.4006
0.0721,2.515000e+01,-5.112931e+00,8.743465e-01,2.311110e-01,5.468433e-01,5.881138e-01,1.813061,292.7021
0.0721333,2.515000e+01,-5.112831e+00,8.743465e-01,2.311826e-01,5.466797e-01,5.884722e-01,1.813899,293.0035
0.0721667,2.515000e+01,-5.112750e+00,8.743465e-01,2.312982e-01,5.460954e-01,5.893963e-01,1.814739,293.3059
0.0722,2.515000e+01,-5.112676e+00,8.743465e-01,2.313788e-01,5.464371e-01,5.892331e-01,1.815576,293.6073
0.0722333,2.515000e+01,-5.112603e+00,8.743465e-01,2.315722e-01,5.470475e-01,5.890676e-01,1.816413,293.9088
0.0722667,2.515000e+01,-5.112530e+00,8.743465e-01,2.313468e-01,5.468113e-01,5.887482e-01,1.817253,294.2112
0.0723,2.515000e+01,-5.112460e+00,8.743465e-01,2.312373e-01,5.468588e-01,5.884185e-01,1.818091,294.5126
0.0723333,2.515000e+01,-5.112407e+00,8.743465e-01,2.310785e-01,5.459323e-01,5.890124e-01,1.818928,294.8141
0.0723667,2.515000e+01,-5.112388e+00,8.743465e-01,2.315573e-01,5.454495e-01,5.907553e-01,1.819768,295.1164
0.0724,2.515000e+01,-5.112380e+00,8.743465e-01,2.315733e-01,5.452281e-01,5.910361e-01,1.820605,295.4179
0.0724333,2.515000e+01,-5.112310e+00,8.743465e-01,2.308969e-01,5.472643e-01,5.871171e-01,1.821443,295.7193
0.0724667,2.515000e+01,-5.112221e+00,8.743465e-01,2.305047e-01,5.477857e-01,5.855619e-01,1.822282,296.0217
0.0725,2.515000e+01,-5.112158e+00,8.743465e-01,2.307593e-01,5.471114e-01,5.869310e-01,1.823120,296.3232
0.0725333,2.515000e+01,-5.112130e+00,8.743465e-01,2.310952e-01,5.463937e-01,5.885575e-01,1.823957,296.6246
0.0725667,2.515000e+01,-5.112113e+00,8.743465e-01,2.313311e-01,5.462744e-01,5.892871e-01,1.824797,296.9270
0.0726,2.515000e+01,-5.112091e+00,8.743465e-01,2.313492e-01,5.464354e-01,5.891594e-01,1.825635,297.2284
0.0726333,2.515000e+01,-5.112060e+00,8.743465e-01,2.312915e-01,5.467393e-01,5.886852e-01,1.826472,297.5299
0.0726667,2.515000e+01,-5.112019e+00,8.743465e-01,2.313699e-01,5.475786e-01,5.879821e-01,1.827312,297.8322
0.0727,2.515000e+01,-5.111996e+00,8.743465e-01,2.314010e-01,5.468788e-01,5.888135e-01,1.828149,298.1337
0.0727333,2.515000e+01,-5.111979e+00,8.743465e-01,2.313014e-01,5.462691e-01,5.892171e-01,1.828987,298.4352
0.0727667,2.515000e+01,-5.111954e+00,8.743465e-01,2.310518e-01,5.460359e-01,5.888327e-01,1.829826,298.7375
0.0728,2.515000e+01,-5.111895e+00,8.743465e-01,2.307919e-01,5.472333e-01,5.868834e-01,1.830664,299.0390
0.0728333,2.515000e+01,-5.111841e+00,8.743465e-01,2.310333e-01,5.476091e-01,5.870939e-01,1.831501,299.3404
0.0728667,2.515000e+01,-5.111801e+00,8.743465e-01,2.312982e-01,5.473595e-01,5.880351e-01,1.832341,299.6428
0.0729,2.515000e+01,-5.111780e+00,8.743465e-01,2.316401e-01,5.472338e-01,5.890396e-01,1.833178,299.9442
0.0729333,2.515000e+01,-5.111784e+00,8.743465e-01,2.319695e-01,5.467481e-01,5.904011e-01,1.834016,300.2457
0.0729667,2.515000e+01,-5.111781e+00,8.743465e-01,2.316529e-01,5.464896e-01,5.898745e-01,1.834856,300.5481
0.073,2.515000e+01,-5.111771e+00,8.743465e-01,2.313874e-01,5.464752e-01,5.892138e-01,1.835693,300.8495
0.0730323,2.515000e+01,-5.111719e+00,8.743465e-01,2.306879e-01,5.483403e-01,5.854344e-01,1.836505,301.1419
0.0730645,2.515000e+01,-5.111683e+00,8.743465e-01,2.308717e-01,5.479648e-01,5.863026e-01,1.837315,301.4334
0.0730968,2.515000e+01,-5.111650e+00,8.743465e-01,2.310118e-01,5.475001e-01,5.871562e-01,1.838127,301.7258
0.073129,2.515000e+01,-5.111606e+00,8.743465e-01,2.306476e-01,5.472294e-01,5.865206e-01,1.838937,302.0173
0.0731613,2.515000e+01,-5.111545e+00,8.743465e-01,2.304412e-01,5.475085e-01,5.856970e-01,1.839749,302.3097
0.0731935,2.515000e+01,-5.111515e+00,8.743465e-01,2.311586e-01,5.476610e-01,5.873567e-01,1.840559,302.6012
0.0732258,2.515000e+01,-5.111506e+00,8.743465e-01,2.312086e-01,5.470177e-01,5.881745e-01,1.841371,302.8936
0.0732581,2.515000e+01,-5.111482e+00,8.743465e-01,2.307231e-01,5.470445e-01,5.869108e-01,1.842183,303.1860
0.0732903,2.515000e+01,-5.111443e+00,8.743465e-01,2.306366e-01,5.477111e-01,5.859767e-01,1.842993,303.4775
0.0733226,2.515000e+01,-5.111442e+00,8.743465e-01,2.313341e-01,5.471824e-01,5.883169e-01,1.843805,303.7699
0.0733548,2.515000e+01,-5.111466e+00,8.743465e-01,2.318840e-01,5.471572e-01,5.897423e-01,1.844615,304.0614
0.0733871,2.515000e+01,-5.111466e+00,8.743465e-01,2.314449e-01,5.477310e-01,5.880089e-01,1.845427,304.3538
0.0734194,2.515000e+01,-5.111438e+00,8.743465e-01,2.306019e-01,5.477249e-01,5.858739e-01,1.846240,304.6462
0.0734516,2.515000e+01,-5.111426e+00,8.743465e-01,2.309454e-01,5.474765e-01,5.870129e-01,1.847049,304.9377
0.0734839,2.515000e+01,-5.111424e+00,8.743465e-01,2.308527e-01,5.468315e-01,5.874691e-01,1.847861,305.2301
0.0735161,2.515000e+01,-5.111427e+00,8.743465e-01,2.311154e-01,5.472050e-01,5.877363e-01,1.848671,305.5216
0.0735484,2.515000e+01,-5.111441e+00,8.743465e-01,2.314859e-01,5.475479e-01,5.883098e-01,1.849483,305.8140
0.0735806,2.515000e+01,-5.111471e+00,8.743465e-01,2.316936e-01,5.472507e-01,5.891576e-01,1.850293,306.1055
0.0736129,2.515000e+01,-5.111478e+00,8.743465e-01,2.310831e-01,5.473206e-01,5.875301e-01,1.851105,306.3979
0.0736452,2.515000e+01,-5.111441e+00,8.743465e-01,2.299547e-01,5.474259e-01,5.845485e-01,1.851918,306.6903
0.0736774,2.515000e+01,-5.111413e+00,8.743465e-01,2.301229e-01,5.471719e-01,5.852478e-01,1.852727,306.9818
0.0737097,2.515000e+01,-5.111418e+00,8.743465e-01,2.308619e-01,5.471640e-01,5.871357e-01,1.853540,307.2742
0.0737419,2.515000e+01,-5.111447e+00,8.743465e-01,2.311933e-01,5.467024e-01,5.884751e-01,1.854349,307.5657
0.0737742,2.515000e+01,-5.111431e+00,8.743465e-01,2.305986e-01,5.478412e-01,5.857412e-01,1.855162,307.8581
0.0738065,2.515000e+01,-5.111405e+00,8.743465e-01,2.302928e-01,5.476097e-01,5.852115e-01,1.855974,308.1506
0.0738387,2.515000e+01,-5.111406e+00,8.743465e-01,2.305097e-01,5.467569e-01,5.866764e-01,1.856783,308.4420
0.073871,2.515000e+01,-5.111427e+00,8.743465e-01,2.308934e-01,5.467735e-01,5.876353e-01,1.857596,308.7345
0.0739032,2.515000e+01,-5.111455e+00,8.743465e-01,2.309655e-01,5.465299e-01,5.880806e-01,1.858405,309.0259
0.0739355,2.515000e+01,-5.111468e+00,8.743465e-01,2.306787e-01,5.466329e-01,5.872397e-01,1.859218,309.3184
0.0739677,2.515000e+01,-5.111478e+00,8.743465e-01,2.307354e-01,5.470658e-01,5.869192e-01,1.860027,309.6099
0.074,2.515000e+01,-5.111447e+00,8.743465e-01,2.298080e-01,5.474323e-01,5.841689e-01,1.860840,309.9023
0.0740323,2.515000e+01,-5.111433e+00,8.743465e-01,2.301167e-01,5.469559e-01,5.854630e-01,1.861652,310.1947
0.0740645,2.515000e+01,-5.111441e+00,8.743465e-01,2.305358e-01,5.465629e-01,5.869512e-01,1.862462,310.4862
0.0740968,2.515000e+01,-5.111473e+00,8.743465e-01,2.310352e-01,5.463416e-01,5.884609e-01,1.863274,310.7786
0.074129,2.515000e+01,-5.111497e+00,8.743465e-01,2.310480e-01,5.467457e-01,5.880584e-01,1.864083,311.0701
0.0741613,2.515000e+01,-5.111489e+00,8.743465e-01,2.304092e-01,5.469540e-01,5.862094e-01,1.864896,311.3625
0.0741935,2.515000e+01,-5.111492e+00,8.743465e-01,2.306300e-01,5.466178e-01,5.871320e-01,1.865705,311.6540
0.0742258,2.515000e+01,-5.111497e+00,8.743465e-01,2.305441e-01,5.463382e-01,5.872136e-01,1.866518,311.9464
0.0742581,2.515000e+01,-5.111519e+00,8.743465e-01,2.307536e-01,5.458176e-01,5.883078e-01,1.867330,312.2388
0.0742903,2.515000e+01,-5.111512e+00,8.743465e-01,2.301313e-01,5.459446e-01,5.865847e-01,1.868140,312.5303
0.0743226,2.515000e+01,-5.111467e+00,8.743465e-01,2.293719e-01,5.462757e-01,5.842947e-01,1.868952,312.8227
0.0743548,2.515000e+01,-5.111406e+00,8.743465e-01,2.292194e-01,5.467563e-01,5.833931e-01,1.869762,313.1142
0.0743871,2.515000e+01,-5.111372e+00,8.743465e-01,2.297602e-01,5.465824e-01,5.849554e-01,1.870574,313.4066
0.0744194,2.515000e+01,-5.111364e+00,8.743465e-01,2.301440e-01,5.460568e-01,5.864967e-01,1.871386,313.6990
0.0744516,2.515000e+01,-5.111374e+00,8.743465e-01,2.304089e-01,5.457273e-01,5.875263e-01,1.872196,313.9905
0.0744839,2.515000e+01,-5.111383e+00,8.743465e-01,2.303321e-01,5.456724e-01,5.873894e-01,1.873008,314.2829
0.0745161,2.515000e+01,-5.111364e+00,8.743465e-01,2.297735e-01,5.459709e-01,5.856446e-01,1.873818,314.5744
0.0745484,2.515000e+01,-5.111357e+00,8.743465e-01,2.298511e-01,5.456439e-01,5.861934e-01,1.874630,314.8668
0.0745806,2.515000e+01,-5.111332e+00,8.743465e-01,2.296850e-01,5.462100e-01,5.851627e-01,1.875440,315.1583
0.0746129,2.515000e+01,-5.111335e+00,8.743465e-01,2.300390e-01,5.455150e-01,5.868113e-01,1.876252,315.4507
0.0746452,2.515000e+01,-5.111347e+00,8.743465e-01,2.303051e-01,5.456240e-01,5.873726e-01,1.877064,315.7431
0.0746774,2.515000e+01,-5.111320e+00,8.743465e-01,2.292755e-01,5.453308e-01,5.850612e-01,1.877874,316.0346
0.0747097,2.515000e+01,-5.111288e+00,8.743465e-01,2.291980e-01,5.454509e-01,5.847348e-01,1.878686,316.3270
0.0747419,2.515000e+01,-5.111267e+00,8.743465e-01,2.296043e-01,5.454407e-01,5.857820e-01,1.879496,316.6185
0.0747742,2.515000e+01,-5.111268e+00,8.743465e-01,2.302615e-01,5.455792e-01,5.873097e-01,1.880308,316.9109
0.0748065,2.515000e+01,-5.111264e+00,8.743465e-01,2.302238e-01,5.456368e-01,5.871516e-01,1.881120,317.2033
0.0748387,2.515000e+01,-5.111240e+00,8.743465e-01,2.296174e-01,5.453239e-01,5.859411e-01,1.881930,317.4948
0.074871,2.515000e+01,-5.111210e+00,8.743465e-01,2.294139e-01,5.448634e-01,5.859165e-01,1.882742,317.7872
0.0749032,2.515000e+01,-5.111167e+00,8.743465e-01,2.290161e-01,5.446477e-01,5.851322e-01,1.883552,318.0787
0.0749355,2.515000e+01,-5.111140e+00,8.743465e-01,2.294636e-01,5.446447e-01,5.862789e-01,1.884364,318.3711
0.0749677,2.515000e+01,-5.111105e+00,8.743465e-01,2.295608e-01,5.452440e-01,5.858826e-01,1.885174,318.6626
0.075,2.515000e+01,-5.111077e+00,8.743465e-01,2.297241e-01,5.450897e-01,5.864652e-01,1.885986,318.9550
0.0750323,2.515000e+01,-5.111038e+00,8.743465e-01,2.293415e-01,5.445882e-01,5.860276e-01,1.886798,319.2474
0.0750645,2.515000e+01,-5.110976e+00,8.743465e-01,2.287109e-01,5.443449e-01,5.846775e-01,1.887608,319.5389
0.0750968,2.515000e+01,-5.110923e+00,8.743465e-01,2.291056e-01,5.443565e-01,5.856741e-01,1.888420,319.8313
0.075129,2.515000e+01,-5.110885e+00,8.743465e-01,2.295971e-01,5.445290e-01,5.867445e-01,1.889230,320.1228
0.0751613,2.515000e+01,-5.110837e+00,8.743465e-01,2.296239e-01,5.448297e-01,5.864892e-01,1.890042,320.4152
0.0751935,2.515000e+01,-5.110739e+00,8.743465e-01,2.284300e-01,5.445240e-01,5.837673e-01,1.890852,320.7067
0.0752258,2.515000e+01,-5.110645e+00,8.743465e-01,2.283499e-01,5.439464e-01,5.841824e-01,1.891664,320.9991
0.0752581,2.515000e+01,-5.110549e+00,8.743465e-01,2.282797e-01,5.435227e-01,5.844580e-01,1.892476,321.2915
0.0752903,2.515000e+01,-5.110465e+00,8.743465e-01,2.288311e-01,5.436135e-01,5.857719e-01,1.893286,321.5830
0.0753226,2.515000e+01,-5.110371e+00,8.743465e-01,2.290494e-01,5.443376e-01,5.855508e-01,1.894098,321.8754
0.0753548,2.515000e+01,-5.110291e+00,8.743465e-01,2.296886e-01,5.444958e-01,5.870142e-01,1.894908,322.1669
0.0753871,2.515000e+01,-5.110205e+00,8.743465e-01,2.294854e-01,5.441547e-01,5.868625e-01,1.895720,322.4593
0.0754194,2.515000e+01,-5.110097e+00,8.743465e-01,2.287110e-01,5.434164e-01,5.856769e-01,1.896533,322.7517
0.0754516,2.515000e+01,-5.109984e+00,8.743465e-01,2.287974e-01,5.435836e-01,5.857177e-01,1.897342,323.0432
0.0754839,2.515000e+01,-5.109879e+00,8.743465e-01,2.290573e-01,5.435707e-01,5.863970e-01,1.898154,323.3356
0.0755161,2.515000e+01,-5.109782e+00,8.743465e-01,2.293181e-01,5.435531e-01,5.870838e-01,1.898964,323.6271
0.0755484,2.515000e+01,-5.109646e+00,8.743465e-01,2.284689e-01,5.436849e-01,5.847678e-01,1.899776,323.9195
0.0755806,2.515000e+01,-5.109513e+00,8.743465e-01,2.283014e-01,5.430907e-01,5.849785e-01,1.900586,324.2110
0.0756129,2.515000e+01,-5.109381e+00,8.743465e-01,2.284140e-01,5.431163e-01,5.852395e-01,1.901398,324.5034
0.0756452,2.515000e+01,-5.109248e+00,8.743465e-01,2.284868e-01,5.431272e-01,5.854142e-01,1.902211,324.7958
0.0756774,2.515000e+01,-5.109124e+00,8.743465e-01,2.286257e-01,5.429515e-01,5.859597e-01,1.903020,325.0873
0.0757097,2.515000e+01,-5.108998e+00,8.743465e-01,2.287248e-01,5.431385e-01,5.860118e-01,1.903833,325.3797
0.0757419,2.515000e+01,-5.108872e+00,8.743465e-01,2.287713e-01,5.430120e-01,5.862675e-01,1.904642,325.6712
0.0757742,2.515000e+01,-5.108718e+00,8.743465e-01,2.281118e-01,5.429225e-01,5.846736e-01,1.905454,325.9636
0.0758065,2.515000e+01,-5.108558e+00,8.743465e-01,2.278684e-01,5.427095e-01,5.842791e-01,1.906267,326.2560
0.0758387,2.515000e+01,-5.108406e+00,8.743465e-01,2.280529e-01,5.426614e-01,5.848038e-01,1.907076,326.5475
0.075871,2.515000e+01,-5.108261e+00,8.743465e-01,2.282672e-01,5.427272e-01,5.852825e-01,1.907889,326.8399
0.0759032,2.515000e+01,-5.108122e+00,8.743465e-01,2.280676e-01,5.422439e-01,5.852921e-01,1.908698,327.1314
0.0759355,2.515000e+01,-5.107990e+00,8.743465e-01,2.281843e-01,5.420726e-01,5.857766e-01,1.909511,327.4238
0.0759677,2.515000e+01,-5.107857e+00,8.743465e-01,2.285692e-01,5.425713e-01,5.862254e-01,1.910320,327.7153
0.076,2.515000e+01,-5.107724e+00,8.743465e-01,2.287222e-01,5.429202e-01,5.862409e-01,1.911133,328.0077
0.0760323,2.515000e+01,-5.107588e+00,8.743465e-01,2.286085e-01,5.427657e-01,5.861161e-01,1.911945,328.3001
0.0760645,2.515000e+01,-5.107452e+00,8.743465e-01,2.284099e-01,5.422542e-01,5.861595e-01,1.912755,328.5916
0.0760968,2.515000e+01,-5.107321e+00,8.743465e-01,2.285370e-01,5.420525e-01,5.867039e-01,1.913567,328.8840
0.076129,2.515000e+01,-5.107184e+00,8.743465e-01,2.282492e-01,5.420806e-01,5.859346e-01,1.914376,329.1755
0.0761613,2.515000e+01,-5.107036e+00,8.743465e-01,2.277462e-01,5.415747e-01,5.851893e-01,1.915189,329.4679
0.0761935,2.515000e+01,-5.106901e+00,8.743465e-01,2.279956e-01,5.414085e-01,5.860100e-01,1.915998,329.7594
0.0762258,2.515000e+01,-5.106753e+00,8.743465e-01,2.279180e-01,5.417844e-01,5.854043e-01,1.916811,330.0518
0.0762581,2.515000e+01,-5.106607e+00,8.743465e-01,2.281636e-01,5.419718e-01,5.858324e-01,1.917623,330.3442
0.0762903,2.515000e+01,-5.106462e+00,8.743465e-01,2.282008e-01,5.420142e-01,5.858820e-01,1.918433,330.6357
0.0763226,2.515000e+01,-5.106321e+00,8.743465e-01,2.282884e-01,5.420036e-01,5.861183e-01,1.919245,330.9281
0.0763548,2.515000e+01,-5.106183e+00,8.743465e-01,2.281980e-01,5.416510e-01,5.862676e-01,1.920055,331.2196
0.0763871,2.515000e+01,-5.106034e+00,8.743465e-01,2.275162e-01,5.410604e-01,5.851542e-01,1.920867,331.5120
0.0764194,2.515000e+01,-5.105885e+00,8.743465e-01,2.275272e-01,5.411865e-01,5.850460e-01,1.921679,331.8044
0.0764516,2.515000e+01,-5.105735e+00,8.743465e-01,2.275740e-01,5.413730e-01,5.849649e-01,1.922489,332.0959
0.0764839,2.515000e+01,-5.105589e+00,8.743465e-01,2.279609e-01,5.419378e-01,5.853487e-01,1.923301,332.3883
0.0765161,2.515000e+01,-5.105453e+00,8.743465e-01,2.280096e-01,5.417433e-01,5.856839e-01,1.924111,332.6798
0.0765484,2.515000e+01,-5.105329e+00,8.743465e-01,2.282354e-01,5.417838e-01,5.862199e-01,1.924923,332.9722
0.0765806,2.515000e+01,-5.105216e+00,8.743465e-01,2.281786e-01,5.411759e-01,5.867324e-01,1.925733,333.2637
0.0766129,2.515000e+01,-5.105093e+00,8.743465e-01,2.280253e-01,5.412691e-01,5.862373e-01,1.926545,333.5561
0.0766452,2.515000e+01,-5.104970e+00,8.743465e-01,2.280316e-01,5.413229e-01,5.861953e-01,1.927357,333.8485
0.0766774,2.515000e+01,-5.104864e+00,8.743465e-01,2.284911e-01,5.416408e-01,5.870319e-01,1.928167,334.1400
0.0767097,2.515000e+01,-5.104762e+00,8.743465e-01,2.283597e-01,5.415676e-01,5.867734e-01,1.928979,334.4324
0.0767419,2.515000e+01,-5.104665e+00,8.743465e-01,2.279324e-01,5.405959e-01,5.867281e-01,1.929789,334.7239
0.0767742,2.515000e+01,-5.104575e+00,8.743465e-01,2.276309e-01,5.399502e-01,5.866528e-01,1.930601,335.0163
0.0768065,2.515000e+01,-5.104479e+00,8.743465e-01,2.274696e-01,5.404270e-01,5.857200e-01,1.931413,335.3087
0.0768387,2.515000e+01,-5.104392e+00,8.743465e-01,2.278948e-01,5.410850e-01,5.861011e-01,1.932223,335.6002
0.076871,2.515000e+01,-5.104309e+00,8.743465e-01,2.280252e-01,5.413981e-01,5.860975e-01,1.933035,335.8927
0.0769032,2.515000e+01,-5.104244e+00,8.743465e-01,2.281876e-01,5.409941e-01,5.869529e-01,1.933845,336.1841
0.0769355,2.515000e+01,-5.104188e+00,8.743465e-01,2.283512e-01,5.409484e-01,5.874232e-01,1.934657,336.4766
0.0769677,2.515000e+01,-5.104127e+00,8.743465e-01,2.278148e-01,5.403959e-01,5.866426e-01,1.935467,336.7681
0.077,2.515000e+01,-5.104073e+00,8.743465e-01,2.278348e-01,5.403343e-01,5.867610e-01,1.936279,337.0605
0.0770323,2.515000e+01,-5.104012e+00,8.743465e-01,2.276044e-01,5.406308e-01,5.858461e-01,1.937091,337.3529
0.0770645,2.515000e+01,-5.103964e+00,8.743465e-01,2.278003e-01,5.406316e-01,5.863496e-01,1.937901,337.6444
0.0770968,2.515000e+01,-5.103918e+00,8.743465e-01,2.276965e-01,5.405113e-01,5.862127e-01,1.938713,337.9368
0.077129,2.515000e+01,-5.103877e+00,8.743465e-01,2.274177e-01,5.399352e-01,5.861197e-01,1.939523,338.2283
0.0771613,2.515000e+01,-5.103839e+00,8.743465e-01,2.274743e-01,5.402255e-01,5.859506e-01,1.940335,338.5207
0.0771935,2.515000e+01,-5.103806e+00,8.743465e-01,2.277402e-01,5.409199e-01,5.858825e-01,1.941145,338.8122
0.0772258,2.515000e+01,-5.103788e+00,8.743465e-01,2.280241e-01,5.409094e-01,5.866240e-01,1.941957,339.1046
0.0772581,2.515000e+01,-5.103787e+00,8.743465e-01,2.281900e-01,5.406166e-01,5.873688e-01,1.942769,339.3970
0.0772903,2.515000e+01,-5.103789e+00,8.743465e-01,2.282151e-01,5.407386e-01,5.873008e-01,1.943579,339.6885
0.0773226,2.515000e+01,-5.103804e+00,8.743465e-01,2.280913e-01,5.400686e-01,5.877107e-01,1.944391,339.9809
0.0773548,2.515000e+01,-5.103823e+00,8.743465e-01,2.278261e-01,5.397169e-01,5.874096e-01,1.945201,340.2724
0.0773871,2.515000e+01,-5.103851e+00,8.743465e-01,2.276927e-01,5.393708e-01,5.874427e-01,1.946013,340.5648
0.0774194,2.515000e+01,-5.103877e+00,8.743465e-01,2.278458e-01,5.398554e-01,5.873098e-01,1.946825,340.8572
0.0774516,2.515000e+01,-5.103904e+00,8.743465e-01,2.279698e-01,5.401809e-01,5.872754e-01,1.947635,341.1487
0.0774839,2.515000e+01,-5.103928e+00,8.743465e-01,2.280532e-01,5.405850e-01,5.870511e-01,1.948447,341.4411
0.0775161,2.515000e+01,-5.103949e+00,8.743465e-01,2.280069e-01,5.408339e-01,5.866618e-01,1.949257,341.7326
0.0775484,2.515000e+01,-5.103981e+00,8.743465e-01,2.280095e-01,5.404324e-01,5.871043e-01,1.950069,342.0250
0.0775806,2.515000e+01,-5.104038e+00,8.743465e-01,2.281391e-01,5.396487e-01,5.882911e-01,1.950879,342.3165
0.0776129,2.515000e+01,-5.104091e+00,8.743465e-01,2.281934e-01,5.398393e-01,5.882233e-01,1.951691,342.6089
0.0776452,2.515000e+01,-5.104129e+00,8.743465e-01,2.278459e-01,5.399410e-01,5.872171e-01,1.952504,342.9013
0.0776774,2.515000e+01,-5.104152e+00,8.743465e-01,2.276089e-01,5.401964e-01,5.863288e-01,1.953313,343.1928
0.0777097,2.515000e+01,-5.104176e+00,8.743465e-01,2.275873e-01,5.402363e-01,5.862299e-01,1.954125,343.4852
0.0777419,2.515000e+01,-5.104214e+00,8.743465e-01,2.277875e-01,5.399395e-01,5.870683e-01,1.954935,343.7767
0.0777742,2.515000e+01,-5.104255e+00,8.743465e-01,2.279782e-01,5.400851e-01,5.874012e-01,1.955747,344.0691
0.0778065,2.515000e+01,-5.104288e+00,8.743465e-01,2.278887e-01,5.404790e-01,5.867428e-01,1.956560,344.3615
0.0778387,2.515000e+01,-5.104321e+00,8.743465e-01,2.279713e-01,5.406490e-01,5.867707e-01,1.957369,344.6530
0.077871,2.515000e+01,-5.104357e+00,8.743465e-01,2.281518e-01,5.410112e-01,5.868421e-01,1.958182,344.9454
0.0779032,2.515000e+01,-5.104409e+00,8.743465e-01,2.280248e-01,5.398944e-01,5.877287e-01,1.958991,345.2369
0.0779355,2.515000e+01,-5.104480e+00,8.743465e-01,2.280476e-01,5.390417e-01,5.887173e-01,1.959804,345.5293
0.0779677,2.515000e+01,-5.104555e+00,8.743465e-01,2.280916e-01,5.389472e-01,5.889343e-01,1.960613,345.8208
0.078,2.515000e+01,-5.104599e+00,8.743465e-01,2.279286e-01,5.397270e-01,5.876631e-01,1.961426,346.1132
0.0780323,2.515000e+01,-5.104627e+00,8.743465e-01,2.278983e-01,5.405017e-01,5.867427e-01,1.962238,346.4056
0.0780645,2.515000e+01,-5.104658e+00,8.743465e-01,2.279972e-01,5.405095e-01,5.869888e-01,1.963047,346.6971
0.0780968,2.515000e+01,-5.104706e+00,8.743465e-01,2.284317e-01,5.403382e-01,5.882941e-01,1.963860,346.9895
0.078129,2.515000e+01,-5.104746e+00,8.743465e-01,2.283192e-01,5.403894e-01,5.879486e-01,1.964669,347.2810
0.0781613,2.515000e+01,-5.104789e+00,8.743465e-01,2.281974e-01,5.398881e-01,5.881806e-01,1.965482,347.5734
0.0781935,2.515000e+01,-5.104822e+00,8.743465e-01,2.282576e-01,5.404029e-01,5.877753e-01,1.966291,347.8649
0.0782258,2.515000e+01,-5.104868e+00,8.743465e-01,2.286483e-01,5.401983e-01,5.890044e-01,1.967104,348.1573
0.0782581,2.515000e+01,-5.104908e+00,8.743465e-01,2.284909e-01,5.399264e-01,5.888953e-01,1.967916,348.4497
0.0782903,2.515000e+01,-5.104945e+00,8.743465e-01,2.281978e-01,5.393853e-01,5.887297e-01,1.968726,348.7412
0.0783226,2.515000e+01,-5.104967e+00,8.743465e-01,2.280614e-01,5.397236e-01,5.880091e-01,1.969538,349.0336
0.0783548,2.515000e+01,-5.104970e+00,8.743465e-01,2.280895e-01,5.407340e-01,5.869828e-01,1.970347,349.3251
0.0783871,2.515000e+01,-5.104952e+00,8.743465e-01,2.278515e-01,5.411210e-01,5.859509e-01,1.971160,349.6175
0.0784194,2.515000e+01,-5.104940e+00,8.743465e-01,2.280326e-01,5.410457e-01,5.864983e-01,1.971972,349.9099
0.0784516,2.515000e+01,-5.104958e+00,8.743465e-01,2.286471e-01,5.405947e-01,5.885694e-01,1.972782,350.2014
0.0784839,2.515000e+01,-5.104974e+00,8.743465e-01,2.289027e-01,5.410713e-01,5.887083e-01,1.973594,350.4938
0.0785161,2.515000e+01,-5.104994e+00,8.743465e-01,2.286839e-01,5.403866e-01,5.888907e-01,1.974404,350.7853
0.0785484,2.515000e+01,-5.105013e+00,8.743465e-01,2.286356e-01,5.403715e-01,5.887828e-01,1.975216,351.0777
0.0785806,2.515000e+01,-5.105036e+00,8.743465e-01,2.288444e-01,5.404500e-01,5.892349e-01,1.976026,351.3692
0.0786129,2.515000e+01,-5.105051e+00,8.743465e-01,2.286621e-01,5.403624e-01,5.888609e-01,1.976838,351.6616
0.0786452,2.515000e+01,-5.105068e+00,8.743465e-01,2.285901e-01,5.401646e-01,5.888911e-01,1.977650,351.9540
0.0786774,2.515000e+01,-5.105055e+00,8.743465e-01,2.283438e-01,5.411496e-01,5.871859e-01,1.978460,352.2455
0.0787097,2.515000e+01,-5.105038e+00,8.743465e-01,2.285952e-01,5.417049e-01,5.872298e-01,1.979272,352.5379
0.0787419,2.515000e+01,-5.105037e+00,8.743465e-01,2.289201e-01,5.413925e-01,5.884036e-01,1.980082,352.8294
0.0787742,2.515000e+01,-5.105067e+00,8.743465e-01,2.294490e-01,5.409305e-01,5.902671e-01,1.980894,353.1218
0.0788065,2.515000e+01,-5.105075e+00,8.743465e-01,2.291797e-01,5.416125e-01,5.888317e-01,1.981706,353.4142
0.0788387,2.515000e+01,-5.105048e+00,8.743465e-01,2.287133e-01,5.422985e-01,5.868901e-01,1.982516,353.7057
0.078871,2.515000e+01,-5.105066e+00,8.743465e-01,2.290288e-01,5.405025e-01,5.896524e-01,1.983328,353.9981
0.0789032,2.515000e+01,-5.105086e+00,8.743465e-01,2.291814e-01,5.406607e-01,5.898726e-01,1.984138,354.2896
0.0789355,2.515000e+01,-5.105107e+00,8.743465e-01,2.295295e-01,5.413557e-01,5.900100e-01,1.984950,354.5820
0.0789677,2.515000e+01,-5.105107e+00,8.743465e-01,2.291949e-01,5.415984e-01,5.888861e-01,1.985760,354.8735
0.079,2.515000e+01,-5.105102e+00,8.743465e-01,2.288526e-01,5.410214e-01,5.886336e-01,1.986572,355.1659
0.0790323,2.515000e+01,-5.105077e+00,8.743465e-01,2.286062e-01,5.415705e-01,5.874036e-01,1.987384,355.4583
0.0790645,2.515000e+01,-5.105027e+00,8.743465e-01,2.286161e-01,5.425941e-01,5.863211e-01,1.988194,355.7498
0.0790968,2.515000e+01,-5.105007e+00,8.743465e-01,2.293656e-01,5.423106e-01,5.885508e-01,1.989006,356.0422
0.079129,2.515000e+01,-5.105025e+00,8.743465e-01,2.300274e-01,5.417123e-01,5.909009e-01,1.989816,356.3337
0.0791613,2.515000e+01,-5.105037e+00,8.743465e-01,2.300293e-01,5.419200e-01,5.906792e-01,1.990628,356.6261
0.0791935,2.515000e+01,-5.104991e+00,8.743465e-01,2.288464e-01,5.425423e-01,5.869677e-01,1.991438,356.9176
0.0792258,2.515000e+01,-5.104952e+00,8.743465e-01,2.285883e-01,5.414275e-01,5.875129e-01,1.992250,357.2100
0.0792581,2.515000e+01,-5.104929e+00,8.743465e-01,2.290590e-01,5.412904e-01,5.888720e-01,1.993062,357.5024
0.0792903,2.515000e+01,-5.104941e+00,8.743465e-01,2.300120e-01,5.415018e-01,5.910909e-01,1.993872,357.7939
0.0793226,2.515000e+01,-5.104921e+00,8.743465e-01,2.298657e-01,5.426655e-01,5.894481e-01,1.994684,358.0863
0.0793548,2.515000e+01,-5.104880e+00,8.743465e-01,2.296030e-01,5.432828e-01,5.881056e-01,1.995494,358.3778
0.0793871,2.515000e+01,-5.104839e+00,8.743465e-01,2.295637e-01,5.432663e-01,5.880227e-01,1.996306,358.6702
0.0794194,2.515000e+01,-5.104794e+00,8.743465e-01,2.295645e-01,5.433765e-01,5.879055e-01,1.997118,358.9626
0.0794516,2.515000e+01,-5.104797e+00,8.743465e-01,2.298858e-01,5.418200e-01,5.904197e-01,1.997928,359.2541
0.0794839,2.515000e+01,-5.104839e+00,8.743465e-01,2.304934e-01,5.410162e-01,5.928597e-01,1.998740,359.5465
0.0795161,2.515000e+01,-5.104873e+00,8.743465e-01,2.306137e-01,5.417840e-01,5.923285e-01,1.999550,359.8380
0.0795484,2.515000e+01,-5.104841e+00,8.743465e-01,2.297740e-01,5.434653e-01,5.883459e-01,2.000362,0.1304
0.0795806,2.515000e+01,-5.104772e+00,8.743465e-01,2.286142e-01,5.430158e-01,5.858607e-01,2.001172,0.4219
0.0796129,2.515000e+01,-5.104716e+00,8.743465e-01,2.288093e-01,5.425604e-01,5.868530e-01,2.001984,0.7143
0.0796452,2.515000e+01,-5.104706e+00,8.743465e-01,2.298925e-01,5.424361e-01,5.897663e-01,2.002797,1.0067
0.0796774,2.515000e+01,-5.104697e+00,8.743465e-01,2.305487e-01,5.435219e-01,5.902682e-01,2.003606,1.2982
0.0797097,2.515000e+01,-5.104677e+00,8.743465e-01,2.303476e-01,5.434855e-01,5.897928e-01,2.004418,1.5906
0.0797419,2.515000e+01,-5.104630e+00,8.743465e-01,2.298546e-01,5.437696e-01,5.882229e-01,2.005228,1.8821
0.0797742,2.515000e+01,-5.104582e+00,8.743465e-01,2.298044e-01,5.437918e-01,5.880704e-01,2.006040,2.1745
0.0798065,2.515000e+01,-5.104568e+00,8.743465e-01,2.300919e-01,5.427422e-01,5.899449e-01,2.006853,2.4669
0.0798387,2.515000e+01,-5.104581e+00,8.743465e-01,2.306352e-01,5.423012e-01,5.918187e-01,2.007662,2.7584
0.079871,2.515000e+01,-5.104583e+00,8.743465e-01,2.305640e-01,5.426668e-01,5.912376e-01,2.008475,3.0509
0.0799032,2.515000e+01,-5.104560e+00,8.743465e-01,2.304365e-01,5.438979e-01,5.895731e-01,2.009284,3.3423
0.0799355,2.515000e+01,-5.104496e+00,8.743465e-01,2.297517e-01,5.442843e-01,5.874036e-01,2.010097,3.6348
0.0799677,2.515000e+01,-5.104437e+00,8.743465e-01,2.298918e-01,5.442686e-01,5.877788e-01,2.010906,3.9262
0.08,2.515000e+01,-5.104376e+00,8.743465e-01,2.299326e-01,5.445477e-01,5.875817e-01,2.011718,4.2187
0.0800333,2.515000e+01,-5.104331e+00,8.743465e-01,2.303866e-01,5.436890e-01,5.896718e-01,2.012556,4.5201
0.0800667,2.515000e+01,-5.104337e+00,8.743465e-01,2.312180e-01,5.427119e-01,5.928654e-01,2.013396,4.8225
0.0801,2.515000e+01,-5.104337e+00,8.743465e-01,2.311407e-01,5.427273e-01,5.926503e-01,2.014233,5.1239
0.0801333,2.515000e+01,-5.104284e+00,8.743465e-01,2.305732e-01,5.442531e-01,5.895377e-01,2.015071,5.4254
0.0801667,2.515000e+01,-5.104228e+00,8.743465e-01,2.304810e-01,5.443168e-01,5.892331e-01,2.015910,5.7277
0.0802,2.515000e+01,-5.104185e+00,8.743465e-01,2.305999e-01,5.438403e-01,5.900537e-01,2.016748,6.0292
0.0802333,2.515000e+01,-5.104137e+00,8.743465e-01,2.304027e-01,5.435988e-01,5.898107e-01,2.017585,6.3307
0.0802667,2.515000e+01,-5.104065e+00,8.743465e-01,2.304339e-01,5.446121e-01,5.887932e-01,2.018425,6.6330
0.0803,2.515000e+01,-5.104011e+00,8.743465e-01,2.306985e-01,5.443644e-01,5.897375e-01,2.019262,6.9345
0.0803333,2.515000e+01,-5.103965e+00,8.743465e-01,2.309110e-01,5.443547e-01,5.902914e-01,2.020100,7.2359
0.0803667,2.515000e+01,-5.103900e+00,8.743465e-01,2.307496e-01,5.450367e-01,5.891406e-01,2.020940,7.5383
0.0804,2.515000e+01,-5.103839e+00,8.743465e-01,2.305991e-01,5.444092e-01,5.894349e-01,2.021777,7.8397
0.0804333,2.515000e+01,-5.103787e+00,8.743465e-01,2.307529e-01,5.440683e-01,5.901977e-01,2.022614,8.1412
0.0804667,2.515000e+01,-5.103737e+00,8.743465e-01,2.308045e-01,5.439479e-01,5.904604e-01,2.023454,8.4436
0.0805,2.515000e+01,-5.103668e+00,8.743465e-01,2.308589e-01,5.446713e-01,5.898150e-01,2.024292,8.7450
0.0805333,2.515000e+01,-5.103582e+00,8.743465e-01,2.306002e-01,5.448500e-01,5.889609e-01,2.025129,9.0465
0.0805667,2.515000e+01,-5.103492e+00,8.743465e-01,2.305654e-01,5.448071e-01,5.889183e-01,2.025969,9.3488
0.0806,2.515000e+01,-5.103383e+00,8.743465e-01,2.304750e-01,5.450558e-01,5.884189e-01,2.026806,9.6503
0.0806333,2.515000e+01,-5.103293e+00,8.743465e-01,2.309254e-01,5.447012e-01,5.899526e-01,2.027644,9.9517
0.0806667,2.515000e+01,-5.103224e+00,8.743465e-01,2.314446e-01,5.445801e-01,5.914106e-01,2.028484,10.2541
0.0807,2.515000e+01,-5.103152e+00,8.743465e-01,2.315110e-01,5.448318e-01,5.913068e-01,2.029321,10.5556
0.0807333,2.515000e+01,-5.103048e+00,8.743465e-01,2.311210e-01,5.454925e-01,5.895957e-01,2.030158,10.8570
0.0807667,2.515000e+01,-5.102940e+00,8.743465e-01,2.305543e-01,5.445596e-01,5.891576e-01,2.030998,11.1594
0.0808,2.515000e+01,-5.102843e+00,8.743465e-01,2.308361e-01,5.444035e-01,5.900467e-01,2.031836,11.4608
0.0808333,2.515000e+01,-5.102746e+00,8.743465e-01,2.310819e-01,5.449627e-01,5.900691e-01,2.032673,11.7623
0.0808667,2.515000e+01,-5.102641e+00,8.743465e-01,2.313651e-01,5.457350e-01,5.899562e-01,2.033513,12.0647
0.0809,2.515000e+01,-5.102537e+00,8.743465e-01,2.312385e-01,5.454465e-01,5.899453e-01,2.034350,12.3661
0.0809333,2.515000e+01,-5.102430e+00,8.743465e-01,2.311608e-01,5.450882e-01,5.901346e-01,2.035188,12.6676
0.0809667,2.515000e+01,-5.102307e+00,8.743465e-01,2.311123e-01,5.456469e-01,5.894068e-01,2.036028,12.9699
0.081,2.515000e+01,-5.102188e+00,8.743465e-01,2.312118e-01,5.455142e-01,5.898039e-01,2.036865,13.2714
0.0810333,2.515000e+01,-5.102059e+00,8.743465e-01,2.312037e-01,5.459004e-01,5.893660e-01,2.037702,13.5728
0.0810667,2.515000e+01,-5.101923e+00,8.743465e-01,2.310199e-01,5.458341e-01,5.889689e-01,2.038542,13.8752
0.0811,2.515000e+01,-5.101797e+00,8.743465e-01,2.310459e-01,5.453740e-01,5.895321e-01,2.039380,14.1767
0.0811333,2.515000e+01,-5.101685e+00,8.743465e-01,2.309494e-01,5.445920e-01,5.901321e-01,2.040217,14.4781
0.0811667,2.515000e+01,-5.101579e+00,8.743465e-01,2.311509e-01,5.449283e-01,5.902826e-01,2.041057,14.7805
0.0812,2.515000e+01,-5.101454e+00,8.743465e-01,2.310905e-01,5.458149e-01,5.891699e-01,2.041894,15.0819
0.0812333,2.515000e+01,-5.101320e+00,8.743465e-01,2.311157e-01,5.463414e-01,5.886661e-01,2.042732,15.3834
0.0812667,2.515000e+01,-5.101188e+00,8.743465e-01,2.310330e-01,5.461081e-01,5.887070e-01,2.043572,15.6858
0.0813,2.515000e+01,-5.101061e+00,8.743465e-01,2.309769e-01,5.458677e-01,5.888232e-01,2.044409,15.9872
0.0813333,2.515000e+01,-5.100970e+00,8.743465e-01,2.314152e-01,5.451566e-01,5.907099e-01,2.045246,16.2887
0.0813667,2.515000e+01,-5.100893e+00,8.743465e-01,2.316372e-01,5.451357e-01,5.912993e-01,2.046086,16.5910
0.0814,2.515000e+01,-5.100813e+00,8.743465e-01,2.317299e-01,5.454499e-01,5.911952e-01,2.046924,16.8925
0.0814333,2.515000e+01,-5.100708e+00,8.743465e-01,2.313349e-01,5.461216e-01,5.894615e-01,2.047761,17.1939
0.0814667,2.515000e+01,-5.100603e+00,8.743465e-01,2.312371e-01,5.460917e-01,5.892446e-01,2.048601,17.4963
0.0815,2.515000e+01,-5.100507e+00,8.743465e-01,2.312729e-01,5.457267e-01,5.897302e-01,2.049438,17.7978
0.0815333,2.515000e+01,-5.100403e+00,8.743465e-01,2.311031e-01,5.458257e-01,5.891902e-01,2.050276,18.0992
0.0815667,2.515000e+01,-5.100291e+00,8.743465e-01,2.311922e-01,5.464276e-01,5.887681e-01,2.051115,18.4016
0.0816,2.515000e+01,-5.100182e+00,8.743465e-01,2.311291e-01,5.463870e-01,5.886511e-01,2.051953,18.7030
0.0816333,2.515000e+01,-5.100078e+00,8.743465e-01,2.311988e-01,5.464771e-01,5.887315e-01,2.052790,19.0045
0.0816667,2.515000e+01,-5.099997e+00,8.743465e-01,2.311874e-01,5.457508e-01,5.894861e-01,2.053630,19.3068
0.0817,2.515000e+01,-5.099930e+00,8.743465e-01,2.311055e-01,5.451917e-01,5.898814e-01,2.054467,19.6083
0.0817333,2.515000e+01,-5.099874e+00,8.743465e-01,2.311896e-01,5.451068e-01,5.901878e-01,2.055305,19.9098
0.0817667,2.515000e+01,-5.099804e+00,8.743465e-01,2.311025e-01,5.459889e-01,5.890126e-01,2.056145,20.2121
0.0818,2.515000e+01,-5.099721e+00,8.743465e-01,2.310853e-01,5.468667e-01,5.880235e-01,2.056982,20.5136
0.0818333,2.515000e+01,-5.099643e+00,8.743465e-01,2.310357e-01,5.467394e-01,5.880340e-01,2.057820,20.8150
0.0818667,2.515000e+01,-5.099558e+00,8.743465e-01,2.308899e-01,5.467919e-01,5.876063e-01,2.058659,21.1174
0.0819,2.515000e+01,-5.099492e+00,8.743465e-01,2.310137e-01,5.463158e-01,5.884340e-01,2.059497,21.4188
0.0819333,2.515000e+01,-5.099473e+00,8.743465e-01,2.315053e-01,5.453945e-01,5.906823e-01,2.060334,21.7203
0.0819667,2.515000e+01,-5.099470e+00,8.743465e-01,2.316935e-01,5.452767e-01,5.912901e-01,2.061174,22.0227
0.082,2.515000e+01,-5.099449e+00,8.743465e-01,2.315091e-01,5.462406e-01,5.897770e-01,2.062011,22.3241
0.0820333,2.515000e+01,-5.099410e+00,8.743465e-01,2.310377e-01,5.467890e-01,5.879856e-01,2.062849,22.6256
0.0820667,2.515000e+01,-5.099381e+00,8.743465e-01,2.310340e-01,5.467797e-01,5.879864e-01,2.063689,22.9279
0.0821,2.515000e+01,-5.099370e+00,8.743465e-01,2.311720e-01,5.462642e-01,5.888927e-01,2.064526,23.2294
0.0821333,2.515000e+01,-5.099373e+00,8.743465e-01,2.313043e-01,5.462296e-01,5.892672e-01,2.065363,23.5308
0.0821667,2.515000e+01,-5.099370e+00,8.743465e-01,2.313974e-01,5.470482e-01,5.886221e-01,2.066203,23.8332
0.0822,2.515000e+01,-5.099373e+00,8.743465e-01,2.313114e-01,5.468089e-01,5.886609e-01,2.067041,24.1347
0.0822333,2.515000e+01,-5.099370e+00,8.743465e-01,2.311740e-01,5.469324e-01,5.881782e-01,2.067878,24.4361
0.0822667,2.515000e+01,-5.099380e+00,8.743465e-01,2.309556e-01,5.462597e-01,5.883464e-01,2.068718,24.7385
0.0823,2.515000e+01,-5.099425e+00,8.743465e-01,2.313275e-01,5.454540e-01,5.901643e-01,2.069555,25.0399
0.0823333,2.515000e+01,-5.099487e+00,8.743465e-01,2.314885e-01,5.452647e-01,5.907801e-01,2.070393,25.3414
0.0823667,2.515000e+01,-5.099506e+00,8.743465e-01,2.310782e-01,5.467161e-01,5.881672e-01,2.071233,25.6438
0.0824,2.515000e+01,-5.099484e+00,8.743465e-01,2.304288e-01,5.478136e-01,5.853393e-01,2.072070,25.9452
0.0824333,2.515000e+01,-5.099484e+00,8.743465e-01,2.305230e-01,5.472449e-01,5.861871e-01,2.072907,26.2467
0.0824667,2.515000e+01,-5.099519e+00,8.743465e-01,2.309783e-01,5.466322e-01,5.880032e-01,2.073747,26.5490
0.0825,2.515000e+01,-5.099568e+00,8.743465e-01,2.311276e-01,5.463305e-01,5.887081e-01,2.074585,26.8505
0.0825333,2.515000e+01,-5.099624e+00,8.743465e-01,2.312833e-01,5.462120e-01,5.892325e-01,2.075422,27.1519
0.0825667,2.515000e+01,-5.099658e+00,8.743465e-01,2.311238e-01,5.468088e-01,5.881836e-01,2.076262,27.4543
0.0826,2.515000e+01,-5.099696e+00,8.743465e-01,2.313087e-01,5.473026e-01,5.881229e-01,2.077099,27.7558
0.0826333,2.515000e+01,-5.099737e+00,8.743465e-01,2.313335e-01,5.472289e-01,5.882652e-01,2.077937,28.0572
0.0826667,2.515000e+01,-5.099791e+00,8.743465e-01,2.312365e-01,5.463487e-01,5.889660e-01,2.078777,28.3596
0.0827,2.515000e+01,-5.099838e+00,8.743465e-01,2.309828e-01,5.460056e-01,5.886894e-01,2.079614,28.6610
0.0827333,2.515000e+01,-5.099856e+00,8.743465e-01,2.307369e-01,5.469872e-01,5.870074e-01,2.080451,28.9625
0.0827667,2.515000e+01,-5.099870e+00,8.743465e-01,2.308426e-01,5.475238e-01,5.867007e-01,2.081291,29.2648
0.0828,2.515000e+01,-5.099897e+00,8.743465e-01,2.311605e-01,5.474637e-01,5.875731e-01,2.082129,29.5663
0.0828333,2.515000e+01,-5.099944e+00,8.743465e-01,2.314767e-01,5.473237e-01,5.885276e-01,2.082966,29.8678
0.0828667,2.515000e+01,-5.100013e+00,8.743465e-01,2.317849e-01,5.468938e-01,5.897742e-01,2.083806,30.1701
0.0829,2.515000e+01,-5.100083e+00,8.743465e-01,2.316855e-01,5.465056e-01,5.899401e-01,2.084643,30.4716
0.0829333,2.515000e+01,-5.100142e+00,8.743465e-01,2.313028e-01,5.464724e-01,5.890015e-01,2.085481,30.7730
0.0829667,2.515000e+01,-5.100172e+00,8.743465e-01,2.308043e-01,5.473953e-01,5.867411e-01,2.086321,31.0754
0.083,2.515000e+01,-5.100187e+00,8.743465e-01,2.308047e-01,5.479037e-01,5.861978e-01,2.087158,31.3769
0.0830323,2.515000e+01,-5.100221e+00,8.743465e-01,2.310423e-01,5.479599e-01,5.867411e-01,2.087970,31.6693
0.0830645,2.515000e+01,-5.100237e+00,8.743465e-01,2.305803e-01,5.474557e-01,5.861071e-01,2.088780,31.9608
0.0830968,2.515000e+01,-5.100245e+00,8.743465e-01,2.302606e-01,5.473965e-01,5.853577e-01,2.089592,32.2532
0.083129,2.515000e+01,-5.100279e+00,8.743465e-01,2.309847e-01,5.477492e-01,5.868205e-01,2.090402,32.5447
0.0831613,2.515000e+01,-5.100331e+00,8.743465e-01,2.311092e-01,5.471916e-01,5.877351e-01,2.091214,32.8371
0.0831935,2.515000e+01,-5.100379e+00,8.743465e-01,2.307700e-01,5.469694e-01,5.871107e-01,2.092024,33.1286
0.0832258,2.515000e+01,-5.100402e+00,8.743465e-01,2.304413e-01,5.476298e-01,5.855674e-01,2.092836,33.4210
0.0832581,2.515000e+01,-5.100451e+00,8.743465e-01,2.310283e-01,5.472816e-01,5.874328e-01,2.093648,33.7134
0.0832903,2.515000e+01,-5.100534e+00,8.743465e-01,2.317895e-01,5.472477e-01,5.894046e-01,2.094458,34.0049
0.0833226,2.515000e+01,-5.100605e+00,8.743465e-01,2.315088e-01,5.475255e-01,5.883923e-01,2.095270,34.2973
0.0833548,2.515000e+01,-5.100637e+00,8.743465e-01,2.305558e-01,5.478043e-01,5.856719e-01,2.096080,34.5888
0.0833871,2.515000e+01,-5.100683e+00,8.743465e-01,2.308297e-01,5.476422e-01,5.865412e-01,2.096892,34.8812
0.0834194,2.515000e+01,-5.100739e+00,8.743465e-01,2.307025e-01,5.468886e-01,5.870258e-01,2.097704,35.1736
0.0834516,2.515000e+01,-5.100805e+00,8.743465e-01,2.310040e-01,5.470164e-01,5.876556e-01,2.098514,35.4651
0.0834839,2.515000e+01,-5.100872e+00,8.743465e-01,2.312748e-01,5.476071e-01,5.877099e-01,2.099326,35.7575
0.0835161,2.515000e+01,-5.100957e+00,8.743465e-01,2.315690e-01,5.473742e-01,5.887077e-01,2.100136,36.0490
0.0835484,2.515000e+01,-5.101038e+00,8.743465e-01,2.313349e-01,5.472837e-01,5.882099e-01,2.100948,36.3414
0.0835806,2.515000e+01,-5.101058e+00,8.743465e-01,2.298600e-01,5.474587e-01,5.842728e-01,2.101758,36.6329
0.0836129,2.515000e+01,-5.101085e+00,8.743465e-01,2.299878e-01,5.472632e-01,5.848066e-01,2.102570,36.9253
0.0836452,2.515000e+01,-5.101139e+00,8.743465e-01,2.306035e-01,5.471712e-01,5.864708e-01,2.103382,37.2177
0.0836774,2.515000e+01,-5.101221e+00,8.743465e-01,2.310358e-01,5.467697e-01,5.880015e-01,2.104192,37.5092
0.0837097,2.515000e+01,-5.101276e+00,8.743465e-01,2.307727e-01,5.477312e-01,5.863009e-01,2.105004,37.8016
0.0837419,2.515000e+01,-5.101304e+00,8.743465e-01,2.300841e-01,5.476672e-01,5.846197e-01,2.105814,38.0931
0.0837742,2.515000e+01,-5.101358e+00,8.743465e-01,2.303817e-01,5.469017e-01,5.861953e-01,2.106626,38.3855
0.0838065,2.515000e+01,-5.101432e+00,8.743465e-01,2.307253e-01,5.467936e-01,5.871858e-01,2.107439,38.6779
0.0838387,2.515000e+01,-5.101515e+00,8.743465e-01,2.308526e-01,5.465685e-01,5.877516e-01,2.108248,38.9694
0.083871,2.515000e+01,-5.101588e+00,8.743465e-01,2.306692e-01,5.466497e-01,5.871974e-01,2.109061,39.2618
0.0839032,2.515000e+01,-5.101664e+00,8.743465e-01,2.306857e-01,5.468027e-01,5.870752e-01,2.109870,39.5533
0.0839355,2.515000e+01,-5.101686e+00,8.743465e-01,2.297744e-01,5.475647e-01,5.839422e-01,2.110682,39.8457
0.0839677,2.515000e+01,-5.101724e+00,8.743465e-01,2.300249e-01,5.469896e-01,5.851935e-01,2.111492,40.1372
0.084,2.515000e+01,-5.101779e+00,8.743465e-01,2.303167e-01,5.467426e-01,5.862006e-01,2.112304,40.4296
0.0840323,2.515000e+01,-5.101863e+00,8.743465e-01,2.308016e-01,5.463026e-01,5.879080e-01,2.113117,40.7220
0.0840645,2.515000e+01,-5.101947e+00,8.743465e-01,2.310489e-01,5.467213e-01,5.880872e-01,2.113926,41.0135
0.0840968,2.515000e+01,-5.101999e+00,8.743465e-01,2.304024e-01,5.469098e-01,5.862394e-01,2.114739,41.3059
0.084129,2.515000e+01,-5.102055e+00,8.743465e-01,2.304984e-01,5.467216e-01,5.866856e-01,2.115548,41.5974
0.0841613,2.515000e+01,-5.102113e+00,8.743465e-01,2.304631e-01,5.464602e-01,5.868763e-01,2.116361,41.8898
0.0841935,2.515000e+01,-5.102183e+00,8.743465e-01,2.305571e-01,5.459433e-01,5.876717e-01,2.117170,42.1813
0.0842258,2.515000e+01,-5.102246e+00,8.743465e-01,2.303772e-01,5.458004e-01,5.873667e-01,2.117982,42.4737
0.0842581,2.515000e+01,-5.102255e+00,8.743465e-01,2.292520e-01,5.462873e-01,5.839769e-01,2.118795,42.7661
0.0842903,2.515000e+01,-5.102252e+00,8.743465e-01,2.292158e-01,5.466574e-01,5.834895e-01,2.119604,43.0576
0.0843226,2.515000e+01,-5.102260e+00,8.743465e-01,2.294784e-01,5.467033e-01,5.841089e-01,2.120417,43.3500
0.0843548,2.515000e+01,-5.102297e+00,8.743465e-01,2.299068e-01,5.461591e-01,5.857824e-01,2.121226,43.6415
0.0843871,2.515000e+01,-5.102363e+00,8.743465e-01,2.303823e-01,5.457281e-01,5.874575e-01,2.122039,43.9339
0.0844194,2.515000e+01,-5.102425e+00,8.743465e-01,2.302986e-01,5.456386e-01,5.873403e-01,2.122851,44.2263
0.0844516,2.515000e+01,-5.102461e+00,8.743465e-01,2.297327e-01,5.459392e-01,5.855746e-01,2.123661,44.5178
0.0844839,2.515000e+01,-5.102501e+00,8.743465e-01,2.297487e-01,5.458344e-01,5.857278e-01,2.124473,44.8102
0.0845161,2.515000e+01,-5.102529e+00,8.743465e-01,2.295862e-01,5.461586e-01,5.849661e-01,2.125283,45.1017
0.0845484,2.515000e+01,-5.102577e+00,8.743465e-01,2.298447e-01,5.455872e-01,5.862381e-01,2.126095,45.3941
0.0845806,2.515000e+01,-5.102640e+00,8.743465e-01,2.301814e-01,5.456260e-01,5.870552e-01,2.126904,45.6856
0.0846129,2.515000e+01,-5.102671e+00,8.743465e-01,2.293852e-01,5.453723e-01,5.852966e-01,2.127717,45.9780
0.0846452,2.515000e+01,-5.102689e+00,8.743465e-01,2.291522e-01,5.454396e-01,5.846301e-01,2.128529,46.2704
0.0846774,2.515000e+01,-5.102708e+00,8.743465e-01,2.292860e-01,5.454193e-01,5.849930e-01,2.129339,46.5619
0.0847097,2.515000e+01,-5.102757e+00,8.743465e-01,2.300908e-01,5.455243e-01,5.869334e-01,2.130151,46.8543
0.0847419,2.515000e+01,-5.102810e+00,8.743465e-01,2.302989e-01,5.456943e-01,5.872811e-01,2.130961,47.1458
0.0847742,2.515000e+01,-5.102835e+00,8.743465e-01,2.295504e-01,5.453679e-01,5.857228e-01,2.131773,47.4382
0.0848065,2.515000e+01,-5.102859e+00,8.743465e-01,2.294433e-01,5.450305e-01,5.858121e-01,2.132585,47.7306
0.0848387,2.515000e+01,-5.102865e+00,8.743465e-01,2.288524e-01,5.446937e-01,5.846646e-01,2.133395,48.0221
0.084871,2.515000e+01,-5.102892e+00,8.743465e-01,2.293306e-01,5.444709e-01,5.861260e-01,2.134207,48.3145
0.0849032,2.515000e+01,-5.102906e+00,8.743465e-01,2.294113e-01,5.452342e-01,5.855115e-01,2.135017,48.6060
0.0849355,2.515000e+01,-5.102932e+00,8.743465e-01,2.297006e-01,5.450856e-01,5.864097e-01,2.135829,48.8984
0.0849677,2.515000e+01,-5.102943e+00,8.743465e-01,2.293664e-01,5.448173e-01,5.858449e-01,2.136639,49.1899
0.085,2.515000e+01,-5.102928e+00,8.743465e-01,2.286319e-01,5.443948e-01,5.844220e-01,2.137451,49.4823
0.0850323,2.515000e+01,-5.102921e+00,8.743465e-01,2.288364e-01,5.442532e-01,5.850970e-01,2.138263,49.7747
0.0850645,2.515000e+01,-5.102931e+00,8.743465e-01,2.294851e-01,5.445562e-01,5.864290e-01,2.139073,50.0662
0.0850968,2.515000e+01,-5.102936e+00,8.743465e-01,2.295918e-01,5.446816e-01,5.865668e-01,2.139885,50.3586
0.085129,2.515000e+01,-5.102887e+00,8.743465e-01,2.285124e-01,5.448239e-01,5.836566e-01,2.140695,50.6501
0.0851613,2.515000e+01,-5.102843e+00,8.743465e-01,2.282637e-01,5.440444e-01,5.838568e-01,2.141507,50.9425
0.0851935,2.515000e+01,-5.102796e+00,8.743465e-01,2.281455e-01,5.435320e-01,5.841044e-01,2.142317,51.2340
0.0852258,2.515000e+01,-5.102757e+00,8.743465e-01,2.286200e-01,5.436050e-01,5.852407e-01,2.143129,51.5264
0.0852581,2.515000e+01,-5.102713e+00,8.743465e-01,2.288980e-01,5.442356e-01,5.852733e-01,2.143941,51.8188
0.0852903,2.515000e+01,-5.102679e+00,8.743465e-01,2.294968e-01,5.445027e-01,5.865166e-01,2.144751,52.1103
0.0853226,2.515000e+01,-5.102644e+00,8.743465e-01,2.295054e-01,5.442420e-01,5.868196e-01,2.145563,52.4027
0.0853548,2.515000e+01,-5.102585e+00,8.743465e-01,2.287056e-01,5.435061e-01,5.855663e-01,2.146373,52.6942
0.0853871,2.515000e+01,-5.102519e+00,8.743465e-01,2.286791e-01,5.435406e-01,5.854612e-01,2.147185,52.9866
0.0854194,2.515000e+01,-5.102459e+00,8.743465e-01,2.289160e-01,5.436081e-01,5.859952e-01,2.147997,53.2790
0.0854516,2.515000e+01,-5.102408e+00,8.743465e-01,2.291867e-01,5.435401e-01,5.867613e-01,2.148807,53.5705
0.0854839,2.515000e+01,-5.102329e+00,8.743465e-01,2.286248e-01,5.437614e-01,5.850844e-01,2.149619,53.8629
0.0855161,2.515000e+01,-5.102240e+00,8.743465e-01,2.281282e-01,5.431553e-01,5.844653e-01,2.150429,54.1544
0.0855484,2.515000e+01,-5.102155e+00,8.743465e-01,2.283399e-01,5.431154e-01,5.850506e-01,2.151241,54.4468
0.0855806,2.515000e+01,-5.102067e+00,8.743465e-01,2.283608e-01,5.432096e-01,5.850026e-01,2.152051,54.7383
0.0856129,2.515000e+01,-5.101987e+00,8.743465e-01,2.284900e-01,5.429143e-01,5.856520e-01,2.152863,55.0307
0.0856452,2.515000e+01,-5.101907e+00,8.743465e-01,2.286313e-01,5.431202e-01,5.857918e-01,2.153675,55.3231
0.0856774,2.515000e+01,-5.101826e+00,8.743465e-01,2.286831e-01,5.430638e-01,5.859854e-01,2.154485,55.6146
0.0857097,2.515000e+01,-5.101722e+00,8.743465e-01,2.281988e-01,5.429813e-01,5.848334e-01,2.155297,55.9070
0.0857419,2.515000e+01,-5.101604e+00,8.743465e-01,2.277314e-01,5.427374e-01,5.838978e-01,2.156107,56.1985
0.0857742,2.515000e+01,-5.101492e+00,8.743465e-01,2.278715e-01,5.426361e-01,5.843661e-01,2.156919,56.4909
0.0858065,2.515000e+01,-5.101392e+00,8.743465e-01,2.282382e-01,5.427857e-01,5.851451e-01,2.157732,56.7833
0.0858387,2.515000e+01,-5.101297e+00,8.743465e-01,2.279861e-01,5.423369e-01,5.849825e-01,2.158541,57.0748
0.085871,2.515000e+01,-5.101206e+00,8.743465e-01,2.280269e-01,5.420446e-01,5.854028e-01,2.159353,57.3672
0.0859032,2.515000e+01,-5.101116e+00,8.743465e-01,2.284098e-01,5.425383e-01,5.858522e-01,2.160163,57.6587
0.0859355,2.515000e+01,-5.101030e+00,8.743465e-01,2.286397e-01,5.428746e-01,5.860785e-01,2.160975,57.9512
0.0859677,2.515000e+01,-5.100940e+00,8.743465e-01,2.285467e-01,5.427583e-01,5.859657e-01,2.161785,58.2426
0.086,2.515000e+01,-5.100842e+00,8.743465e-01,2.283242e-01,5.424295e-01,5.857500e-01,2.162597,58.5351
0.0860323,2.515000e+01,-5.100754e+00,8.743465e-01,2.284079e-01,5.420173e-01,5.864103e-01,2.163410,58.8275
0.0860645,2.515000e+01,-5.100661e+00,8.743465e-01,2.282804e-01,5.421943e-01,5.858918e-01,2.164219,59.1190
0.0860968,2.515000e+01,-5.100555e+00,8.743465e-01,2.276276e-01,5.416538e-01,5.847993e-01,2.165032,59.4114
0.086129,2.515000e+01,-5.100465e+00,8.743465e-01,2.279465e-01,5.413482e-01,5.859491e-01,2.165841,59.7029
0.0861613,2.515000e+01,-5.100358e+00,8.743465e-01,2.277855e-01,5.417573e-01,5.850932e-01,2.166653,59.9953
0.0861935,2.515000e+01,-5.100254e+00,8.743465e-01,2.280296e-01,5.419753e-01,5.854846e-01,2.167463,60.2868
0.0862258,2.515000e+01,-5.100150e+00,8.743465e-01,2.281021e-01,5.420560e-01,5.855837e-01,2.168275,60.5792
0.0862581,2.515000e+01,-5.100048e+00,8.743465e-01,2.281218e-01,5.419910e-01,5.857042e-01,2.169088,60.8716
0.0862903,2.515000e+01,-5.099959e+00,8.743465e-01,2.282752e-01,5.416356e-01,5.864827e-01,2.169897,61.1631
0.0863226,2.515000e+01,-5.099848e+00,8.743465e-01,2.274718e-01,5.412834e-01,5.847989e-01,2.170710,61.4555
0.0863548,2.515000e+01,-5.099740e+00,8.743465e-01,2.274275e-01,5.411386e-01,5.848417e-01,2.171519,61.7470
0.0863871,2.515000e+01,-5.099629e+00,8.743465e-01,2.274520e-01,5.413699e-01,5.846546e-01,2.172332,62.0394
0.0864194,2.515000e+01,-5.099524e+00,8.743465e-01,2.278049e-01,5.417983e-01,5.850988e-01,2.173144,62.3318
0.0864516,2.515000e+01,-5.099425e+00,8.743465e-01,2.278970e-01,5.417656e-01,5.853707e-01,2.173954,62.6233
0.0864839,2.515000e+01,-5.099339e+00,8.743465e-01,2.281313e-01,5.418767e-01,5.858521e-01,2.174766,62.9157
0.0865161,2.515000e+01,-5.099264e+00,8.743465e-01,2.280793e-01,5.412336e-01,5.864145e-01,2.175575,63.2072
0.0865484,2.515000e+01,-5.099181e+00,8.743465e-01,2.279607e-01,5.412978e-01,5.860402e-01,2.176388,63.4996
0.0865806,2.515000e+01,-5.099099e+00,8.743465e-01,2.279356e-01,5.412420e-01,5.860363e-01,2.177197,63.7911
0.0866129,2.515000e+01,-5.099030e+00,8.743465e-01,2.282826e-01,5.415227e-01,5.866241e-01,2.178010,64.0835
0.0866452,2.515000e+01,-5.098968e+00,8.743465e-01,2.283719e-01,5.417163e-01,5.866436e-01,2.178822,64.3759
0.0866774,2.515000e+01,-5.098904e+00,8.743465e-01,2.279048e-01,5.409487e-01,5.862747e-01,2.179632,64.6674
0.0867097,2.515000e+01,-5.098856e+00,8.743465e-01,2.275851e-01,5.398569e-01,5.866362e-01,2.180444,64.9598
0.0867419,2.515000e+01,-5.098803e+00,8.743465e-01,2.273791e-01,5.402831e-01,5.856428e-01,2.181254,65.2513
0.0867742,2.515000e+01,-5.098751e+00,8.743465e-01,2.276937e-01,5.409696e-01,5.857089e-01,2.182066,65.5437
0.0868065,2.515000e+01,-5.098702e+00,8.743465e-01,2.279047e-01,5.414562e-01,5.857249e-01,2.182878,65.8361
0.0868387,2.515000e+01,-5.098670e+00,8.743465e-01,2.280553e-01,5.411042e-01,5.864933e-01,2.183688,66.1276
0.086871,2.515000e+01,-5.098648e+00,8.743465e-01,2.282510e-01,5.410162e-01,5.870920e-01,2.184500,66.4200
0.0869032,2.515000e+01,-5.098628e+00,8.743465e-01,2.278614e-01,5.404079e-01,5.867495e-01,2.185310,66.7115
0.0869355,2.515000e+01,-5.098609e+00,8.743465e-01,2.276611e-01,5.402444e-01,5.864113e-01,2.186122,67.0039
0.0869677,2.515000e+01,-5.098583e+00,8.743465e-01,2.275372e-01,5.406696e-01,5.856311e-01,2.186932,67.2954
0.087,2.515000e+01,-5.098564e+00,8.743465e-01,2.276633e-01,5.407076e-01,5.859145e-01,2.187744,67.5878
0.0870323,2.515000e+01,-5.098557e+00,8.743465e-01,2.276844e-01,5.405166e-01,5.861757e-01,2.188556,67.8802
0.0870645,2.515000e+01,-5.098551e+00,8.743465e-01,2.273748e-01,5.399736e-01,5.859675e-01,2.189366,68.1717
0.0870968,2.515000e+01,-5.098545e+00,8.743465e-01,2.273018e-01,5.401909e-01,5.855438e-01,2.190178,68.4641
0.087129,2.515000e+01,-5.098544e+00,8.743465e-01,2.275841e-01,5.408014e-01,5.856090e-01,2.190988,68.7556
0.0871613,2.515000e+01,-5.098557e+00,8.743465e-01,2.279077e-01,5.410140e-01,5.862112e-01,2.191800,69.0480
0.0871935,2.515000e+01,-5.098587e+00,8.743465e-01,2.280479e-01,5.406175e-01,5.870022e-01,2.192610,69.3395
0.0872258,2.515000e+01,-5.098622e+00,8.743465e-01,2.281223e-01,5.407844e-01,5.870125e-01,2.193422,69.6319
0.0872581,2.515000e+01,-5.098670e+00,8.743465e-01,2.280600e-01,5.401516e-01,5.875398e-01,2.194234,69.9243
0.0872903,2.515000e+01,-5.098721e+00,8.743465e-01,2.277011e-01,5.397479e-01,5.870537e-01,2.195044,70.2158
0.0873226,2.515000e+01,-5.098784e+00,8.743465e-01,2.276667e-01,5.394396e-01,5.873006e-01,2.195856,70.5082
0.0873548,2.515000e+01,-5.098842e+00,8.743465e-01,2.276925e-01,5.397855e-01,5.869908e-01,2.196666,70.7997
0.0873871,2.515000e+01,-5.098902e+00,8.743465e-01,2.278457e-01,5.400742e-01,5.870716e-01,2.197478,71.0921
0.0874194,2.515000e+01,-5.098958e+00,8.743465e-01,2.279507e-01,5.405954e-01,5.867759e-01,2.198290,71.3845
0.0874516,2.515000e+01,-5.099015e+00,8.743465e-01,2.279376e-01,5.406268e-01,5.867081e-01,2.199100,71.6760
0.0874839,2.515000e+01,-5.099073e+00,8.743465e-01,2.279106e-01,5.407259e-01,5.865310e-01,2.199912,71.9684
0.0875161,2.515000e+01,-5.099156e+00,8.743465e-01,2.279993e-01,5.397455e-01,5.878253e-01,2.200722,72.2599
0.0875484,2.515000e+01,-5.099242e+00,8.743465e-01,2.281061e-01,5.398169e-01,5.880230e-01,2.201534,72.5523
0.0875806,2.515000e+01,-5.099315e+00,8.743465e-01,2.278398e-01,5.398891e-01,5.872577e-01,2.202344,72.8438
0.0876129,2.515000e+01,-5.099372e+00,8.743465e-01,2.275541e-01,5.401051e-01,5.862867e-01,2.203156,73.1362
0.0876452,2.515000e+01,-5.099424e+00,8.743465e-01,2.274653e-01,5.402989e-01,5.858477e-01,2.203968,73.4286
0.0876774,2.515000e+01,-5.099490e+00,8.743465e-01,2.276449e-01,5.400204e-01,5.866126e-01,2.204778,73.7201
0.0877097,2.515000e+01,-5.099563e+00,8.743465e-01,2.278173e-01,5.399576e-01,5.871251e-01,2.205590,74.0125
0.0877419,2.515000e+01,-5.099628e+00,8.743465e-01,2.278304e-01,5.404715e-01,5.866008e-01,2.206400,74.3040
0.0877742,2.515000e+01,-5.099694e+00,8.743465e-01,2.278781e-01,5.406267e-01,5.865550e-01,2.207212,74.5964
0.0878065,2.515000e+01,-5.099759e+00,8.743465e-01,2.279996e-01,5.409625e-01,5.865034e-01,2.208024,74.8888
0.0878387,2.515000e+01,-5.099838e+00,8.743465e-01,2.279089e-01,5.401462e-01,5.871563e-01,2.208834,75.1803
0.087871,2.515000e+01,-5.099939e+00,8.743465e-01,2.279942e-01,5.391686e-01,5.884409e-01,2.209646,75.4727
0.0879032,2.515000e+01,-5.100040e+00,8.743465e-01,2.279456e-01,5.389537e-01,5.885502e-01,2.210456,75.7642
0.0879355,2.515000e+01,-5.100125e+00,8.743465e-01,2.279443e-01,5.394974e-01,5.879536e-01,2.211268,76.0566
0.0879677,2.515000e+01,-5.100183e+00,8.743465e-01,2.277656e-01,5.404441e-01,5.864636e-01,2.212078,76.3481
0.088,2.515000e+01,-5.100242e+00,8.743465e-01,2.278455e-01,5.404771e-01,5.866334e-01,2.212890,76.6405
0.0880323,2.515000e+01,-5.100316e+00,8.743465e-01,2.282408e-01,5.403976e-01,5.877376e-01,2.213703,76.9329
0.0880645,2.515000e+01,-5.100386e+00,8.743465e-01,2.282652e-01,5.404397e-01,5.877546e-01,2.214512,77.2244
0.0880968,2.515000e+01,-5.100459e+00,8.743465e-01,2.280993e-01,5.399206e-01,5.878921e-01,2.215325,77.5168
0.088129,2.515000e+01,-5.100526e+00,8.743465e-01,2.281633e-01,5.401501e-01,5.878074e-01,2.216134,77.8083
0.0881613,2.515000e+01,-5.100597e+00,8.743465e-01,2.284941e-01,5.403339e-01,5.884594e-01,2.216946,78.1007
0.0881935,2.515000e+01,-5.100663e+00,8.743465e-01,2.284251e-01,5.401104e-01,5.885251e-01,2.217756,78.3922
0.0882258,2.515000e+01,-5.100731e+00,8.743465e-01,2.281753e-01,5.393514e-01,5.887089e-01,2.218568,78.6846
0.0882581,2.515000e+01,-5.100780e+00,8.743465e-01,2.279288e-01,5.396567e-01,5.877401e-01,2.219381,78.9770
0.0882903,2.515000e+01,-5.100818e+00,8.743465e-01,2.280270e-01,5.404749e-01,5.871033e-01,2.220190,79.2685
0.0883226,2.515000e+01,-5.100828e+00,8.743465e-01,2.277728e-01,5.411431e-01,5.857245e-01,2.221003,79.5609
0.0883548,2.515000e+01,-5.100840e+00,8.743465e-01,2.278510e-01,5.410708e-01,5.860040e-01,2.221812,79.8524
0.0883871,2.515000e+01,-5.100883e+00,8.743465e-01,2.284664e-01,5.406019e-01,5.880964e-01,2.222625,80.1448
0.0884194,2.515000e+01,-5.100923e+00,8.743465e-01,2.287423e-01,5.411306e-01,5.882312e-01,2.223437,80.4372
0.0884516,2.515000e+01,-5.100975e+00,8.743465e-01,2.286882e-01,5.403804e-01,5.889086e-01,2.224246,80.7287
0.0884839,2.515000e+01,-5.101017e+00,8.743465e-01,2.284819e-01,5.403609e-01,5.883985e-01,2.225059,81.0211
0.0885161,2.515000e+01,-5.101064e+00,8.743465e-01,2.286803e-01,5.404372e-01,5.888263e-01,2.225868,81.3126
0.0885484,2.515000e+01,-5.101107e+00,8.743465e-01,2.286519e-01,5.404988e-01,5.886861e-01,2.226681,81.6050
0.0885806,2.515000e+01,-5.101151e+00,8.743465e-01,2.284725e-01,5.400235e-01,5.887421e-01,2.227490,81.8965
0.0886129,2.515000e+01,-5.101168e+00,8.743465e-01,2.282688e-01,5.409953e-01,5.871605e-01,2.228303,82.1889
0.0886452,2.515000e+01,-5.101180e+00,8.743465e-01,2.284917e-01,5.415582e-01,5.871229e-01,2.229115,82.4813
0.0886774,2.515000e+01,-5.101195e+00,8.743465e-01,2.286712e-01,5.416135e-01,5.875242e-01,2.229925,82.7728
0.0887097,2.515000e+01,-5.101249e+00,8.743465e-01,2.293132e-01,5.409186e-01,5.899305e-01,2.230737,83.0652
0.0887419,2.515000e+01,-5.101286e+00,8.743465e-01,2.291441e-01,5.414885e-01,5.888750e-01,2.231547,83.3567
0.0887742,2.515000e+01,-5.101292e+00,8.743465e-01,2.287006e-01,5.421809e-01,5.869848e-01,2.232359,83.6491
0.0888065,2.515000e+01,-5.101326e+00,8.743465e-01,2.288431e-01,5.408213e-01,5.888270e-01,2.233171,83.9415
0.0888387,2.515000e+01,-5.101370e+00,8.743465e-01,2.290067e-01,5.406041e-01,5.894846e-01,2.233981,84.2330
0.088871,2.515000e+01,-5.101422e+00,8.743465e-01,2.294443e-01,5.411322e-01,5.900346e-01,2.234793,84.5254
0.0889032,2.515000e+01,-5.101447e+00,8.743465e-01,2.291914e-01,5.417246e-01,5.887398e-01,2.235603,84.8169
0.0889355,2.515000e+01,-5.101468e+00,8.743465e-01,2.287682e-01,5.409803e-01,5.884613e-01,2.236415,85.1094
0.0889677,2.515000e+01,-5.101470e+00,8.743465e-01,2.285940e-01,5.414675e-01,5.874840e-01,2.237225,85.4008
0.089,2.515000e+01,-5.101446e+00,8.743465e-01,2.284003e-01,5.422623e-01,5.861259e-01,2.238037,85.6933
0.0890323,2.515000e+01,-5.101437e+00,8.743465e-01,2.290683e-01,5.426496e-01,5.874207e-01,2.238849,85.9857
0.0890645,2.515000e+01,-5.101476e+00,8.743465e-01,2.298731e-01,5.417033e-01,5.905141e-01,2.239659,86.2772
0.0890968,2.515000e+01,-5.101515e+00,8.743465e-01,2.299557e-01,5.418032e-01,5.906176e-01,2.240471,86.5696
0.089129,2.515000e+01,-5.101504e+00,8.743465e-01,2.290305e-01,5.425015e-01,5.874839e-01,2.241281,86.8611
0.0891613,2.515000e+01,-5.101478e+00,8.743465e-01,2.284208e-01,5.416185e-01,5.868754e-01,2.242093,87.1535
0.0891935,2.515000e+01,-5.101473e+00,8.743465e-01,2.288365e-01,5.413074e-01,5.882814e-01,2.242903,87.4450
0.0892258,2.515000e+01,-5.101504e+00,8.743465e-01,2.297726e-01,5.413949e-01,5.905923e-01,2.243715,87.7374
0.0892581,2.515000e+01,-5.101515e+00,8.743465e-01,2.298327e-01,5.423777e-01,5.896764e-01,2.244527,88.0298
0.0892903,2.515000e+01,-5.101496e+00,8.743465e-01,2.295144e-01,5.432201e-01,5.879464e-01,2.245337,88.3213
0.0893226,2.515000e+01,-5.101475e+00,8.743465e-01,2.294454e-01,5.433133e-01,5.876689e-01,2.246149,88.6137
0.0893548,2.515000e+01,-5.101453e+00,8.743465e-01,2.294806e-01,5.432933e-01,5.877806e-01,2.246959,88.9052
0.0893871,2.515000e+01,-5.101458e+00,8.743465e-01,2.295826e-01,5.424026e-01,5.890078e-01,2.247771,89.1976
0.0894194,2.515000e+01,-5.101525e+00,8.743465e-01,2.304048e-01,5.408598e-01,5.928031e-01,2.248583,89.4900
0.0894516,2.515000e+01,-5.101581e+00,8.743465e-01,2.304601e-01,5.415616e-01,5.921769e-01,2.249393,89.7815
0.0894839,2.515000e+01,-5.101587e+00,8.743465e-01,2.300017e-01,5.432211e-01,5.891939e-01,2.250205,90.0739
0.0895161,2.515000e+01,-5.101539e+00,8.743465e-01,2.285898e-01,5.431810e-01,5.856200e-01,2.251015,90.3654
0.0895484,2.515000e+01,-5.101499e+00,8.743465e-01,2.286128e-01,5.426143e-01,5.862907e-01,2.251827,90.6578
0.0895806,2.515000e+01,-5.101502e+00,8.743465e-01,2.295446e-01,5.422963e-01,5.890256e-01,2.252637,90.9493
0.0896129,2.515000e+01,-5.101514e+00,8.743465e-01,2.304279e-01,5.434561e-01,5.900302e-01,2.253449,91.2417
0.0896452,2.515000e+01,-5.101521e+00,8.743465e-01,2.303441e-01,5.434179e-01,5.898570e-01,2.254261,91.5341
0.0896774,2.515000e+01,-5.101495e+00,8.743465e-01,2.297814e-01,5.437230e-01,5.880860e-01,2.255071,91.8256
0.0897097,2.515000e+01,-5.101463e+00,8.743465e-01,2.296712e-01,5.438685e-01,5.876468e-01,2.255883,92.1180
0.0897419,2.515000e+01,-5.101462e+00,8.743465e-01,2.299170e-01,5.429200e-01,5.893034e-01,2.256693,92.4095
0.0897742,2.515000e+01,-5.101493e+00,8.743465e-01,2.304559e-01,5.422973e-01,5.913629e-01,2.257505,92.7019
0.0898065,2.515000e+01,-5.101518e+00,8.743465e-01,2.304897e-01,5.425509e-01,5.911731e-01,2.258317,92.9943
0.0898387,2.515000e+01,-5.101524e+00,8.743465e-01,2.304056e-01,5.435477e-01,5.898738e-01,2.259127,93.2858
0.089871,2.515000e+01,-5.101482e+00,8.743465e-01,2.297124e-01,5.443328e-01,5.872508e-01,2.259939,93.5782
0.0899032,2.515000e+01,-5.101440e+00,8.743465e-01,2.297546e-01,5.442320e-01,5.874674e-01,2.260749,93.8697
0.0899355,2.515000e+01,-5.101396e+00,8.743465e-01,2.297684e-01,5.444152e-01,5.873050e-01,2.261561,94.1621
0.0899677,2.515000e+01,-5.101364e+00,8.743465e-01,2.301898e-01,5.445823e-01,5.882016e-01,2.262371,94.4536
0.09,2.515000e+01,-5.101385e+00,8.743465e-01,2.308738e-01,5.430104e-01,5.916574e-01,2.263183,94.7460
0.0900333,2.515000e+01,-5.101406e+00,8.743465e-01,2.309251e-01,5.422336e-01,5.926364e-01,2.264021,95.0474
0.0900667,2.515000e+01,-5.101393e+00,8.743465e-01,2.307401e-01,5.436057e-01,5.906670e-01,2.264861,95.3498
0.0901,2.515000e+01,-5.101350e+00,8.743465e-01,2.303467e-01,5.444828e-01,5.887102e-01,2.265698,95.6513
0.0901333,2.515000e+01,-5.101326e+00,8.743465e-01,2.304963e-01,5.438765e-01,5.897493e-01,2.266535,95.9527
0.0901667,2.515000e+01,-5.101301e+00,8.743465e-01,2.303781e-01,5.435635e-01,5.897862e-01,2.267375,96.2551
0.0902,2.515000e+01,-5.101253e+00,8.743465e-01,2.302975e-01,5.443064e-01,5.887753e-01,2.268213,96.5565
0.0902333,2.515000e+01,-5.101210e+00,8.743465e-01,2.304844e-01,5.444612e-01,5.890856e-01,2.269050,96.8580
0.0902667,2.515000e+01,-5.101184e+00,8.743465e-01,2.308006e-01,5.443191e-01,5.900478e-01,2.269890,97.1603
0.0903,2.515000e+01,-5.101142e+00,8.743465e-01,2.306706e-01,5.448600e-01,5.891298e-01,2.270727,97.4618
0.0903333,2.515000e+01,-5.101097e+00,8.743465e-01,2.305044e-01,5.446389e-01,5.889442e-01,2.271565,97.7633
0.0903667,2.515000e+01,-5.101066e+00,8.743465e-01,2.306794e-01,5.440739e-01,5.900035e-01,2.272405,98.0656
0.0904,2.515000e+01,-5.101032e+00,8.743465e-01,2.306286e-01,5.438885e-01,5.900747e-01,2.273242,98.3671
0.0904333,2.515000e+01,-5.100989e+00,8.743465e-01,2.308185e-01,5.444435e-01,5.899584e-01,2.274079,98.6685
0.0904667,2.515000e+01,-5.100921e+00,8.743465e-01,2.304771e-01,5.448262e-01,5.886722e-01,2.274919,98.9709
0.0905,2.515000e+01,-5.100855e+00,8.743465e-01,2.305414e-01,5.447483e-01,5.889208e-01,2.275757,99.2724
0.0905333,2.515000e+01,-5.100765e+00,8.743465e-01,2.302863e-01,5.449570e-01,5.880437e-01,2.276594,99.5738
0.0905667,2.515000e+01,-5.100685e+00,8.743465e-01,2.306811e-01,5.448404e-01,5.891779e-01,2.277434,99.8762
0.0906,2.515000e+01,-5.100631e+00,8.743465e-01,2.312376e-01,5.445007e-01,5.909677e-01,2.278271,100.1776
0.0906333,2.515000e+01,-5.100575e+00,8.743465e-01,2.313837e-01,5.448201e-01,5.909944e-01,2.279109,100.4791
0.0906667,2.515000e+01,-5.100500e+00,8.743465e-01,2.311899e-01,5.453232e-01,5.899545e-01,2.279948,100.7814
0.0907,2.515000e+01,-5.100408e+00,8.743465e-01,2.305621e-01,5.447524e-01,5.889691e-01,2.280786,101.0829
0.0907333,2.515000e+01,-5.100326e+00,8.743465e-01,2.306226e-01,5.444101e-01,5.894940e-01,2.281623,101.3844
0.0907667,2.515000e+01,-5.100246e+00,8.743465e-01,2.308595e-01,5.447046e-01,5.897804e-01,2.282463,101.6867
0.0908,2.515000e+01,-5.100159e+00,8.743465e-01,2.312146e-01,5.456450e-01,5.896695e-01,2.283300,101.9882
0.0908333,2.515000e+01,-5.100077e+00,8.743465e-01,2.312230e-01,5.454498e-01,5.899021e-01,2.284138,102.2896
0.0908667,2.515000e+01,-5.099985e+00,8.743465e-01,2.310214e-01,5.451505e-01,5.897113e-01,2.284978,102.5920
0.0909,2.515000e+01,-5.099883e+00,8.743465e-01,2.310217e-01,5.454798e-01,5.893560e-01,2.285815,102.8934
0.0909333,2.515000e+01,-5.099778e+00,8.743465e-01,2.310488e-01,5.455510e-01,5.893483e-01,2.286653,103.1949
0.0909667,2.515000e+01,-5.099670e+00,8.743465e-01,2.311492e-01,5.457964e-01,5.893392e-01,2.287492,103.4973
0.091,2.515000e+01,-5.099553e+00,8.743465e-01,2.309407e-01,5.457551e-01,5.888524e-01,2.288330,103.7987
0.0910333,2.515000e+01,-5.099439e+00,8.743465e-01,2.309209e-01,5.455239e-01,5.890515e-01,2.289167,104.1002
0.0910667,2.515000e+01,-5.099337e+00,8.743465e-01,2.308411e-01,5.447487e-01,5.896859e-01,2.290007,104.4025
0.0911,2.515000e+01,-5.099247e+00,8.743465e-01,2.310140e-01,5.447362e-01,5.901410e-01,2.290844,104.7040
0.0911333,2.515000e+01,-5.099142e+00,8.743465e-01,2.309898e-01,5.455875e-01,5.891585e-01,2.291682,105.0054
0.0911667,2.515000e+01,-5.099023e+00,8.743465e-01,2.310110e-01,5.462610e-01,5.884861e-01,2.292522,105.3078
0.0912,2.515000e+01,-5.098905e+00,8.743465e-01,2.309621e-01,5.461328e-01,5.884996e-01,2.293359,105.6093
0.0912333,2.515000e+01,-5.098790e+00,8.743465e-01,2.308237e-01,5.458218e-01,5.884821e-01,2.294196,105.9107
0.0912667,2.515000e+01,-5.098704e+00,8.743465e-01,2.312089e-01,5.454161e-01,5.899026e-01,2.295036,106.2131
0.0913,2.515000e+01,-5.098641e+00,8.743465e-01,2.314894e-01,5.450167e-01,5.910511e-01,2.295874,106.5145
0.0913333,2.515000e+01,-5.098577e+00,8.743465e-01,2.316059e-01,5.453038e-01,5.910372e-01,2.296711,106.8160
0.0913667,2.515000e+01,-5.098491e+00,8.743465e-01,2.313542e-01,5.460632e-01,5.895737e-01,2.297551,107.1184
0.0914,2.515000e+01,-5.098399e+00,8.743465e-01,2.311055e-01,5.460085e-01,5.889991e-01,2.298388,107.4198
0.0914333,2.515000e+01,-5.098315e+00,8.743465e-01,2.311938e-01,5.458444e-01,5.894013e-01,2.299226,107.7213
0.0914667,2.515000e+01,-5.098228e+00,8.743465e-01,2.310220e-01,5.456393e-01,5.891846e-01,2.300066,108.0236
0.0915,2.515000e+01,-5.098130e+00,8.743465e-01,2.310394e-01,5.463679e-01,5.884432e-01,2.300903,108.3251
0.0915333,2.515000e+01,-5.098035e+00,8.743465e-01,2.310340e-01,5.463133e-01,5.884883e-01,2.301740,108.6265
0.0915667,2.515000e+01,-5.097941e+00,8.743465e-01,2.310605e-01,5.464737e-01,5.883829e-01,2.302580,108.9289
0.0916,2.515000e+01,-5.097868e+00,8.743465e-01,2.311166e-01,5.459629e-01,5.890765e-01,2.303418,109.2304
0.0916333,2.515000e+01,-5.097812e+00,8.743465e-01,2.310112e-01,5.452085e-01,5.896227e-01,2.304255,109.5318
0.0916667,2.515000e+01,-5.097764e+00,8.743465e-01,2.310412e-01,5.451220e-01,5.897926e-01,2.305095,109.8342
0.0917,2.515000e+01,-5.097713e+00,8.743465e-01,2.310589e-01,5.456569e-01,5.892597e-01,2.305932,110.1356
0.0917333,2.515000e+01,-5.097643e+00,8.743465e-01,2.309115e-01,5.466506e-01,5.878134e-01,2.306770,110.4371
0.0917667,2.515000e+01,-5.097577e+00,8.743465e-01,2.309464e-01,5.467607e-01,5.877839e-01,2.307610,110.7394
0.0918,2.515000e+01,-5.097505e+00,8.743465e-01,2.308477e-01,5.468129e-01,5.874765e-01,2.308447,111.0409
0.0918333,2.515000e+01,-5.097444e+00,8.743465e-01,2.308427e-01,5.464334e-01,5.878717e-01,2.309284,111.3424
0.0918667,2.515000e+01,-5.097424e+00,8.743465e-01,2.312357e-01,5.455681e-01,5.898067e-01,2.310124,111.6447
0.0919,2.515000e+01,-5.097432e+00,8.743465e-01,2.315761e-01,5.452557e-01,5.910134e-01,2.310962,111.9462
0.0919333,2.515000e+01,-5.097433e+00,8.743465e-01,2.314936e-01,5.457849e-01,5.902299e-01,2.311799,112.2476
0.0919667,2.515000e+01,-5.097409e+00,8.743465e-01,2.310173e-01,5.467291e-01,5.879983e-01,2.312639,112.5500
0.092,2.515000e+01,-5.097387e+00,8.743465e-01,2.308819e-01,5.468520e-01,5.875214e-01,2.313476,112.8515
0.0920333,2.515000e+01,-5.097384e+00,8.743465e-01,2.310449e-01,5.463699e-01,5.884550e-01,2.314314,113.1529
0.0920667,2.515000e+01,-5.097398e+00,8.743465e-01,2.311674e-01,5.461228e-01,5.890334e-01,2.315154,113.4553
0.0921,2.515000e+01,-5.097405e+00,8.743465e-01,2.312169e-01,5.468971e-01,5.883256e-01,2.315991,113.7567
0.0921333,2.515000e+01,-5.097422e+00,8.743465e-01,2.312902e-01,5.468335e-01,5.885804e-01,2.316828,114.0582
0.0921667,2.515000e+01,-5.097430e+00,8.743465e-01,2.310750e-01,5.468536e-01,5.880113e-01,2.317668,114.3605
0.0922,2.515000e+01,-5.097446e+00,8.743465e-01,2.309074e-01,5.465125e-01,5.879514e-01,2.318506,114.6620
0.0922333,2.515000e+01,-5.097494e+00,8.743465e-01,2.310746e-01,5.455451e-01,5.894205e-01,2.319343,114.9635
0.0922667,2.515000e+01,-5.097563e+00,8.743465e-01,2.313852e-01,5.452858e-01,5.904935e-01,2.320183,115.2658
0.0923,2.515000e+01,-5.097610e+00,8.743465e-01,2.311942e-01,5.461307e-01,5.890931e-01,2.321020,115.5673
0.0923333,2.515000e+01,-5.097600e+00,8.743465e-01,2.303455e-01,5.476549e-01,5.852972e-01,2.321858,115.8687
0.0923667,2.515000e+01,-5.097603e+00,8.743465e-01,2.303472e-01,5.474093e-01,5.855641e-01,2.322697,116.1711
0.0924,2.515000e+01,-5.097641e+00,8.743465e-01,2.308024e-01,5.468290e-01,5.873440e-01,2.323535,116.4725
0.0924333,2.515000e+01,-5.097700e+00,8.743465e-01,2.309753e-01,5.462102e-01,5.884498e-01,2.324372,116.7740
0.0924667,2.515000e+01,-5.097766e+00,8.743465e-01,2.311637e-01,5.462185e-01,5.889209e-01,2.325212,117.0764
0.0925,2.515000e+01,-5.097813e+00,8.743465e-01,2.310090e-01,5.467098e-01,5.879978e-01,2.326049,117.3778
0.0925333,2.515000e+01,-5.097865e+00,8.743465e-01,2.312188e-01,5.470376e-01,5.881791e-01,2.326887,117.6793
0.0925667,2.515000e+01,-5.097910e+00,8.743465e-01,2.311722e-01,5.474127e-01,5.876578e-01,2.327727,117.9816
0.0926,2.515000e+01,-5.097973e+00,8.743465e-01,2.311677e-01,5.464562e-01,5.886748e-01,2.328564,118.2831
0.0926333,2.515000e+01,-5.098031e+00,8.743465e-01,2.309535e-01,5.460732e-01,5.885418e-01,2.329402,118.5845
0.0926667,2.515000e+01,-5.098069e+00,8.743465e-01,2.307265e-01,5.466317e-01,5.873627e-01,2.330241,118.8869
0.0927,2.515000e+01,-5.098090e+00,8.743465e-01,2.306218e-01,5.474422e-01,5.862270e-01,2.331079,119.1884
0.0927333,2.515000e+01,-5.098122e+00,8.743465e-01,2.309572e-01,5.474687e-01,5.870511e-01,2.331916,119.4898
0.0927667,2.515000e+01,-5.098175e+00,8.743465e-01,2.312852e-01,5.472962e-01,5.880701e-01,2.332756,119.7922
0.0928,2.515000e+01,-5.098247e+00,8.743465e-01,2.315915e-01,5.470648e-01,5.890980e-01,2.333593,120.0936
0.0928333,2.515000e+01,-5.098331e+00,8.743465e-01,2.316842e-01,5.465055e-01,5.899371e-01,2.334431,120.3951
0.0928667,2.515000e+01,-5.098400e+00,8.743465e-01,2.312298e-01,5.464316e-01,5.888596e-01,2.335271,120.6975
0.0929,2.515000e+01,-5.098453e+00,8.743465e-01,2.309211e-01,5.470493e-01,5.874094e-01,2.336108,120.9989
0.0929333,2.515000e+01,-5.098471e+00,8.743465e-01,2.305811e-01,5.479568e-01,5.855730e-01,2.336945,121.3004
0.0929667,2.515000e+01,-5.098515e+00,8.743465e-01,2.309373e-01,5.472999e-01,5.871814e-01,2.337785,121.6027
0.093,2.515000e+01,-5.098541e+00,8.743465e-01,2.306605e-01,5.473473e-01,5.864270e-01,2.338623,121.9042
0.0930323,2.515000e+01,-5.098560e+00,8.743465e-01,2.302783e-01,5.478092e-01,5.849616e-01,2.339435,122.1966
0.0930645,2.515000e+01,-5.098597e+00,8.743465e-01,2.307491e-01,5.477613e-01,5.862088e-01,2.340245,122.4881
0.0930968,2.515000e+01,-5.098652e+00,8.743465e-01,2.309329e-01,5.473741e-01,5.870908e-01,2.341057,122.7805
0.093129,2.515000e+01,-5.098716e+00,8.743465e-01,2.308360e-01,5.468898e-01,5.873641e-01,2.341867,123.0720
0.0931613,2.515000e+01,-5.098746e+00,8.743465e-01,2.301975e-01,5.474406e-01,5.851501e-01,2.342679,123.3644
0.0931935,2.515000e+01,-5.098792e+00,8.743465e-01,2.307545e-01,5.474114e-01,5.865972e-01,2.343489,123.6559
0.0932258,2.515000e+01,-5.098879e+00,8.743465e-01,2.316335e-01,5.472716e-01,5.889821e-01,2.344301,123.9483
0.0932581,2.515000e+01,-5.098967e+00,8.743465e-01,2.315540e-01,5.473018e-01,5.887477e-01,2.345113,124.2407
0.0932903,2.515000e+01,-5.099007e+00,8.743465e-01,2.305339e-01,5.478916e-01,5.855229e-01,2.345923,124.5322
0.0933226,2.515000e+01,-5.099055e+00,8.743465e-01,2.306417e-01,5.477171e-01,5.859834e-01,2.346735,124.8246
0.0933548,2.515000e+01,-5.099116e+00,8.743465e-01,2.305889e-01,5.469271e-01,5.866954e-01,2.347545,125.1161
0.0933871,2.515000e+01,-5.099191e+00,8.743465e-01,2.308372e-01,5.467937e-01,5.874705e-01,2.348357,125.4085
0.0934194,2.515000e+01,-5.099259e+00,8.743465e-01,2.311001e-01,5.476686e-01,5.871999e-01,2.349169,125.7009
0.0934516,2.515000e+01,-5.099347e+00,8.743465e-01,2.314293e-01,5.474542e-01,5.882667e-01,2.349979,125.9924
0.0934839,2.515000e+01,-5.099445e+00,8.743465e-01,2.314525e-01,5.471499e-01,5.886528e-01,2.350791,126.2848
0.0935161,2.515000e+01,-5.099476e+00,8.743465e-01,2.298928e-01,5.474586e-01,5.843565e-01,2.351601,126.5763
0.0935484,2.515000e+01,-5.099507e+00,8.743465e-01,2.298486e-01,5.472947e-01,5.844190e-01,2.352413,126.8687
0.0935806,2.515000e+01,-5.099560e+00,8.743465e-01,2.303328e-01,5.471569e-01,5.857978e-01,2.353223,127.1602
0.0936129,2.515000e+01,-5.099642e+00,8.743465e-01,2.308454e-01,5.468867e-01,5.873914e-01,2.354035,127.4526
0.0936452,2.515000e+01,-5.099715e+00,8.743465e-01,2.308451e-01,5.474511e-01,5.867851e-01,2.354847,127.7450
0.0936774,2.515000e+01,-5.099748e+00,8.743465e-01,2.299807e-01,5.477122e-01,5.843089e-01,2.355657,128.0365
0.0937097,2.515000e+01,-5.099803e+00,8.743465e-01,2.302373e-01,5.470491e-01,5.856703e-01,2.356469,128.3289
0.0937419,2.515000e+01,-5.099881e+00,8.743465e-01,2.305675e-01,5.467542e-01,5.868264e-01,2.357279,128.6204
0.0937742,2.515000e+01,-5.099968e+00,8.743465e-01,2.307409e-01,5.465736e-01,5.874617e-01,2.358091,128.9128
0.0938065,2.515000e+01,-5.100050e+00,8.743465e-01,2.306466e-01,5.465985e-01,5.871950e-01,2.358903,129.2052
0.0938387,2.515000e+01,-5.100133e+00,8.743465e-01,2.304929e-01,5.466021e-01,5.867997e-01,2.359713,129.4967
0.093871,2.515000e+01,-5.100169e+00,8.743465e-01,2.298604e-01,5.475689e-01,5.841565e-01,2.360525,129.7891
0.0939032,2.515000e+01,-5.100211e+00,8.743465e-01,2.299058e-01,5.470192e-01,5.848589e-01,2.361335,130.0806
0.0939355,2.515000e+01,-5.100265e+00,8.743465e-01,2.301055e-01,5.468651e-01,5.855319e-01,2.362147,130.3730
0.0939677,2.515000e+01,-5.100350e+00,8.743465e-01,2.305970e-01,5.462545e-01,5.874385e-01,2.362957,130.6645
0.094,2.515000e+01,-5.100442e+00,8.743465e-01,2.309693e-01,5.466554e-01,5.879553e-01,2.363769,130.9569
0.0940323,2.515000e+01,-5.100507e+00,8.743465e-01,2.304343e-01,5.468317e-01,5.864043e-01,2.364581,131.2493
0.0940645,2.515000e+01,-5.100565e+00,8.743465e-01,2.303212e-01,5.467890e-01,5.861622e-01,2.365391,131.5408
0.0940968,2.515000e+01,-5.100629e+00,8.743465e-01,2.303957e-01,5.465213e-01,5.866390e-01,2.366203,131.8332
0.094129,2.515000e+01,-5.100701e+00,8.743465e-01,2.303884e-01,5.459833e-01,5.871984e-01,2.367013,132.1247
0.0941613,2.515000e+01,-5.100781e+00,8.743465e-01,2.305148e-01,5.457102e-01,5.878147e-01,2.367825,132.4171
0.0941935,2.515000e+01,-5.100798e+00,8.743465e-01,2.291938e-01,5.462212e-01,5.838995e-01,2.368635,132.7086
0.0942258,2.515000e+01,-5.100808e+00,8.743465e-01,2.291933e-01,5.465017e-01,5.835983e-01,2.369447,133.0010
0.0942581,2.515000e+01,-5.100812e+00,8.743465e-01,2.292195e-01,5.467917e-01,5.833555e-01,2.370260,133.2934
0.0942903,2.515000e+01,-5.100848e+00,8.743465e-01,2.296852e-01,5.462221e-01,5.851505e-01,2.371069,133.5849
0.0943226,2.515000e+01,-5.100920e+00,8.743465e-01,2.303049e-01,5.457154e-01,5.872738e-01,2.371881,133.8773
0.0943548,2.515000e+01,-5.100984e+00,8.743465e-01,2.301549e-01,5.456737e-01,5.869363e-01,2.372691,134.1688
0.0943871,2.515000e+01,-5.101033e+00,8.743465e-01,2.297715e-01,5.457908e-01,5.858327e-01,2.373503,134.4612
0.0944194,2.515000e+01,-5.101074e+00,8.743465e-01,2.296428e-01,5.459542e-01,5.853294e-01,2.374316,134.7536
0.0944516,2.515000e+01,-5.101109e+00,8.743465e-01,2.294600e-01,5.459734e-01,5.848430e-01,2.375125,135.0451
0.0944839,2.515000e+01,-5.101158e+00,8.743465e-01,2.296946e-01,5.457046e-01,5.857291e-01,2.375938,135.3375
0.0945161,2.515000e+01,-5.101224e+00,8.743465e-01,2.300333e-01,5.455493e-01,5.867599e-01,2.376747,135.6290
0.0945484,2.515000e+01,-5.101268e+00,8.743465e-01,2.295029e-01,5.454045e-01,5.855625e-01,2.377560,135.9214
0.0945806,2.515000e+01,-5.101293e+00,8.743465e-01,2.290905e-01,5.453919e-01,5.845236e-01,2.378369,136.2129
0.0946129,2.515000e+01,-5.101309e+00,8.743465e-01,2.290285e-01,5.453747e-01,5.843839e-01,2.379181,136.5053
0.0946452,2.515000e+01,-5.101360e+00,8.743465e-01,2.298998e-01,5.454715e-01,5.865029e-01,2.379994,136.7977
0.0946774,2.515000e+01,-5.101420e+00,8.743465e-01,2.302995e-01,5.457070e-01,5.872690e-01,2.380803,137.0892
0.0947097,2.515000e+01,-5.101449e+00,8.743465e-01,2.294790e-01,5.453836e-01,5.855239e-01,2.381616,137.3816
0.0947419,2.515000e+01,-5.101479e+00,8.743465e-01,2.294075e-01,5.450919e-01,5.856545e-01,2.382425,137.6731
0.0947742,2.515000e+01,-5.101490e+00,8.743465e-01,2.287622e-01,5.447097e-01,5.844171e-01,2.383238,137.9655
0.0948065,2.515000e+01,-5.101520e+00,8.743465e-01,2.291547e-01,5.444268e-01,5.857240e-01,2.384050,138.2579
0.0948387,2.515000e+01,-5.101540e+00,8.743465e-01,2.292962e-01,5.450782e-01,5.853851e-01,2.384860,138.5494
0.094871,2.515000e+01,-5.101570e+00,8.743465e-01,2.296092e-01,5.450845e-01,5.861776e-01,2.385672,138.8418
0.0949032,2.515000e+01,-5.101590e+00,8.743465e-01,2.293754e-01,5.449080e-01,5.857703e-01,2.386482,139.1333
0.0949355,2.515000e+01,-5.101582e+00,8.743465e-01,2.285974e-01,5.444202e-01,5.843065e-01,2.387294,139.4257
0.0949677,2.515000e+01,-5.101577e+00,8.743465e-01,2.286445e-01,5.441857e-01,5.846788e-01,2.388103,139.7172
0.095,2.515000e+01,-5.101587e+00,8.743465e-01,2.292973e-01,5.445375e-01,5.859694e-01,2.388916,140.0097
0.0950323,2.515000e+01,-5.101601e+00,8.743465e-01,2.295033e-01,5.444770e-01,5.865609e-01,2.389728,140.3021
0.0950645,2.515000e+01,-5.101562e+00,8.743465e-01,2.286340e-01,5.450631e-01,5.837107e-01,2.390538,140.5936
0.0950968,2.515000e+01,-5.101522e+00,8.743465e-01,2.281724e-01,5.440387e-01,5.836293e-01,2.391350,140.8860
0.095129,2.515000e+01,-5.101480e+00,8.743465e-01,2.280750e-01,5.436183e-01,5.838312e-01,2.392160,141.1775
0.0951613,2.515000e+01,-5.101442e+00,8.743465e-01,2.283685e-01,5.435617e-01,5.846436e-01,2.392972,141.4699
0.0951935,2.515000e+01,-5.101401e+00,8.743465e-01,2.287272e-01,5.440976e-01,5.849848e-01,2.393782,141.7614
0.0952258,2.515000e+01,-5.101371e+00,8.743465e-01,2.292879e-01,5.444077e-01,5.860849e-01,2.394594,142.0538
0.0952581,2.515000e+01,-5.101343e+00,8.743465e-01,2.294837e-01,5.442794e-01,5.867239e-01,2.395406,142.3462
0.0952903,2.515000e+01,-5.101291e+00,8.743465e-01,2.287282e-01,5.436082e-01,5.855142e-01,2.396216,142.6377
0.0953226,2.515000e+01,-5.101231e+00,8.743465e-01,2.285750e-01,5.434599e-01,5.852816e-01,2.397028,142.9301
0.0953548,2.515000e+01,-5.101173e+00,8.743465e-01,2.287697e-01,5.436042e-01,5.856248e-01,2.397838,143.2216
0.0953871,2.515000e+01,-5.101125e+00,8.743465e-01,2.290260e-01,5.435110e-01,5.863813e-01,2.398650,143.5140
0.0954194,2.515000e+01,-5.101060e+00,8.743465e-01,2.287541e-01,5.437459e-01,5.854321e-01,2.399462,143.8064
0.0954516,2.515000e+01,-5.100971e+00,8.743465e-01,2.279819e-01,5.432172e-01,5.840240e-01,2.400272,144.0979
0.0954839,2.515000e+01,-5.100893e+00,8.743465e-01,2.282534e-01,5.430674e-01,5.848805e-01,2.401084,144.3903
0.0955161,2.515000e+01,-5.100807e+00,8.743465e-01,2.282364e-01,5.432401e-01,5.846511e-01,2.401894,144.6818
0.0955484,2.515000e+01,-5.100733e+00,8.743465e-01,2.283759e-01,5.428052e-01,5.854773e-01,2.402706,144.9742
0.0955806,2.515000e+01,-5.100656e+00,8.743465e-01,2.285097e-01,5.430799e-01,5.855238e-01,2.403516,145.2657
0.0956129,2.515000e+01,-5.100579e+00,8.743465e-01,2.285715e-01,5.430855e-01,5.856761e-01,2.404328,145.5581
0.0956452,2.515000e+01,-5.100487e+00,8.743465e-01,2.283240e-01,5.430282e-01,5.851037e-01,2.405140,145.8505
0.0956774,2.515000e+01,-5.100369e+00,8.743465e-01,2.275576e-01,5.427310e-01,5.834591e-01,2.405950,146.1420
0.0957097,2.515000e+01,-5.100261e+00,8.743465e-01,2.277465e-01,5.425873e-01,5.840981e-01,2.406762,146.4344
0.0957419,2.515000e+01,-5.100162e+00,8.743465e-01,2.281211e-01,5.427634e-01,5.848692e-01,2.407572,146.7259
0.0957742,2.515000e+01,-5.100069e+00,8.743465e-01,2.279303e-01,5.424118e-01,5.847585e-01,2.408384,147.0183
0.0958065,2.515000e+01,-5.099981e+00,8.743465e-01,2.278927e-01,5.420168e-01,5.850882e-01,2.409196,147.3107
0.0958387,2.515000e+01,-5.099893e+00,8.743465e-01,2.282162e-01,5.424678e-01,5.854316e-01,2.410006,147.6022
0.095871,2.515000e+01,-5.099814e+00,8.743465e-01,2.285737e-01,5.427376e-01,5.860573e-01,2.410818,147.8946
0.0959032,2.515000e+01,-5.099727e+00,8.743465e-01,2.284531e-01,5.427377e-01,5.857479e-01,2.411628,148.1861
0.0959355,2.515000e+01,-5.099631e+00,8.743465e-01,2.282530e-01,5.425571e-01,5.854298e-01,2.412440,148.4785
0.0959677,2.515000e+01,-5.099545e+00,8.743465e-01,2.282568e-01,5.419401e-01,5.861059e-01,2.413250,148.7700
0.096,2.515000e+01,-5.099458e+00,8.743465e-01,2.282591e-01,5.422000e-01,5.858309e-01,2.414062,149.0624
0.0960323,2.515000e+01,-5.099355e+00,8.743465e-01,2.275937e-01,5.417225e-01,5.846380e-01,2.414874,149.3548
0.0960645,2.515000e+01,-5.099268e+00,8.743465e-01,2.278283e-01,5.413140e-01,5.856822e-01,2.415684,149.6463
0.0960968,2.515000e+01,-5.099166e+00,8.743465e-01,2.276805e-01,5.416775e-01,5.849096e-01,2.416496,149.9387
0.096129,2.515000e+01,-5.099064e+00,8.743465e-01,2.278846e-01,5.419261e-01,5.851653e-01,2.417306,150.2302
0.0961613,2.515000e+01,-5.098964e+00,8.743465e-01,2.280251e-01,5.420357e-01,5.854079e-01,2.418118,150.5226
0.0961935,2.515000e+01,-5.098864e+00,8.743465e-01,2.280106e-01,5.419252e-01,5.854897e-01,2.418928,150.8141
0.0962258,2.515000e+01,-5.098777e+00,8.743465e-01,2.281904e-01,5.416826e-01,5.862139e-01,2.419740,151.1065
0.0962581,2.515000e+01,-5.098669e+00,8.743465e-01,2.274846e-01,5.414465e-01,5.846557e-01,2.420552,151.3989
0.0962903,2.515000e+01,-5.098565e+00,8.743465e-01,2.273223e-01,5.410226e-01,5.846963e-01,2.421362,151.6904
0.0963226,2.515000e+01,-5.098457e+00,8.743465e-01,2.273411e-01,5.412715e-01,5.844759e-01,2.422174,151.9828
0.0963548,2.515000e+01,-5.098354e+00,8.743465e-01,2.276342e-01,5.416321e-01,5.848396e-01,2.422984,152.2743
0.0963871,2.515000e+01,-5.098256e+00,8.743465e-01,2.278057e-01,5.417922e-01,5.851074e-01,2.423796,152.5667
0.0964194,2.515000e+01,-5.098168e+00,8.743465e-01,2.279754e-01,5.419243e-01,5.854005e-01,2.424609,152.8591
0.0964516,2.515000e+01,-5.098093e+00,8.743465e-01,2.279616e-01,5.412715e-01,5.860710e-01,2.425418,153.1506
0.0964839,2.515000e+01,-5.098015e+00,8.743465e-01,2.279046e-01,5.412519e-01,5.859457e-01,2.426231,153.4430
0.0965161,2.515000e+01,-5.097937e+00,8.743465e-01,2.278488e-01,5.411477e-01,5.859150e-01,2.427040,153.7345
0.0965484,2.515000e+01,-5.097865e+00,8.743465e-01,2.280600e-01,5.414247e-01,5.861582e-01,2.427853,154.0269
0.0965806,2.515000e+01,-5.097804e+00,8.743465e-01,2.283404e-01,5.418115e-01,5.864600e-01,2.428662,154.3184
0.0966129,2.515000e+01,-5.097739e+00,8.743465e-01,2.278855e-01,5.412467e-01,5.859021e-01,2.429474,154.6108
0.0966452,2.515000e+01,-5.097694e+00,8.743465e-01,2.275144e-01,5.397127e-01,5.866106e-01,2.430287,154.9032
0.0966774,2.515000e+01,-5.097644e+00,8.743465e-01,2.273144e-01,5.401687e-01,5.856002e-01,2.431096,155.1947
0.0967097,2.515000e+01,-5.097592e+00,8.743465e-01,2.274870e-01,5.408219e-01,5.853369e-01,2.431909,155.4871
0.0967419,2.515000e+01,-5.097543e+00,8.743465e-01,2.278097e-01,5.414501e-01,5.854873e-01,2.432718,155.7786
0.0967742,2.515000e+01,-5.097509e+00,8.743465e-01,2.279204e-01,5.411685e-01,5.860766e-01,2.433531,156.0710
0.0968065,2.515000e+01,-5.097486e+00,8.743465e-01,2.281105e-01,5.409987e-01,5.867495e-01,2.434343,156.3634
0.0968387,2.515000e+01,-5.097471e+00,8.743465e-01,2.279064e-01,5.404365e-01,5.868343e-01,2.435153,156.6549
0.096871,2.515000e+01,-5.097450e+00,8.743465e-01,2.275106e-01,5.402049e-01,5.860662e-01,2.435965,156.9473
0.0969032,2.515000e+01,-5.097425e+00,8.743465e-01,2.274634e-01,5.406042e-01,5.855121e-01,2.436774,157.2388
0.0969355,2.515000e+01,-5.097406e+00,8.743465e-01,2.275565e-01,5.407363e-01,5.856086e-01,2.437587,157.5312
0.0969677,2.515000e+01,-5.097400e+00,8.743465e-01,2.276402e-01,5.404675e-01,5.861153e-01,2.438396,157.8227
0.097,2.515000e+01,-5.097394e+00,8.743465e-01,2.273106e-01,5.400677e-01,5.857000e-01,2.439209,158.1151
0.0970323,2.515000e+01,-5.097388e+00,8.743465e-01,2.271865e-01,5.401191e-01,5.853246e-01,2.440021,158.4075
0.0970645,2.515000e+01,-5.097388e+00,8.743465e-01,2.274268e-01,5.405933e-01,5.854298e-01,2.440831,158.6990
0.0970968,2.515000e+01,-5.097398e+00,8.743465e-01,2.277583e-01,5.410298e-01,5.858099e-01,2.441643,158.9914
0.097129,2.515000e+01,-5.097427e+00,8.743465e-01,2.279296e-01,5.406245e-01,5.866901e-01,2.442453,159.2829
0.0971613,2.515000e+01,-5.097463e+00,8.743465e-01,2.280146e-01,5.406780e-01,5.868506e-01,2.443265,159.5753
0.0971935,2.515000e+01,-5.097508e+00,8.743465e-01,2.279809e-01,5.403301e-01,5.871419e-01,2.444075,159.8668
0.0972258,2.515000e+01,-5.097559e+00,8.743465e-01,2.276434e-01,5.397647e-01,5.868866e-01,2.444887,160.1592
0.0972581,2.515000e+01,-5.097624e+00,8.743465e-01,2.276388e-01,5.394296e-01,5.872394e-01,2.445699,160.4516
0.0972903,2.515000e+01,-5.097682e+00,8.743465e-01,2.275066e-01,5.396339e-01,5.866762e-01,2.446509,160.7431
0.0973226,2.515000e+01,-5.097743e+00,8.743465e-01,2.277416e-01,5.399898e-01,5.868951e-01,2.447321,161.0355
0.0973548,2.515000e+01,-5.097799e+00,8.743465e-01,2.278280e-01,5.405747e-01,5.864826e-01,2.448131,161.3270
0.0973871,2.515000e+01,-5.097858e+00,8.743465e-01,2.278604e-01,5.405477e-01,5.865951e-01,2.448943,161.6194
0.0974194,2.515000e+01,-5.097914e+00,8.743465e-01,2.278124e-01,5.408350e-01,5.861601e-01,2.449755,161.9118
0.0974516,2.515000e+01,-5.097993e+00,8.743465e-01,2.278680e-01,5.398299e-01,5.873949e-01,2.450565,162.2033
0.0974839,2.515000e+01,-5.098081e+00,8.743465e-01,2.280233e-01,5.397605e-01,5.878708e-01,2.451377,162.4957
0.0975161,2.515000e+01,-5.098160e+00,8.743465e-01,2.278384e-01,5.398029e-01,5.873478e-01,2.452187,162.7872
0.0975484,2.515000e+01,-5.098219e+00,8.743465e-01,2.274765e-01,5.400363e-01,5.861614e-01,2.452999,163.0796
0.0975806,2.515000e+01,-5.098271e+00,8.743465e-01,2.273619e-01,5.402464e-01,5.856383e-01,2.453809,163.3711
0.0976129,2.515000e+01,-5.098334e+00,8.743465e-01,2.274877e-01,5.400745e-01,5.861490e-01,2.454621,163.6635
0.0976452,2.515000e+01,-5.098408e+00,8.743465e-01,2.276680e-01,5.398438e-01,5.868641e-01,2.455433,163.9559
0.0976774,2.515000e+01,-5.098475e+00,8.743465e-01,2.277719e-01,5.404240e-01,5.865016e-01,2.456243,164.2474
0.0977097,2.515000e+01,-5.098542e+00,8.743465e-01,2.277621e-01,5.405582e-01,5.863307e-01,2.457055,164.5398
0.0977419,2.515000e+01,-5.098608e+00,8.743465e-01,2.278657e-01,5.408358e-01,5.862963e-01,2.457865,164.8313
0.0977742,2.515000e+01,-5.098683e+00,8.743465e-01,2.278255e-01,5.404003e-01,5.866653e-01,2.458677,165.1237
0.0978065,2.515000e+01,-5.098783e+00,8.743465e-01,2.279251e-01,5.392854e-01,5.881353e-01,2.459489,165.4161
0.0978387,2.515000e+01,-5.098883e+00,8.743465e-01,2.277914e-01,5.389426e-01,5.881643e-01,2.460299,165.7076
0.097871,2.515000e+01,-5.098976e+00,8.743465e-01,2.279102e-01,5.392670e-01,5.881168e-01,2.461111,166.0000
0.0979032,2.515000e+01,-5.099037e+00,8.743465e-01,2.276580e-01,5.402955e-01,5.863477e-01,2.461921,166.2915
0.0979355,2.515000e+01,-5.099098e+00,8.743465e-01,2.276981e-01,5.404152e-01,5.863211e-01,2.462733,166.5839
0.0979677,2.515000e+01,-5.099169e+00,8.743465e-01,2.280738e-01,5.404239e-01,5.872791e-01,2.463543,166.8754
0.098,2.515000e+01,-5.099242e+00,8.743465e-01,2.281955e-01,5.404380e-01,5.875771e-01,2.464355,167.1678
0.0980323,2.515000e+01,-5.099315e+00,8.743465e-01,2.280334e-01,5.399565e-01,5.876833e-01,2.465167,167.4603
0.0980645,2.515000e+01,-5.099385e+00,8.743465e-01,2.280275e-01,5.399768e-01,5.876460e-01,2.465977,167.7518
0.0980968,2.515000e+01,-5.099455e+00,8.743465e-01,2.283435e-01,5.403711e-01,5.880311e-01,2.466789,168.0442
0.098129,2.515000e+01,-5.099521e+00,8.743465e-01,2.283710e-01,5.402205e-01,5.882659e-01,2.467599,168.3357
0.0981613,2.515000e+01,-5.099592e+00,8.743465e-01,2.281310e-01,5.393435e-01,5.886031e-01,2.468411,168.6281
0.0981935,2.515000e+01,-5.099645e+00,8.743465e-01,2.278283e-01,5.395297e-01,5.876193e-01,2.469221,168.9196
0.0982258,2.515000e+01,-5.099689e+00,8.743465e-01,2.279680e-01,5.402206e-01,5.872277e-01,2.470033,169.2120
0.0982581,2.515000e+01,-5.099701e+00,8.743465e-01,2.276630e-01,5.411252e-01,5.854617e-01,2.470845,169.5044
0.0982903,2.515000e+01,-5.099713e+00,8.743465e-01,2.277178e-01,5.410198e-01,5.857164e-01,2.471655,169.7959
0.0983226,2.515000e+01,-5.099752e+00,8.743465e-01,2.282769e-01,5.406171e-01,5.875920e-01,2.472467,170.0883
0.0983548,2.515000e+01,-5.099792e+00,8.743465e-01,2.285526e-01,5.410103e-01,5.878741e-01,2.473277,170.3798
0.0983871,2.515000e+01,-5.099844e+00,8.743465e-01,2.286737e-01,5.405260e-01,5.887125e-01,2.474089,170.6722
0.0984194,2.515000e+01,-5.099887e+00,8.743465e-01,2.283729e-01,5.403292e-01,5.881524e-01,2.474902,170.9646
0.0984516,2.515000e+01,-5.099932e+00,8.743465e-01,2.285196e-01,5.403760e-01,5.884793e-01,2.475711,171.2561
0.0984839,2.515000e+01,-5.099977e+00,8.743465e-01,2.286132e-01,5.405371e-01,5.885448e-01,2.476524,171.5485
0.0985161,2.515000e+01,-5.100022e+00,8.743465e-01,2.283759e-01,5.399747e-01,5.885461e-01,2.477333,171.8400
0.0985484,2.515000e+01,-5.100047e+00,8.743465e-01,2.282355e-01,5.407488e-01,5.873425e-01,2.478145,172.1324
0.0985806,2.515000e+01,-5.100061e+00,8.743465e-01,2.283758e-01,5.414441e-01,5.869488e-01,2.478955,172.4239
0.0986129,2.515000e+01,-5.100071e+00,8.743465e-01,2.284753e-01,5.416711e-01,5.869584e-01,2.479767,172.7163
0.0986452,2.515000e+01,-5.100120e+00,8.743465e-01,2.291226e-01,5.409659e-01,5.893887e-01,2.480580,173.0087
0.0986774,2.515000e+01,-5.100162e+00,8.743465e-01,2.291023e-01,5.413471e-01,5.889216e-01,2.481389,173.3002
0.0987097,2.515000e+01,-5.100177e+00,8.743465e-01,2.287018e-01,5.419044e-01,5.872874e-01,2.482202,173.5926
0.0987419,2.515000e+01,-5.100200e+00,8.743465e-01,2.286503e-01,5.412610e-01,5.878529e-01,2.483011,173.8841
0.0987742,2.515000e+01,-5.100243e+00,8.743465e-01,2.288603e-01,5.405173e-01,5.892025e-01,2.483824,174.1765
0.0988065,2.515000e+01,-5.100298e+00,8.743465e-01,2.293070e-01,5.409028e-01,5.899319e-01,2.484636,174.4689
0.0988387,2.515000e+01,-5.100329e+00,8.743465e-01,2.292097e-01,5.416941e-01,5.888201e-01,2.485445,174.7604
0.098871,2.515000e+01,-5.100349e+00,8.743465e-01,2.286904e-01,5.410621e-01,5.881723e-01,2.486258,175.0528
0.0989032,2.515000e+01,-5.100357e+00,8.743465e-01,2.285607e-01,5.413388e-01,5.875382e-01,2.487067,175.3443
0.0989355,2.515000e+01,-5.100338e+00,8.743465e-01,2.282592e-01,5.419320e-01,5.861208e-01,2.487880,175.6367
0.0989677,2.515000e+01,-5.100317e+00,8.743465e-01,2.287761e-01,5.429257e-01,5.863729e-01,2.488689,175.9282
0.099,2.515000e+01,-5.100354e+00,8.743465e-01,2.297208e-01,5.416549e-01,5.901756e-01,2.489502,176.2206
0.0990333,2.515000e+01,-5.100397e+00,8.743465e-01,2.298727e-01,5.411232e-01,5.911463e-01,2.490339,176.5220
0.0990667,2.515000e+01,-5.100397e+00,8.743465e-01,2.292598e-01,5.422068e-01,5.883917e-01,2.491179,176.8244
0.0991,2.515000e+01,-5.100368e+00,8.743465e-01,2.284135e-01,5.416280e-01,5.868465e-01,2.492016,177.1259
0.0991333,2.515000e+01,-5.100362e+00,8.743465e-01,2.288095e-01,5.411983e-01,5.883304e-01,2.492854,177.4273
0.0991667,2.515000e+01,-5.100392e+00,8.743465e-01,2.297194e-01,5.412760e-01,5.905851e-01,2.493694,177.7297
0.0992,2.515000e+01,-5.100404e+00,8.743465e-01,2.298098e-01,5.422521e-01,5.897540e-01,2.494531,178.0311
0.0992333,2.515000e+01,-5.100385e+00,8.743465e-01,2.294812e-01,5.431266e-01,5.879628e-01,2.495368,178.3326
0.0992667,2.515000e+01,-5.100363e+00,8.743465e-01,2.294214e-01,5.432070e-01,5.877225e-01,2.496208,178.6349
0.0993,2.515000e+01,-5.100340e+00,8.743465e-01,2.294322e-01,5.432367e-01,5.877181e-01,2.497046,178.9364
0.0993333,2.515000e+01,-5.100358e+00,8.743465e-01,2.296887e-01,5.419397e-01,5.897830e-01,2.497883,179.2379
0.0993667,2.515000e+01,-5.100425e+00,8.743465e-01,2.303687e-01,5.408858e-01,5.926818e-01,2.498723,179.5402
0.0994,2.515000e+01,-5.100481e+00,8.743465e-01,2.304636e-01,5.416805e-01,5.920562e-01,2.499560,179.8417
0.0994333,2.515000e+01,-5.100467e+00,8.743465e-01,2.295751e-01,5.433800e-01,5.879289e-01,2.500398,180.1431
0.0994667,2.515000e+01,-5.100417e+00,8.743465e-01,2.284576e-01,5.428765e-01,5.856098e-01,2.501237,180.4455
0.0995,2.515000e+01,-5.100384e+00,8.743465e-01,2.287154e-01,5.424562e-01,5.867249e-01,2.502075,180.7469
0.0995333,2.515000e+01,-5.100400e+00,8.743465e-01,2.299373e-01,5.425117e-01,5.897989e-01,2.502912,181.0484
0.0995667,2.515000e+01,-5.100412e+00,8.743465e-01,2.304073e-01,5.433843e-01,5.900553e-01,2.503752,181.3508
0.0996,2.515000e+01,-5.100405e+00,8.743465e-01,2.300648e-01,5.434856e-01,5.890685e-01,2.504590,181.6522
0.0996333,2.515000e+01,-5.100374e+00,8.743465e-01,2.296662e-01,5.437393e-01,5.877737e-01,2.505427,181.9537
0.0996667,2.515000e+01,-5.100352e+00,8.743465e-01,2.297184e-01,5.435157e-01,5.881490e-01,2.506267,182.2560
0.0997,2.515000e+01,-5.100371e+00,8.743465e-01,2.301396e-01,5.424134e-01,5.904249e-01,2.507104,182.5575
0.0997333,2.515000e+01,-5.100404e+00,8.743465e-01,2.305210e-01,5.423316e-01,5.914926e-01,2.507942,182.8590
0.0997667,2.515000e+01,-5.100422e+00,8.743465e-01,2.304287e-01,5.429163e-01,5.906189e-01,2.508781,183.1613
0.0998,2.515000e+01,-5.100391e+00,8.743465e-01,2.299157e-01,5.442144e-01,5.878984e-01,2.509619,183.4628
0.0998333,2.515000e+01,-5.100348e+00,8.743465e-01,2.296727e-01,5.441556e-01,5.873406e-01,2.510456,183.7642
0.0998667,2.515000e+01,-5.100305e+00,8.743465e-01,2.297455e-01,5.443116e-01,5.873583e-01,2.511296,184.0666
0.0999,2.515000e+01,-5.100261e+00,8.743465e-01,2.299970e-01,5.447551e-01,5.875227e-01,2.512133,184.3680
0.0999333,2.515000e+01,-5.100273e+00,8.743465e-01,2.306746e-01,5.432137e-01,5.909256e-01,2.512971,184.6695
0.0999667,2.515000e+01,-5.100296e+00,8.743465e-01,2.309037e-01,5.427944e-01,5.919695e-01,2.513811,184.9719
0.1,2.515000e+01,-5.100301e+00,8.743465e-01,2.307944e-01,5.432657e-01,5.911757e-01,2.514648,185.2733
0.100033,2.515000e+01,-5.100253e+00,8.743465e-01,2.301663e-01,5.447155e-01,5.879977e-01,2.515478,185.5721
0.100067,2.515000e+01,-5.100225e+00,8.743465e-01,2.303232e-01,5.440526e-01,5.891155e-01,2.516333,185.8798
0.1001,2.515000e+01,-5.100202e+00,8.743465e-01,2.303476e-01,5.436902e-01,5.895707e-01,2.517163,186.1786
0.100133,2.515000e+01,-5.100161e+00,8.743465e-01,2.301699e-01,5.440780e-01,5.886959e-01,2.517993,186.4773
0.100167,2.515000e+01,-5.100114e+00,8.743465e-01,2.303271e-01,5.445495e-01,5.885880e-01,2.518848,186.7851
0.1002,2.515000e+01,-5.100086e+00,8.743465e-01,2.306489e-01,5.443442e-01,5.896327e-01,2.519677,187.0839
0.100233,2.515000e+01,-5.100049e+00,8.743465e-01,2.306337e-01,5.447684e-01,5.891346e-01,2.520507,187.3826
0.100267,2.515000e+01,-5.100002e+00,8.743465e-01,2.304521e-01,5.448574e-01,5.885747e-01,2.521362,187.6904
0.1003,2.515000e+01,-5.099970e+00,8.743465e-01,2.305360e-01,5.440995e-01,5.896089e-01,2.522192,187.9891
0.100333,2.515000e+01,-5.099936e+00,8.743465e-01,2.305395e-01,5.439696e-01,5.897587e-01,2.523022,188.2879
0.100367,2.515000e+01,-5.099899e+00,8.743465e-01,2.307525e-01,5.442716e-01,5.899763e-01,2.523877,188.5957
0.1004,2.515000e+01,-5.099834e+00,8.743465e-01,2.304213e-01,5.448172e-01,5.885392e-01,2.524707,188.8944
0.100433,2.515000e+01,-5.099768e+00,8.743465e-01,2.304774e-01,5.448379e-01,5.886603e-01,2.525537,189.1931
0.100467,2.515000e+01,-5.099683e+00,8.743465e-01,2.302266e-01,5.449296e-01,5.879207e-01,2.526392,189.5009
0.1005,2.515000e+01,-5.099596e+00,8.743465e-01,2.304578e-01,5.449995e-01,5.884355e-01,2.527221,189.7997
0.100533,2.515000e+01,-5.099540e+00,8.743465e-01,2.310434e-01,5.444519e-01,5.905243e-01,2.528051,190.0984
0.100567,2.515000e+01,-5.099486e+00,8.743465e-01,2.313277e-01,5.447528e-01,5.909243e-01,2.528906,190.4062
0.1006,2.515000e+01,-5.099418e+00,8.743465e-01,2.312193e-01,5.451963e-01,5.901669e-01,2.529736,190.7050
0.100633,2.515000e+01,-5.099329e+00,8.743465e-01,2.306168e-01,5.449853e-01,5.888570e-01,2.530566,191.0037
0.100667,2.515000e+01,-5.099242e+00,8.743465e-01,2.304360e-01,5.444451e-01,5.889792e-01,2.531421,191.3115
0.1007,2.515000e+01,-5.099163e+00,8.743465e-01,2.306987e-01,5.445216e-01,5.895676e-01,2.532251,191.6102
0.100733,2.515000e+01,-5.099081e+00,8.743465e-01,2.310880e-01,5.453750e-01,5.896386e-01,2.533080,191.9090
0.100767,2.515000e+01,-5.098998e+00,8.743465e-01,2.312018e-01,5.455600e-01,5.897287e-01,2.533935,192.2168
0.1008,2.515000e+01,-5.098906e+00,8.743465e-01,2.309143e-01,5.452581e-01,5.893215e-01,2.534765,192.5155
0.100833,2.515000e+01,-5.098806e+00,8.743465e-01,2.309128e-01,5.453616e-01,5.892059e-01,2.535595,192.8142
0.100867,2.515000e+01,-5.098700e+00,8.743465e-01,2.309339e-01,5.455755e-01,5.890288e-01,2.536450,193.1220
0.1009,2.515000e+01,-5.098597e+00,8.743465e-01,2.310797e-01,5.456044e-01,5.893694e-01,2.537280,193.4208
0.100933,2.515000e+01,-5.098482e+00,8.743465e-01,2.309188e-01,5.458103e-01,5.887368e-01,2.538110,193.7195
0.100967,2.515000e+01,-5.098365e+00,8.743465e-01,2.308202e-01,5.456311e-01,5.886787e-01,2.538965,194.0273
0.101,2.515000e+01,-5.098258e+00,8.743465e-01,2.307500e-01,5.449365e-01,5.892501e-01,2.539795,194.3260
0.101033,2.515000e+01,-5.098171e+00,8.743465e-01,2.308794e-01,5.444629e-01,5.900932e-01,2.540624,194.6248
0.101067,2.515000e+01,-5.098066e+00,8.743465e-01,2.308609e-01,5.454231e-01,5.890071e-01,2.541479,194.9326
0.1011,2.515000e+01,-5.097954e+00,8.743465e-01,2.310228e-01,5.460630e-01,5.887294e-01,2.542309,195.2313
0.101133,2.515000e+01,-5.097834e+00,8.743465e-01,2.308644e-01,5.462137e-01,5.881635e-01,2.543139,195.5301
0.101167,2.515000e+01,-5.097716e+00,8.743465e-01,2.307219e-01,5.458822e-01,5.881574e-01,2.543994,195.8379
0.1012,2.515000e+01,-5.097616e+00,8.743465e-01,2.309691e-01,5.456921e-01,5.889927e-01,2.544824,196.1366
0.101233,2.515000e+01,-5.097552e+00,8.743465e-01,2.313534e-01,5.449100e-01,5.908194e-01,2.545654,196.4353
0.101267,2.515000e+01,-5.097491e+00,8.743465e-01,2.315199e-01,5.451290e-01,5.910071e-01,2.546509,196.7431
0.1013,2.515000e+01,-5.097408e+00,8.743465e-01,2.313276e-01,5.459487e-01,5.896297e-01,2.547339,197.0419
0.101333,2.515000e+01,-5.097317e+00,8.743465e-01,2.310493e-01,5.459879e-01,5.888780e-01,2.548168,197.3406
0.101367,2.515000e+01,-5.097229e+00,8.743465e-01,2.311116e-01,5.460057e-01,5.890176e-01,2.549023,197.6484
0.1014,2.515000e+01,-5.097145e+00,8.743465e-01,2.309638e-01,5.455109e-01,5.891749e-01,2.549853,197.9471
0.101433,2.515000e+01,-5.097048e+00,8.743465e-01,2.309018e-01,5.461707e-01,5.883052e-01,2.550683,198.2459
0.101467,2.515000e+01,-5.096954e+00,8.743465e-01,2.309827e-01,5.463222e-01,5.883479e-01,2.551538,198.5537
0.1015,2.515000e+01,-5.096859e+00,8.743465e-01,2.309374e-01,5.463607e-01,5.881912e-01,2.552368,198.8524
0.101533,2.515000e+01,-5.096779e+00,8.743465e-01,2.310213e-01,5.461737e-01,5.886063e-01,2.553198,199.1512
0.101567,2.515000e+01,-5.096718e+00,8.743465e-01,2.309456e-01,5.453452e-01,5.893076e-01,2.554053,199.4589
0.1016,2.515000e+01,-5.096667e+00,8.743465e-01,2.309224e-01,5.450847e-01,5.895298e-01,2.554882,199.7577
0.101633,2.515000e+01,-5.096619e+00,8.743465e-01,2.309921e-01,5.454108e-01,5.893551e-01,2.555712,200.0564
0.101667,2.515000e+01,-5.096552e+00,8.743465e-01,2.307753e-01,5.463390e-01,5.878019e-01,2.556567,200.3642
0.1017,2.515000e+01,-5.096482e+00,8.743465e-01,2.309149e-01,5.468612e-01,5.875956e-01,2.557397,200.6630
0.101733,2.515000e+01,-5.096410e+00,8.743465e-01,2.307874e-01,5.467949e-01,5.873424e-01,2.558227,200.9617
0.101767,2.515000e+01,-5.096344e+00,8.743465e-01,2.307040e-01,5.465490e-01,5.873943e-01,2.559082,201.2695
0.1018,2.515000e+01,-5.096309e+00,8.743465e-01,2.309677e-01,5.458617e-01,5.888063e-01,2.559912,201.5682
0.101833,2.515000e+01,-5.096316e+00,8.743465e-01,2.314915e-01,5.451794e-01,5.908800e-01,2.560742,201.8670
0.101867,2.515000e+01,-5.096325e+00,8.743465e-01,2.314814e-01,5.454501e-01,5.905609e-01,2.561597,202.1748
0.1019,2.515000e+01,-5.096303e+00,8.743465e-01,2.310255e-01,5.465713e-01,5.881888e-01,2.562426,202.4735
0.101933,2.515000e+01,-5.096279e+00,8.743465e-01,2.307855e-01,5.468772e-01,5.872492e-01,2.563256,202.7722
0.101967,2.515000e+01,-5.096271e+00,8.743465e-01,2.309415e-01,5.464880e-01,5.880646e-01,2.564111,203.0800
0.102,2.515000e+01,-5.096281e+00,8.743465e-01,2.310180e-01,5.460638e-01,5.887163e-01,2.564941,203.3788
0.102033,2.515000e+01,-5.096289e+00,8.743465e-01,2.310787e-01,5.466081e-01,5.882846e-01,2.565771,203.6775
0.102067,2.515000e+01,-5.096306e+00,8.743465e-01,2.312758e-01,5.469307e-01,5.884393e-01,2.566626,203.9853
0.1021,2.515000e+01,-5.096314e+00,8.743465e-01,2.310145e-01,5.467917e-01,5.879238e-01,2.567456,204.2841
0.102133,2.515000e+01,-5.096328e+00,8.743465e-01,2.308949e-01,5.466766e-01,5.877432e-01,2.568286,204.5828
0.102167,2.515000e+01,-5.096364e+00,8.743465e-01,2.308357e-01,5.456869e-01,5.886582e-01,2.569141,204.8906
0.1022,2.515000e+01,-5.096431e+00,8.743465e-01,2.313032e-01,5.453150e-01,5.902525e-01,2.569970,205.1893
0.102233,2.515000e+01,-5.096493e+00,8.743465e-01,2.312399e-01,5.455942e-01,5.897891e-01,2.570800,205.4881
0.102267,2.515000e+01,-5.096488e+00,8.743465e-01,2.303424e-01,5.474262e-01,5.855339e-01,2.571655,205.7959
0.1023,2.515000e+01,-5.096483e+00,8.743465e-01,2.302300e-01,5.476364e-01,5.850235e-01,2.572485,206.0946
0.102333,2.515000e+01,-5.096512e+00,8.743465e-01,2.306110e-01,5.469654e-01,5.867105e-01,2.573315,206.3933
0.102367,2.515000e+01,-5.096567e+00,8.743465e-01,2.308232e-01,5.462212e-01,5.880504e-01,2.574170,206.7011
0.1024,2.515000e+01,-5.096634e+00,8.743465e-01,2.310884e-01,5.461687e-01,5.887828e-01,2.575000,206.9999
0.102433,2.515000e+01,-5.096686e+00,8.743465e-01,2.309766e-01,5.465768e-01,5.880585e-01,2.575829,207.2986
0.102467,2.515000e+01,-5.096737e+00,8.743465e-01,2.310512e-01,5.468125e-01,5.879948e-01,2.576684,207.6064
0.1025,2.515000e+01,-5.096779e+00,8.743465e-01,2.310807e-01,5.475486e-01,5.872793e-01,2.577514,207.9051
0.102533,2.515000e+01,-5.096840e+00,8.743465e-01,2.311000e-01,5.465737e-01,5.883760e-01,2.578344,208.2039
0.102567,2.515000e+01,-5.096898e+00,8.743465e-01,2.309214e-01,5.461489e-01,5.883785e-01,2.579199,208.5117
0.1026,2.515000e+01,-5.096947e+00,8.743465e-01,2.307218e-01,5.462481e-01,5.877632e-01,2.580029,208.8104
0.102633,2.515000e+01,-5.096966e+00,8.743465e-01,2.304874e-01,5.473282e-01,5.860074e-01,2.580859,209.1092
0.102667,2.515000e+01,-5.096992e+00,8.743465e-01,2.308033e-01,5.475590e-01,5.865633e-01,2.581714,209.4170
0.1027,2.515000e+01,-5.097041e+00,8.743465e-01,2.310747e-01,5.472438e-01,5.875911e-01,2.582544,209.7157
0.102733,2.515000e+01,-5.097106e+00,8.743465e-01,2.314060e-01,5.471861e-01,5.884956e-01,2.583373,210.0144
0.102767,2.515000e+01,-5.097193e+00,8.743465e-01,2.316754e-01,5.465149e-01,5.899043e-01,2.584228,210.3222
0.1028,2.515000e+01,-5.097264e+00,8.743465e-01,2.312451e-01,5.464299e-01,5.889003e-01,2.585058,210.6210
0.102833,2.515000e+01,-5.097326e+00,8.743465e-01,2.309809e-01,5.466988e-01,5.879382e-01,2.585888,210.9197
0.102867,2.515000e+01,-5.097345e+00,8.743465e-01,2.304278e-01,5.478615e-01,5.852856e-01,2.586743,211.2275
0.1029,2.515000e+01,-5.097383e+00,8.743465e-01,2.307930e-01,5.474813e-01,5.866202e-01,2.587573,211.5262
0.102933,2.515000e+01,-5.097414e+00,8.743465e-01,2.306715e-01,5.473385e-01,5.864644e-01,2.588403,211.8250
0.102967,2.515000e+01,-5.097442e+00,8.743465e-01,2.303499e-01,5.469707e-01,5.860406e-01,2.589258,212.1328
0.103,2.515000e+01,-5.097470e+00,8.743465e-01,2.305587e-01,5.475993e-01,5.858985e-01,2.590088,212.4315
0.103032,2.515000e+01,-5.097520e+00,8.743465e-01,2.309335e-01,5.479818e-01,5.864412e-01,2.590892,212.7212
0.103065,2.515000e+01,-5.097587e+00,8.743465e-01,2.308224e-01,5.469563e-01,5.872580e-01,2.591722,213.0199
0.103097,2.515000e+01,-5.097618e+00,8.743465e-01,2.300847e-01,5.473614e-01,5.849480e-01,2.592527,213.3096
0.103129,2.515000e+01,-5.097658e+00,8.743465e-01,2.305251e-01,5.475017e-01,5.859176e-01,2.593331,213.5993
0.103161,2.515000e+01,-5.097741e+00,8.743465e-01,2.314167e-01,5.472292e-01,5.884766e-01,2.594136,213.8890
0.103194,2.515000e+01,-5.097834e+00,8.743465e-01,2.315656e-01,5.471334e-01,5.889584e-01,2.594966,214.1877
0.103226,2.515000e+01,-5.097878e+00,8.743465e-01,2.305755e-01,5.479336e-01,5.855837e-01,2.595771,214.4774
0.103258,2.515000e+01,-5.097920e+00,8.743465e-01,2.304173e-01,5.477549e-01,5.853729e-01,2.596575,214.7671
0.10329,2.515000e+01,-5.097981e+00,8.743465e-01,2.305456e-01,5.469957e-01,5.865117e-01,2.597380,215.0568
0.103323,2.515000e+01,-5.098054e+00,8.743465e-01,2.306951e-01,5.467324e-01,5.871745e-01,2.598210,215.3555
0.103355,2.515000e+01,-5.098120e+00,8.743465e-01,2.309263e-01,5.475795e-01,5.868538e-01,2.599015,215.6452
0.103387,2.515000e+01,-5.098205e+00,8.743465e-01,2.313256e-01,5.474858e-01,5.879692e-01,2.599819,215.9349
0.103419,2.515000e+01,-5.098305e+00,8.743465e-01,2.314266e-01,5.471016e-01,5.886390e-01,2.600624,216.2246
0.103452,2.515000e+01,-5.098348e+00,8.743465e-01,2.300742e-01,5.474233e-01,5.848551e-01,2.601454,216.5234
0.103484,2.515000e+01,-5.098378e+00,8.743465e-01,2.297333e-01,5.473007e-01,5.841194e-01,2.602258,216.8130
0.103516,2.515000e+01,-5.098422e+00,8.743465e-01,2.300770e-01,5.471509e-01,5.851537e-01,2.603063,217.1027
0.103548,2.515000e+01,-5.098499e+00,8.743465e-01,2.307297e-01,5.470208e-01,5.869529e-01,2.603868,217.3924
0.103581,2.515000e+01,-5.098580e+00,8.743465e-01,2.308256e-01,5.471266e-01,5.870835e-01,2.604698,217.6912
0.103613,2.515000e+01,-5.098616e+00,8.743465e-01,2.299887e-01,5.477344e-01,5.843059e-01,2.605502,217.9808
0.103645,2.515000e+01,-5.098667e+00,8.743465e-01,2.301294e-01,5.472131e-01,5.852202e-01,2.606307,218.2705
0.103677,2.515000e+01,-5.098739e+00,8.743465e-01,2.303722e-01,5.467335e-01,5.863516e-01,2.607112,218.5602
0.10371,2.515000e+01,-5.098826e+00,8.743465e-01,2.306756e-01,5.465617e-01,5.873083e-01,2.607942,218.8590
0.103742,2.515000e+01,-5.098911e+00,8.743465e-01,2.306082e-01,5.465834e-01,5.871135e-01,2.608746,219.1486
0.103774,2.515000e+01,-5.098991e+00,8.743465e-01,2.302854e-01,5.464197e-01,5.864672e-01,2.609551,219.4383
0.103806,2.515000e+01,-5.099039e+00,8.743465e-01,2.300526e-01,5.475905e-01,5.846218e-01,2.610356,219.7280
0.103839,2.515000e+01,-5.099075e+00,8.743465e-01,2.297036e-01,5.470997e-01,5.842586e-01,2.611185,220.0268
0.103871,2.515000e+01,-5.099124e+00,8.743465e-01,2.299573e-01,5.469370e-01,5.850777e-01,2.611990,220.3164
0.103903,2.515000e+01,-5.099205e+00,8.743465e-01,2.304008e-01,5.462442e-01,5.869496e-01,2.612795,220.6061
0.103935,2.515000e+01,-5.099300e+00,8.743465e-01,2.309035e-01,5.464862e-01,5.879697e-01,2.613600,220.8958
0.103968,2.515000e+01,-5.099372e+00,8.743465e-01,2.304688e-01,5.467917e-01,5.865351e-01,2.614429,221.1946
0.104,2.515000e+01,-5.099426e+00,8.743465e-01,2.301617e-01,5.468498e-01,5.856913e-01,2.615234,221.4842
0.104032,2.515000e+01,-5.099490e+00,8.743465e-01,2.303365e-01,5.465578e-01,5.864491e-01,2.616039,221.7739
0.104065,2.515000e+01,-5.099561e+00,8.743465e-01,2.302695e-01,5.460410e-01,5.868336e-01,2.616869,222.0727
0.104097,2.515000e+01,-5.099646e+00,8.743465e-01,2.305165e-01,5.456203e-01,5.879159e-01,2.617673,222.3624
0.104129,2.515000e+01,-5.099671e+00,8.743465e-01,2.292684e-01,5.461434e-01,5.841726e-01,2.618478,222.6521
0.104161,2.515000e+01,-5.099685e+00,8.743465e-01,2.291562e-01,5.463684e-01,5.836463e-01,2.619283,222.9417
0.104194,2.515000e+01,-5.099682e+00,8.743465e-01,2.289690e-01,5.468101e-01,5.826985e-01,2.620112,223.2405
0.104226,2.515000e+01,-5.099715e+00,8.743465e-01,2.295736e-01,5.463225e-01,5.847585e-01,2.620917,223.5302
0.104258,2.515000e+01,-5.099783e+00,8.743465e-01,2.301622e-01,5.457538e-01,5.868688e-01,2.621722,223.8199
0.10429,2.515000e+01,-5.099845e+00,8.743465e-01,2.300252e-01,5.457039e-01,5.865731e-01,2.622527,224.1095
0.104323,2.515000e+01,-5.099901e+00,8.743465e-01,2.298486e-01,5.457026e-01,5.861241e-01,2.623356,224.4083
0.104355,2.515000e+01,-5.099939e+00,8.743465e-01,2.294939e-01,5.459441e-01,5.849607e-01,2.624161,224.6980
0.104387,2.515000e+01,-5.099980e+00,8.743465e-01,2.294260e-01,5.457620e-01,5.849826e-01,2.624966,224.9877
0.104419,2.515000e+01,-5.100023e+00,8.743465e-01,2.295261e-01,5.458923e-01,5.850983e-01,2.625770,225.2773
0.104452,2.515000e+01,-5.100086e+00,8.743465e-01,2.298615e-01,5.455117e-01,5.863620e-01,2.626600,225.5761
0.104484,2.515000e+01,-5.100141e+00,8.743465e-01,2.296573e-01,5.454191e-01,5.859407e-01,2.627405,225.8658
0.104516,2.515000e+01,-5.100167e+00,8.743465e-01,2.289893e-01,5.452911e-01,5.843734e-01,2.628210,226.1555
0.104548,2.515000e+01,-5.100182e+00,8.743465e-01,2.288894e-01,5.453721e-01,5.840317e-01,2.629014,226.4451
0.104581,2.515000e+01,-5.100226e+00,8.743465e-01,2.296648e-01,5.454694e-01,5.859058e-01,2.629844,226.7439
0.104613,2.515000e+01,-5.100284e+00,8.743465e-01,2.301744e-01,5.456965e-01,5.869613e-01,2.630649,227.0336
0.104645,2.515000e+01,-5.100320e+00,8.743465e-01,2.295562e-01,5.453977e-01,5.857056e-01,2.631454,227.3233
0.104677,2.515000e+01,-5.100352e+00,8.743465e-01,2.293524e-01,5.451319e-01,5.854709e-01,2.632258,227.6129
0.10471,2.515000e+01,-5.100364e+00,8.743465e-01,2.287333e-01,5.447334e-01,5.843178e-01,2.633088,227.9117
0.104742,2.515000e+01,-5.100391e+00,8.743465e-01,2.289943e-01,5.444497e-01,5.852893e-01,2.633893,228.2014
0.104774,2.515000e+01,-5.100413e+00,8.743465e-01,2.291967e-01,5.449291e-01,5.852913e-01,2.634697,228.4911
0.104806,2.515000e+01,-5.100440e+00,8.743465e-01,2.294422e-01,5.451333e-01,5.856987e-01,2.635502,228.7808
0.104839,2.515000e+01,-5.100463e+00,8.743465e-01,2.293492e-01,5.449555e-01,5.856525e-01,2.636332,229.0795
0.104871,2.515000e+01,-5.100461e+00,8.743465e-01,2.286777e-01,5.444166e-01,5.845158e-01,2.637137,229.3692
0.104903,2.515000e+01,-5.100455e+00,8.743465e-01,2.284955e-01,5.442059e-01,5.842762e-01,2.637941,229.6589
0.104935,2.515000e+01,-5.100463e+00,8.743465e-01,2.291179e-01,5.444613e-01,5.855928e-01,2.638746,229.9486
0.104968,2.515000e+01,-5.100477e+00,8.743465e-01,2.293548e-01,5.444438e-01,5.862170e-01,2.639576,230.2473
0.105,2.515000e+01,-5.100450e+00,8.743465e-01,2.288205e-01,5.450475e-01,5.842036e-01,2.640381,230.5370
0.105032,2.515000e+01,-5.100411e+00,8.743465e-01,2.281115e-01,5.440650e-01,5.834452e-01,2.641185,230.8267
0.105065,2.515000e+01,-5.100369e+00,8.743465e-01,2.279887e-01,5.436817e-01,5.835423e-01,2.642015,231.1254
0.105097,2.515000e+01,-5.100329e+00,8.743465e-01,2.281977e-01,5.435603e-01,5.842076e-01,2.642820,231.4151
0.105129,2.515000e+01,-5.100291e+00,8.743465e-01,2.285987e-01,5.439055e-01,5.848628e-01,2.643624,231.7048
0.105161,2.515000e+01,-5.100257e+00,8.743465e-01,2.290375e-01,5.443542e-01,5.855022e-01,2.644429,231.9945
0.105194,2.515000e+01,-5.100233e+00,8.743465e-01,2.294639e-01,5.443188e-01,5.866306e-01,2.645259,232.2932
0.105226,2.515000e+01,-5.100187e+00,8.743465e-01,2.287999e-01,5.437328e-01,5.855636e-01,2.646064,232.5829
0.105258,2.515000e+01,-5.100128e+00,8.743465e-01,2.284664e-01,5.434147e-01,5.850523e-01,2.646868,232.8726
0.10529,2.515000e+01,-5.100067e+00,8.743465e-01,2.286083e-01,5.436074e-01,5.852083e-01,2.647673,233.1623
0.105323,2.515000e+01,-5.100018e+00,8.743465e-01,2.288788e-01,5.434759e-01,5.860424e-01,2.648503,233.4610
0.105355,2.515000e+01,-5.099964e+00,8.743465e-01,2.289072e-01,5.436587e-01,5.859179e-01,2.649308,233.7507
0.105387,2.515000e+01,-5.099874e+00,8.743465e-01,2.278753e-01,5.433097e-01,5.836514e-01,2.650112,234.0404
0.105419,2.515000e+01,-5.099796e+00,8.743465e-01,2.281560e-01,5.430468e-01,5.846533e-01,2.650917,234.3301
0.105452,2.515000e+01,-5.099713e+00,8.743465e-01,2.281712e-01,5.432402e-01,5.844841e-01,2.651747,234.6288
0.105484,2.515000e+01,-5.099639e+00,8.743465e-01,2.282438e-01,5.427444e-01,5.852041e-01,2.652551,234.9185
0.105516,2.515000e+01,-5.099563e+00,8.743465e-01,2.284090e-01,5.430143e-01,5.853367e-01,2.653356,235.2082
0.105548,2.515000e+01,-5.099485e+00,8.743465e-01,2.284787e-01,5.431136e-01,5.854081e-01,2.654161,235.4979
0.105581,2.515000e+01,-5.099402e+00,8.743465e-01,2.284143e-01,5.430155e-01,5.853488e-01,2.654991,235.7966
0.105613,2.515000e+01,-5.099284e+00,8.743465e-01,2.274936e-01,5.427537e-01,5.832706e-01,2.655795,236.0863
0.105645,2.515000e+01,-5.099175e+00,8.743465e-01,2.276419e-01,5.425653e-01,5.838535e-01,2.656600,236.3760
0.105677,2.515000e+01,-5.099074e+00,8.743465e-01,2.279774e-01,5.427556e-01,5.845091e-01,2.657405,236.6657
0.10571,2.515000e+01,-5.098980e+00,8.743465e-01,2.278923e-01,5.424935e-01,5.845732e-01,2.658235,236.9644
0.105742,2.515000e+01,-5.098894e+00,8.743465e-01,2.278007e-01,5.420084e-01,5.848610e-01,2.659039,237.2541
0.105774,2.515000e+01,-5.098806e+00,8.743465e-01,2.280538e-01,5.423284e-01,5.851654e-01,2.659844,237.5438
0.105806,2.515000e+01,-5.098727e+00,8.743465e-01,2.284400e-01,5.426088e-01,5.858535e-01,2.660649,237.8335
0.105839,2.515000e+01,-5.098641e+00,8.743465e-01,2.283897e-01,5.427926e-01,5.855261e-01,2.661478,238.1322
0.105871,2.515000e+01,-5.098548e+00,8.743465e-01,2.282347e-01,5.426540e-01,5.852782e-01,2.662283,238.4219
0.105903,2.515000e+01,-5.098460e+00,8.743465e-01,2.281166e-01,5.419034e-01,5.857856e-01,2.663088,238.7116
0.105935,2.515000e+01,-5.098375e+00,8.743465e-01,2.282598e-01,5.421573e-01,5.858788e-01,2.663892,239.0013
0.105968,2.515000e+01,-5.098276e+00,8.743465e-01,2.276388e-01,5.417931e-01,5.846777e-01,2.664722,239.3000
0.106,2.515000e+01,-5.098186e+00,8.743465e-01,2.276632e-01,5.413872e-01,5.851788e-01,2.665527,239.5897
0.106032,2.515000e+01,-5.098087e+00,8.743465e-01,2.276178e-01,5.415797e-01,5.848542e-01,2.666332,239.8794
0.106065,2.515000e+01,-5.097986e+00,8.743465e-01,2.277590e-01,5.418267e-01,5.849501e-01,2.667162,240.1781
0.106097,2.515000e+01,-5.097886e+00,8.743465e-01,2.279414e-01,5.419998e-01,5.852316e-01,2.667966,240.4678
0.106129,2.515000e+01,-5.097789e+00,8.743465e-01,2.279677e-01,5.419124e-01,5.853936e-01,2.668771,240.7575
0.106161,2.515000e+01,-5.097698e+00,8.743465e-01,2.280715e-01,5.417696e-01,5.858144e-01,2.669576,241.0472
0.106194,2.515000e+01,-5.097593e+00,8.743465e-01,2.275477e-01,5.415539e-01,5.847017e-01,2.670405,241.3459
0.106226,2.515000e+01,-5.097491e+00,8.743465e-01,2.272354e-01,5.408978e-01,5.846078e-01,2.671210,241.6356
0.106258,2.515000e+01,-5.097384e+00,8.743465e-01,2.272585e-01,5.412037e-01,5.843365e-01,2.672015,241.9253
0.10629,2.515000e+01,-5.097280e+00,8.743465e-01,2.274863e-01,5.414969e-01,5.846057e-01,2.672819,242.2150
0.106323,2.515000e+01,-5.097179e+00,8.743465e-01,2.277228e-01,5.418750e-01,5.848052e-01,2.673649,242.5137
0.106355,2.515000e+01,-5.097088e+00,8.743465e-01,2.278266e-01,5.418519e-01,5.850964e-01,2.674454,242.8034
0.106387,2.515000e+01,-5.097012e+00,8.743465e-01,2.279081e-01,5.413862e-01,5.858094e-01,2.675259,243.0931
0.106419,2.515000e+01,-5.096937e+00,8.743465e-01,2.278812e-01,5.412010e-01,5.859406e-01,2.676063,243.3828
0.106452,2.515000e+01,-5.096859e+00,8.743465e-01,2.277618e-01,5.411101e-01,5.857320e-01,2.676893,243.6816
0.106484,2.515000e+01,-5.096783e+00,8.743465e-01,2.278807e-01,5.413628e-01,5.857643e-01,2.677698,243.9712
0.106516,2.515000e+01,-5.096721e+00,8.743465e-01,2.282833e-01,5.418433e-01,5.862787e-01,2.678503,244.2609
0.106548,2.515000e+01,-5.096658e+00,8.743465e-01,2.279152e-01,5.413512e-01,5.858656e-01,2.679307,244.5506
0.106581,2.515000e+01,-5.096611e+00,8.743465e-01,2.274802e-01,5.398265e-01,5.863989e-01,2.680137,244.8494
0.106613,2.515000e+01,-5.096561e+00,8.743465e-01,2.272901e-01,5.400795e-01,5.856343e-01,2.680942,245.1390
0.106645,2.515000e+01,-5.096508e+00,8.743465e-01,2.273129e-01,5.406749e-01,5.850480e-01,2.681746,245.4287
0.106677,2.515000e+01,-5.096459e+00,8.743465e-01,2.277321e-01,5.413644e-01,5.853806e-01,2.682551,245.7184
0.10671,2.515000e+01,-5.096422e+00,8.743465e-01,2.278189e-01,5.412279e-01,5.857513e-01,2.683381,246.0172
0.106742,2.515000e+01,-5.096399e+00,8.743465e-01,2.279908e-01,5.408935e-01,5.865558e-01,2.684186,246.3068
0.106774,2.515000e+01,-5.096384e+00,8.743465e-01,2.279553e-01,5.405838e-01,5.868004e-01,2.684990,246.5965
0.106806,2.515000e+01,-5.096361e+00,8.743465e-01,2.274244e-01,5.402475e-01,5.857981e-01,2.685795,246.8862
0.106839,2.515000e+01,-5.096341e+00,8.743465e-01,2.274704e-01,5.404486e-01,5.856985e-01,2.686625,247.1850
0.106871,2.515000e+01,-5.096319e+00,8.743465e-01,2.274236e-01,5.407298e-01,5.852735e-01,2.687430,247.4746
0.106903,2.515000e+01,-5.096312e+00,8.743465e-01,2.275905e-01,5.404784e-01,5.859756e-01,2.688234,247.7643
0.106935,2.515000e+01,-5.096305e+00,8.743465e-01,2.272874e-01,5.401753e-01,5.855235e-01,2.689039,248.0540
0.106968,2.515000e+01,-5.096298e+00,8.743465e-01,2.271000e-01,5.400384e-01,5.851891e-01,2.689869,248.3528
0.107,2.515000e+01,-5.096298e+00,8.743465e-01,2.273081e-01,5.403965e-01,5.853372e-01,2.690673,248.6424
0.107032,2.515000e+01,-5.096305e+00,8.743465e-01,2.276356e-01,5.410290e-01,5.854951e-01,2.691478,248.9321
0.107065,2.515000e+01,-5.096331e+00,8.743465e-01,2.278228e-01,5.406718e-01,5.863639e-01,2.692308,249.2309
0.107097,2.515000e+01,-5.096367e+00,8.743465e-01,2.279390e-01,5.406041e-01,5.867365e-01,2.693113,249.5206
0.107129,2.515000e+01,-5.096410e+00,8.743465e-01,2.279421e-01,5.404677e-01,5.868924e-01,2.693917,249.8103
0.107161,2.515000e+01,-5.096460e+00,8.743465e-01,2.276431e-01,5.398495e-01,5.867938e-01,2.694722,250.0999
0.107194,2.515000e+01,-5.096525e+00,8.743465e-01,2.276044e-01,5.393952e-01,5.871882e-01,2.695552,250.3987
0.107226,2.515000e+01,-5.096582e+00,8.743465e-01,2.273643e-01,5.395975e-01,5.863488e-01,2.696357,250.6884
0.107258,2.515000e+01,-5.096643e+00,8.743465e-01,2.276529e-01,5.399012e-01,5.867629e-01,2.697161,250.9781
0.10729,2.515000e+01,-5.096700e+00,8.743465e-01,2.277339e-01,5.404509e-01,5.863745e-01,2.697966,251.2677
0.107323,2.515000e+01,-5.096759e+00,8.743465e-01,2.278007e-01,5.405472e-01,5.864421e-01,2.698796,251.5665
0.107355,2.515000e+01,-5.096812e+00,8.743465e-01,2.277112e-01,5.409016e-01,5.858274e-01,2.699600,251.8562
0.107387,2.515000e+01,-5.096888e+00,8.743465e-01,2.277813e-01,5.399164e-01,5.870774e-01,2.700405,252.1459
0.107419,2.515000e+01,-5.096976e+00,8.743465e-01,2.279571e-01,5.397070e-01,5.877584e-01,2.701210,252.4355
0.107452,2.515000e+01,-5.097060e+00,8.743465e-01,2.278505e-01,5.397583e-01,5.874277e-01,2.702040,252.7343
0.107484,2.515000e+01,-5.097122e+00,8.743465e-01,2.274199e-01,5.399701e-01,5.860876e-01,2.702844,253.0240
0.107516,2.515000e+01,-5.097175e+00,8.743465e-01,2.273223e-01,5.402267e-01,5.855576e-01,2.703649,253.3137
0.107548,2.515000e+01,-5.097235e+00,8.743465e-01,2.273562e-01,5.400943e-01,5.857886e-01,2.704454,253.6033
0.107581,2.515000e+01,-5.097308e+00,8.743465e-01,2.275661e-01,5.398010e-01,5.866481e-01,2.705284,253.9021
0.107613,2.515000e+01,-5.097377e+00,8.743465e-01,2.277289e-01,5.403375e-01,5.864848e-01,2.706088,254.1918
0.107645,2.515000e+01,-5.097444e+00,8.743465e-01,2.276526e-01,5.404963e-01,5.861161e-01,2.706893,254.4815
0.107677,2.515000e+01,-5.097511e+00,8.743465e-01,2.277589e-01,5.407232e-01,5.861436e-01,2.707698,254.7711
0.10771,2.515000e+01,-5.097582e+00,8.743465e-01,2.277995e-01,5.406519e-01,5.863253e-01,2.708527,255.0699
0.107742,2.515000e+01,-5.097681e+00,8.743465e-01,2.278679e-01,5.394384e-01,5.878208e-01,2.709332,255.3596
0.107774,2.515000e+01,-5.097782e+00,8.743465e-01,2.277075e-01,5.388784e-01,5.880175e-01,2.710137,255.6493
0.107806,2.515000e+01,-5.097879e+00,8.743465e-01,2.278424e-01,5.391201e-01,5.881020e-01,2.710942,255.9390
0.107839,2.515000e+01,-5.097944e+00,8.743465e-01,2.276125e-01,5.401587e-01,5.863791e-01,2.711771,256.2377
0.107871,2.515000e+01,-5.098006e+00,8.743465e-01,2.276214e-01,5.403169e-01,5.862302e-01,2.712576,256.5274
0.107903,2.515000e+01,-5.098073e+00,8.743465e-01,2.278966e-01,5.404999e-01,5.867402e-01,2.713381,256.8171
0.107935,2.515000e+01,-5.098150e+00,8.743465e-01,2.281697e-01,5.403662e-01,5.875887e-01,2.714185,257.1068
0.107968,2.515000e+01,-5.098223e+00,8.743465e-01,2.279901e-01,5.400430e-01,5.874777e-01,2.715015,257.4055
0.108,2.515000e+01,-5.098294e+00,8.743465e-01,2.279168e-01,5.399157e-01,5.874273e-01,2.715820,257.6952
0.108032,2.515000e+01,-5.098361e+00,8.743465e-01,2.281631e-01,5.404296e-01,5.875028e-01,2.716625,257.9849
0.108065,2.515000e+01,-5.098430e+00,8.743465e-01,2.283266e-01,5.401930e-01,5.881814e-01,2.717454,258.2836
0.108097,2.515000e+01,-5.098503e+00,8.743465e-01,2.281363e-01,5.394676e-01,5.884814e-01,2.718259,258.5733
0.108129,2.515000e+01,-5.098559e+00,8.743465e-01,2.277700e-01,5.394021e-01,5.876078e-01,2.719064,258.8630
0.108161,2.515000e+01,-5.098608e+00,8.743465e-01,2.279112e-01,5.399961e-01,5.873252e-01,2.719869,259.1527
0.108194,2.515000e+01,-5.098624e+00,8.743465e-01,2.276459e-01,5.411116e-01,5.854324e-01,2.720698,259.4514
0.108226,2.515000e+01,-5.098637e+00,8.743465e-01,2.275817e-01,5.409581e-01,5.854333e-01,2.721503,259.7411
0.108258,2.515000e+01,-5.098672e+00,8.743465e-01,2.281078e-01,5.406892e-01,5.870784e-01,2.722308,260.0308
0.10829,2.515000e+01,-5.098716e+00,8.743465e-01,2.284213e-01,5.407550e-01,5.878138e-01,2.723112,260.3205
0.108323,2.515000e+01,-5.098764e+00,8.743465e-01,2.286128e-01,5.407459e-01,5.883164e-01,2.723942,260.6192
0.108355,2.515000e+01,-5.098807e+00,8.743465e-01,2.283016e-01,5.403706e-01,5.879236e-01,2.724747,260.9089
0.108387,2.515000e+01,-5.098854e+00,8.743465e-01,2.284341e-01,5.403374e-01,5.883011e-01,2.725552,261.1986
0.108419,2.515000e+01,-5.098901e+00,8.743465e-01,2.285383e-01,5.404512e-01,5.884455e-01,2.726356,261.4883
0.108452,2.515000e+01,-5.098945e+00,8.743465e-01,2.283031e-01,5.400606e-01,5.882650e-01,2.727186,261.7870
0.108484,2.515000e+01,-5.098979e+00,8.743465e-01,2.282499e-01,5.405011e-01,5.876485e-01,2.727991,262.0767
0.108516,2.515000e+01,-5.098992e+00,8.743465e-01,2.282052e-01,5.413688e-01,5.865920e-01,2.728796,262.3664
0.108548,2.515000e+01,-5.099003e+00,8.743465e-01,2.283729e-01,5.416650e-01,5.867017e-01,2.729600,262.6561
0.108581,2.515000e+01,-5.099046e+00,8.743465e-01,2.289203e-01,5.410513e-01,5.887751e-01,2.730430,262.9548
0.108613,2.515000e+01,-5.099094e+00,8.743465e-01,2.290964e-01,5.411583e-01,5.891116e-01,2.731235,263.2445
0.108645,2.515000e+01,-5.099119e+00,8.743465e-01,2.287172e-01,5.417142e-01,5.875331e-01,2.732039,263.5342
0.108677,2.515000e+01,-5.099130e+00,8.743465e-01,2.284799e-01,5.416893e-01,5.869506e-01,2.732844,263.8239
0.10871,2.515000e+01,-5.099177e+00,8.743465e-01,2.287876e-01,5.404341e-01,5.891060e-01,2.733674,264.1226
0.108742,2.515000e+01,-5.099232e+00,8.743465e-01,2.291355e-01,5.407105e-01,5.897001e-01,2.734479,264.4123
0.108774,2.515000e+01,-5.099268e+00,8.743465e-01,2.291980e-01,5.416106e-01,5.888808e-01,2.735283,264.7020
0.108806,2.515000e+01,-5.099288e+00,8.743465e-01,2.286692e-01,5.412207e-01,5.879454e-01,2.736088,264.9917
0.108839,2.515000e+01,-5.099301e+00,8.743465e-01,2.285275e-01,5.412043e-01,5.875988e-01,2.736918,265.2904
0.108871,2.515000e+01,-5.099286e+00,8.743465e-01,2.281925e-01,5.417909e-01,5.861021e-01,2.737723,265.5801
0.108903,2.515000e+01,-5.099259e+00,8.743465e-01,2.285473e-01,5.429971e-01,5.857095e-01,2.738527,265.8698
0.108935,2.515000e+01,-5.099292e+00,8.743465e-01,2.295128e-01,5.416412e-01,5.896563e-01,2.739332,266.1595
0.108968,2.515000e+01,-5.099336e+00,8.743465e-01,2.298044e-01,5.416608e-01,5.903842e-01,2.740162,266.4582
0.109,2.515000e+01,-5.099352e+00,8.743465e-01,2.294077e-01,5.422066e-01,5.887716e-01,2.740966,266.7479
0.109033,2.515000e+01,-5.099319e+00,8.743465e-01,2.281962e-01,5.414702e-01,5.864589e-01,2.741796,267.0467
0.109067,2.515000e+01,-5.099310e+00,8.743465e-01,2.286457e-01,5.410742e-01,5.880440e-01,2.742651,267.3544
0.1091,2.515000e+01,-5.099332e+00,8.743465e-01,2.293995e-01,5.411303e-01,5.899216e-01,2.743481,267.6532
0.109133,2.515000e+01,-5.099357e+00,8.743465e-01,2.298647e-01,5.418912e-01,5.902878e-01,2.744311,267.9519
0.109167,2.515000e+01,-5.099342e+00,8.743465e-01,2.294461e-01,5.429671e-01,5.880455e-01,2.745166,268.2597
0.1092,2.515000e+01,-5.099320e+00,8.743465e-01,2.293461e-01,5.432465e-01,5.874868e-01,2.745996,268.5585
0.109233,2.515000e+01,-5.099300e+00,8.743465e-01,2.293942e-01,5.431069e-01,5.877611e-01,2.746826,268.8572
0.109267,2.515000e+01,-5.099295e+00,8.743465e-01,2.293736e-01,5.426045e-01,5.882524e-01,2.747681,269.1650
0.1093,2.515000e+01,-5.099364e+00,8.743465e-01,2.302674e-01,5.407366e-01,5.925845e-01,2.748510,269.4637
0.109333,2.515000e+01,-5.099423e+00,8.743465e-01,2.303290e-01,5.413761e-01,5.920429e-01,2.749340,269.7625
0.109367,2.515000e+01,-5.099434e+00,8.743465e-01,2.299297e-01,5.430536e-01,5.891910e-01,2.750195,270.0703
0.1094,2.515000e+01,-5.099386e+00,8.743465e-01,2.284716e-01,5.430768e-01,5.854295e-01,2.751025,270.3690
0.109433,2.515000e+01,-5.099347e+00,8.743465e-01,2.285030e-01,5.425077e-01,5.861242e-01,2.751855,270.6677
0.109467,2.515000e+01,-5.099354e+00,8.743465e-01,2.294915e-01,5.422270e-01,5.889645e-01,2.752710,270.9755
0.1095,2.515000e+01,-5.099368e+00,8.743465e-01,2.303159e-01,5.433624e-01,5.898452e-01,2.753540,271.2743
0.109533,2.515000e+01,-5.099371e+00,8.743465e-01,2.301362e-01,5.433662e-01,5.893807e-01,2.754370,271.5730
0.109567,2.515000e+01,-5.099343e+00,8.743465e-01,2.296250e-01,5.436638e-01,5.877497e-01,2.755224,271.8808
0.1096,2.515000e+01,-5.099314e+00,8.743465e-01,2.295666e-01,5.436801e-01,5.875826e-01,2.756054,272.1796
0.109633,2.515000e+01,-5.099324e+00,8.743465e-01,2.298892e-01,5.426105e-01,5.895682e-01,2.756884,272.4783
0.109667,2.515000e+01,-5.099359e+00,8.743465e-01,2.304251e-01,5.422183e-01,5.913702e-01,2.757739,272.7861
0.1097,2.515000e+01,-5.099383e+00,8.743465e-01,2.303310e-01,5.426184e-01,5.906927e-01,2.758569,273.0848
0.109733,2.515000e+01,-5.099370e+00,8.743465e-01,2.301025e-01,5.439938e-01,5.886146e-01,2.759399,273.3836
0.109767,2.515000e+01,-5.099325e+00,8.743465e-01,2.295000e-01,5.441469e-01,5.869082e-01,2.760254,273.6914
0.1098,2.515000e+01,-5.099283e+00,8.743465e-01,2.296724e-01,5.442331e-01,5.872562e-01,2.761084,273.9901
0.109833,2.515000e+01,-5.099238e+00,8.743465e-01,2.297891e-01,5.446317e-01,5.871245e-01,2.761913,274.2888
0.109867,2.515000e+01,-5.099235e+00,8.743465e-01,2.303762e-01,5.436115e-01,5.897292e-01,2.762768,274.5966
0.1099,2.515000e+01,-5.099261e+00,8.743465e-01,2.308488e-01,5.427902e-01,5.918333e-01,2.763598,274.8954
0.109933,2.515000e+01,-5.099278e+00,8.743465e-01,2.307958e-01,5.428906e-01,5.915877e-01,2.764428,275.1941
0.109967,2.515000e+01,-5.099234e+00,8.743465e-01,2.301064e-01,5.446234e-01,5.879443e-01,2.765283,275.5019
0.11,2.515000e+01,-5.099201e+00,8.743465e-01,2.301806e-01,5.441924e-01,5.885996e-01,2.766113,275.8006
0.110033,2.515000e+01,-5.099181e+00,8.743465e-01,2.302997e-01,5.437510e-01,5.893823e-01,2.766943,276.0994
0.110067,2.515000e+01,-5.099148e+00,8.743465e-01,2.300946e-01,5.437815e-01,5.888242e-01,2.767798,276.4072
0.1101,2.515000e+01,-5.099097e+00,8.743465e-01,2.301642e-01,5.446165e-01,5.880993e-01,2.768628,276.7059
0.110133,2.515000e+01,-5.099068e+00,8.743465e-01,2.305155e-01,5.443029e-01,5.893362e-01,2.769457,277.0047
0.110167,2.515000e+01,-5.099037e+00,8.743465e-01,2.305751e-01,5.445307e-01,5.892422e-01,2.770312,277.3125
0.1102,2.515000e+01,-5.098992e+00,8.743465e-01,2.304084e-01,5.449667e-01,5.883450e-01,2.771142,277.6112
0.110233,2.515000e+01,-5.098957e+00,8.743465e-01,2.303632e-01,5.441560e-01,5.891060e-01,2.771972,277.9099
0.110267,2.515000e+01,-5.098923e+00,8.743465e-01,2.304318e-01,5.440120e-01,5.894373e-01,2.772827,278.2177
0.1103,2.515000e+01,-5.098891e+00,8.743465e-01,2.306270e-01,5.440455e-01,5.899005e-01,2.773657,278.5165
0.110333,2.515000e+01,-5.098832e+00,8.743465e-01,2.304187e-01,5.447465e-01,5.886090e-01,2.774487,278.8152
0.110367,2.515000e+01,-5.098767e+00,8.743465e-01,2.303816e-01,5.448446e-01,5.884082e-01,2.775342,279.1230
0.1104,2.515000e+01,-5.098689e+00,8.743465e-01,2.301797e-01,5.448540e-01,5.878828e-01,2.776172,279.4217
0.110433,2.515000e+01,-5.098601e+00,8.743465e-01,2.302856e-01,5.450107e-01,5.879839e-01,2.777001,279.7205
0.110467,2.515000e+01,-5.098539e+00,8.743465e-01,2.307932e-01,5.444949e-01,5.898382e-01,2.777856,280.0283
0.1105,2.515000e+01,-5.098489e+00,8.743465e-01,2.312095e-01,5.446270e-01,5.907589e-01,2.778686,280.3270
0.110533,2.515000e+01,-5.098430e+00,8.743465e-01,2.312119e-01,5.448987e-01,5.904705e-01,2.779516,280.6258
0.110567,2.515000e+01,-5.098340e+00,8.743465e-01,2.306661e-01,5.453418e-01,5.885979e-01,2.780371,280.9335
0.1106,2.515000e+01,-5.098252e+00,8.743465e-01,2.302604e-01,5.444070e-01,5.885716e-01,2.781201,281.2323
0.110633,2.515000e+01,-5.098174e+00,8.743465e-01,2.305489e-01,5.444081e-01,5.893077e-01,2.782031,281.5310
0.110667,2.515000e+01,-5.098096e+00,8.743465e-01,2.309344e-01,5.451276e-01,5.895140e-01,2.782886,281.8388
0.1107,2.515000e+01,-5.098012e+00,8.743465e-01,2.310980e-01,5.455949e-01,5.894263e-01,2.783715,282.1376
0.110733,2.515000e+01,-5.097924e+00,8.743465e-01,2.308613e-01,5.453238e-01,5.891154e-01,2.784545,282.4363
0.110767,2.515000e+01,-5.097830e+00,8.743465e-01,2.308342e-01,5.451817e-01,5.891998e-01,2.785400,282.7441
0.1108,2.515000e+01,-5.097725e+00,8.743465e-01,2.308264e-01,5.455725e-01,5.887579e-01,2.786230,283.0428
0.110833,2.515000e+01,-5.097625e+00,8.743465e-01,2.309639e-01,5.454809e-01,5.892075e-01,2.787060,283.3416
0.110867,2.515000e+01,-5.097513e+00,8.743465e-01,2.308676e-01,5.458184e-01,5.885977e-01,2.787915,283.6494
0.1109,2.515000e+01,-5.097396e+00,8.743465e-01,2.307415e-01,5.456962e-01,5.884078e-01,2.788745,283.9481
0.110933,2.515000e+01,-5.097287e+00,8.743465e-01,2.306780e-01,5.451327e-01,5.888539e-01,2.789575,284.2468
0.110967,2.515000e+01,-5.097198e+00,8.743465e-01,2.307179e-01,5.444090e-01,5.897386e-01,2.790430,284.5546
0.111,2.515000e+01,-5.097100e+00,8.743465e-01,2.308036e-01,5.451227e-01,5.891854e-01,2.791259,284.8534
0.111033,2.515000e+01,-5.096990e+00,8.743465e-01,2.308707e-01,5.459109e-01,5.885058e-01,2.792089,285.1521
0.111067,2.515000e+01,-5.096871e+00,8.743465e-01,2.307950e-01,5.462234e-01,5.879763e-01,2.792944,285.4599
0.1111,2.515000e+01,-5.096753e+00,8.743465e-01,2.306686e-01,5.459583e-01,5.879395e-01,2.793774,285.7587
0.111133,2.515000e+01,-5.096645e+00,8.743465e-01,2.307691e-01,5.458055e-01,5.883605e-01,2.794604,286.0574
0.111167,2.515000e+01,-5.096579e+00,8.743465e-01,2.311758e-01,5.448751e-01,5.904038e-01,2.795459,286.3652
0.1112,2.515000e+01,-5.096516e+00,8.743465e-01,2.313826e-01,5.450954e-01,5.906932e-01,2.796289,286.6639
0.111233,2.515000e+01,-5.096444e+00,8.743465e-01,2.313272e-01,5.456346e-01,5.899680e-01,2.797119,286.9627
0.111267,2.515000e+01,-5.096354e+00,8.743465e-01,2.309848e-01,5.459541e-01,5.887500e-01,2.797974,287.2705
0.1113,2.515000e+01,-5.096265e+00,8.743465e-01,2.309732e-01,5.460400e-01,5.886278e-01,2.798803,287.5692
0.111333,2.515000e+01,-5.096182e+00,8.743465e-01,2.309084e-01,5.455684e-01,5.889714e-01,2.799633,287.8679
0.111367,2.515000e+01,-5.096088e+00,8.743465e-01,2.307795e-01,5.459294e-01,5.882533e-01,2.800488,288.1757
0.1114,2.515000e+01,-5.095996e+00,8.743465e-01,2.309335e-01,5.463463e-01,5.881967e-01,2.801318,288.4745
0.111433,2.515000e+01,-5.095901e+00,8.743465e-01,2.308168e-01,5.463081e-01,5.879406e-01,2.802148,288.7732
0.111467,2.515000e+01,-5.095816e+00,8.743465e-01,2.309046e-01,5.462852e-01,5.881889e-01,2.803003,289.0810
0.1115,2.515000e+01,-5.095751e+00,8.743465e-01,2.308359e-01,5.454956e-01,5.888651e-01,2.803833,289.3797
0.111533,2.515000e+01,-5.095700e+00,8.743465e-01,2.308407e-01,5.450277e-01,5.893829e-01,2.804662,289.6785
0.111567,2.515000e+01,-5.095655e+00,8.743465e-01,2.308624e-01,5.451762e-01,5.892777e-01,2.805517,289.9863
0.1116,2.515000e+01,-5.095593e+00,8.743465e-01,2.307315e-01,5.461050e-01,5.879419e-01,2.806347,290.2850
0.111633,2.515000e+01,-5.095523e+00,8.743465e-01,2.307994e-01,5.468771e-01,5.872847e-01,2.807177,290.5838
0.111667,2.515000e+01,-5.095455e+00,8.743465e-01,2.307164e-01,5.467065e-01,5.872565e-01,2.808032,290.8916
0.1117,2.515000e+01,-5.095386e+00,8.743465e-01,2.305765e-01,5.466109e-01,5.870031e-01,2.808862,291.1903
0.111733,2.515000e+01,-5.095341e+00,8.743465e-01,2.307713e-01,5.460518e-01,5.881006e-01,2.809692,291.4890
0.111767,2.515000e+01,-5.095343e+00,8.743465e-01,2.313216e-01,5.451840e-01,5.904415e-01,2.810547,291.7968
0.1118,2.515000e+01,-5.095356e+00,8.743465e-01,2.313926e-01,5.452273e-01,5.905755e-01,2.811377,292.0956
0.111833,2.515000e+01,-5.095339e+00,8.743465e-01,2.310556e-01,5.464379e-01,5.884091e-01,2.812206,292.3943
0.111867,2.515000e+01,-5.095316e+00,8.743465e-01,2.306979e-01,5.467637e-01,5.871481e-01,2.813061,292.7021
0.1119,2.515000e+01,-5.095302e+00,8.743465e-01,2.307803e-01,5.466176e-01,5.875149e-01,2.813891,293.0008
0.111933,2.515000e+01,-5.095311e+00,8.743465e-01,2.308842e-01,5.460204e-01,5.884222e-01,2.814721,293.2996
0.111967,2.515000e+01,-5.095324e+00,8.743465e-01,2.309754e-01,5.463527e-01,5.882966e-01,2.815576,293.6074
0.112,2.515000e+01,-5.095339e+00,8.743465e-01,2.311700e-01,5.469793e-01,5.881179e-01,2.816406,293.9061
0.112033,2.515000e+01,-5.095350e+00,8.743465e-01,2.309361e-01,5.467299e-01,5.877906e-01,2.817236,294.2049
0.112067,2.515000e+01,-5.095362e+00,8.743465e-01,2.308320e-01,5.467864e-01,5.874648e-01,2.818091,294.5126
0.1121,2.515000e+01,-5.095392e+00,8.743465e-01,2.306699e-01,5.458718e-01,5.880360e-01,2.818921,294.8114
0.112133,2.515000e+01,-5.095455e+00,8.743465e-01,2.311483e-01,5.453697e-01,5.897980e-01,2.819750,295.1101
0.112167,2.515000e+01,-5.095527e+00,8.743465e-01,2.311816e-01,5.451494e-01,5.901214e-01,2.820605,295.4179
0.1122,2.515000e+01,-5.095536e+00,8.743465e-01,2.305006e-01,5.471811e-01,5.861985e-01,2.821435,295.7167
0.112233,2.515000e+01,-5.095526e+00,8.743465e-01,2.301015e-01,5.477179e-01,5.846099e-01,2.822265,296.0154
0.112267,2.515000e+01,-5.095546e+00,8.743465e-01,2.303504e-01,5.470459e-01,5.859611e-01,2.823120,296.3232
0.1123,2.515000e+01,-5.095599e+00,8.743465e-01,2.306948e-01,5.463305e-01,5.876057e-01,2.823950,296.6219
0.112333,2.515000e+01,-5.095663e+00,8.743465e-01,2.309138e-01,5.462007e-01,5.883032e-01,2.824780,296.9207
0.112367,2.515000e+01,-5.095723e+00,8.743465e-01,2.309488e-01,5.463452e-01,5.882369e-01,2.825635,297.2285
0.1124,2.515000e+01,-5.095775e+00,8.743465e-01,2.308876e-01,5.466656e-01,5.877363e-01,2.826464,297.5272
0.112433,2.515000e+01,-5.095816e+00,8.743465e-01,2.309545e-01,5.474896e-01,5.870218e-01,2.827294,297.8259
0.112467,2.515000e+01,-5.095874e+00,8.743465e-01,2.310001e-01,5.468204e-01,5.878562e-01,2.828149,298.1337
0.1125,2.515000e+01,-5.095935e+00,8.743465e-01,2.309146e-01,5.462103e-01,5.882952e-01,2.828979,298.4325
0.112533,2.515000e+01,-5.095992e+00,8.743465e-01,2.306488e-01,5.459523e-01,5.878957e-01,2.829809,298.7312
0.112567,2.515000e+01,-5.096014e+00,8.743465e-01,2.303911e-01,5.471510e-01,5.859521e-01,2.830664,299.0390
0.1126,2.515000e+01,-5.096039e+00,8.743465e-01,2.306297e-01,5.475351e-01,5.861475e-01,2.831494,299.3378
0.112633,2.515000e+01,-5.096084e+00,8.743465e-01,2.308917e-01,5.472836e-01,5.870832e-01,2.832324,299.6365
0.112667,2.515000e+01,-5.096146e+00,8.743465e-01,2.312355e-01,5.471621e-01,5.880878e-01,2.833179,299.9443
0.1127,2.515000e+01,-5.096231e+00,8.743465e-01,2.315595e-01,5.466722e-01,5.894396e-01,2.834008,300.2430
0.112733,2.515000e+01,-5.096308e+00,8.743465e-01,2.312691e-01,5.464194e-01,5.889728e-01,2.834838,300.5418
0.112767,2.515000e+01,-5.096379e+00,8.743465e-01,2.310018e-01,5.463990e-01,5.883140e-01,2.835693,300.8496
0.1128,2.515000e+01,-5.096404e+00,8.743465e-01,2.303159e-01,5.476529e-01,5.852242e-01,2.836523,301.1483
0.112833,2.515000e+01,-5.096434e+00,8.743465e-01,2.306253e-01,5.476841e-01,5.859770e-01,2.837353,301.4470
0.112867,2.515000e+01,-5.096473e+00,8.743465e-01,2.306959e-01,5.472977e-01,5.865701e-01,2.838208,301.7548
0.1129,2.515000e+01,-5.096503e+00,8.743465e-01,2.303413e-01,5.469836e-01,5.860048e-01,2.839038,302.0536
0.112933,2.515000e+01,-5.096523e+00,8.743465e-01,2.302381e-01,5.474600e-01,5.852326e-01,2.839868,302.3523
0.112967,2.515000e+01,-5.096574e+00,8.743465e-01,2.308548e-01,5.474278e-01,5.868346e-01,2.840723,302.6601
0.113,2.515000e+01,-5.096643e+00,8.743465e-01,2.308915e-01,5.468101e-01,5.875911e-01,2.841552,302.9588
0.113032,2.515000e+01,-5.096684e+00,8.743465e-01,2.302402e-01,5.476643e-01,5.850197e-01,2.842357,303.2485
0.113065,2.515000e+01,-5.096719e+00,8.743465e-01,2.302875e-01,5.477100e-01,5.850909e-01,2.843187,303.5473
0.113097,2.515000e+01,-5.096795e+00,8.743465e-01,2.311311e-01,5.472097e-01,5.877713e-01,2.843992,303.8370
0.113129,2.515000e+01,-5.096891e+00,8.743465e-01,2.314748e-01,5.470613e-01,5.888049e-01,2.844796,304.1267
0.113161,2.515000e+01,-5.096946e+00,8.743465e-01,2.307213e-01,5.478577e-01,5.860351e-01,2.845601,304.4163
0.113194,2.515000e+01,-5.096986e+00,8.743465e-01,2.302488e-01,5.477091e-01,5.849936e-01,2.846431,304.7151
0.113226,2.515000e+01,-5.097045e+00,8.743465e-01,2.304917e-01,5.472053e-01,5.861500e-01,2.847235,305.0048
0.113258,2.515000e+01,-5.097115e+00,8.743465e-01,2.305280e-01,5.467365e-01,5.867449e-01,2.848040,305.2945
0.11329,2.515000e+01,-5.097183e+00,8.743465e-01,2.307719e-01,5.473620e-01,5.866945e-01,2.848845,305.5841
0.113323,2.515000e+01,-5.097267e+00,8.743465e-01,2.312044e-01,5.474796e-01,5.876678e-01,2.849675,305.8829
0.113355,2.515000e+01,-5.097368e+00,8.743465e-01,2.313632e-01,5.471156e-01,5.884626e-01,2.850479,306.1726
0.113387,2.515000e+01,-5.097424e+00,8.743465e-01,2.302999e-01,5.473688e-01,5.854871e-01,2.851284,306.4623
0.113419,2.515000e+01,-5.097451e+00,8.743465e-01,2.296046e-01,5.473632e-01,5.837256e-01,2.852089,306.7519
0.113452,2.515000e+01,-5.097492e+00,8.743465e-01,2.298691e-01,5.470763e-01,5.847045e-01,2.852919,307.0507
0.113484,2.515000e+01,-5.097566e+00,8.743465e-01,2.306278e-01,5.470824e-01,5.866278e-01,2.853723,307.3404
0.113516,2.515000e+01,-5.097653e+00,8.743465e-01,2.307813e-01,5.468619e-01,5.872549e-01,2.854528,307.6301
0.113548,2.515000e+01,-5.097696e+00,8.743465e-01,2.300606e-01,5.477646e-01,5.844563e-01,2.855333,307.9197
0.113581,2.515000e+01,-5.097743e+00,8.743465e-01,2.300201e-01,5.473514e-01,5.847944e-01,2.856162,308.2185
0.113613,2.515000e+01,-5.097811e+00,8.743465e-01,2.302161e-01,5.467218e-01,5.859668e-01,2.856967,308.5082
0.113645,2.515000e+01,-5.097898e+00,8.743465e-01,2.305943e-01,5.465873e-01,5.870740e-01,2.857772,308.7979
0.113677,2.515000e+01,-5.097985e+00,8.743465e-01,2.305667e-01,5.465323e-01,5.870625e-01,2.858577,309.0875
0.11371,2.515000e+01,-5.098064e+00,8.743465e-01,2.302304e-01,5.464924e-01,5.862492e-01,2.859406,309.3863
0.113742,2.515000e+01,-5.098128e+00,8.743465e-01,2.302216e-01,5.473364e-01,5.853229e-01,2.860211,309.6760
0.113774,2.515000e+01,-5.098158e+00,8.743465e-01,2.295040e-01,5.471869e-01,5.836578e-01,2.861016,309.9657
0.113806,2.515000e+01,-5.098204e+00,8.743465e-01,2.298140e-01,5.469358e-01,5.847144e-01,2.861820,310.2554
0.113839,2.515000e+01,-5.098282e+00,8.743465e-01,2.302783e-01,5.463032e-01,5.865743e-01,2.862650,310.5541
0.113871,2.515000e+01,-5.098380e+00,8.743465e-01,2.308155e-01,5.463216e-01,5.879229e-01,2.863455,310.8438
0.113903,2.515000e+01,-5.098458e+00,8.743465e-01,2.305288e-01,5.467587e-01,5.867233e-01,2.864260,311.1335
0.113935,2.515000e+01,-5.098510e+00,8.743465e-01,2.300305e-01,5.469163e-01,5.852861e-01,2.865064,311.4232
0.113968,2.515000e+01,-5.098577e+00,8.743465e-01,2.302989e-01,5.464887e-01,5.864276e-01,2.865894,311.7219
0.114,2.515000e+01,-5.098646e+00,8.743465e-01,2.302025e-01,5.461380e-01,5.865585e-01,2.866699,312.0116
0.114032,2.515000e+01,-5.098733e+00,8.743465e-01,2.304565e-01,5.456296e-01,5.877528e-01,2.867504,312.3013
0.114065,2.515000e+01,-5.098769e+00,8.743465e-01,2.294557e-01,5.460401e-01,5.847603e-01,2.868333,312.6000
0.114097,2.515000e+01,-5.098786e+00,8.743465e-01,2.290654e-01,5.462616e-01,5.835291e-01,2.869138,312.8897
0.114129,2.515000e+01,-5.098781e+00,8.743465e-01,2.288292e-01,5.467322e-01,5.824256e-01,2.869943,313.1794
0.114161,2.515000e+01,-5.098813e+00,8.743465e-01,2.295272e-01,5.464113e-01,5.845453e-01,2.870747,313.4691
0.114194,2.515000e+01,-5.098875e+00,8.743465e-01,2.300115e-01,5.458626e-01,5.863676e-01,2.871577,313.7678
0.114226,2.515000e+01,-5.098937e+00,8.743465e-01,2.299709e-01,5.456848e-01,5.864549e-01,2.872382,314.0575
0.114258,2.515000e+01,-5.099000e+00,8.743465e-01,2.299199e-01,5.456461e-01,5.863667e-01,2.873187,314.3472
0.11429,2.515000e+01,-5.099038e+00,8.743465e-01,2.294117e-01,5.459043e-01,5.847937e-01,2.873991,314.6369
0.114323,2.515000e+01,-5.099085e+00,8.743465e-01,2.294346e-01,5.455891e-01,5.851901e-01,2.874821,314.9356
0.114355,2.515000e+01,-5.099123e+00,8.743465e-01,2.294180e-01,5.460521e-01,5.846516e-01,2.875626,315.2253
0.114387,2.515000e+01,-5.099188e+00,8.743465e-01,2.297946e-01,5.453896e-01,5.863225e-01,2.876431,315.5150
0.114419,2.515000e+01,-5.099251e+00,8.743465e-01,2.297884e-01,5.454753e-01,5.862147e-01,2.877235,315.8047
0.114452,2.515000e+01,-5.099278e+00,8.743465e-01,2.289153e-01,5.452964e-01,5.841789e-01,2.878065,316.1034
0.114484,2.515000e+01,-5.099294e+00,8.743465e-01,2.288246e-01,5.453568e-01,5.838828e-01,2.878870,316.3931
0.114516,2.515000e+01,-5.099333e+00,8.743465e-01,2.294794e-01,5.454348e-01,5.854699e-01,2.879674,316.6828
0.114548,2.515000e+01,-5.099391e+00,8.743465e-01,2.300421e-01,5.455968e-01,5.867313e-01,2.880479,316.9725
0.114581,2.515000e+01,-5.099434e+00,8.743465e-01,2.296951e-01,5.454663e-01,5.859864e-01,2.881309,317.2712
0.114613,2.515000e+01,-5.099465e+00,8.743465e-01,2.293042e-01,5.451938e-01,5.852815e-01,2.882114,317.5609
0.114645,2.515000e+01,-5.099485e+00,8.743465e-01,2.288490e-01,5.447215e-01,5.846261e-01,2.882918,317.8506
0.114677,2.515000e+01,-5.099508e+00,8.743465e-01,2.288500e-01,5.445106e-01,5.848551e-01,2.883723,318.1403
0.11471,2.515000e+01,-5.099534e+00,8.743465e-01,2.291535e-01,5.447547e-01,5.853683e-01,2.884553,318.4390
0.114742,2.515000e+01,-5.099559e+00,8.743465e-01,2.293278e-01,5.451590e-01,5.853791e-01,2.885358,318.7287
0.114774,2.515000e+01,-5.099584e+00,8.743465e-01,2.293316e-01,5.449873e-01,5.855732e-01,2.886162,319.0184
0.114806,2.515000e+01,-5.099593e+00,8.743465e-01,2.288525e-01,5.444032e-01,5.849768e-01,2.886967,319.3081
0.114839,2.515000e+01,-5.099585e+00,8.743465e-01,2.284036e-01,5.442203e-01,5.840257e-01,2.887797,319.6068
0.114871,2.515000e+01,-5.099592e+00,8.743465e-01,2.289704e-01,5.443741e-01,5.853097e-01,2.888601,319.8965
0.114903,2.515000e+01,-5.099605e+00,8.743465e-01,2.292736e-01,5.444820e-01,5.859686e-01,2.889406,320.1862
0.114935,2.515000e+01,-5.099593e+00,8.743465e-01,2.290322e-01,5.448928e-01,5.849102e-01,2.890211,320.4759
0.114968,2.515000e+01,-5.099554e+00,8.743465e-01,2.281148e-01,5.441770e-01,5.833336e-01,2.891041,320.7746
0.115,2.515000e+01,-5.099515e+00,8.743465e-01,2.279910e-01,5.437589e-01,5.834653e-01,2.891845,321.0643
0.115032,2.515000e+01,-5.099474e+00,8.743465e-01,2.280718e-01,5.435094e-01,5.839402e-01,2.892650,321.3540
0.115065,2.515000e+01,-5.099440e+00,8.743465e-01,2.285621e-01,5.437606e-01,5.849251e-01,2.893480,321.6527
0.115097,2.515000e+01,-5.099405e+00,8.743465e-01,2.288523e-01,5.442378e-01,5.851542e-01,2.894285,321.9424
0.115129,2.515000e+01,-5.099383e+00,8.743465e-01,2.294610e-01,5.443757e-01,5.865619e-01,2.895089,322.2321
0.115161,2.515000e+01,-5.099343e+00,8.743465e-01,2.289590e-01,5.439045e-01,5.857858e-01,2.895894,322.5218
0.115194,2.515000e+01,-5.099287e+00,8.743465e-01,2.284014e-01,5.433304e-01,5.849765e-01,2.896724,322.8205
0.115226,2.515000e+01,-5.099227e+00,8.743465e-01,2.285520e-01,5.435710e-01,5.851032e-01,2.897528,323.1102
0.115258,2.515000e+01,-5.099178e+00,8.743465e-01,2.287932e-01,5.434489e-01,5.858522e-01,2.898333,323.3999
0.11529,2.515000e+01,-5.099133e+00,8.743465e-01,2.290365e-01,5.435524e-01,5.863634e-01,2.899138,323.6896
0.115323,2.515000e+01,-5.099044e+00,8.743465e-01,2.279034e-01,5.434507e-01,5.835718e-01,2.899968,323.9883
0.115355,2.515000e+01,-5.098967e+00,8.743465e-01,2.280853e-01,5.430205e-01,5.845004e-01,2.900772,324.2780
0.115387,2.515000e+01,-5.098887e+00,8.743465e-01,2.281456e-01,5.431260e-01,5.845414e-01,2.901577,324.5677
0.115419,2.515000e+01,-5.098812e+00,8.743465e-01,2.282125e-01,5.428833e-01,5.849741e-01,2.902382,324.8574
0.115452,2.515000e+01,-5.098738e+00,8.743465e-01,2.283709e-01,5.429317e-01,5.853280e-01,2.903212,325.1561
0.115484,2.515000e+01,-5.098662e+00,8.743465e-01,2.284391e-01,5.430891e-01,5.853331e-01,2.904016,325.4458
0.115516,2.515000e+01,-5.098586e+00,8.743465e-01,2.284724e-01,5.429446e-01,5.855742e-01,2.904821,325.7355
0.115548,2.515000e+01,-5.098473e+00,8.743465e-01,2.275900e-01,5.427742e-01,5.834958e-01,2.905626,326.0252
0.115581,2.515000e+01,-5.098364e+00,8.743465e-01,2.276118e-01,5.425899e-01,5.837499e-01,2.906455,326.3240
0.115613,2.515000e+01,-5.098262e+00,8.743465e-01,2.278824e-01,5.426665e-01,5.843612e-01,2.907260,326.6136
0.115645,2.515000e+01,-5.098168e+00,8.743465e-01,2.278976e-01,5.425740e-01,5.844999e-01,2.908065,326.9033
0.115677,2.515000e+01,-5.098083e+00,8.743465e-01,2.277988e-01,5.420418e-01,5.848203e-01,2.908869,327.1930
0.11571,2.515000e+01,-5.097996e+00,8.743465e-01,2.279609e-01,5.421460e-01,5.851239e-01,2.909699,327.4918
0.115742,2.515000e+01,-5.097917e+00,8.743465e-01,2.283504e-01,5.425007e-01,5.857405e-01,2.910504,327.7814
0.115774,2.515000e+01,-5.097833e+00,8.743465e-01,2.284111e-01,5.428399e-01,5.855299e-01,2.911309,328.0711
0.115806,2.515000e+01,-5.097742e+00,8.743465e-01,2.282594e-01,5.426958e-01,5.852964e-01,2.912113,328.3608
0.115839,2.515000e+01,-5.097653e+00,8.743465e-01,2.281075e-01,5.419951e-01,5.856632e-01,2.912943,328.6596
0.115871,2.515000e+01,-5.097571e+00,8.743465e-01,2.282647e-01,5.420412e-01,5.860170e-01,2.913748,328.9492
0.115903,2.515000e+01,-5.097477e+00,8.743465e-01,2.277908e-01,5.418746e-01,5.849802e-01,2.914553,329.2389
0.115935,2.515000e+01,-5.097384e+00,8.743465e-01,2.275699e-01,5.414486e-01,5.848726e-01,2.915357,329.5286
0.115968,2.515000e+01,-5.097291e+00,8.743465e-01,2.276499e-01,5.414527e-01,5.850737e-01,2.916187,329.8274
0.116,2.515000e+01,-5.097190e+00,8.743465e-01,2.276904e-01,5.417263e-01,5.848824e-01,2.916992,330.1170
0.116032,2.515000e+01,-5.097093e+00,8.743465e-01,2.279376e-01,5.419539e-01,5.852713e-01,2.917796,330.4067
0.116065,2.515000e+01,-5.096996e+00,8.743465e-01,2.279611e-01,5.419414e-01,5.853453e-01,2.918626,330.7055
0.116097,2.515000e+01,-5.096904e+00,8.743465e-01,2.280594e-01,5.418585e-01,5.856872e-01,2.919431,330.9952
0.116129,2.515000e+01,-5.096806e+00,8.743465e-01,2.277136e-01,5.415643e-01,5.851170e-01,2.920236,331.2848
0.116161,2.515000e+01,-5.096704e+00,8.743465e-01,2.272061e-01,5.408333e-01,5.846021e-01,2.921040,331.5745
0.116194,2.515000e+01,-5.096598e+00,8.743465e-01,2.272534e-01,5.411485e-01,5.843830e-01,2.921870,331.8733
0.116226,2.515000e+01,-5.096494e+00,8.743465e-01,2.273872e-01,5.413763e-01,5.844809e-01,2.922675,332.1630
0.116258,2.515000e+01,-5.096393e+00,8.743465e-01,2.277324e-01,5.419104e-01,5.847915e-01,2.923480,332.4527
0.11629,2.515000e+01,-5.096302e+00,8.743465e-01,2.277445e-01,5.417080e-01,5.850411e-01,2.924284,332.7423
0.116323,2.515000e+01,-5.096224e+00,8.743465e-01,2.279488e-01,5.415417e-01,5.857457e-01,2.925114,333.0411
0.116355,2.515000e+01,-5.096153e+00,8.743465e-01,2.278988e-01,5.411367e-01,5.860556e-01,2.925919,333.3308
0.116387,2.515000e+01,-5.096075e+00,8.743465e-01,2.277526e-01,5.411164e-01,5.857014e-01,2.926723,333.6205
0.116419,2.515000e+01,-5.095997e+00,8.743465e-01,2.278041e-01,5.413020e-01,5.856331e-01,2.927528,333.9101
0.116452,2.515000e+01,-5.095936e+00,8.743465e-01,2.282860e-01,5.417760e-01,5.863585e-01,2.928358,334.2089
0.116484,2.515000e+01,-5.095876e+00,8.743465e-01,2.279944e-01,5.413556e-01,5.860643e-01,2.929163,334.4986
0.116516,2.515000e+01,-5.095827e+00,8.743465e-01,2.275648e-01,5.401193e-01,5.862990e-01,2.929967,334.7883
0.116548,2.515000e+01,-5.095779e+00,8.743465e-01,2.273154e-01,5.399588e-01,5.858304e-01,2.930772,335.0779
0.116581,2.515000e+01,-5.095727e+00,8.743465e-01,2.272648e-01,5.405410e-01,5.850693e-01,2.931602,335.3767
0.116613,2.515000e+01,-5.095680e+00,8.743465e-01,2.276862e-01,5.411670e-01,5.854760e-01,2.932407,335.6664
0.116645,2.515000e+01,-5.095640e+00,8.743465e-01,2.277796e-01,5.412632e-01,5.856120e-01,2.933211,335.9561
0.116677,2.515000e+01,-5.095617e+00,8.743465e-01,2.279490e-01,5.408582e-01,5.864863e-01,2.934016,336.2457
0.11671,2.515000e+01,-5.095601e+00,8.743465e-01,2.280328e-01,5.407293e-01,5.868418e-01,2.934846,336.5445
0.116742,2.515000e+01,-5.095578e+00,8.743465e-01,2.274539e-01,5.402808e-01,5.858380e-01,2.935650,336.8342
0.116774,2.515000e+01,-5.095563e+00,8.743465e-01,2.275398e-01,5.403083e-01,5.860295e-01,2.936455,337.1239
0.116806,2.515000e+01,-5.095539e+00,8.743465e-01,2.273801e-01,5.406256e-01,5.852744e-01,2.937260,337.4135
0.116839,2.515000e+01,-5.095530e+00,8.743465e-01,2.275754e-01,5.405098e-01,5.859026e-01,2.938090,337.7123
0.116871,2.515000e+01,-5.095522e+00,8.743465e-01,2.273538e-01,5.402870e-01,5.855735e-01,2.938894,338.0020
0.116903,2.515000e+01,-5.095516e+00,8.743465e-01,2.270978e-01,5.399719e-01,5.852556e-01,2.939699,338.2917
0.116935,2.515000e+01,-5.095517e+00,8.743465e-01,2.272830e-01,5.402153e-01,5.854688e-01,2.940504,338.5814
0.116968,2.515000e+01,-5.095522e+00,8.743465e-01,2.275727e-01,5.409620e-01,5.854060e-01,2.941334,338.8801
0.117,2.515000e+01,-5.095544e+00,8.743465e-01,2.277802e-01,5.407254e-01,5.861961e-01,2.942138,339.1698
0.117032,2.515000e+01,-5.095580e+00,8.743465e-01,2.279475e-01,5.405531e-01,5.868136e-01,2.942943,339.4595
0.117065,2.515000e+01,-5.095621e+00,8.743465e-01,2.279478e-01,5.405509e-01,5.868168e-01,2.943773,339.7582
0.117097,2.515000e+01,-5.095672e+00,8.743465e-01,2.277380e-01,5.399511e-01,5.869278e-01,2.944577,340.0479
0.117129,2.515000e+01,-5.095734e+00,8.743465e-01,2.275900e-01,5.394454e-01,5.870965e-01,2.945382,340.3376
0.117161,2.515000e+01,-5.095793e+00,8.743465e-01,2.273653e-01,5.394413e-01,5.865212e-01,2.946187,340.6273
0.117194,2.515000e+01,-5.095855e+00,8.743465e-01,2.276372e-01,5.398405e-01,5.867884e-01,2.947017,340.9260
0.117226,2.515000e+01,-5.095915e+00,8.743465e-01,2.277215e-01,5.402792e-01,5.865291e-01,2.947821,341.2157
0.117258,2.515000e+01,-5.095974e+00,8.743465e-01,2.277980e-01,5.405238e-01,5.864604e-01,2.948626,341.5054
0.11729,2.515000e+01,-5.096027e+00,8.743465e-01,2.277262e-01,5.408584e-01,5.859130e-01,2.949431,341.7951
0.117323,2.515000e+01,-5.096099e+00,8.743465e-01,2.277592e-01,5.400828e-01,5.868393e-01,2.950261,342.0938
0.117355,2.515000e+01,-5.096189e+00,8.743465e-01,2.279377e-01,5.395858e-01,5.878403e-01,2.951065,342.3835
0.117387,2.515000e+01,-5.096274e+00,8.743465e-01,2.278987e-01,5.397802e-01,5.875279e-01,2.951870,342.6732
0.117419,2.515000e+01,-5.096339e+00,8.743465e-01,2.274865e-01,5.399285e-01,5.863042e-01,2.952675,342.9629
0.117452,2.515000e+01,-5.096393e+00,8.743465e-01,2.273379e-01,5.401934e-01,5.856341e-01,2.953504,343.2616
0.117484,2.515000e+01,-5.096452e+00,8.743465e-01,2.273278e-01,5.400634e-01,5.857488e-01,2.954309,343.5513
0.117516,2.515000e+01,-5.096526e+00,8.743465e-01,2.275456e-01,5.398379e-01,5.865550e-01,2.955114,343.8410
0.117548,2.515000e+01,-5.096599e+00,8.743465e-01,2.277713e-01,5.401610e-01,5.867857e-01,2.955919,344.1307
0.117581,2.515000e+01,-5.096667e+00,8.743465e-01,2.276332e-01,5.404070e-01,5.861630e-01,2.956748,344.4294
0.117613,2.515000e+01,-5.096734e+00,8.743465e-01,2.277278e-01,5.406405e-01,5.861532e-01,2.957553,344.7191
0.117645,2.515000e+01,-5.096804e+00,8.743465e-01,2.278628e-01,5.408151e-01,5.863114e-01,2.958358,345.0088
0.117677,2.515000e+01,-5.096899e+00,8.743465e-01,2.278158e-01,5.395707e-01,5.875424e-01,2.959162,345.2985
0.11771,2.515000e+01,-5.097001e+00,8.743465e-01,2.277436e-01,5.388921e-01,5.880959e-01,2.959992,345.5972
0.117742,2.515000e+01,-5.097103e+00,8.743465e-01,2.278511e-01,5.389736e-01,5.882845e-01,2.960797,345.8869
0.117774,2.515000e+01,-5.097174e+00,8.743465e-01,2.276155e-01,5.399179e-01,5.866483e-01,2.961602,346.1766
0.117806,2.515000e+01,-5.097236e+00,8.743465e-01,2.276357e-01,5.403537e-01,5.862271e-01,2.962406,346.4663
0.117839,2.515000e+01,-5.097301e+00,8.743465e-01,2.278053e-01,5.404703e-01,5.865375e-01,2.963236,346.7650
0.117871,2.515000e+01,-5.097382e+00,8.743465e-01,2.282001e-01,5.402180e-01,5.878283e-01,2.964041,347.0547
0.117903,2.515000e+01,-5.097455e+00,8.743465e-01,2.280290e-01,5.401882e-01,5.874199e-01,2.964846,347.3444
0.117935,2.515000e+01,-5.097528e+00,8.743465e-01,2.279037e-01,5.398538e-01,5.874608e-01,2.965650,347.6341
0.117968,2.515000e+01,-5.097591e+00,8.743465e-01,2.280554e-01,5.404662e-01,5.871857e-01,2.966480,347.9328
0.118,2.515000e+01,-5.097665e+00,8.743465e-01,2.283786e-01,5.401117e-01,5.884037e-01,2.967285,348.2225
0.118032,2.515000e+01,-5.097738e+00,8.743465e-01,2.281973e-01,5.396114e-01,5.884820e-01,2.968089,348.5122
0.118065,2.515000e+01,-5.097800e+00,8.743465e-01,2.278542e-01,5.393083e-01,5.879273e-01,2.968919,348.8109
0.118097,2.515000e+01,-5.097852e+00,8.743465e-01,2.278488e-01,5.397613e-01,5.874201e-01,2.969724,349.1006
0.118129,2.515000e+01,-5.097875e+00,8.743465e-01,2.277540e-01,5.410063e-01,5.858244e-01,2.970529,349.3903
0.118161,2.515000e+01,-5.097888e+00,8.743465e-01,2.275588e-01,5.409321e-01,5.854024e-01,2.971333,349.6800
0.118194,2.515000e+01,-5.097917e+00,8.743465e-01,2.279622e-01,5.407797e-01,5.866057e-01,2.972163,349.9787
0.118226,2.515000e+01,-5.097963e+00,8.743465e-01,2.284000e-01,5.406312e-01,5.878934e-01,2.972968,350.2684
0.118258,2.515000e+01,-5.098011e+00,8.743465e-01,2.286422e-01,5.408417e-01,5.882881e-01,2.973773,350.5581
0.11829,2.515000e+01,-5.098055e+00,8.743465e-01,2.283272e-01,5.403520e-01,5.880097e-01,2.974577,350.8478
0.118323,2.515000e+01,-5.098102e+00,8.743465e-01,2.284085e-01,5.403198e-01,5.882542e-01,2.975407,351.1465
0.118355,2.515000e+01,-5.098153e+00,8.743465e-01,2.285741e-01,5.403488e-01,5.886491e-01,2.976212,351.4362
0.118387,2.515000e+01,-5.098198e+00,8.743465e-01,2.283466e-01,5.401489e-01,5.882809e-01,2.977016,351.7259
0.118419,2.515000e+01,-5.098237e+00,8.743465e-01,2.282965e-01,5.402905e-01,5.879977e-01,2.977821,352.0156
0.118452,2.515000e+01,-5.098251e+00,8.743465e-01,2.281361e-01,5.412143e-01,5.865817e-01,2.978651,352.3143
0.118484,2.515000e+01,-5.098262e+00,8.743465e-01,2.283498e-01,5.416644e-01,5.866432e-01,2.979456,352.6040
0.118516,2.515000e+01,-5.098299e+00,8.743465e-01,2.288082e-01,5.411291e-01,5.884022e-01,2.980260,352.8937
0.118548,2.515000e+01,-5.098356e+00,8.743465e-01,2.291794e-01,5.408850e-01,5.896230e-01,2.981065,353.1834
0.118581,2.515000e+01,-5.098384e+00,8.743465e-01,2.287823e-01,5.416757e-01,5.877422e-01,2.981895,353.4822
0.118613,2.515000e+01,-5.098389e+00,8.743465e-01,2.284449e-01,5.419883e-01,5.865367e-01,2.982700,353.7718
0.118645,2.515000e+01,-5.098437e+00,8.743465e-01,2.287970e-01,5.403722e-01,5.891976e-01,2.983504,354.0615
0.118677,2.515000e+01,-5.098490e+00,8.743465e-01,2.290302e-01,5.406171e-01,5.895312e-01,2.984309,354.3512
0.11871,2.515000e+01,-5.098533e+00,8.743465e-01,2.292421e-01,5.414176e-01,5.892040e-01,2.985139,354.6500
0.118742,2.515000e+01,-5.098554e+00,8.743465e-01,2.287657e-01,5.413744e-01,5.880264e-01,2.985943,354.9396
0.118774,2.515000e+01,-5.098570e+00,8.743465e-01,2.285493e-01,5.410812e-01,5.877887e-01,2.986748,355.2293
0.118806,2.515000e+01,-5.098563e+00,8.743465e-01,2.282629e-01,5.416033e-01,5.864862e-01,2.987553,355.5190
0.118839,2.515000e+01,-5.098536e+00,8.743465e-01,2.284391e-01,5.428426e-01,5.855989e-01,2.988383,355.8178
0.118871,2.515000e+01,-5.098558e+00,8.743465e-01,2.293325e-01,5.418333e-01,5.889842e-01,2.989187,356.1074
0.118903,2.515000e+01,-5.098604e+00,8.743465e-01,2.298126e-01,5.416158e-01,5.904541e-01,2.989992,356.3971
0.118935,2.515000e+01,-5.098633e+00,8.743465e-01,2.296431e-01,5.420266e-01,5.895715e-01,2.990797,356.6868
0.118968,2.515000e+01,-5.098603e+00,8.743465e-01,2.282959e-01,5.422557e-01,5.858652e-01,2.991627,356.9856
0.119,2.515000e+01,-5.098590e+00,8.743465e-01,2.284165e-01,5.412580e-01,5.872550e-01,2.992431,357.2752
0.119033,2.515000e+01,-5.098603e+00,8.743465e-01,2.290337e-01,5.406024e-01,5.895560e-01,2.993261,357.5740
0.119067,2.515000e+01,-5.098634e+00,8.743465e-01,2.298993e-01,5.415431e-01,5.907563e-01,2.994116,357.8818
0.1191,2.515000e+01,-5.098629e+00,8.743465e-01,2.295822e-01,5.427041e-01,5.886793e-01,2.994946,358.1805
0.119133,2.515000e+01,-5.098608e+00,8.743465e-01,2.293929e-01,5.431841e-01,5.876742e-01,2.995776,358.4793
0.119167,2.515000e+01,-5.098590e+00,8.743465e-01,2.294188e-01,5.430541e-01,5.878813e-01,2.996631,358.7871
0.1192,2.515000e+01,-5.098572e+00,8.743465e-01,2.292996e-01,5.430001e-01,5.876343e-01,2.997461,359.0858
0.119233,2.515000e+01,-5.098634e+00,8.743465e-01,2.301376e-01,5.408188e-01,5.921605e-01,2.998290,359.3845
0.119267,2.515000e+01,-5.098696e+00,8.743465e-01,2.302893e-01,5.411508e-01,5.921872e-01,2.999145,359.6923
0.1193,2.515000e+01,-5.098729e+00,8.743465e-01,2.302312e-01,5.425856e-01,5.904724e-01,2.999975,359.9911
0.119333,2.515000e+01,-5.098688e+00,8.743465e-01,2.287177e-01,5.432653e-01,5.858568e-01,3.000805,0.2898
0.119367,2.515000e+01,-5.098645e+00,8.743465e-01,2.284048e-01,5.425332e-01,5.858448e-01,3.001660,0.5976
0.1194,2.515000e+01,-5.098639e+00,8.743465e-01,2.291567e-01,5.421740e-01,5.881629e-01,3.002490,0.8963
0.119433,2.515000e+01,-5.098656e+00,8.743465e-01,2.302437e-01,5.432213e-01,5.898133e-01,3.003320,1.1951
0.119467,2.515000e+01,-5.098669e+00,8.743465e-01,2.302714e-01,5.432147e-01,5.898914e-01,3.004175,1.5029
0.1195,2.515000e+01,-5.098646e+00,8.743465e-01,2.296776e-01,5.435600e-01,5.879967e-01,3.005004,1.8016
0.119533,2.515000e+01,-5.098615e+00,8.743465e-01,2.295516e-01,5.437294e-01,5.874909e-01,3.005834,2.1004
0.119567,2.515000e+01,-5.098615e+00,8.743465e-01,2.297752e-01,5.428434e-01,5.890231e-01,3.006689,2.4081
0.1196,2.515000e+01,-5.098649e+00,8.743465e-01,2.303286e-01,5.421814e-01,5.911626e-01,3.007519,2.7069
0.119633,2.515000e+01,-5.098678e+00,8.743465e-01,2.303683e-01,5.424502e-01,5.909716e-01,3.008349,3.0056
0.119667,2.515000e+01,-5.098682e+00,8.743465e-01,2.302464e-01,5.435396e-01,5.894750e-01,3.009204,3.3134
0.1197,2.515000e+01,-5.098640e+00,8.743465e-01,2.295482e-01,5.441830e-01,5.869926e-01,3.010034,3.6122
0.119733,2.515000e+01,-5.098599e+00,8.743465e-01,2.296393e-01,5.441388e-01,5.872733e-01,3.010864,3.9109
0.119767,2.515000e+01,-5.098556e+00,8.743465e-01,2.297019e-01,5.444248e-01,5.871248e-01,3.011719,4.2187
0.1198,2.515000e+01,-5.098534e+00,8.743465e-01,2.301522e-01,5.441946e-01,5.885245e-01,3.012548,4.5174
0.119833,2.515000e+01,-5.098563e+00,8.743465e-01,2.308607e-01,5.427667e-01,5.918894e-01,3.013378,4.8162
0.119867,2.515000e+01,-5.098586e+00,8.743465e-01,2.307958e-01,5.427372e-01,5.917551e-01,3.014233,5.1240
0.1199,2.515000e+01,-5.098555e+00,8.743465e-01,2.302519e-01,5.442042e-01,5.887691e-01,3.015063,5.4227
0.119933,2.515000e+01,-5.098520e+00,8.743465e-01,2.301595e-01,5.443009e-01,5.884283e-01,3.015893,5.7214
0.119967,2.515000e+01,-5.098499e+00,8.743465e-01,2.302828e-01,5.438040e-01,5.892816e-01,3.016748,6.0292
0.12,2.515000e+01,-5.098473e+00,8.743465e-01,2.300944e-01,5.435609e-01,5.890627e-01,3.017578,6.3280
0.120033,2.515000e+01,-5.098424e+00,8.743465e-01,2.301355e-01,5.445677e-01,5.880788e-01,3.018408,6.6267
0.120067,2.515000e+01,-5.098390e+00,8.743465e-01,2.303955e-01,5.443284e-01,5.890019e-01,3.019263,6.9345
0.1201,2.515000e+01,-5.098367e+00,8.743465e-01,2.306080e-01,5.443025e-01,5.895732e-01,3.020092,7.2333
0.120133,2.515000e+01,-5.098324e+00,8.743465e-01,2.304471e-01,5.449790e-01,5.884306e-01,3.020922,7.5320
0.120167,2.515000e+01,-5.098285e+00,8.743465e-01,2.302923e-01,5.443650e-01,5.886985e-01,3.021777,7.8398
0.1202,2.515000e+01,-5.098254e+00,8.743465e-01,2.304539e-01,5.440184e-01,5.894870e-01,3.022607,8.1385
0.120233,2.515000e+01,-5.098223e+00,8.743465e-01,2.304920e-01,5.438771e-01,5.897377e-01,3.023437,8.4373
0.120267,2.515000e+01,-5.098175e+00,8.743465e-01,2.305595e-01,5.446071e-01,5.891194e-01,3.024292,8.7451
0.1203,2.515000e+01,-5.098110e+00,8.743465e-01,2.302972e-01,5.447918e-01,5.882500e-01,3.025122,9.0438
0.120333,2.515000e+01,-5.098042e+00,8.743465e-01,2.302657e-01,5.447388e-01,5.882266e-01,3.025951,9.3425
0.120367,2.515000e+01,-5.097952e+00,8.743465e-01,2.301605e-01,5.449814e-01,5.876960e-01,3.026806,9.6503
0.1204,2.515000e+01,-5.097882e+00,8.743465e-01,2.306077e-01,5.446369e-01,5.892105e-01,3.027636,9.9491
0.120433,2.515000e+01,-5.097834e+00,8.743465e-01,2.311288e-01,5.444987e-01,5.906918e-01,3.028466,10.2478
0.120467,2.515000e+01,-5.097780e+00,8.743465e-01,2.311931e-01,5.447535e-01,5.905798e-01,3.029321,10.5556
0.1205,2.515000e+01,-5.097696e+00,8.743465e-01,2.308139e-01,5.454132e-01,5.888979e-01,3.030151,10.8543
0.120533,2.515000e+01,-5.097608e+00,8.743465e-01,2.302374e-01,5.444802e-01,5.884337e-01,3.030981,11.1531
0.120567,2.515000e+01,-5.097532e+00,8.743465e-01,2.305135e-01,5.443139e-01,5.893192e-01,3.031836,11.4609
0.1206,2.515000e+01,-5.097455e+00,8.743465e-01,2.307547e-01,5.448673e-01,5.893369e-01,3.032666,11.7596
0.120633,2.515000e+01,-5.097370e+00,8.743465e-01,2.310352e-01,5.456409e-01,5.892165e-01,3.033495,12.0584
0.120667,2.515000e+01,-5.097287e+00,8.743465e-01,2.309144e-01,5.453540e-01,5.892184e-01,3.034350,12.3662
0.1207,2.515000e+01,-5.097199e+00,8.743465e-01,2.308318e-01,5.449915e-01,5.893993e-01,3.035180,12.6649
0.120733,2.515000e+01,-5.097097e+00,8.743465e-01,2.307880e-01,5.455456e-01,5.886889e-01,3.036010,12.9636
0.120767,2.515000e+01,-5.096997e+00,8.743465e-01,2.308828e-01,5.454186e-01,5.890680e-01,3.036865,13.2714
0.1208,2.515000e+01,-5.096887e+00,8.743465e-01,2.308691e-01,5.457996e-01,5.886217e-01,3.037695,13.5702
0.120833,2.515000e+01,-5.096770e+00,8.743465e-01,2.306819e-01,5.457292e-01,5.882203e-01,3.038525,13.8689
0.120867,2.515000e+01,-5.096662e+00,8.743465e-01,2.307080e-01,5.452756e-01,5.887761e-01,3.039380,14.1767
0.1209,2.515000e+01,-5.096567e+00,8.743465e-01,2.306110e-01,5.444916e-01,5.893761e-01,3.040210,14.4754
0.120933,2.515000e+01,-5.096478e+00,8.743465e-01,2.308126e-01,5.448119e-01,5.895444e-01,3.041039,14.7742
0.120967,2.515000e+01,-5.096369e+00,8.743465e-01,2.307480e-01,5.457065e-01,5.884132e-01,3.041894,15.0820
0.121,2.515000e+01,-5.096251e+00,8.743465e-01,2.307680e-01,5.462387e-01,5.878909e-01,3.042724,15.3807
0.121033,2.515000e+01,-5.096134e+00,8.743465e-01,2.306872e-01,5.459989e-01,5.879433e-01,3.043554,15.6795
0.121067,2.515000e+01,-5.096022e+00,8.743465e-01,2.306239e-01,5.457538e-01,5.880458e-01,3.044409,15.9872
0.1211,2.515000e+01,-5.095950e+00,8.743465e-01,2.310626e-01,5.450613e-01,5.899130e-01,3.045239,16.2860
0.121133,2.515000e+01,-5.095887e+00,8.743465e-01,2.312800e-01,5.450192e-01,5.905136e-01,3.046069,16.5847
0.121167,2.515000e+01,-5.095824e+00,8.743465e-01,2.313766e-01,5.453356e-01,5.904176e-01,3.046924,16.8925
0.1212,2.515000e+01,-5.095735e+00,8.743465e-01,2.309793e-01,5.460052e-01,5.886809e-01,3.047753,17.1913
0.121233,2.515000e+01,-5.095645e+00,8.743465e-01,2.308754e-01,5.459740e-01,5.884498e-01,3.048583,17.4900
0.121267,2.515000e+01,-5.095564e+00,8.743465e-01,2.309189e-01,5.456210e-01,5.889415e-01,3.049438,17.7978
0.1213,2.515000e+01,-5.095476e+00,8.743465e-01,2.307422e-01,5.457056e-01,5.883995e-01,3.050268,18.0965
0.121333,2.515000e+01,-5.095382e+00,8.743465e-01,2.308286e-01,5.463127e-01,5.879658e-01,3.051098,18.3953
0.121367,2.515000e+01,-5.095288e+00,8.743465e-01,2.307635e-01,5.462738e-01,5.878419e-01,3.051953,18.7031
0.1214,2.515000e+01,-5.095200e+00,8.743465e-01,2.308371e-01,5.463709e-01,5.879246e-01,3.052783,19.0018
0.121433,2.515000e+01,-5.095132e+00,8.743465e-01,2.308218e-01,5.456455e-01,5.886675e-01,3.053613,19.3005
0.121467,2.515000e+01,-5.095078e+00,8.743465e-01,2.307367e-01,5.450774e-01,5.890635e-01,3.054468,19.6083
0.1215,2.515000e+01,-5.095036e+00,8.743465e-01,2.308127e-01,5.449849e-01,5.893577e-01,3.055297,19.9071
0.121533,2.515000e+01,-5.094980e+00,8.743465e-01,2.307334e-01,5.458575e-01,5.882133e-01,3.056127,20.2058
0.121567,2.515000e+01,-5.094910e+00,8.743465e-01,2.307060e-01,5.467431e-01,5.871908e-01,3.056982,20.5136
0.1216,2.515000e+01,-5.094843e+00,8.743465e-01,2.306648e-01,5.466227e-01,5.872153e-01,3.057812,20.8124
0.121633,2.515000e+01,-5.094772e+00,8.743465e-01,2.305092e-01,5.466780e-01,5.867598e-01,3.058642,21.1111
0.121667,2.515000e+01,-5.094721e+00,8.743465e-01,2.306376e-01,5.462115e-01,5.875882e-01,3.059497,21.4189
0.1217,2.515000e+01,-5.094714e+00,8.743465e-01,2.311234e-01,5.452872e-01,5.898238e-01,3.060327,21.7176
0.121733,2.515000e+01,-5.094727e+00,8.743465e-01,2.313151e-01,5.451554e-01,5.904558e-01,3.061157,22.0164
0.121767,2.515000e+01,-5.094720e+00,8.743465e-01,2.311322e-01,5.461009e-01,5.889673e-01,3.062012,22.3242
0.1218,2.515000e+01,-5.094698e+00,8.743465e-01,2.306585e-01,5.466745e-01,5.871435e-01,3.062841,22.6229
0.121833,2.515000e+01,-5.094681e+00,8.743465e-01,2.306451e-01,5.466666e-01,5.871179e-01,3.063671,22.9216
0.121867,2.515000e+01,-5.094685e+00,8.743465e-01,2.307904e-01,5.461501e-01,5.880435e-01,3.064526,23.2294
0.1219,2.515000e+01,-5.094702e+00,8.743465e-01,2.309187e-01,5.461061e-01,5.884177e-01,3.065356,23.5282
0.121933,2.515000e+01,-5.094714e+00,8.743465e-01,2.310128e-01,5.469287e-01,5.877722e-01,3.066186,23.8269
0.121967,2.515000e+01,-5.094729e+00,8.743465e-01,2.309275e-01,5.466918e-01,5.878098e-01,3.067041,24.1347
0.122,2.515000e+01,-5.094740e+00,8.743465e-01,2.307847e-01,5.468135e-01,5.873156e-01,3.067871,24.4334
0.122033,2.515000e+01,-5.094763e+00,8.743465e-01,2.305705e-01,5.461602e-01,5.874724e-01,3.068701,24.7322
0.122067,2.515000e+01,-5.094821e+00,8.743465e-01,2.309366e-01,5.453394e-01,5.892906e-01,3.069555,25.0400
0.1221,2.515000e+01,-5.094893e+00,8.743465e-01,2.311068e-01,5.451572e-01,5.899222e-01,3.070385,25.3387
0.122133,2.515000e+01,-5.094924e+00,8.743465e-01,2.306999e-01,5.465798e-01,5.873507e-01,3.071215,25.6375
0.122167,2.515000e+01,-5.094913e+00,8.743465e-01,2.300368e-01,5.476970e-01,5.844680e-01,3.072070,25.9453
0.1222,2.515000e+01,-5.094925e+00,8.743465e-01,2.301217e-01,5.471353e-01,5.852838e-01,3.072900,26.2440
0.122233,2.515000e+01,-5.094973e+00,8.743465e-01,2.305797e-01,5.465230e-01,5.871057e-01,3.073730,26.5427
0.122267,2.515000e+01,-5.095033e+00,8.743465e-01,2.307263e-01,5.462097e-01,5.878159e-01,3.074585,26.8505
0.1223,2.515000e+01,-5.095102e+00,8.743465e-01,2.308842e-01,5.460931e-01,5.883438e-01,3.075415,27.1493
0.122333,2.515000e+01,-5.095149e+00,8.743465e-01,2.307229e-01,5.466897e-01,5.872912e-01,3.076244,27.4480
0.122367,2.515000e+01,-5.095198e+00,8.743465e-01,2.309078e-01,5.471720e-01,5.872436e-01,3.077099,27.7558
0.1224,2.515000e+01,-5.095251e+00,8.743465e-01,2.309249e-01,5.471186e-01,5.873447e-01,3.077929,28.0545
0.122433,2.515000e+01,-5.095315e+00,8.743465e-01,2.308426e-01,5.462429e-01,5.880766e-01,3.078759,28.3533
0.122467,2.515000e+01,-5.095374e+00,8.743465e-01,2.305768e-01,5.458880e-01,5.877813e-01,3.079614,28.6611
0.1225,2.515000e+01,-5.095404e+00,8.743465e-01,2.303365e-01,5.468586e-01,5.861265e-01,3.080444,28.9598
0.122533,2.515000e+01,-5.095428e+00,8.743465e-01,2.304323e-01,5.474042e-01,5.857859e-01,3.081274,29.2586
0.122567,2.515000e+01,-5.095469e+00,8.743465e-01,2.307498e-01,5.473440e-01,5.866575e-01,3.082129,29.5663
0.1226,2.515000e+01,-5.095528e+00,8.743465e-01,2.310685e-01,5.472081e-01,5.876137e-01,3.082959,29.8651
0.122633,2.515000e+01,-5.095608e+00,8.743465e-01,2.313664e-01,5.467813e-01,5.888306e-01,3.083788,30.1638
0.122667,2.515000e+01,-5.095692e+00,8.743465e-01,2.312831e-01,5.463889e-01,5.890413e-01,3.084643,30.4716
0.1227,2.515000e+01,-5.095763e+00,8.743465e-01,2.308965e-01,5.463572e-01,5.880907e-01,3.085473,30.7704
0.122733,2.515000e+01,-5.095804e+00,8.743465e-01,2.304125e-01,5.472716e-01,5.858774e-01,3.086303,31.0691
0.122767,2.515000e+01,-5.095828e+00,8.743465e-01,2.303879e-01,5.477900e-01,5.852606e-01,3.087158,31.3769
0.1228,2.515000e+01,-5.095872e+00,8.743465e-01,2.306306e-01,5.472260e-01,5.864811e-01,3.087988,31.6756
0.122833,2.515000e+01,-5.095901e+00,8.743465e-01,2.303007e-01,5.471409e-01,5.857331e-01,3.088818,31.9744
0.122867,2.515000e+01,-5.095921e+00,8.743465e-01,2.299937e-01,5.472117e-01,5.848766e-01,3.089673,32.2822
0.1229,2.515000e+01,-5.095968e+00,8.743465e-01,2.306958e-01,5.475188e-01,5.863330e-01,3.090503,32.5809
0.122933,2.515000e+01,-5.096034e+00,8.743465e-01,2.307867e-01,5.468884e-01,5.872403e-01,3.091332,32.8796
0.122967,2.515000e+01,-5.096087e+00,8.743465e-01,2.303019e-01,5.468661e-01,5.860305e-01,3.092187,33.1874
0.123,2.515000e+01,-5.096122e+00,8.743465e-01,2.302072e-01,5.475331e-01,5.850759e-01,3.093017,33.4862
0.123032,2.515000e+01,-5.096191e+00,8.743465e-01,2.309108e-01,5.476484e-01,5.867406e-01,3.093822,33.7759
0.123065,2.515000e+01,-5.096285e+00,8.743465e-01,2.312998e-01,5.471648e-01,5.882486e-01,3.094652,34.0746
0.123097,2.515000e+01,-5.096353e+00,8.743465e-01,2.308428e-01,5.477300e-01,5.864806e-01,3.095456,34.3643
0.123129,2.515000e+01,-5.096392e+00,8.743465e-01,2.300368e-01,5.476704e-01,5.844963e-01,3.096261,34.6540
0.123161,2.515000e+01,-5.096451e+00,8.743465e-01,2.303802e-01,5.473800e-01,5.856794e-01,3.097066,34.9437
0.123194,2.515000e+01,-5.096518e+00,8.743465e-01,2.303204e-01,5.467509e-01,5.862009e-01,3.097896,35.2424
0.123226,2.515000e+01,-5.096589e+00,8.743465e-01,2.306013e-01,5.471646e-01,5.864721e-01,3.098700,35.5321
0.123258,2.515000e+01,-5.096669e+00,8.743465e-01,2.309862e-01,5.474860e-01,5.871063e-01,3.099505,35.8218
0.12329,2.515000e+01,-5.096768e+00,8.743465e-01,2.311744e-01,5.471607e-01,5.879339e-01,3.100310,36.1115
0.123323,2.515000e+01,-5.096840e+00,8.743465e-01,2.305203e-01,5.472670e-01,5.861565e-01,3.101139,36.4102
0.123355,2.515000e+01,-5.096867e+00,8.743465e-01,2.294464e-01,5.473614e-01,5.833254e-01,3.101944,36.6999
0.123387,2.515000e+01,-5.096904e+00,8.743465e-01,2.296249e-01,5.470964e-01,5.840619e-01,3.102749,36.9896
0.123419,2.515000e+01,-5.096973e+00,8.743465e-01,2.303752e-01,5.470934e-01,5.859736e-01,3.103554,37.2793
0.123452,2.515000e+01,-5.097067e+00,8.743465e-01,2.306819e-01,5.466326e-01,5.872482e-01,3.104383,37.5780
0.123484,2.515000e+01,-5.097115e+00,8.743465e-01,2.300563e-01,5.477727e-01,5.844366e-01,3.105188,37.8677
0.123516,2.515000e+01,-5.097157e+00,8.743465e-01,2.297924e-01,5.475156e-01,5.840405e-01,3.105993,38.1574
0.123548,2.515000e+01,-5.097224e+00,8.743465e-01,2.300119e-01,5.466818e-01,5.854900e-01,3.106797,38.4471
0.123581,2.515000e+01,-5.097308e+00,8.743465e-01,2.303761e-01,5.466703e-01,5.864291e-01,3.107627,38.7458
0.123613,2.515000e+01,-5.097399e+00,8.743465e-01,2.304625e-01,5.464515e-01,5.868840e-01,3.108432,39.0355
0.123645,2.515000e+01,-5.097477e+00,8.743465e-01,2.301439e-01,5.465476e-01,5.859696e-01,3.109237,39.3252
0.123677,2.515000e+01,-5.097554e+00,8.743465e-01,2.302011e-01,5.470143e-01,5.856152e-01,3.110041,39.6149
0.12371,2.515000e+01,-5.097581e+00,8.743465e-01,2.292980e-01,5.473293e-01,5.829821e-01,3.110871,39.9136
0.123742,2.515000e+01,-5.097626e+00,8.743465e-01,2.296079e-01,5.468755e-01,5.842545e-01,3.111676,40.2033
0.123774,2.515000e+01,-5.097698e+00,8.743465e-01,2.300343e-01,5.464370e-01,5.858092e-01,3.112481,40.4930
0.123806,2.515000e+01,-5.097793e+00,8.743465e-01,2.305269e-01,5.462506e-01,5.872640e-01,3.113285,40.7827
0.123839,2.515000e+01,-5.097880e+00,8.743465e-01,2.305133e-01,5.466667e-01,5.867824e-01,3.114115,41.0814
0.123871,2.515000e+01,-5.097935e+00,8.743465e-01,2.298931e-01,5.468737e-01,5.849823e-01,3.114920,41.3711
0.123903,2.515000e+01,-5.098002e+00,8.743465e-01,2.301188e-01,5.465092e-01,5.859469e-01,3.115724,41.6608
0.123935,2.515000e+01,-5.098070e+00,8.743465e-01,2.300338e-01,5.462337e-01,5.860260e-01,3.116529,41.9505
0.123968,2.515000e+01,-5.098154e+00,8.743465e-01,2.302425e-01,5.457036e-01,5.871275e-01,3.117359,42.2492
0.124,2.515000e+01,-5.098206e+00,8.743465e-01,2.295664e-01,5.458690e-01,5.852260e-01,3.118164,42.5389
0.124032,2.515000e+01,-5.098223e+00,8.743465e-01,2.288610e-01,5.461887e-01,5.830862e-01,3.118968,42.8286
0.124065,2.515000e+01,-5.098221e+00,8.743465e-01,2.286876e-01,5.466675e-01,5.821341e-01,3.119798,43.1273
0.124097,2.515000e+01,-5.098248e+00,8.743465e-01,2.292681e-01,5.464751e-01,5.838174e-01,3.120603,43.4170
0.124129,2.515000e+01,-5.098301e+00,8.743465e-01,2.296545e-01,5.459502e-01,5.853635e-01,3.121408,43.7067
0.124161,2.515000e+01,-5.098369e+00,8.743465e-01,2.298721e-01,5.456297e-01,5.862623e-01,3.122212,43.9964
0.124194,2.515000e+01,-5.098435e+00,8.743465e-01,2.298037e-01,5.455844e-01,5.861365e-01,3.123042,44.2951
0.124226,2.515000e+01,-5.098475e+00,8.743465e-01,2.292500e-01,5.458691e-01,5.844191e-01,3.123847,44.5848
0.124258,2.515000e+01,-5.098526e+00,8.743465e-01,2.293412e-01,5.455283e-01,5.850170e-01,3.124651,44.8745
0.12429,2.515000e+01,-5.098561e+00,8.743465e-01,2.291684e-01,5.461206e-01,5.839424e-01,3.125456,45.1642
0.124323,2.515000e+01,-5.098623e+00,8.743465e-01,2.295280e-01,5.454058e-01,5.856249e-01,3.126286,45.4629
0.124355,2.515000e+01,-5.098693e+00,8.743465e-01,2.297742e-01,5.455095e-01,5.861419e-01,3.127091,45.7526
0.124387,2.515000e+01,-5.098722e+00,8.743465e-01,2.287379e-01,5.452358e-01,5.837911e-01,3.127895,46.0423
0.124419,2.515000e+01,-5.098741e+00,8.743465e-01,2.286722e-01,5.453553e-01,5.834956e-01,3.128700,46.3320
0.124452,2.515000e+01,-5.098774e+00,8.743465e-01,2.291179e-01,5.453405e-01,5.846486e-01,3.129530,46.6307
0.124484,2.515000e+01,-5.098832e+00,8.743465e-01,2.297649e-01,5.454944e-01,5.861341e-01,3.130335,46.9204
0.124516,2.515000e+01,-5.098881e+00,8.743465e-01,2.296819e-01,5.455310e-01,5.858833e-01,3.131139,47.2101
0.124548,2.515000e+01,-5.098911e+00,8.743465e-01,2.291014e-01,5.452269e-01,5.847282e-01,3.131944,47.4998
0.124581,2.515000e+01,-5.098940e+00,8.743465e-01,2.288707e-01,5.447365e-01,5.846655e-01,3.132774,47.7986
0.124613,2.515000e+01,-5.098958e+00,8.743465e-01,2.285238e-01,5.445462e-01,5.839832e-01,3.133578,48.0882
0.124645,2.515000e+01,-5.098988e+00,8.743465e-01,2.289603e-01,5.445766e-01,5.850661e-01,3.134383,48.3779
0.124677,2.515000e+01,-5.099011e+00,8.743465e-01,2.290567e-01,5.451467e-01,5.847003e-01,3.135188,48.6676
0.12471,2.515000e+01,-5.099039e+00,8.743465e-01,2.291925e-01,5.449840e-01,5.852217e-01,3.136018,48.9664
0.124742,2.515000e+01,-5.099055e+00,8.743465e-01,2.288153e-01,5.444652e-01,5.848151e-01,3.136822,49.2560
0.124774,2.515000e+01,-5.099048e+00,8.743465e-01,2.282060e-01,5.442369e-01,5.835025e-01,3.137627,49.5457
0.124806,2.515000e+01,-5.099052e+00,8.743465e-01,2.286211e-01,5.442719e-01,5.845264e-01,3.138432,49.8354
0.124839,2.515000e+01,-5.099067e+00,8.743465e-01,2.290882e-01,5.444334e-01,5.855469e-01,3.139262,50.1342
0.124871,2.515000e+01,-5.099070e+00,8.743465e-01,2.290883e-01,5.447469e-01,5.852101e-01,3.140066,50.4238
0.124903,2.515000e+01,-5.099027e+00,8.743465e-01,2.279044e-01,5.443757e-01,5.825829e-01,3.140871,50.7135
0.124935,2.515000e+01,-5.098989e+00,8.743465e-01,2.278360e-01,5.438294e-01,5.829931e-01,3.141676,51.0032
0.124968,2.515000e+01,-5.098949e+00,8.743465e-01,2.277825e-01,5.434199e-01,5.832953e-01,3.142505,51.3020
0.125,2.515000e+01,-5.098919e+00,8.743465e-01,2.283346e-01,5.435451e-01,5.845745e-01,3.143310,51.5916
0.125032,2.515000e+01,-5.098883e+00,8.743465e-01,2.285686e-01,5.442352e-01,5.844314e-01,3.144115,51.8813
0.125065,2.515000e+01,-5.098860e+00,8.743465e-01,2.291971e-01,5.443897e-01,5.858723e-01,3.144945,52.1801
0.125097,2.515000e+01,-5.098828e+00,8.743465e-01,2.289553e-01,5.440304e-01,5.856407e-01,3.145749,52.4698
0.125129,2.515000e+01,-5.098773e+00,8.743465e-01,2.281976e-01,5.433089e-01,5.844778e-01,3.146554,52.7594
0.125161,2.515000e+01,-5.098714e+00,8.743465e-01,2.283029e-01,5.434922e-01,5.845504e-01,3.147359,53.0491
0.125194,2.515000e+01,-5.098664e+00,8.743465e-01,2.285619e-01,5.434625e-01,5.852454e-01,3.148189,53.3479
0.125226,2.515000e+01,-5.098622e+00,8.743465e-01,2.288280e-01,5.434566e-01,5.859331e-01,3.148993,53.6376
0.125258,2.515000e+01,-5.098540e+00,8.743465e-01,2.279327e-01,5.435707e-01,5.835181e-01,3.149798,53.9273
0.12529,2.515000e+01,-5.098462e+00,8.743465e-01,2.278183e-01,5.429867e-01,5.838525e-01,3.150603,54.2169
0.125323,2.515000e+01,-5.098384e+00,8.743465e-01,2.279269e-01,5.430249e-01,5.840898e-01,3.151432,54.5157
0.125355,2.515000e+01,-5.098307e+00,8.743465e-01,2.280029e-01,5.430073e-01,5.843035e-01,3.152237,54.8054
0.125387,2.515000e+01,-5.098236e+00,8.743465e-01,2.281369e-01,5.428510e-01,5.848152e-01,3.153042,55.0951
0.125419,2.515000e+01,-5.098161e+00,8.743465e-01,2.282380e-01,5.430522e-01,5.848574e-01,3.153847,55.3847
0.125452,2.515000e+01,-5.098087e+00,8.743465e-01,2.282686e-01,5.428976e-01,5.851025e-01,3.154676,55.6835
0.125484,2.515000e+01,-5.097982e+00,8.743465e-01,2.275873e-01,5.428023e-01,5.834586e-01,3.155481,55.9732
0.125516,2.515000e+01,-5.097873e+00,8.743465e-01,2.273751e-01,5.425924e-01,5.831401e-01,3.156286,56.2629
0.125548,2.515000e+01,-5.097770e+00,8.743465e-01,2.275785e-01,5.425654e-01,5.836909e-01,3.157090,56.5525
0.125581,2.515000e+01,-5.097675e+00,8.743465e-01,2.277667e-01,5.426109e-01,5.841245e-01,3.157920,56.8513
0.125613,2.515000e+01,-5.097588e+00,8.743465e-01,2.275872e-01,5.421278e-01,5.841844e-01,3.158725,57.1410
0.125645,2.515000e+01,-5.097505e+00,8.743465e-01,2.277057e-01,5.419837e-01,5.846438e-01,3.159530,57.4307
0.125677,2.515000e+01,-5.097425e+00,8.743465e-01,2.280948e-01,5.424671e-01,5.851209e-01,3.160334,57.7203
0.12571,2.515000e+01,-5.097343e+00,8.743465e-01,2.282282e-01,5.428176e-01,5.850853e-01,3.161164,58.0191
0.125742,2.515000e+01,-5.097255e+00,8.743465e-01,2.281104e-01,5.426606e-01,5.849524e-01,3.161969,58.3088
0.125774,2.515000e+01,-5.097166e+00,8.743465e-01,2.279335e-01,5.421252e-01,5.850761e-01,3.162774,58.5985
0.125806,2.515000e+01,-5.097087e+00,8.743465e-01,2.280578e-01,5.419576e-01,5.855760e-01,3.163578,58.8881
0.125839,2.515000e+01,-5.096996e+00,8.743465e-01,2.277524e-01,5.419639e-01,5.847851e-01,3.164408,59.1869
0.125871,2.515000e+01,-5.096900e+00,8.743465e-01,2.272896e-01,5.414768e-01,5.841217e-01,3.165213,59.4766
0.125903,2.515000e+01,-5.096813e+00,8.743465e-01,2.275111e-01,5.413173e-01,5.848634e-01,3.166017,59.7663
0.125935,2.515000e+01,-5.096713e+00,8.743465e-01,2.274460e-01,5.416847e-01,5.842994e-01,3.166822,60.0560
0.125968,2.515000e+01,-5.096616e+00,8.743465e-01,2.277065e-01,5.418796e-01,5.847582e-01,3.167652,60.3547
0.126,2.515000e+01,-5.096519e+00,8.743465e-01,2.277395e-01,5.419135e-01,5.848063e-01,3.168457,60.6444
0.126032,2.515000e+01,-5.096426e+00,8.743465e-01,2.278281e-01,5.418969e-01,5.850517e-01,3.169261,60.9341
0.126065,2.515000e+01,-5.096334e+00,8.743465e-01,2.277031e-01,5.415487e-01,5.851068e-01,3.170091,61.2328
0.126097,2.515000e+01,-5.096232e+00,8.743465e-01,2.270475e-01,5.409318e-01,5.840876e-01,3.170896,61.5225
0.126129,2.515000e+01,-5.096129e+00,8.743465e-01,2.270639e-01,5.410854e-01,5.839639e-01,3.171701,61.8122
0.126161,2.515000e+01,-5.096023e+00,8.743465e-01,2.271177e-01,5.412712e-01,5.839016e-01,3.172505,62.1019
0.126194,2.515000e+01,-5.095923e+00,8.743465e-01,2.275065e-01,5.418521e-01,5.842742e-01,3.173335,62.4006
0.126226,2.515000e+01,-5.095831e+00,8.743465e-01,2.275534e-01,5.416399e-01,5.846235e-01,3.174140,62.6903
0.126258,2.515000e+01,-5.095751e+00,8.743465e-01,2.277736e-01,5.416632e-01,5.851643e-01,3.174944,62.9800
0.12629,2.515000e+01,-5.095682e+00,8.743465e-01,2.277216e-01,5.410755e-01,5.856659e-01,3.175749,63.2697
0.126323,2.515000e+01,-5.095604e+00,8.743465e-01,2.275704e-01,5.411542e-01,5.851921e-01,3.176579,63.5684
0.126355,2.515000e+01,-5.095527e+00,8.743465e-01,2.275894e-01,5.412284e-01,5.851609e-01,3.177384,63.8581
0.126387,2.515000e+01,-5.095466e+00,8.743465e-01,2.280488e-01,5.415655e-01,5.859767e-01,3.178188,64.1478
0.126419,2.515000e+01,-5.095407e+00,8.743465e-01,2.278920e-01,5.414500e-01,5.856991e-01,3.178993,64.4375
0.126452,2.515000e+01,-5.095355e+00,8.743465e-01,2.274727e-01,5.404419e-01,5.857117e-01,3.179823,64.7362
0.126484,2.515000e+01,-5.095308e+00,8.743465e-01,2.271757e-01,5.398504e-01,5.855880e-01,3.180628,65.0259
0.126516,2.515000e+01,-5.095256e+00,8.743465e-01,2.270273e-01,5.403536e-01,5.846605e-01,3.181432,65.3156
0.126548,2.515000e+01,-5.095210e+00,8.743465e-01,2.274672e-01,5.409988e-01,5.850946e-01,3.182237,65.6053
0.126581,2.515000e+01,-5.095168e+00,8.743465e-01,2.275784e-01,5.412808e-01,5.850757e-01,3.183067,65.9040
0.126613,2.515000e+01,-5.095144e+00,8.743465e-01,2.277487e-01,5.408733e-01,5.859546e-01,3.183871,66.1937
0.126645,2.515000e+01,-5.095128e+00,8.743465e-01,2.279035e-01,5.408215e-01,5.864093e-01,3.184676,66.4834
0.126677,2.515000e+01,-5.095106e+00,8.743465e-01,2.273553e-01,5.402943e-01,5.855694e-01,3.185481,66.7731
0.12671,2.515000e+01,-5.095092e+00,8.743465e-01,2.273979e-01,5.402341e-01,5.857445e-01,3.186311,67.0718
0.126742,2.515000e+01,-5.095068e+00,8.743465e-01,2.271775e-01,5.405325e-01,5.848537e-01,3.187115,67.3615
0.126774,2.515000e+01,-5.095056e+00,8.743465e-01,2.273759e-01,5.405172e-01,5.853811e-01,3.187920,67.6512
0.126806,2.515000e+01,-5.095047e+00,8.743465e-01,2.272505e-01,5.403984e-01,5.851867e-01,3.188725,67.9409
0.126839,2.515000e+01,-5.095045e+00,8.743465e-01,2.269892e-01,5.398479e-01,5.851099e-01,3.189555,68.2396
0.126871,2.515000e+01,-5.095044e+00,8.743465e-01,2.270549e-01,5.401294e-01,5.849743e-01,3.190359,68.5293
0.126903,2.515000e+01,-5.095046e+00,8.743465e-01,2.273216e-01,5.408348e-01,5.848977e-01,3.191164,68.8190
0.126935,2.515000e+01,-5.095066e+00,8.743465e-01,2.275979e-01,5.407904e-01,5.856565e-01,3.191969,69.1087
0.126968,2.515000e+01,-5.095100e+00,8.743465e-01,2.277670e-01,5.405154e-01,5.863899e-01,3.192798,69.4074
0.127,2.515000e+01,-5.095140e+00,8.743465e-01,2.277919e-01,5.406237e-01,5.863364e-01,3.193603,69.6971
0.127032,2.515000e+01,-5.095191e+00,8.743465e-01,2.276614e-01,5.399672e-01,5.867131e-01,3.194408,69.9868
0.127065,2.515000e+01,-5.095248e+00,8.743465e-01,2.274129e-01,5.396016e-01,5.864696e-01,3.195238,70.2855
0.127097,2.515000e+01,-5.095312e+00,8.743465e-01,2.272627e-01,5.392771e-01,5.864350e-01,3.196042,70.5752
0.127129,2.515000e+01,-5.095373e+00,8.743465e-01,2.274398e-01,5.397685e-01,5.863576e-01,3.196847,70.8649
0.127161,2.515000e+01,-5.095435e+00,8.743465e-01,2.275597e-01,5.401018e-01,5.863048e-01,3.197652,71.1546
0.127194,2.515000e+01,-5.095494e+00,8.743465e-01,2.276396e-01,5.404869e-01,5.860928e-01,3.198482,71.4533
0.127226,2.515000e+01,-5.095550e+00,8.743465e-01,2.275997e-01,5.407491e-01,5.857059e-01,3.199286,71.7430
0.127258,2.515000e+01,-5.095617e+00,8.743465e-01,2.276019e-01,5.402940e-01,5.862048e-01,3.200091,72.0327
0.12729,2.515000e+01,-5.095705e+00,8.743465e-01,2.277396e-01,5.395476e-01,5.873711e-01,3.200896,72.3224
0.127323,2.515000e+01,-5.095793e+00,8.743465e-01,2.277913e-01,5.397436e-01,5.872911e-01,3.201725,72.6211
0.127355,2.515000e+01,-5.095862e+00,8.743465e-01,2.274227e-01,5.398590e-01,5.862152e-01,3.202530,72.9108
0.127387,2.515000e+01,-5.095918e+00,8.743465e-01,2.272063e-01,5.400953e-01,5.854012e-01,3.203335,73.2005
0.127419,2.515000e+01,-5.095976e+00,8.743465e-01,2.271753e-01,5.401093e-01,5.853062e-01,3.204139,73.4902
0.127452,2.515000e+01,-5.096049e+00,8.743465e-01,2.273874e-01,5.398190e-01,5.861676e-01,3.204969,73.7889
0.127484,2.515000e+01,-5.096124e+00,8.743465e-01,2.275895e-01,5.400064e-01,5.864851e-01,3.205774,74.0786
0.127516,2.515000e+01,-5.096191e+00,8.743465e-01,2.274930e-01,5.403825e-01,5.858284e-01,3.206579,74.3683
0.127548,2.515000e+01,-5.096259e+00,8.743465e-01,2.275758e-01,5.405578e-01,5.858516e-01,3.207383,74.6580
0.127581,2.515000e+01,-5.096329e+00,8.743465e-01,2.277539e-01,5.408910e-01,5.859490e-01,3.208213,74.9567
0.127613,2.515000e+01,-5.096417e+00,8.743465e-01,2.276389e-01,5.397640e-01,5.868758e-01,3.209018,75.2464
0.127645,2.515000e+01,-5.096521e+00,8.743465e-01,2.276494e-01,5.389269e-01,5.878146e-01,3.209823,75.5361
0.127677,2.515000e+01,-5.096626e+00,8.743465e-01,2.277130e-01,5.388614e-01,5.880503e-01,3.210627,75.8258
0.12771,2.515000e+01,-5.096703e+00,8.743465e-01,2.275251e-01,5.396486e-01,5.867077e-01,3.211457,76.1246
0.127742,2.515000e+01,-5.096765e+00,8.743465e-01,2.275059e-01,5.403929e-01,5.858504e-01,3.212262,76.4142
0.127774,2.515000e+01,-5.096829e+00,8.743465e-01,2.276126e-01,5.404042e-01,5.861129e-01,3.213066,76.7039
0.127806,2.515000e+01,-5.096911e+00,8.743465e-01,2.280599e-01,5.402282e-01,5.874561e-01,3.213871,76.9936
0.127839,2.515000e+01,-5.096985e+00,8.743465e-01,2.279286e-01,5.402726e-01,5.870695e-01,3.214701,77.2924
0.127871,2.515000e+01,-5.097060e+00,8.743465e-01,2.278081e-01,5.397789e-01,5.872958e-01,3.215506,77.5820
0.127903,2.515000e+01,-5.097124e+00,8.743465e-01,2.278746e-01,5.403259e-01,5.868726e-01,3.216310,77.8717
0.127935,2.515000e+01,-5.097201e+00,8.743465e-01,2.282732e-01,5.400785e-01,5.881684e-01,3.217115,78.1614
0.127968,2.515000e+01,-5.097272e+00,8.743465e-01,2.281046e-01,5.397875e-01,5.880510e-01,3.217945,78.4602
0.128,2.515000e+01,-5.097338e+00,8.743465e-01,2.278027e-01,5.392686e-01,5.878378e-01,3.218750,78.7498
0.128032,2.515000e+01,-5.097390e+00,8.743465e-01,2.276915e-01,5.396302e-01,5.871570e-01,3.219554,79.0395
0.128065,2.515000e+01,-5.097422e+00,8.743465e-01,2.277063e-01,5.406678e-01,5.860684e-01,3.220384,79.3383
0.128097,2.515000e+01,-5.097436e+00,8.743465e-01,2.274685e-01,5.410006e-01,5.850963e-01,3.221189,79.6280
0.128129,2.515000e+01,-5.097457e+00,8.743465e-01,2.276813e-01,5.408958e-01,5.857571e-01,3.221993,79.9176
0.128161,2.515000e+01,-5.097505e+00,8.743465e-01,2.282756e-01,5.405123e-01,5.877026e-01,3.222798,80.2073
0.128194,2.515000e+01,-5.097552e+00,8.743465e-01,2.285313e-01,5.409374e-01,5.878986e-01,3.223628,80.5061
0.128226,2.515000e+01,-5.097601e+00,8.743465e-01,2.283000e-01,5.402791e-01,5.880191e-01,3.224433,80.7958
0.128258,2.515000e+01,-5.097648e+00,8.743465e-01,2.282749e-01,5.402641e-01,5.879708e-01,3.225237,81.0855
0.12829,2.515000e+01,-5.097700e+00,8.743465e-01,2.284856e-01,5.403364e-01,5.884347e-01,3.226042,81.3751
0.128323,2.515000e+01,-5.097744e+00,8.743465e-01,2.282823e-01,5.402334e-01,5.880233e-01,3.226872,81.6739
0.128355,2.515000e+01,-5.097789e+00,8.743465e-01,2.282254e-01,5.400783e-01,5.880455e-01,3.227677,81.9636
0.128387,2.515000e+01,-5.097804e+00,8.743465e-01,2.279888e-01,5.410600e-01,5.863700e-01,3.228481,82.2533
0.128419,2.515000e+01,-5.097817e+00,8.743465e-01,2.282385e-01,5.416125e-01,5.864136e-01,3.229286,82.5429
0.128452,2.515000e+01,-5.097845e+00,8.743465e-01,2.285872e-01,5.412441e-01,5.877091e-01,3.230116,82.8417
0.128484,2.515000e+01,-5.097904e+00,8.743465e-01,2.290943e-01,5.408210e-01,5.894737e-01,3.230920,83.1314
0.128516,2.515000e+01,-5.097940e+00,8.743465e-01,2.288097e-01,5.415191e-01,5.879825e-01,3.231725,83.4211
0.128548,2.515000e+01,-5.097943e+00,8.743465e-01,2.283597e-01,5.421707e-01,5.861208e-01,3.232530,83.7107
0.128581,2.515000e+01,-5.097990e+00,8.743465e-01,2.286771e-01,5.403670e-01,5.888946e-01,3.233360,84.0095
0.128613,2.515000e+01,-5.098040e+00,8.743465e-01,2.288494e-01,5.405570e-01,5.891313e-01,3.234164,84.2992
0.128645,2.515000e+01,-5.098089e+00,8.743465e-01,2.291777e-01,5.412579e-01,5.892122e-01,3.234969,84.5889
0.128677,2.515000e+01,-5.098114e+00,8.743465e-01,2.288232e-01,5.414611e-01,5.880801e-01,3.235774,84.8785
0.12871,2.515000e+01,-5.098135e+00,8.743465e-01,2.284985e-01,5.409258e-01,5.878268e-01,3.236604,85.1773
0.128742,2.515000e+01,-5.098134e+00,8.743465e-01,2.282556e-01,5.414707e-01,5.866110e-01,3.237408,85.4670
0.128774,2.515000e+01,-5.098110e+00,8.743465e-01,2.282852e-01,5.425177e-01,5.855547e-01,3.238213,85.7567
0.128806,2.515000e+01,-5.098119e+00,8.743465e-01,2.290506e-01,5.421443e-01,5.879228e-01,3.239018,86.0463
0.128839,2.515000e+01,-5.098163e+00,8.743465e-01,2.296998e-01,5.415912e-01,5.901911e-01,3.239847,86.3451
0.128871,2.515000e+01,-5.098200e+00,8.743465e-01,2.296793e-01,5.418185e-01,5.898909e-01,3.240652,86.6348
0.128903,2.515000e+01,-5.098177e+00,8.743465e-01,2.284709e-01,5.424149e-01,5.861421e-01,3.241457,86.9245
0.128935,2.515000e+01,-5.098162e+00,8.743465e-01,2.282706e-01,5.412969e-01,5.868380e-01,3.242262,87.2142
0.128968,2.515000e+01,-5.098166e+00,8.743465e-01,2.287532e-01,5.411675e-01,5.882191e-01,3.243091,87.5129
0.129,2.515000e+01,-5.098202e+00,8.743465e-01,2.296924e-01,5.414008e-01,5.903797e-01,3.243896,87.8026
0.129033,2.515000e+01,-5.098205e+00,8.743465e-01,2.295052e-01,5.420007e-01,5.892456e-01,3.244726,88.1013
0.129067,2.515000e+01,-5.098187e+00,8.743465e-01,2.293867e-01,5.430093e-01,5.878475e-01,3.245581,88.4091
0.1291,2.515000e+01,-5.098167e+00,8.743465e-01,2.293551e-01,5.430267e-01,5.877478e-01,3.246411,88.7079
0.129133,2.515000e+01,-5.098147e+00,8.743465e-01,2.293375e-01,5.431820e-01,5.875346e-01,3.247241,89.0066
0.129167,2.515000e+01,-5.098190e+00,8.743465e-01,2.298254e-01,5.411762e-01,5.909668e-01,3.248096,89.3144
0.1292,2.515000e+01,-5.098256e+00,8.743465e-01,2.302600e-01,5.409594e-01,5.923216e-01,3.248925,89.6131
0.129233,2.515000e+01,-5.098303e+00,8.743465e-01,2.303057e-01,5.420420e-01,5.912560e-01,3.249755,89.9119
0.129267,2.515000e+01,-5.098278e+00,8.743465e-01,2.290822e-01,5.433048e-01,5.867479e-01,3.250610,90.2197
0.1293,2.515000e+01,-5.098232e+00,8.743465e-01,2.283498e-01,5.426210e-01,5.856090e-01,3.251440,90.5184
0.129333,2.515000e+01,-5.098211e+00,8.743465e-01,2.287861e-01,5.422394e-01,5.871406e-01,3.252270,90.8171
0.129367,2.515000e+01,-5.098232e+00,8.743465e-01,2.301100e-01,5.427912e-01,5.899379e-01,3.253125,91.1249
0.1294,2.515000e+01,-5.098246e+00,8.743465e-01,2.302766e-01,5.432408e-01,5.898764e-01,3.253955,91.4237
0.129433,2.515000e+01,-5.098232e+00,8.743465e-01,2.297789e-01,5.434559e-01,5.883687e-01,3.254784,91.7224
0.129467,2.515000e+01,-5.098202e+00,8.743465e-01,2.295494e-01,5.436636e-01,5.875564e-01,3.255639,92.0302
0.1295,2.515000e+01,-5.098191e+00,8.743465e-01,2.296312e-01,5.431438e-01,5.883284e-01,3.256469,92.3289
0.129533,2.515000e+01,-5.098222e+00,8.743465e-01,2.302155e-01,5.421898e-01,5.908632e-01,3.257299,92.6277
0.129567,2.515000e+01,-5.098254e+00,8.743465e-01,2.303927e-01,5.423092e-01,5.911879e-01,3.258154,92.9355
0.1296,2.515000e+01,-5.098271e+00,8.743465e-01,2.303099e-01,5.431234e-01,5.900895e-01,3.258984,93.2342
0.129633,2.515000e+01,-5.098232e+00,8.743465e-01,2.296475e-01,5.441833e-01,5.872461e-01,3.259814,93.5330
0.129667,2.515000e+01,-5.098193e+00,8.743465e-01,2.295925e-01,5.440836e-01,5.872132e-01,3.260669,93.8408
0.1297,2.515000e+01,-5.098151e+00,8.743465e-01,2.296380e-01,5.442566e-01,5.871429e-01,3.261499,94.1395
0.129733,2.515000e+01,-5.098119e+00,8.743465e-01,2.300324e-01,5.444933e-01,5.878956e-01,3.262328,94.4382
0.129767,2.515000e+01,-5.098142e+00,8.743465e-01,2.307264e-01,5.429108e-01,5.913879e-01,3.263183,94.7460
0.1298,2.515000e+01,-5.098167e+00,8.743465e-01,2.308042e-01,5.427017e-01,5.918153e-01,3.264013,95.0448
0.129833,2.515000e+01,-5.098157e+00,8.743465e-01,2.305041e-01,5.436269e-01,5.900400e-01,3.264843,95.3435
0.129867,2.515000e+01,-5.098116e+00,8.743465e-01,2.301190e-01,5.444902e-01,5.881203e-01,3.265698,95.6513
0.1299,2.515000e+01,-5.098094e+00,8.743465e-01,2.302753e-01,5.438389e-01,5.892245e-01,3.266528,95.9500
0.129933,2.515000e+01,-5.098073e+00,8.743465e-01,2.301824e-01,5.435276e-01,5.893240e-01,3.267358,96.2488
0.129967,2.515000e+01,-5.098029e+00,8.743465e-01,2.301057e-01,5.442453e-01,5.883508e-01,3.268213,96.5566
0.13,2.515000e+01,-5.097989e+00,8.743465e-01,2.302993e-01,5.444126e-01,5.886649e-01,3.269043,96.8553
0.130033,2.515000e+01,-5.097966e+00,8.743465e-01,2.306221e-01,5.442577e-01,5.896579e-01,3.269872,97.1541
0.130067,2.515000e+01,-5.097928e+00,8.743465e-01,2.305036e-01,5.447997e-01,5.887686e-01,3.270727,97.4618
0.1301,2.515000e+01,-5.097887e+00,8.743465e-01,2.303389e-01,5.445826e-01,5.885823e-01,3.271557,97.7606
0.130133,2.515000e+01,-5.097858e+00,8.743465e-01,2.305144e-01,5.440159e-01,5.896443e-01,3.272387,98.0593
0.130167,2.515000e+01,-5.097828e+00,8.743465e-01,2.304661e-01,5.438230e-01,5.897301e-01,3.273242,98.3671
0.1302,2.515000e+01,-5.097788e+00,8.743465e-01,2.306629e-01,5.443721e-01,5.896382e-01,3.274072,98.6659
0.130233,2.515000e+01,-5.097723e+00,8.743465e-01,2.303253e-01,5.447555e-01,5.883608e-01,3.274902,98.9646
0.130267,2.515000e+01,-5.097661e+00,8.743465e-01,2.303922e-01,5.446814e-01,5.886117e-01,3.275757,99.2724
0.1303,2.515000e+01,-5.097574e+00,8.743465e-01,2.301363e-01,5.448753e-01,5.877488e-01,3.276586,99.5711
0.130333,2.515000e+01,-5.097497e+00,8.743465e-01,2.305182e-01,5.447734e-01,5.888341e-01,3.277416,99.8699
0.130367,2.515000e+01,-5.097447e+00,8.743465e-01,2.310826e-01,5.444107e-01,5.906690e-01,3.278271,100.1777
0.1304,2.515000e+01,-5.097394e+00,8.743465e-01,2.312396e-01,5.447413e-01,5.907119e-01,3.279101,100.4764
0.130433,2.515000e+01,-5.097322e+00,8.743465e-01,2.310461e-01,5.452270e-01,5.896916e-01,3.279931,100.7751
0.130467,2.515000e+01,-5.097235e+00,8.743465e-01,2.304233e-01,5.446726e-01,5.887008e-01,3.280786,101.0829
0.1305,2.515000e+01,-5.097155e+00,8.743465e-01,2.304724e-01,5.443171e-01,5.892107e-01,3.281616,101.3817
0.130533,2.515000e+01,-5.097080e+00,8.743465e-01,2.307165e-01,5.446046e-01,5.895235e-01,3.282446,101.6804
0.130567,2.515000e+01,-5.096996e+00,8.743465e-01,2.310657e-01,5.455362e-01,5.894076e-01,3.283301,101.9882
0.1306,2.515000e+01,-5.096918e+00,8.743465e-01,2.310873e-01,5.453570e-01,5.896563e-01,3.284130,102.2870
0.130633,2.515000e+01,-5.096829e+00,8.743465e-01,2.308796e-01,5.450516e-01,5.894565e-01,3.284960,102.5857
0.130667,2.515000e+01,-5.096731e+00,8.743465e-01,2.308842e-01,5.453716e-01,5.891222e-01,3.285815,102.8935
0.1307,2.515000e+01,-5.096629e+00,8.743465e-01,2.309097e-01,5.454518e-01,5.891006e-01,3.286645,103.1922
0.130733,2.515000e+01,-5.096525e+00,8.743465e-01,2.310146e-01,5.456871e-01,5.891141e-01,3.287475,103.4910
0.130767,2.515000e+01,-5.096412e+00,8.743465e-01,2.308066e-01,5.456455e-01,5.886287e-01,3.288330,103.7988
0.1308,2.515000e+01,-5.096300e+00,8.743465e-01,2.307822e-01,5.454187e-01,5.888112e-01,3.289160,104.0975
0.130833,2.515000e+01,-5.096201e+00,8.743465e-01,2.307037e-01,5.446433e-01,5.894487e-01,3.289990,104.3962
0.130867,2.515000e+01,-5.096114e+00,8.743465e-01,2.308801e-01,5.446198e-01,5.899250e-01,3.290845,104.7040
0.1309,2.515000e+01,-5.096011e+00,8.743465e-01,2.308624e-01,5.454733e-01,5.889569e-01,3.291674,105.0028
0.130933,2.515000e+01,-5.095894e+00,8.743465e-01,2.308796e-01,5.461465e-01,5.882745e-01,3.292504,105.3015
0.130967,2.515000e+01,-5.095779e+00,8.743465e-01,2.308314e-01,5.460194e-01,5.882888e-01,3.293359,105.6093
0.131,2.515000e+01,-5.095665e+00,8.743465e-01,2.306966e-01,5.457101e-01,5.882784e-01,3.294189,105.9080
0.131033,2.515000e+01,-5.095582e+00,8.743465e-01,2.310781e-01,5.453137e-01,5.896796e-01,3.295019,106.2068
0.131067,2.515000e+01,-5.095520e+00,8.743465e-01,2.313584e-01,5.448972e-01,5.908462e-01,3.295874,106.5146
0.1311,2.515000e+01,-5.095459e+00,8.743465e-01,2.314769e-01,5.451792e-01,5.908430e-01,3.296704,106.8133
0.131133,2.515000e+01,-5.095376e+00,8.743465e-01,2.312336e-01,5.459451e-01,5.893941e-01,3.297533,107.1121
0.131167,2.515000e+01,-5.095287e+00,8.743465e-01,2.309822e-01,5.458905e-01,5.888120e-01,3.298388,107.4199
0.1312,2.515000e+01,-5.095205e+00,8.743465e-01,2.310773e-01,5.457338e-01,5.892236e-01,3.299218,107.7186
0.131233,2.515000e+01,-5.095122e+00,8.743465e-01,2.309048e-01,5.455155e-01,5.890193e-01,3.300048,108.0173
0.131267,2.515000e+01,-5.095026e+00,8.743465e-01,2.309218e-01,5.462516e-01,5.882690e-01,3.300903,108.3251
0.1313,2.515000e+01,-5.094934e+00,8.743465e-01,2.309205e-01,5.461927e-01,5.883291e-01,3.301733,108.6239
0.131333,2.515000e+01,-5.094844e+00,8.743465e-01,2.309526e-01,5.463557e-01,5.882352e-01,3.302563,108.9226
0.131367,2.515000e+01,-5.094771e+00,8.743465e-01,2.310011e-01,5.458502e-01,5.889037e-01,3.303418,109.2304
0.1314,2.515000e+01,-5.094716e+00,8.743465e-01,2.309022e-01,5.450992e-01,5.894625e-01,3.304248,109.5291
0.131433,2.515000e+01,-5.094670e+00,8.743465e-01,2.309296e-01,5.450025e-01,5.896372e-01,3.305077,109.8279
0.131467,2.515000e+01,-5.094621e+00,8.743465e-01,2.309558e-01,5.455286e-01,5.891353e-01,3.305932,110.1357
0.1315,2.515000e+01,-5.094553e+00,8.743465e-01,2.308052e-01,5.465215e-01,5.876814e-01,3.306762,110.4344
0.131533,2.515000e+01,-5.094486e+00,8.743465e-01,2.308493e-01,5.466464e-01,5.876595e-01,3.307592,110.7332
0.131567,2.515000e+01,-5.094416e+00,8.743465e-01,2.307496e-01,5.466967e-01,5.873518e-01,3.308447,111.0409
0.1316,2.515000e+01,-5.094358e+00,8.743465e-01,2.307403e-01,5.463214e-01,5.877314e-01,3.309277,111.3397
0.131633,2.515000e+01,-5.094340e+00,8.743465e-01,2.311296e-01,5.454618e-01,5.896509e-01,3.310107,111.6384
0.131667,2.515000e+01,-5.094351e+00,8.743465e-01,2.314734e-01,5.451313e-01,5.908861e-01,3.310962,111.9462
0.1317,2.515000e+01,-5.094356e+00,8.743465e-01,2.314016e-01,5.456447e-01,5.901469e-01,3.311792,112.2450
0.131733,2.515000e+01,-5.094335e+00,8.743465e-01,2.309283e-01,5.466069e-01,5.879032e-01,3.312621,112.5437
0.131767,2.515000e+01,-5.094315e+00,8.743465e-01,2.307881e-01,5.467365e-01,5.874068e-01,3.313476,112.8515
0.1318,2.515000e+01,-5.094315e+00,8.743465e-01,2.309537e-01,5.462544e-01,5.883473e-01,3.314306,113.1502
0.131833,2.515000e+01,-5.094331e+00,8.743465e-01,2.310728e-01,5.459991e-01,5.889259e-01,3.315136,113.4490
0.131867,2.515000e+01,-5.094342e+00,8.743465e-01,2.311317e-01,5.467730e-01,5.882421e-01,3.315991,113.7568
0.1319,2.515000e+01,-5.094360e+00,8.743465e-01,2.312050e-01,5.467147e-01,5.884916e-01,3.316821,114.0555
0.131933,2.515000e+01,-5.094371e+00,8.743465e-01,2.309919e-01,5.467314e-01,5.879312e-01,3.317651,114.3542
0.131967,2.515000e+01,-5.094390e+00,8.743465e-01,2.308305e-01,5.464027e-01,5.878736e-01,3.318506,114.6620
0.132,2.515000e+01,-5.094439e+00,8.743465e-01,2.309853e-01,5.454357e-01,5.893109e-01,3.319335,114.9608
0.132033,2.515000e+01,-5.094510e+00,8.743465e-01,2.313070e-01,5.451728e-01,5.904162e-01,3.320165,115.2595
0.132067,2.515000e+01,-5.094561e+00,8.743465e-01,2.311231e-01,5.459945e-01,5.890590e-01,3.321020,115.5673
0.1321,2.515000e+01,-5.094552e+00,8.743465e-01,2.302671e-01,5.475273e-01,5.852344e-01,3.321850,115.8661
0.132133,2.515000e+01,-5.094556e+00,8.743465e-01,2.302699e-01,5.472976e-01,5.854871e-01,3.322680,116.1648
0.132167,2.515000e+01,-5.094596e+00,8.743465e-01,2.307296e-01,5.467228e-01,5.872728e-01,3.323535,116.4726
0.1322,2.515000e+01,-5.094658e+00,8.743465e-01,2.308973e-01,5.460847e-01,5.883865e-01,3.324365,116.7713
0.132233,2.515000e+01,-5.094726e+00,8.743465e-01,2.310867e-01,5.460983e-01,5.888542e-01,3.325195,117.0701
0.132267,2.515000e+01,-5.094776e+00,8.743465e-01,2.309433e-01,5.465868e-01,5.879630e-01,3.326050,117.3779
0.1323,2.515000e+01,-5.094830e+00,8.743465e-01,2.311496e-01,5.469121e-01,5.881380e-01,3.326879,117.6766
0.132333,2.515000e+01,-5.094877e+00,8.743465e-01,2.311020e-01,5.472994e-01,5.876008e-01,3.327709,117.9753
0.132367,2.515000e+01,-5.094942e+00,8.743465e-01,2.311009e-01,5.463439e-01,5.886257e-01,3.328564,118.2831
0.1324,2.515000e+01,-5.095002e+00,8.743465e-01,2.308871e-01,5.459537e-01,5.885014e-01,3.329394,118.5819
0.132433,2.515000e+01,-5.095042e+00,8.743465e-01,2.306631e-01,5.465003e-01,5.873424e-01,3.330224,118.8806
0.132467,2.515000e+01,-5.095064e+00,8.743465e-01,2.305615e-01,5.473204e-01,5.862043e-01,3.331079,119.1884
0.1325,2.515000e+01,-5.095099e+00,8.743465e-01,2.308933e-01,5.473533e-01,5.870125e-01,3.331909,119.4871
0.132533,2.515000e+01,-5.095156e+00,8.743465e-01,2.312228e-01,5.471747e-01,5.880422e-01,3.332739,119.7859
0.132567,2.515000e+01,-5.095230e+00,8.743465e-01,2.315308e-01,5.469562e-01,5.890604e-01,3.333594,120.0937
0.1326,2.515000e+01,-5.095318e+00,8.743465e-01,2.316290e-01,5.463867e-01,5.899246e-01,3.334423,120.3924
0.132633,2.515000e+01,-5.095390e+00,8.743465e-01,2.311768e-01,5.463146e-01,5.888507e-01,3.335253,120.6912
0.132667,2.515000e+01,-5.095446e+00,8.743465e-01,2.308781e-01,5.469185e-01,5.874404e-01,3.336108,120.9990
0.1327,2.515000e+01,-5.095466e+00,8.743465e-01,2.305298e-01,5.478425e-01,5.855647e-01,3.336938,121.2977
0.132733,2.515000e+01,-5.095512e+00,8.743465e-01,2.308876e-01,5.471809e-01,5.871829e-01,3.337768,121.5964
0.132767,2.515000e+01,-5.095542e+00,8.743465e-01,2.306168e-01,5.472331e-01,5.864383e-01,3.338623,121.9042
0.1328,2.515000e+01,-5.095564e+00,8.743465e-01,2.302404e-01,5.470755e-01,5.856497e-01,3.339453,122.2030
0.132833,2.515000e+01,-5.095606e+00,8.743465e-01,2.308528e-01,5.474699e-01,5.867846e-01,3.340283,122.5017
0.132867,2.515000e+01,-5.095667e+00,8.743465e-01,2.310170e-01,5.470642e-01,5.876373e-01,3.341137,122.8095
0.1329,2.515000e+01,-5.095731e+00,8.743465e-01,2.307932e-01,5.467131e-01,5.874451e-01,3.341967,123.1082
0.132933,2.515000e+01,-5.095764e+00,8.743465e-01,2.303456e-01,5.473819e-01,5.855894e-01,3.342797,123.4070
0.132967,2.515000e+01,-5.095823e+00,8.743465e-01,2.309435e-01,5.470956e-01,5.874167e-01,3.343652,123.7148
0.133,2.515000e+01,-5.095919e+00,8.743465e-01,2.317134e-01,5.470367e-01,5.894384e-01,3.344482,124.0135
0.133032,2.515000e+01,-5.095997e+00,8.743465e-01,2.313987e-01,5.479912e-01,5.876124e-01,3.345287,124.3032
0.133065,2.515000e+01,-5.096038e+00,8.743465e-01,2.303255e-01,5.477646e-01,5.851292e-01,3.346116,124.6019
0.133097,2.515000e+01,-5.096093e+00,8.743465e-01,2.306300e-01,5.475638e-01,5.861176e-01,3.346921,124.8916
0.133129,2.515000e+01,-5.096159e+00,8.743465e-01,2.305275e-01,5.467776e-01,5.866996e-01,3.347726,125.1813
0.133161,2.515000e+01,-5.096233e+00,8.743465e-01,2.308376e-01,5.469499e-01,5.873035e-01,3.348531,125.4710
0.133194,2.515000e+01,-5.096308e+00,8.743465e-01,2.311378e-01,5.474907e-01,5.874865e-01,3.349360,125.7697
0.133226,2.515000e+01,-5.096403e+00,8.743465e-01,2.314215e-01,5.472529e-01,5.884632e-01,3.350165,126.0594
0.133258,2.515000e+01,-5.096489e+00,8.743465e-01,2.311435e-01,5.471890e-01,5.878249e-01,3.350970,126.3491
0.13329,2.515000e+01,-5.096517e+00,8.743465e-01,2.297259e-01,5.473565e-01,5.840412e-01,3.351774,126.6388
0.133323,2.515000e+01,-5.096552e+00,8.743465e-01,2.298618e-01,5.471443e-01,5.846133e-01,3.352604,126.9375
0.133355,2.515000e+01,-5.096615e+00,8.743465e-01,2.305054e-01,5.470606e-01,5.863398e-01,3.353409,127.2272
0.133387,2.515000e+01,-5.096706e+00,8.743465e-01,2.309244e-01,5.466402e-01,5.878575e-01,3.354214,127.5169
0.133419,2.515000e+01,-5.096766e+00,8.743465e-01,2.306035e-01,5.476491e-01,5.859589e-01,3.355018,127.8066
0.133452,2.515000e+01,-5.096803e+00,8.743465e-01,2.299780e-01,5.475458e-01,5.844799e-01,3.355848,128.1053
0.133484,2.515000e+01,-5.096867e+00,8.743465e-01,2.302740e-01,5.467651e-01,5.860677e-01,3.356653,128.3950
0.133516,2.515000e+01,-5.096948e+00,8.743465e-01,2.306159e-01,5.466794e-01,5.870298e-01,3.357458,128.6847
0.133548,2.515000e+01,-5.097037e+00,8.743465e-01,2.307418e-01,5.464451e-01,5.876023e-01,3.358262,128.9744
0.133581,2.515000e+01,-5.097118e+00,8.743465e-01,2.305440e-01,5.465340e-01,5.870029e-01,3.359092,129.2731
0.133613,2.515000e+01,-5.097205e+00,8.743465e-01,2.305793e-01,5.467086e-01,5.869054e-01,3.359897,129.5628
0.133645,2.515000e+01,-5.097231e+00,8.743465e-01,2.296313e-01,5.474351e-01,5.837167e-01,3.360701,129.8525
0.133677,2.515000e+01,-5.097277e+00,8.743465e-01,2.299178e-01,5.468619e-01,5.850576e-01,3.361506,130.1422
0.13371,2.515000e+01,-5.097341e+00,8.743465e-01,2.302216e-01,5.465887e-01,5.861235e-01,3.362336,130.4410
0.133742,2.515000e+01,-5.097433e+00,8.743465e-01,2.307083e-01,5.461829e-01,5.877989e-01,3.363141,130.7306
0.133774,2.515000e+01,-5.097525e+00,8.743465e-01,2.309348e-01,5.465957e-01,5.879316e-01,3.363945,131.0203
0.133806,2.515000e+01,-5.097585e+00,8.743465e-01,2.302837e-01,5.467949e-01,5.860606e-01,3.364750,131.3100
0.133839,2.515000e+01,-5.097650e+00,8.743465e-01,2.304044e-01,5.465759e-01,5.866025e-01,3.365580,131.6088
0.133871,2.515000e+01,-5.097717e+00,8.743465e-01,2.303590e-01,5.463184e-01,5.867634e-01,3.366385,131.8984
0.133903,2.515000e+01,-5.097797e+00,8.743465e-01,2.304677e-01,5.457975e-01,5.876005e-01,3.367189,132.1881
0.133935,2.515000e+01,-5.097865e+00,8.743465e-01,2.302227e-01,5.456854e-01,5.870965e-01,3.367994,132.4778
0.133968,2.515000e+01,-5.097883e+00,8.743465e-01,2.291570e-01,5.461555e-01,5.838757e-01,3.368824,132.7766
0.134,2.515000e+01,-5.097888e+00,8.743465e-01,2.291020e-01,5.465456e-01,5.833192e-01,3.369628,133.0662
0.134032,2.515000e+01,-5.097905e+00,8.743465e-01,2.294065e-01,5.465525e-01,5.840869e-01,3.370433,133.3559
0.134065,2.515000e+01,-5.097950e+00,8.743465e-01,2.298299e-01,5.460103e-01,5.857460e-01,3.371263,133.6547
0.134097,2.515000e+01,-5.098022e+00,8.743465e-01,2.302740e-01,5.455969e-01,5.873225e-01,3.372068,133.9444
0.134129,2.515000e+01,-5.098092e+00,8.743465e-01,2.302013e-01,5.455089e-01,5.872320e-01,3.372872,134.2340
0.134161,2.515000e+01,-5.098135e+00,8.743465e-01,2.296207e-01,5.458174e-01,5.854198e-01,3.373677,134.5237
0.134194,2.515000e+01,-5.098183e+00,8.743465e-01,2.296585e-01,5.456721e-01,5.856720e-01,3.374507,134.8225
0.134226,2.515000e+01,-5.098219e+00,8.743465e-01,2.294953e-01,5.460313e-01,5.848709e-01,3.375312,135.1122
0.134258,2.515000e+01,-5.098277e+00,8.743465e-01,2.297511e-01,5.454330e-01,5.861650e-01,3.376116,135.4018
0.13429,2.515000e+01,-5.098348e+00,8.743465e-01,2.300914e-01,5.455012e-01,5.869599e-01,3.376921,135.6915
0.134323,2.515000e+01,-5.098386e+00,8.743465e-01,2.292629e-01,5.452247e-01,5.851431e-01,3.377751,135.9903
0.134355,2.515000e+01,-5.098409e+00,8.743465e-01,2.290529e-01,5.453063e-01,5.845194e-01,3.378555,136.2800
0.134387,2.515000e+01,-5.098434e+00,8.743465e-01,2.292210e-01,5.452817e-01,5.849750e-01,3.379360,136.5697
0.134419,2.515000e+01,-5.098490e+00,8.743465e-01,2.300094e-01,5.454002e-01,5.868592e-01,3.380165,136.8593
0.134452,2.515000e+01,-5.098547e+00,8.743465e-01,2.301853e-01,5.455484e-01,5.871486e-01,3.380995,137.1581
0.134484,2.515000e+01,-5.098577e+00,8.743465e-01,2.294587e-01,5.452294e-01,5.856375e-01,3.381799,137.4478
0.134516,2.515000e+01,-5.098609e+00,8.743465e-01,2.293429e-01,5.448674e-01,5.857308e-01,3.382604,137.7375
0.134548,2.515000e+01,-5.098624e+00,8.743465e-01,2.287656e-01,5.445518e-01,5.845951e-01,3.383409,138.0271
0.134581,2.515000e+01,-5.098659e+00,8.743465e-01,2.292550e-01,5.443577e-01,5.860548e-01,3.384239,138.3259
0.134613,2.515000e+01,-5.098681e+00,8.743465e-01,2.293313e-01,5.451123e-01,5.854380e-01,3.385043,138.6156
0.134645,2.515000e+01,-5.098713e+00,8.743465e-01,2.295997e-01,5.449443e-01,5.863040e-01,3.385848,138.9053
0.134677,2.515000e+01,-5.098732e+00,8.743465e-01,2.292589e-01,5.446478e-01,5.857524e-01,3.386653,139.1949
0.13471,2.515000e+01,-5.098726e+00,8.743465e-01,2.285437e-01,5.442470e-01,5.843552e-01,3.387482,139.4937
0.134742,2.515000e+01,-5.098727e+00,8.743465e-01,2.287836e-01,5.441367e-01,5.850873e-01,3.388287,139.7834
0.134774,2.515000e+01,-5.098743e+00,8.743465e-01,2.294011e-01,5.444157e-01,5.863657e-01,3.389092,140.0731
0.134806,2.515000e+01,-5.098755e+00,8.743465e-01,2.295011e-01,5.445677e-01,5.864575e-01,3.389897,140.3627
0.134839,2.515000e+01,-5.098713e+00,8.743465e-01,2.283907e-01,5.446390e-01,5.835437e-01,3.390726,140.6615
0.134871,2.515000e+01,-5.098676e+00,8.743465e-01,2.281781e-01,5.438950e-01,5.837980e-01,3.391531,140.9512
0.134903,2.515000e+01,-5.098636e+00,8.743465e-01,2.280660e-01,5.433886e-01,5.840550e-01,3.392336,141.2409
0.134935,2.515000e+01,-5.098605e+00,8.743465e-01,2.285538e-01,5.434593e-01,5.852280e-01,3.393140,141.5305
0.134968,2.515000e+01,-5.098569e+00,8.743465e-01,2.288235e-01,5.441203e-01,5.852070e-01,3.393970,141.8293
0.135,2.515000e+01,-5.098545e+00,8.743465e-01,2.294328e-01,5.443679e-01,5.864982e-01,3.394775,142.1190
0.135032,2.515000e+01,-5.098518e+00,8.743465e-01,2.294051e-01,5.440886e-01,5.867285e-01,3.395580,142.4087
0.135065,2.515000e+01,-5.098467e+00,8.743465e-01,2.286120e-01,5.433532e-01,5.854912e-01,3.396409,142.7074
0.135097,2.515000e+01,-5.098409e+00,8.743465e-01,2.286009e-01,5.434135e-01,5.853980e-01,3.397214,142.9971
0.135129,2.515000e+01,-5.098358e+00,8.743465e-01,2.288431e-01,5.434674e-01,5.859603e-01,3.398019,143.2868
0.135161,2.515000e+01,-5.098316e+00,8.743465e-01,2.291120e-01,5.433915e-01,5.867306e-01,3.398824,143.5765
0.135194,2.515000e+01,-5.098244e+00,8.743465e-01,2.285065e-01,5.436157e-01,5.849385e-01,3.399653,143.8752
0.135226,2.515000e+01,-5.098164e+00,8.743465e-01,2.280622e-01,5.429997e-01,5.844636e-01,3.400458,144.1649
0.135258,2.515000e+01,-5.098088e+00,8.743465e-01,2.282609e-01,5.429875e-01,5.849859e-01,3.401263,144.4546
0.13529,2.515000e+01,-5.098010e+00,8.743465e-01,2.282924e-01,5.430614e-01,5.849870e-01,3.402067,144.7443
0.135323,2.515000e+01,-5.097939e+00,8.743465e-01,2.284198e-01,5.427863e-01,5.856102e-01,3.402897,145.0430
0.135355,2.515000e+01,-5.097866e+00,8.743465e-01,2.285596e-01,5.429863e-01,5.857527e-01,3.403702,145.3327
0.135387,2.515000e+01,-5.097792e+00,8.743465e-01,2.286005e-01,5.429177e-01,5.859316e-01,3.404507,145.6224
0.135419,2.515000e+01,-5.097696e+00,8.743465e-01,2.280896e-01,5.428161e-01,5.847315e-01,3.405311,145.9121
0.135452,2.515000e+01,-5.097586e+00,8.743465e-01,2.276606e-01,5.425894e-01,5.838754e-01,3.406141,146.2108
0.135484,2.515000e+01,-5.097481e+00,8.743465e-01,2.278023e-01,5.424973e-01,5.843380e-01,3.406946,146.5005
0.135516,2.515000e+01,-5.097387e+00,8.743465e-01,2.281552e-01,5.426327e-01,5.850973e-01,3.407751,146.7902
0.135548,2.515000e+01,-5.097299e+00,8.743465e-01,2.279080e-01,5.421885e-01,5.849421e-01,3.408555,147.0799
0.135581,2.515000e+01,-5.097216e+00,8.743465e-01,2.279643e-01,5.419035e-01,5.853945e-01,3.409385,147.3786
0.135613,2.515000e+01,-5.097136e+00,8.743465e-01,2.283505e-01,5.424036e-01,5.858456e-01,3.410190,147.6683
0.135645,2.515000e+01,-5.097056e+00,8.743465e-01,2.285600e-01,5.427477e-01,5.860112e-01,3.410994,147.9580
0.135677,2.515000e+01,-5.096972e+00,8.743465e-01,2.284689e-01,5.426223e-01,5.859131e-01,3.411799,148.2477
0.13571,2.515000e+01,-5.096881e+00,8.743465e-01,2.282488e-01,5.422681e-01,5.857309e-01,3.412629,148.5464
0.135742,2.515000e+01,-5.096802e+00,8.743465e-01,2.283420e-01,5.418851e-01,5.863844e-01,3.413434,148.8361
0.135774,2.515000e+01,-5.096715e+00,8.743465e-01,2.281974e-01,5.420507e-01,5.858339e-01,3.414238,149.1258
0.135806,2.515000e+01,-5.096616e+00,8.743465e-01,2.275522e-01,5.414989e-01,5.847727e-01,3.415043,149.4155
0.135839,2.515000e+01,-5.096534e+00,8.743465e-01,2.278697e-01,5.412247e-01,5.858856e-01,3.415873,149.7142
0.135871,2.515000e+01,-5.096435e+00,8.743465e-01,2.277172e-01,5.416231e-01,5.850625e-01,3.416678,150.0039
0.135903,2.515000e+01,-5.096338e+00,8.743465e-01,2.279654e-01,5.418439e-01,5.854616e-01,3.417482,150.2936
0.135935,2.515000e+01,-5.096241e+00,8.743465e-01,2.280360e-01,5.419145e-01,5.855666e-01,3.418287,150.5833
0.135968,2.515000e+01,-5.096146e+00,8.743465e-01,2.280592e-01,5.418601e-01,5.856851e-01,3.419117,150.8820
0.136,2.515000e+01,-5.096062e+00,8.743465e-01,2.281794e-01,5.414926e-01,5.863913e-01,3.419921,151.1717
0.136032,2.515000e+01,-5.095957e+00,8.743465e-01,2.273821e-01,5.411070e-01,5.847588e-01,3.420726,151.4614
0.136065,2.515000e+01,-5.095855e+00,8.743465e-01,2.273563e-01,5.410135e-01,5.847934e-01,3.421556,151.7601
0.136097,2.515000e+01,-5.095749e+00,8.743465e-01,2.273848e-01,5.412364e-01,5.846260e-01,3.422361,152.0498
0.136129,2.515000e+01,-5.095649e+00,8.743465e-01,2.277365e-01,5.416838e-01,5.850466e-01,3.423165,152.3395
0.136161,2.515000e+01,-5.095556e+00,8.743465e-01,2.278263e-01,5.416174e-01,5.853490e-01,3.423970,152.6292
0.136194,2.515000e+01,-5.095474e+00,8.743465e-01,2.280613e-01,5.417268e-01,5.858346e-01,3.424800,152.9279
0.136226,2.515000e+01,-5.095405e+00,8.743465e-01,2.280038e-01,5.410814e-01,5.863854e-01,3.425605,153.2176
0.136258,2.515000e+01,-5.095328e+00,8.743465e-01,2.278818e-01,5.411635e-01,5.859828e-01,3.426409,153.5073
0.13629,2.515000e+01,-5.095252e+00,8.743465e-01,2.278646e-01,5.411185e-01,5.859873e-01,3.427214,153.7970
0.136323,2.515000e+01,-5.095189e+00,8.743465e-01,2.282254e-01,5.414033e-01,5.866064e-01,3.428044,154.0957
0.136355,2.515000e+01,-5.095132e+00,8.743465e-01,2.282836e-01,5.415531e-01,5.865937e-01,3.428848,154.3854
0.136387,2.515000e+01,-5.095075e+00,8.743465e-01,2.278164e-01,5.407565e-01,5.862557e-01,3.429653,154.6751
0.136419,2.515000e+01,-5.095032e+00,8.743465e-01,2.274980e-01,5.397332e-01,5.865460e-01,3.430458,154.9648
0.136452,2.515000e+01,-5.094982e+00,8.743465e-01,2.273016e-01,5.401681e-01,5.855680e-01,3.431288,155.2635
0.136484,2.515000e+01,-5.094935e+00,8.743465e-01,2.276389e-01,5.408496e-01,5.856980e-01,3.432092,155.5532
0.136516,2.515000e+01,-5.094891e+00,8.743465e-01,2.278280e-01,5.413089e-01,5.856872e-01,3.432897,155.8429
0.136548,2.515000e+01,-5.094863e+00,8.743465e-01,2.279805e-01,5.409495e-01,5.864686e-01,3.433702,156.1326
0.136581,2.515000e+01,-5.094845e+00,8.743465e-01,2.281761e-01,5.408744e-01,5.870533e-01,3.434532,156.4313
0.136613,2.515000e+01,-5.094828e+00,8.743465e-01,2.277556e-01,5.402650e-01,5.866324e-01,3.435336,156.7210
0.136645,2.515000e+01,-5.094812e+00,8.743465e-01,2.275983e-01,5.401179e-01,5.863868e-01,3.436141,157.0107
0.136677,2.515000e+01,-5.094788e+00,8.743465e-01,2.274542e-01,5.405253e-01,5.855738e-01,3.436946,157.3004
0.13671,2.515000e+01,-5.094772e+00,8.743465e-01,2.275870e-01,5.405638e-01,5.858740e-01,3.437775,157.5992
0.136742,2.515000e+01,-5.094765e+00,8.743465e-01,2.276006e-01,5.403868e-01,5.861009e-01,3.438580,157.8888
0.136774,2.515000e+01,-5.094764e+00,8.743465e-01,2.272953e-01,5.398234e-01,5.859256e-01,3.439385,158.1785
0.136806,2.515000e+01,-5.094760e+00,8.743465e-01,2.272288e-01,5.400682e-01,5.854885e-01,3.440189,158.4682
0.136839,2.515000e+01,-5.094762e+00,8.743465e-01,2.275101e-01,5.406861e-01,5.855436e-01,3.441019,158.7670
0.136871,2.515000e+01,-5.094779e+00,8.743465e-01,2.278240e-01,5.408645e-01,5.861579e-01,3.441824,159.0566
0.136903,2.515000e+01,-5.094811e+00,8.743465e-01,2.279672e-01,5.404825e-01,5.869409e-01,3.442629,159.3463
0.136935,2.515000e+01,-5.094849e+00,8.743465e-01,2.280418e-01,5.406617e-01,5.869384e-01,3.443433,159.6360
0.136968,2.515000e+01,-5.094901e+00,8.743465e-01,2.279752e-01,5.399963e-01,5.874899e-01,3.444263,159.9348
0.137,2.515000e+01,-5.094955e+00,8.743465e-01,2.276215e-01,5.396182e-01,5.869895e-01,3.445068,160.2244
0.137032,2.515000e+01,-5.095020e+00,8.743465e-01,2.275714e-01,5.392988e-01,5.872080e-01,3.445873,160.5141
0.137065,2.515000e+01,-5.095081e+00,8.743465e-01,2.276159e-01,5.396681e-01,5.869208e-01,3.446702,160.8129
0.137097,2.515000e+01,-5.095145e+00,8.743465e-01,2.277673e-01,5.399665e-01,5.869867e-01,3.447507,161.1026
0.137129,2.515000e+01,-5.095204e+00,8.743465e-01,2.278666e-01,5.404525e-01,5.867146e-01,3.448312,161.3922
0.137161,2.515000e+01,-5.095263e+00,8.743465e-01,2.278442e-01,5.405249e-01,5.865783e-01,3.449116,161.6819
0.137194,2.515000e+01,-5.095325e+00,8.743465e-01,2.278262e-01,5.405627e-01,5.864909e-01,3.449946,161.9807
0.137226,2.515000e+01,-5.095410e+00,8.743465e-01,2.279191e-01,5.396000e-01,5.877769e-01,3.450751,162.2704
0.137258,2.515000e+01,-5.095498e+00,8.743465e-01,2.280151e-01,5.396915e-01,5.879247e-01,3.451556,162.5600
0.13729,2.515000e+01,-5.095574e+00,8.743465e-01,2.277343e-01,5.397640e-01,5.871218e-01,3.452360,162.8497
0.137323,2.515000e+01,-5.095633e+00,8.743465e-01,2.274544e-01,5.399853e-01,5.861600e-01,3.453190,163.1485
0.137355,2.515000e+01,-5.095689e+00,8.743465e-01,2.273752e-01,5.401570e-01,5.857695e-01,3.453995,163.4382
0.137387,2.515000e+01,-5.095758e+00,8.743465e-01,2.275551e-01,5.398698e-01,5.865449e-01,3.454800,163.7279
0.137419,2.515000e+01,-5.095834e+00,8.743465e-01,2.277371e-01,5.398427e-01,5.870435e-01,3.455604,164.0175
0.137452,2.515000e+01,-5.095902e+00,8.743465e-01,2.277273e-01,5.403419e-01,5.864760e-01,3.456434,164.3163
0.137484,2.515000e+01,-5.095971e+00,8.743465e-01,2.277811e-01,5.404975e-01,5.864455e-01,3.457239,164.6060
0.137516,2.515000e+01,-5.096040e+00,8.743465e-01,2.279140e-01,5.408423e-01,5.864136e-01,3.458043,164.8957
0.137548,2.515000e+01,-5.096123e+00,8.743465e-01,2.278161e-01,5.399816e-01,5.870960e-01,3.458848,165.1853
0.137581,2.515000e+01,-5.096228e+00,8.743465e-01,2.278962e-01,5.390184e-01,5.883521e-01,3.459678,165.4841
0.137613,2.515000e+01,-5.096333e+00,8.743465e-01,2.278539e-01,5.388174e-01,5.884622e-01,3.460483,165.7738
0.137645,2.515000e+01,-5.096419e+00,8.743465e-01,2.278229e-01,5.393871e-01,5.877607e-01,3.461287,166.0635
0.137677,2.515000e+01,-5.096481e+00,8.743465e-01,2.276719e-01,5.403291e-01,5.863470e-01,3.462092,166.3531
0.13771,2.515000e+01,-5.096545e+00,8.743465e-01,2.277552e-01,5.403506e-01,5.865384e-01,3.462922,166.6519
0.137742,2.515000e+01,-5.096623e+00,8.743465e-01,2.281527e-01,5.402567e-01,5.876640e-01,3.463727,166.9416
0.137774,2.515000e+01,-5.096698e+00,8.743465e-01,2.281582e-01,5.402985e-01,5.876329e-01,3.464531,167.2313
0.137806,2.515000e+01,-5.096773e+00,8.743465e-01,2.279935e-01,5.397842e-01,5.877681e-01,3.465336,167.5209
0.137839,2.515000e+01,-5.096843e+00,8.743465e-01,2.280605e-01,5.400523e-01,5.876489e-01,3.466166,167.8197
0.137871,2.515000e+01,-5.096918e+00,8.743465e-01,2.284039e-01,5.401854e-01,5.883887e-01,3.466970,168.1094
0.137903,2.515000e+01,-5.096988e+00,8.743465e-01,2.283135e-01,5.399457e-01,5.884168e-01,3.467775,168.3991
0.137935,2.515000e+01,-5.097058e+00,8.743465e-01,2.280555e-01,5.392193e-01,5.885437e-01,3.468580,168.6887
0.137968,2.515000e+01,-5.097111e+00,8.743465e-01,2.278330e-01,5.395359e-01,5.876246e-01,3.469410,168.9875
0.138,2.515000e+01,-5.097151e+00,8.743465e-01,2.279190e-01,5.403752e-01,5.869333e-01,3.470214,169.2772
0.138032,2.515000e+01,-5.097166e+00,8.743465e-01,2.276672e-01,5.410105e-01,5.855965e-01,3.471019,169.5669
0.138065,2.515000e+01,-5.097182e+00,8.743465e-01,2.277507e-01,5.409356e-01,5.858924e-01,3.471849,169.8656
0.138097,2.515000e+01,-5.097229e+00,8.743465e-01,2.283751e-01,5.404595e-01,5.880164e-01,3.472654,170.1553
0.138129,2.515000e+01,-5.097274e+00,8.743465e-01,2.286470e-01,5.409957e-01,5.881327e-01,3.473458,170.4450
0.138161,2.515000e+01,-5.097326e+00,8.743465e-01,2.285608e-01,5.402393e-01,5.887342e-01,3.474263,170.7347
0.138194,2.515000e+01,-5.097372e+00,8.743465e-01,2.283830e-01,5.402243e-01,5.882925e-01,3.475093,171.0334
0.138226,2.515000e+01,-5.097423e+00,8.743465e-01,2.285879e-01,5.403064e-01,5.887310e-01,3.475897,171.3231
0.138258,2.515000e+01,-5.097469e+00,8.743465e-01,2.285328e-01,5.403422e-01,5.885499e-01,3.476702,171.6128
0.13829,2.515000e+01,-5.097516e+00,8.743465e-01,2.283664e-01,5.399029e-01,5.885999e-01,3.477507,171.9025
0.138323,2.515000e+01,-5.097537e+00,8.743465e-01,2.281612e-01,5.408908e-01,5.869970e-01,3.478337,172.2012
0.138355,2.515000e+01,-5.097553e+00,8.743465e-01,2.283867e-01,5.414436e-01,5.869773e-01,3.479141,172.4909
0.138387,2.515000e+01,-5.097572e+00,8.743465e-01,2.285855e-01,5.414527e-01,5.874782e-01,3.479946,172.7806
0.138419,2.515000e+01,-5.097630e+00,8.743465e-01,2.292146e-01,5.407795e-01,5.898284e-01,3.480751,173.0703
0.138452,2.515000e+01,-5.097672e+00,8.743465e-01,2.290293e-01,5.413699e-01,5.887089e-01,3.481581,173.3690
0.138484,2.515000e+01,-5.097680e+00,8.743465e-01,2.285799e-01,5.420840e-01,5.867798e-01,3.482385,173.6587
0.138516,2.515000e+01,-5.097719e+00,8.743465e-01,2.287415e-01,5.406123e-01,5.887931e-01,3.483190,173.9484
0.138548,2.515000e+01,-5.097768e+00,8.743465e-01,2.289055e-01,5.404753e-01,5.893645e-01,3.483995,174.2381
0.138581,2.515000e+01,-5.097822e+00,8.743465e-01,2.293270e-01,5.410244e-01,5.898507e-01,3.484824,174.5368
0.138613,2.515000e+01,-5.097849e+00,8.743465e-01,2.290666e-01,5.415786e-01,5.885779e-01,3.485629,174.8265
0.138645,2.515000e+01,-5.097873e+00,8.743465e-01,2.286593e-01,5.408352e-01,5.883391e-01,3.486434,175.1162
0.138677,2.515000e+01,-5.097879e+00,8.743465e-01,2.284707e-01,5.413490e-01,5.872959e-01,3.487239,175.4059
0.13871,2.515000e+01,-5.097859e+00,8.743465e-01,2.283112e-01,5.421790e-01,5.859874e-01,3.488068,175.7046
0.138742,2.515000e+01,-5.097854e+00,8.743465e-01,2.289891e-01,5.424628e-01,5.874198e-01,3.488873,175.9943
0.138774,2.515000e+01,-5.097896e+00,8.743465e-01,2.297662e-01,5.415691e-01,5.903858e-01,3.489678,176.2840
0.138806,2.515000e+01,-5.097938e+00,8.743465e-01,2.298351e-01,5.416808e-01,5.904411e-01,3.490482,176.5737
0.138839,2.515000e+01,-5.097927e+00,8.743465e-01,2.288752e-01,5.423831e-01,5.872139e-01,3.491312,176.8724
0.138871,2.515000e+01,-5.097907e+00,8.743465e-01,2.283254e-01,5.414407e-01,5.868229e-01,3.492117,177.1621
0.138903,2.515000e+01,-5.097905e+00,8.743465e-01,2.287385e-01,5.411662e-01,5.881828e-01,3.492922,177.4518
0.138935,2.515000e+01,-5.097940e+00,8.743465e-01,2.296827e-01,5.412668e-01,5.905009e-01,3.493726,177.7415
0.138968,2.515000e+01,-5.097952e+00,8.743465e-01,2.297071e-01,5.422877e-01,5.894518e-01,3.494556,178.0402
0.139,2.515000e+01,-5.097936e+00,8.743465e-01,2.293936e-01,5.430886e-01,5.877793e-01,3.495361,178.3299
0.139033,2.515000e+01,-5.097916e+00,8.743465e-01,2.293415e-01,5.425794e-01,5.881974e-01,3.496191,178.6286
0.139067,2.515000e+01,-5.097897e+00,8.743465e-01,2.294781e-01,5.430297e-01,5.880596e-01,3.497046,178.9364
0.1391,2.515000e+01,-5.097916e+00,8.743465e-01,2.297059e-01,5.418041e-01,5.899749e-01,3.497876,179.2352
0.139133,2.515000e+01,-5.097986e+00,8.743465e-01,2.303901e-01,5.407506e-01,5.928849e-01,3.498705,179.5339
0.139167,2.515000e+01,-5.098044e+00,8.743465e-01,2.304724e-01,5.415358e-01,5.922369e-01,3.499560,179.8417
0.1392,2.515000e+01,-5.098037e+00,8.743465e-01,2.296003e-01,5.432445e-01,5.881400e-01,3.500390,180.1405
0.139233,2.515000e+01,-5.097989e+00,8.743465e-01,2.284543e-01,5.427524e-01,5.857350e-01,3.501220,180.4392
0.139267,2.515000e+01,-5.097958e+00,8.743465e-01,2.287032e-01,5.423315e-01,5.868285e-01,3.502075,180.7470
0.1393,2.515000e+01,-5.097977e+00,8.743465e-01,2.299017e-01,5.423703e-01,5.898615e-01,3.502905,181.0457
0.139333,2.515000e+01,-5.097992e+00,8.743465e-01,2.303871e-01,5.432561e-01,5.901430e-01,3.503735,181.3445
0.139367,2.515000e+01,-5.097989e+00,8.743465e-01,2.300482e-01,5.433458e-01,5.891777e-01,3.504590,181.6523
0.1394,2.515000e+01,-5.097960e+00,8.743465e-01,2.296486e-01,5.436086e-01,5.878699e-01,3.505419,181.9510
0.139433,2.515000e+01,-5.097941e+00,8.743465e-01,2.296881e-01,5.433888e-01,5.882088e-01,3.506249,182.2497
0.139467,2.515000e+01,-5.097963e+00,8.743465e-01,2.301053e-01,5.422904e-01,5.904708e-01,3.507104,182.5575
0.1395,2.515000e+01,-5.097999e+00,8.743465e-01,2.304909e-01,5.421995e-01,5.915595e-01,3.507934,182.8563
0.139533,2.515000e+01,-5.098023e+00,8.743465e-01,2.303931e-01,5.427720e-01,5.906849e-01,3.508764,183.1550
0.139567,2.515000e+01,-5.097994e+00,8.743465e-01,2.299020e-01,5.440823e-01,5.880061e-01,3.509619,183.4628
0.1396,2.515000e+01,-5.097956e+00,8.743465e-01,2.296421e-01,5.440254e-01,5.874029e-01,3.510449,183.7615
0.139633,2.515000e+01,-5.097914e+00,8.743465e-01,2.297219e-01,5.441833e-01,5.874363e-01,3.511279,184.0603
0.139667,2.515000e+01,-5.097875e+00,8.743465e-01,2.299662e-01,5.446317e-01,5.875770e-01,3.512134,184.3681
0.1397,2.515000e+01,-5.097890e+00,8.743465e-01,2.306292e-01,5.430971e-01,5.909361e-01,3.512963,184.6668
0.139733,2.515000e+01,-5.097916e+00,8.743465e-01,2.308686e-01,5.426688e-01,5.920164e-01,3.513793,184.9656
0.139767,2.515000e+01,-5.097925e+00,8.743465e-01,2.307663e-01,5.431197e-01,5.912628e-01,3.514648,185.2734
0.1398,2.515000e+01,-5.097880e+00,8.743465e-01,2.301368e-01,5.445898e-01,5.880581e-01,3.515478,185.5721
0.139833,2.515000e+01,-5.097855e+00,8.743465e-01,2.302847e-01,5.439320e-01,5.891477e-01,3.516308,185.8708
0.139867,2.515000e+01,-5.097836e+00,8.743465e-01,2.303208e-01,5.435704e-01,5.896320e-01,3.517163,186.1786
0.1399,2.515000e+01,-5.097799e+00,8.743465e-01,2.301427e-01,5.439435e-01,5.887720e-01,3.517993,186.4774
0.139933,2.515000e+01,-5.097755e+00,8.743465e-01,2.302988e-01,5.444319e-01,5.886428e-01,3.518823,186.7761
0.139967,2.515000e+01,-5.097731e+00,8.743465e-01,2.306147e-01,5.442156e-01,5.896845e-01,3.519678,187.0839
0.14,2.515000e+01,-5.097698e+00,8.743465e-01,2.306056e-01,5.446367e-01,5.892054e-01,3.520507,187.3826
0.140033,2.515000e+01,-5.097655e+00,8.743465e-01,2.304195e-01,5.447359e-01,5.886228e-01,3.521337,187.6814
0.140067,2.515000e+01,-5.097626e+00,8.743465e-01,2.305014e-01,5.439765e-01,5.896538e-01,3.522192,187.9892
0.1401,2.515000e+01,-5.097596e+00,8.743465e-01,2.305079e-01,5.438486e-01,5.898093e-01,3.523022,188.2879
0.140133,2.515000e+01,-5.097563e+00,8.743465e-01,2.307205e-01,5.441477e-01,5.900286e-01,3.523852,188.5867
0.140167,2.515000e+01,-5.097501e+00,8.743465e-01,2.303968e-01,5.446920e-01,5.886122e-01,3.524707,188.8944
0.1402,2.515000e+01,-5.097439e+00,8.743465e-01,2.304511e-01,5.447222e-01,5.887181e-01,3.525537,189.1932
0.140233,2.515000e+01,-5.097358e+00,8.743465e-01,2.302012e-01,5.448050e-01,5.879905e-01,3.526366,189.4919
0.140267,2.515000e+01,-5.097275e+00,8.743465e-01,2.304248e-01,5.448837e-01,5.884765e-01,3.527221,189.7997
0.1403,2.515000e+01,-5.097223e+00,8.743465e-01,2.310012e-01,5.443312e-01,5.905473e-01,3.528051,190.0985
0.140333,2.515000e+01,-5.097173e+00,8.743465e-01,2.312981e-01,5.446322e-01,5.909795e-01,3.528881,190.3972
0.140367,2.515000e+01,-5.097109e+00,8.743465e-01,2.311915e-01,5.450708e-01,5.902319e-01,3.529736,190.7050
0.1404,2.515000e+01,-5.097023e+00,8.743465e-01,2.305910e-01,5.448737e-01,5.889116e-01,3.530566,191.0037
0.140433,2.515000e+01,-5.096941e+00,8.743465e-01,2.303987e-01,5.443212e-01,5.890179e-01,3.531396,191.3025
0.140467,2.515000e+01,-5.096866e+00,8.743465e-01,2.306705e-01,5.444007e-01,5.896266e-01,3.532251,191.6103
0.1405,2.515000e+01,-5.096788e+00,8.743465e-01,2.310525e-01,5.452413e-01,5.896925e-01,3.533081,191.9090
0.140533,2.515000e+01,-5.096710e+00,8.743465e-01,2.311755e-01,5.454461e-01,5.897850e-01,3.533910,192.2077
0.140567,2.515000e+01,-5.096621e+00,8.743465e-01,2.308853e-01,5.451413e-01,5.893738e-01,3.534765,192.5155
0.1406,2.515000e+01,-5.096525e+00,8.743465e-01,2.308860e-01,5.452386e-01,5.892706e-01,3.535595,192.8143
0.140633,2.515000e+01,-5.096424e+00,8.743465e-01,2.309092e-01,5.454592e-01,5.890913e-01,3.536425,193.1130
0.140667,2.515000e+01,-5.096325e+00,8.743465e-01,2.310487e-01,5.454784e-01,5.894266e-01,3.537280,193.4208
0.1407,2.515000e+01,-5.096214e+00,8.743465e-01,2.308957e-01,5.456923e-01,5.888052e-01,3.538110,193.7196
0.140733,2.515000e+01,-5.096101e+00,8.743465e-01,2.307913e-01,5.455114e-01,5.887343e-01,3.538940,194.0183
0.140767,2.515000e+01,-5.095998e+00,8.743465e-01,2.307201e-01,5.448233e-01,5.892959e-01,3.539795,194.3261
0.1408,2.515000e+01,-5.095915e+00,8.743465e-01,2.308470e-01,5.443357e-01,5.901483e-01,3.540625,194.6248
0.140833,2.515000e+01,-5.095813e+00,8.743465e-01,2.308358e-01,5.452968e-01,5.890796e-01,3.541454,194.9236
0.140867,2.515000e+01,-5.095704e+00,8.743465e-01,2.309950e-01,5.459347e-01,5.887970e-01,3.542309,195.2314
0.1409,2.515000e+01,-5.095587e+00,8.743465e-01,2.308365e-01,5.460918e-01,5.882238e-01,3.543139,195.5301
0.140933,2.515000e+01,-5.095471e+00,8.743465e-01,2.306976e-01,5.457681e-01,5.882185e-01,3.543969,195.8288
0.140967,2.515000e+01,-5.095375e+00,8.743465e-01,2.309351e-01,5.455801e-01,5.890269e-01,3.544824,196.1366
0.141,2.515000e+01,-5.095313e+00,8.743465e-01,2.313189e-01,5.447860e-01,5.908658e-01,3.545654,196.4354
0.141033,2.515000e+01,-5.095255e+00,8.743465e-01,2.314836e-01,5.450043e-01,5.910496e-01,3.546484,196.7341
0.141067,2.515000e+01,-5.095176e+00,8.743465e-01,2.312997e-01,5.458184e-01,5.896993e-01,3.547339,197.0419
0.1411,2.515000e+01,-5.095088e+00,8.743465e-01,2.310183e-01,5.458621e-01,5.889349e-01,3.548168,197.3406
0.141133,2.515000e+01,-5.095004e+00,8.743465e-01,2.310834e-01,5.458927e-01,5.890676e-01,3.548998,197.6394
0.141167,2.515000e+01,-5.094923e+00,8.743465e-01,2.309372e-01,5.453896e-01,5.892379e-01,3.549853,197.9472
0.1412,2.515000e+01,-5.094830e+00,8.743465e-01,2.308726e-01,5.460414e-01,5.883702e-01,3.550683,198.2459
0.141233,2.515000e+01,-5.094739e+00,8.743465e-01,2.309578e-01,5.462041e-01,5.884117e-01,3.551513,198.5447
0.141267,2.515000e+01,-5.094648e+00,8.743465e-01,2.309117e-01,5.462389e-01,5.882569e-01,3.552368,198.8525
0.1413,2.515000e+01,-5.094570e+00,8.743465e-01,2.309890e-01,5.460571e-01,5.886497e-01,3.553198,199.1512
0.141333,2.515000e+01,-5.094511e+00,8.743465e-01,2.309141e-01,5.452301e-01,5.893513e-01,3.554028,199.4499
0.141367,2.515000e+01,-5.094463e+00,8.743465e-01,2.308928e-01,5.449600e-01,5.895890e-01,3.554883,199.7577
0.1414,2.515000e+01,-5.094418e+00,8.743465e-01,2.309608e-01,5.452890e-01,5.894068e-01,3.555712,200.0565
0.141433,2.515000e+01,-5.094353e+00,8.743465e-01,2.307474e-01,5.462053e-01,5.878744e-01,3.556542,200.3552
0.141467,2.515000e+01,-5.094286e+00,8.743465e-01,2.308912e-01,5.467428e-01,5.876626e-01,3.557397,200.6630
0.1415,2.515000e+01,-5.094216e+00,8.743465e-01,2.307621e-01,5.466743e-01,5.874076e-01,3.558227,200.9617
0.141533,2.515000e+01,-5.094153e+00,8.743465e-01,2.306760e-01,5.464363e-01,5.874441e-01,3.559057,201.2605
0.141567,2.515000e+01,-5.094120e+00,8.743465e-01,2.309307e-01,5.457546e-01,5.888272e-01,3.559912,201.5683
0.1416,2.515000e+01,-5.094131e+00,8.743465e-01,2.314591e-01,5.450575e-01,5.909295e-01,3.560742,201.8670
0.141633,2.515000e+01,-5.094144e+00,8.743465e-01,2.314500e-01,5.453182e-01,5.906237e-01,3.561572,202.1658
0.141667,2.515000e+01,-5.094126e+00,8.743465e-01,2.310027e-01,5.464505e-01,5.882607e-01,3.562427,202.4735
0.1417,2.515000e+01,-5.094105e+00,8.743465e-01,2.307575e-01,5.467543e-01,5.873099e-01,3.563256,202.7723
0.141733,2.515000e+01,-5.094100e+00,8.743465e-01,2.309085e-01,5.463736e-01,5.881037e-01,3.564086,203.0710
0.141767,2.515000e+01,-5.094114e+00,8.743465e-01,2.309840e-01,5.459413e-01,5.887618e-01,3.564941,203.3788
0.1418,2.515000e+01,-5.094127e+00,8.743465e-01,2.310537e-01,5.464855e-01,5.883529e-01,3.565771,203.6776
0.141833,2.515000e+01,-5.094146e+00,8.743465e-01,2.312438e-01,5.468108e-01,5.884867e-01,3.566601,203.9763
0.141867,2.515000e+01,-5.094158e+00,8.743465e-01,2.309851e-01,5.466727e-01,5.879769e-01,3.567456,204.2841
0.1419,2.515000e+01,-5.094174e+00,8.743465e-01,2.308674e-01,5.465661e-01,5.877918e-01,3.568286,204.5828
0.141933,2.515000e+01,-5.094214e+00,8.743465e-01,2.308009e-01,5.455747e-01,5.886905e-01,3.569115,204.8816
0.141967,2.515000e+01,-5.094283e+00,8.743465e-01,2.312718e-01,5.451985e-01,5.902986e-01,3.569970,205.1894
0.142,2.515000e+01,-5.094350e+00,8.743465e-01,2.312142e-01,5.454666e-01,5.898615e-01,3.570800,205.4881
0.142033,2.515000e+01,-5.094347e+00,8.743465e-01,2.303289e-01,5.473000e-01,5.856347e-01,3.571630,205.7868
0.142067,2.515000e+01,-5.094343e+00,8.743465e-01,2.302006e-01,5.475242e-01,5.850686e-01,3.572485,206.0946
0.1421,2.515000e+01,-5.094375e+00,8.743465e-01,2.305782e-01,5.468564e-01,5.867441e-01,3.573315,206.3934
0.142133,2.515000e+01,-5.094434e+00,8.743465e-01,2.307933e-01,5.461054e-01,5.880991e-01,3.574145,206.6921
0.142167,2.515000e+01,-5.094504e+00,8.743465e-01,2.310577e-01,5.460502e-01,5.888321e-01,3.575000,206.9999
0.1422,2.515000e+01,-5.094559e+00,8.743465e-01,2.309514e-01,5.464548e-01,5.881256e-01,3.575830,207.2987
0.142233,2.515000e+01,-5.094614e+00,8.743465e-01,2.310207e-01,5.466869e-01,5.880522e-01,3.576659,207.5974
0.142267,2.515000e+01,-5.094658e+00,8.743465e-01,2.310518e-01,5.474316e-01,5.873314e-01,3.577514,207.9052
0.1423,2.515000e+01,-5.094721e+00,8.743465e-01,2.310772e-01,5.464649e-01,5.884351e-01,3.578344,208.2039
0.142333,2.515000e+01,-5.094782e+00,8.743465e-01,2.308939e-01,5.460326e-01,5.884338e-01,3.579174,208.5027
0.142367,2.515000e+01,-5.094834e+00,8.743465e-01,2.306934e-01,5.461151e-01,5.878340e-01,3.580029,208.8105
0.1424,2.515000e+01,-5.094856e+00,8.743465e-01,2.304637e-01,5.472065e-01,5.860773e-01,3.580859,209.1092
0.142433,2.515000e+01,-5.094885e+00,8.743465e-01,2.307769e-01,5.474440e-01,5.866193e-01,3.581689,209.4079
0.142467,2.515000e+01,-5.094937e+00,8.743465e-01,2.310450e-01,5.471258e-01,5.876426e-01,3.582544,209.7157
0.1425,2.515000e+01,-5.095005e+00,8.743465e-01,2.313788e-01,5.470711e-01,5.885503e-01,3.583374,210.0145
0.142533,2.515000e+01,-5.095096e+00,8.743465e-01,2.316508e-01,5.464042e-01,5.899612e-01,3.584203,210.3132
0.142567,2.515000e+01,-5.095173e+00,8.743465e-01,2.312262e-01,5.463117e-01,5.889794e-01,3.585058,210.6210
0.1426,2.515000e+01,-5.095239e+00,8.743465e-01,2.309642e-01,5.465716e-01,5.880326e-01,3.585888,210.9197
0.142633,2.515000e+01,-5.095260e+00,8.743465e-01,2.304064e-01,5.477359e-01,5.853655e-01,3.586718,211.2185
0.142667,2.515000e+01,-5.095300e+00,8.743465e-01,2.307698e-01,5.473756e-01,5.866744e-01,3.587573,211.5263
0.1427,2.515000e+01,-5.095334e+00,8.743465e-01,2.306529e-01,5.472190e-01,5.865451e-01,3.588403,211.8250
0.142733,2.515000e+01,-5.095366e+00,8.743465e-01,2.303425e-01,5.468520e-01,5.861490e-01,3.589233,212.1238
0.142767,2.515000e+01,-5.095396e+00,8.743465e-01,2.305252e-01,5.474767e-01,5.859445e-01,3.590088,212.4316
0.1428,2.515000e+01,-5.095452e+00,8.743465e-01,2.309213e-01,5.472332e-01,5.872124e-01,3.590917,212.7303
0.142833,2.515000e+01,-5.095524e+00,8.743465e-01,2.309290e-01,5.466617e-01,5.878460e-01,3.591747,213.0290
0.142867,2.515000e+01,-5.095557e+00,8.743465e-01,2.301733e-01,5.471725e-01,5.853753e-01,3.592602,213.3368
0.1429,2.515000e+01,-5.095605e+00,8.743465e-01,2.306985e-01,5.472211e-01,5.866588e-01,3.593432,213.6356
0.142933,2.515000e+01,-5.095697e+00,8.743465e-01,2.315672e-01,5.470484e-01,5.890540e-01,3.594262,213.9343
0.142967,2.515000e+01,-5.095790e+00,8.743465e-01,2.315319e-01,5.470906e-01,5.889187e-01,3.595117,214.2421
0.143,2.515000e+01,-5.095834e+00,8.743465e-01,2.304966e-01,5.476763e-01,5.856583e-01,3.595947,214.5408
0.143032,2.515000e+01,-5.095886e+00,8.743465e-01,2.306105e-01,5.481262e-01,5.854666e-01,3.596751,214.8305
0.143065,2.515000e+01,-5.095950e+00,8.743465e-01,2.304105e-01,5.468962e-01,5.862747e-01,3.597581,215.1293
0.143097,2.515000e+01,-5.096027e+00,8.743465e-01,2.306958e-01,5.467595e-01,5.871472e-01,3.598386,215.4190
0.143129,2.515000e+01,-5.096097e+00,8.743465e-01,2.309629e-01,5.475653e-01,5.869620e-01,3.599191,215.7086
0.143161,2.515000e+01,-5.096188e+00,8.743465e-01,2.312994e-01,5.473393e-01,5.880599e-01,3.599995,215.9983
0.143194,2.515000e+01,-5.096287e+00,8.743465e-01,2.313079e-01,5.470640e-01,5.883774e-01,3.600825,216.2971
0.143226,2.515000e+01,-5.096320e+00,8.743465e-01,2.297589e-01,5.473555e-01,5.841261e-01,3.601630,216.5868
0.143258,2.515000e+01,-5.096353e+00,8.743465e-01,2.297542e-01,5.471878e-01,5.842931e-01,3.602435,216.8764
0.14329,2.515000e+01,-5.096408e+00,8.743465e-01,2.302629e-01,5.470495e-01,5.857348e-01,3.603239,217.1661
0.143323,2.515000e+01,-5.096493e+00,8.743465e-01,2.307548e-01,5.467451e-01,5.873130e-01,3.604069,217.4649
0.143355,2.515000e+01,-5.096566e+00,8.743465e-01,2.307296e-01,5.473943e-01,5.865522e-01,3.604874,217.7546
0.143387,2.515000e+01,-5.096602e+00,8.743465e-01,2.298813e-01,5.475977e-01,5.841786e-01,3.605678,218.0443
0.143419,2.515000e+01,-5.096661e+00,8.743465e-01,2.301575e-01,5.469018e-01,5.856247e-01,3.606483,218.3339
0.143452,2.515000e+01,-5.096740e+00,8.743465e-01,2.304920e-01,5.466409e-01,5.867557e-01,3.607313,218.6327
0.143484,2.515000e+01,-5.096828e+00,8.743465e-01,2.306490e-01,5.464673e-01,5.873421e-01,3.608118,218.9224
0.143516,2.515000e+01,-5.096913e+00,8.743465e-01,2.305557e-01,5.464781e-01,5.870929e-01,3.608922,219.2121
0.143548,2.515000e+01,-5.097000e+00,8.743465e-01,2.304200e-01,5.465097e-01,5.867134e-01,3.609727,219.5017
0.143581,2.515000e+01,-5.097035e+00,8.743465e-01,2.297471e-01,5.474479e-01,5.839976e-01,3.610557,219.8005
0.143613,2.515000e+01,-5.097080e+00,8.743465e-01,2.298282e-01,5.468968e-01,5.847923e-01,3.611362,220.0902
0.143645,2.515000e+01,-5.097137e+00,8.743465e-01,2.300315e-01,5.467100e-01,5.855096e-01,3.612166,220.3799
0.143677,2.515000e+01,-5.097226e+00,8.743465e-01,2.305326e-01,5.461260e-01,5.874126e-01,3.612971,220.6695
0.14371,2.515000e+01,-5.097319e+00,8.743465e-01,2.308868e-01,5.465513e-01,5.878572e-01,3.613801,220.9683
0.143742,2.515000e+01,-5.097387e+00,8.743465e-01,2.303373e-01,5.467154e-01,5.862820e-01,3.614605,221.2580
0.143774,2.515000e+01,-5.097449e+00,8.743465e-01,2.302490e-01,5.466507e-01,5.861267e-01,3.615410,221.5477
0.143806,2.515000e+01,-5.097516e+00,8.743465e-01,2.303091e-01,5.463797e-01,5.865707e-01,3.616215,221.8373
0.143839,2.515000e+01,-5.097592e+00,8.743465e-01,2.303165e-01,5.458540e-01,5.871542e-01,3.617045,222.1361
0.143871,2.515000e+01,-5.097674e+00,8.743465e-01,2.304092e-01,5.455871e-01,5.876778e-01,3.617849,222.4258
0.143903,2.515000e+01,-5.097694e+00,8.743465e-01,2.291057e-01,5.461015e-01,5.838028e-01,3.618654,222.7155
0.143935,2.515000e+01,-5.097706e+00,8.743465e-01,2.291061e-01,5.463884e-01,5.834974e-01,3.619459,223.0051
0.143968,2.515000e+01,-5.097713e+00,8.743465e-01,2.291626e-01,5.466509e-01,5.833611e-01,3.620289,223.3039
0.144,2.515000e+01,-5.097752e+00,8.743465e-01,2.296206e-01,5.460840e-01,5.851336e-01,3.621093,223.5936
0.144032,2.515000e+01,-5.097826e+00,8.743465e-01,2.302265e-01,5.455726e-01,5.872276e-01,3.621898,223.8833
0.144065,2.515000e+01,-5.097894e+00,8.743465e-01,2.300875e-01,5.455231e-01,5.869264e-01,3.622728,224.1820
0.144097,2.515000e+01,-5.097944e+00,8.743465e-01,2.296666e-01,5.456773e-01,5.856870e-01,3.623532,224.4717
0.144129,2.515000e+01,-5.097989e+00,8.743465e-01,2.295745e-01,5.458112e-01,5.853086e-01,3.624337,224.7614
0.144161,2.515000e+01,-5.098028e+00,8.743465e-01,2.293750e-01,5.458699e-01,5.847370e-01,3.625142,225.0511
0.144194,2.515000e+01,-5.098082e+00,8.743465e-01,2.296268e-01,5.455366e-01,5.857365e-01,3.625972,225.3498
0.144226,2.515000e+01,-5.098153e+00,8.743465e-01,2.299649e-01,5.454270e-01,5.867167e-01,3.626776,225.6395
0.144258,2.515000e+01,-5.098200e+00,8.743465e-01,2.293958e-01,5.452581e-01,5.854463e-01,3.627581,225.9292
0.14429,2.515000e+01,-5.098227e+00,8.743465e-01,2.290196e-01,5.452654e-01,5.844782e-01,3.628386,226.2189
0.144323,2.515000e+01,-5.098247e+00,8.743465e-01,2.289643e-01,5.452378e-01,5.843669e-01,3.629216,226.5176
0.144355,2.515000e+01,-5.098299e+00,8.743465e-01,2.298439e-01,5.453403e-01,5.865015e-01,3.630020,226.8073
0.144387,2.515000e+01,-5.098361e+00,8.743465e-01,2.302118e-01,5.455684e-01,5.871948e-01,3.630825,227.0970
0.144419,2.515000e+01,-5.098393e+00,8.743465e-01,2.294035e-01,5.452458e-01,5.854791e-01,3.631630,227.3867
0.144452,2.515000e+01,-5.098427e+00,8.743465e-01,2.293282e-01,5.449450e-01,5.856100e-01,3.632459,227.6854
0.144484,2.515000e+01,-5.098442e+00,8.743465e-01,2.286935e-01,5.445767e-01,5.843842e-01,3.633264,227.9751
0.144516,2.515000e+01,-5.098476e+00,8.743465e-01,2.290980e-01,5.442905e-01,5.857257e-01,3.634069,228.2648
0.144548,2.515000e+01,-5.098500e+00,8.743465e-01,2.292340e-01,5.449649e-01,5.853480e-01,3.634874,228.5545
0.144581,2.515000e+01,-5.098535e+00,8.743465e-01,2.295491e-01,5.449371e-01,5.861826e-01,3.635703,228.8532
0.144613,2.515000e+01,-5.098558e+00,8.743465e-01,2.292944e-01,5.447663e-01,5.857156e-01,3.636508,229.1429
0.144645,2.515000e+01,-5.098554e+00,8.743465e-01,2.285128e-01,5.442759e-01,5.842451e-01,3.637313,229.4326
0.144677,2.515000e+01,-5.098554e+00,8.743465e-01,2.285952e-01,5.440497e-01,5.846989e-01,3.638117,229.7223
0.14471,2.515000e+01,-5.098568e+00,8.743465e-01,2.292425e-01,5.444038e-01,5.859733e-01,3.638947,230.0210
0.144742,2.515000e+01,-5.098585e+00,8.743465e-01,2.294401e-01,5.443380e-01,5.865492e-01,3.639752,230.3107
0.144774,2.515000e+01,-5.098548e+00,8.743465e-01,2.285320e-01,5.449197e-01,5.836038e-01,3.640557,230.6004
0.144806,2.515000e+01,-5.098512e+00,8.743465e-01,2.281038e-01,5.438999e-01,5.836026e-01,3.641361,230.8901
0.144839,2.515000e+01,-5.098474e+00,8.743465e-01,2.280128e-01,5.434568e-01,5.838455e-01,3.642191,231.1888
0.144871,2.515000e+01,-5.098439e+00,8.743465e-01,2.283308e-01,5.434372e-01,5.846806e-01,3.642996,231.4785
0.144903,2.515000e+01,-5.098403e+00,8.743465e-01,2.286756e-01,5.439806e-01,5.849787e-01,3.643801,231.7682
0.144935,2.515000e+01,-5.098378e+00,8.743465e-01,2.292457e-01,5.442804e-01,5.861141e-01,3.644605,232.0579
0.144968,2.515000e+01,-5.098355e+00,8.743465e-01,2.294136e-01,5.441327e-01,5.867027e-01,3.645435,232.3566
0.145,2.515000e+01,-5.098308e+00,8.743465e-01,2.286537e-01,5.434555e-01,5.854879e-01,3.646240,232.6463
0.145032,2.515000e+01,-5.098252e+00,8.743465e-01,2.285177e-01,5.433267e-01,5.852783e-01,3.647044,232.9360
0.145065,2.515000e+01,-5.098200e+00,8.743465e-01,2.287220e-01,5.434643e-01,5.856533e-01,3.647874,233.2347
0.145097,2.515000e+01,-5.098157e+00,8.743465e-01,2.289752e-01,5.433774e-01,5.863953e-01,3.648679,233.5244
0.145129,2.515000e+01,-5.098095e+00,8.743465e-01,2.286636e-01,5.436123e-01,5.853443e-01,3.649484,233.8141
0.145161,2.515000e+01,-5.098012e+00,8.743465e-01,2.279364e-01,5.430639e-01,5.840721e-01,3.650288,234.1038
0.145194,2.515000e+01,-5.097939e+00,8.743465e-01,2.282007e-01,5.429291e-01,5.848946e-01,3.651118,234.4025
0.145226,2.515000e+01,-5.097859e+00,8.743465e-01,2.281877e-01,5.430983e-01,5.846791e-01,3.651923,234.6922
0.145258,2.515000e+01,-5.097791e+00,8.743465e-01,2.283290e-01,5.426851e-01,5.854865e-01,3.652728,234.9819
0.14529,2.515000e+01,-5.097718e+00,8.743465e-01,2.284628e-01,5.429479e-01,5.855460e-01,3.653532,235.2716
0.145323,2.515000e+01,-5.097645e+00,8.743465e-01,2.285160e-01,5.429384e-01,5.856927e-01,3.654362,235.5703
0.145355,2.515000e+01,-5.097557e+00,8.743465e-01,2.282391e-01,5.428725e-01,5.850539e-01,3.655167,235.8600
0.145387,2.515000e+01,-5.097444e+00,8.743465e-01,2.275200e-01,5.425910e-01,5.835131e-01,3.655971,236.1497
0.145419,2.515000e+01,-5.097340e+00,8.743465e-01,2.277048e-01,5.424457e-01,5.841435e-01,3.656776,236.4394
0.145452,2.515000e+01,-5.097245e+00,8.743465e-01,2.280785e-01,5.426264e-01,5.849073e-01,3.657606,236.7381
0.145484,2.515000e+01,-5.097157e+00,8.743465e-01,2.278775e-01,5.422577e-01,5.847893e-01,3.658411,237.0278
0.145516,2.515000e+01,-5.097073e+00,8.743465e-01,2.278517e-01,5.418824e-01,5.851280e-01,3.659215,237.3175
0.145548,2.515000e+01,-5.096992e+00,8.743465e-01,2.281885e-01,5.423374e-01,5.855013e-01,3.660020,237.6072
0.145581,2.515000e+01,-5.096915e+00,8.743465e-01,2.285198e-01,5.426277e-01,5.860378e-01,3.660850,237.9059
0.145613,2.515000e+01,-5.096833e+00,8.743465e-01,2.284146e-01,5.425902e-01,5.858086e-01,3.661655,238.1956
0.145645,2.515000e+01,-5.096741e+00,8.743465e-01,2.282032e-01,5.424017e-01,5.854697e-01,3.662459,238.4853
0.145677,2.515000e+01,-5.096661e+00,8.743465e-01,2.282329e-01,5.418131e-01,5.861820e-01,3.663264,238.7750
0.14571,2.515000e+01,-5.096576e+00,8.743465e-01,2.282053e-01,5.420663e-01,5.858374e-01,3.664094,239.0737
0.145742,2.515000e+01,-5.096478e+00,8.743465e-01,2.275438e-01,5.415720e-01,5.846721e-01,3.664898,239.3634
0.145774,2.515000e+01,-5.096398e+00,8.743465e-01,2.278008e-01,5.411676e-01,5.857700e-01,3.665703,239.6531
0.145806,2.515000e+01,-5.096300e+00,8.743465e-01,2.276435e-01,5.415516e-01,5.849506e-01,3.666508,239.9428
0.145839,2.515000e+01,-5.096202e+00,8.743465e-01,2.278582e-01,5.418068e-01,5.852263e-01,3.667338,240.2416
0.145871,2.515000e+01,-5.096106e+00,8.743465e-01,2.279896e-01,5.419019e-01,5.854610e-01,3.668142,240.5312
0.145903,2.515000e+01,-5.096012e+00,8.743465e-01,2.279786e-01,5.417899e-01,5.855540e-01,3.668947,240.8209
0.145935,2.515000e+01,-5.095928e+00,8.743465e-01,2.281566e-01,5.415372e-01,5.862845e-01,3.669752,241.1106
0.145968,2.515000e+01,-5.095824e+00,8.743465e-01,2.274341e-01,5.412793e-01,5.847063e-01,3.670582,241.4094
0.146,2.515000e+01,-5.095724e+00,8.743465e-01,2.272973e-01,5.409048e-01,5.847593e-01,3.671386,241.6990
0.146032,2.515000e+01,-5.095619e+00,8.743465e-01,2.273153e-01,5.411468e-01,5.845442e-01,3.672191,241.9887
0.146065,2.515000e+01,-5.095519e+00,8.743465e-01,2.276164e-01,5.415193e-01,5.849156e-01,3.673021,242.2875
0.146097,2.515000e+01,-5.095425e+00,8.743465e-01,2.277791e-01,5.416354e-01,5.852084e-01,3.673825,242.5772
0.146129,2.515000e+01,-5.095340e+00,8.743465e-01,2.279560e-01,5.417892e-01,5.854966e-01,3.674630,242.8668
0.146161,2.515000e+01,-5.095269e+00,8.743465e-01,2.279342e-01,5.411229e-01,5.861614e-01,3.675435,243.1565
0.146194,2.515000e+01,-5.095194e+00,8.743465e-01,2.278723e-01,5.411223e-01,5.860029e-01,3.676265,243.4553
0.146226,2.515000e+01,-5.095120e+00,8.743465e-01,2.278271e-01,5.410288e-01,5.859879e-01,3.677069,243.7450
0.146258,2.515000e+01,-5.095054e+00,8.743465e-01,2.280550e-01,5.412924e-01,5.862886e-01,3.677874,244.0346
0.14629,2.515000e+01,-5.094997e+00,8.743465e-01,2.283080e-01,5.416611e-01,5.865393e-01,3.678679,244.3243
0.146323,2.515000e+01,-5.094936e+00,8.743465e-01,2.278451e-01,5.410668e-01,5.859931e-01,3.679509,244.6231
0.146355,2.515000e+01,-5.094895e+00,8.743465e-01,2.274876e-01,5.395823e-01,5.866832e-01,3.680313,244.9128
0.146387,2.515000e+01,-5.094848e+00,8.743465e-01,2.272956e-01,5.400480e-01,5.856827e-01,3.681118,245.2024
0.146419,2.515000e+01,-5.094798e+00,8.743465e-01,2.274778e-01,5.407114e-01,5.854332e-01,3.681923,245.4921
0.146452,2.515000e+01,-5.094753e+00,8.743465e-01,2.277917e-01,5.413120e-01,5.855904e-01,3.682752,245.7909
0.146484,2.515000e+01,-5.094722e+00,8.743465e-01,2.279074e-01,5.410184e-01,5.862058e-01,3.683557,246.0806
0.146516,2.515000e+01,-5.094702e+00,8.743465e-01,2.280992e-01,5.408790e-01,5.868505e-01,3.684362,246.3703
0.146548,2.515000e+01,-5.094689e+00,8.743465e-01,2.278734e-01,5.402775e-01,5.869220e-01,3.685166,246.6599
0.146581,2.515000e+01,-5.094672e+00,8.743465e-01,2.274994e-01,5.400587e-01,5.861963e-01,3.685996,246.9587
0.146613,2.515000e+01,-5.094648e+00,8.743465e-01,2.274412e-01,5.404900e-01,5.855786e-01,3.686801,247.2484
0.146645,2.515000e+01,-5.094631e+00,8.743465e-01,2.275480e-01,5.405884e-01,5.857470e-01,3.687606,247.5381
0.146677,2.515000e+01,-5.094626e+00,8.743465e-01,2.276287e-01,5.403426e-01,5.862212e-01,3.688410,247.8277
0.14671,2.515000e+01,-5.094623e+00,8.743465e-01,2.272999e-01,5.399227e-01,5.858296e-01,3.689240,248.1265
0.146742,2.515000e+01,-5.094618e+00,8.743465e-01,2.271873e-01,5.400015e-01,5.854542e-01,3.690045,248.4162
0.146774,2.515000e+01,-5.094620e+00,8.743465e-01,2.274248e-01,5.404833e-01,5.855436e-01,3.690850,248.7059
0.146806,2.515000e+01,-5.094633e+00,8.743465e-01,2.277610e-01,5.408922e-01,5.859659e-01,3.691654,248.9955
0.146839,2.515000e+01,-5.094664e+00,8.743465e-01,2.279218e-01,5.404858e-01,5.868204e-01,3.692484,249.2943
0.146871,2.515000e+01,-5.094702e+00,8.743465e-01,2.280179e-01,5.405684e-01,5.869782e-01,3.693289,249.5840
0.146903,2.515000e+01,-5.094750e+00,8.743465e-01,2.279744e-01,5.401722e-01,5.872967e-01,3.694093,249.8737
0.146935,2.515000e+01,-5.094803e+00,8.743465e-01,2.276317e-01,5.396232e-01,5.870103e-01,3.694898,250.1633
0.146968,2.515000e+01,-5.094870e+00,8.743465e-01,2.276322e-01,5.393096e-01,5.873531e-01,3.695728,250.4621
0.147,2.515000e+01,-5.094931e+00,8.743465e-01,2.275207e-01,5.395115e-01,5.868457e-01,3.696533,250.7518
0.147032,2.515000e+01,-5.094995e+00,8.743465e-01,2.277461e-01,5.398672e-01,5.870401e-01,3.697337,251.0415
0.147065,2.515000e+01,-5.095053e+00,8.743465e-01,2.278319e-01,5.404612e-01,5.866159e-01,3.698167,251.3402
0.147097,2.515000e+01,-5.095115e+00,8.743465e-01,2.278634e-01,5.404189e-01,5.867427e-01,3.698972,251.6299
0.147129,2.515000e+01,-5.095173e+00,8.743465e-01,2.278193e-01,5.406886e-01,5.863365e-01,3.699777,251.9196
0.147161,2.515000e+01,-5.095255e+00,8.743465e-01,2.278819e-01,5.396931e-01,5.875795e-01,3.700581,252.2093
0.147194,2.515000e+01,-5.095344e+00,8.743465e-01,2.280256e-01,5.396374e-01,5.880109e-01,3.701411,252.5080
0.147226,2.515000e+01,-5.095425e+00,8.743465e-01,2.278302e-01,5.396818e-01,5.874586e-01,3.702216,252.7977
0.147258,2.515000e+01,-5.095486e+00,8.743465e-01,2.274905e-01,5.399170e-01,5.863272e-01,3.703021,253.0874
0.14729,2.515000e+01,-5.095542e+00,8.743465e-01,2.273598e-01,5.401153e-01,5.857750e-01,3.703825,253.3771
0.147323,2.515000e+01,-5.095608e+00,8.743465e-01,2.275094e-01,5.399336e-01,5.863578e-01,3.704655,253.6758
0.147355,2.515000e+01,-5.095685e+00,8.743465e-01,2.276828e-01,5.397217e-01,5.870351e-01,3.705460,253.9655
0.147387,2.515000e+01,-5.095754e+00,8.743465e-01,2.277774e-01,5.403019e-01,5.866485e-01,3.706264,254.2552
0.147419,2.515000e+01,-5.095824e+00,8.743465e-01,2.277784e-01,5.404366e-01,5.865046e-01,3.707069,254.5449
0.147452,2.515000e+01,-5.095893e+00,8.743465e-01,2.278841e-01,5.407220e-01,5.864671e-01,3.707899,254.8436
0.147484,2.515000e+01,-5.095972e+00,8.743465e-01,2.278412e-01,5.402353e-01,5.868849e-01,3.708704,255.1333
0.147516,2.515000e+01,-5.096075e+00,8.743465e-01,2.279360e-01,5.391379e-01,5.883244e-01,3.709508,255.4230
0.147548,2.515000e+01,-5.096177e+00,8.743465e-01,2.278108e-01,5.388244e-01,5.883433e-01,3.710313,255.7127
0.147581,2.515000e+01,-5.096273e+00,8.743465e-01,2.279236e-01,5.391533e-01,5.882754e-01,3.711143,256.0114
0.147613,2.515000e+01,-5.096338e+00,8.743465e-01,2.276725e-01,5.401852e-01,5.865048e-01,3.711948,256.3011
0.147645,2.515000e+01,-5.096400e+00,8.743465e-01,2.277301e-01,5.402950e-01,5.865341e-01,3.712752,256.5908
0.147677,2.515000e+01,-5.096477e+00,8.743465e-01,2.281031e-01,5.402891e-01,5.875011e-01,3.713557,256.8805
0.14771,2.515000e+01,-5.096553e+00,8.743465e-01,2.282076e-01,5.403159e-01,5.877411e-01,3.714387,257.1792
0.147742,2.515000e+01,-5.096629e+00,8.743465e-01,2.280527e-01,5.398163e-01,5.878857e-01,3.715191,257.4689
0.147774,2.515000e+01,-5.096702e+00,8.743465e-01,2.280559e-01,5.398556e-01,5.878511e-01,3.715996,257.7586
0.147806,2.515000e+01,-5.096776e+00,8.743465e-01,2.283751e-01,5.402384e-01,5.882567e-01,3.716801,258.0483
0.147839,2.515000e+01,-5.096845e+00,8.743465e-01,2.283926e-01,5.400886e-01,5.884651e-01,3.717631,258.3470
0.147871,2.515000e+01,-5.096919e+00,8.743465e-01,2.281415e-01,5.391922e-01,5.887954e-01,3.718435,258.6367
0.147903,2.515000e+01,-5.096974e+00,8.743465e-01,2.278522e-01,5.394209e-01,5.877994e-01,3.719240,258.9264
0.147935,2.515000e+01,-5.097020e+00,8.743465e-01,2.279887e-01,5.401255e-01,5.873841e-01,3.720045,259.2161
0.147968,2.515000e+01,-5.097036e+00,8.743465e-01,2.276938e-01,5.409928e-01,5.856841e-01,3.720875,259.5148
0.148,2.515000e+01,-5.097052e+00,8.743465e-01,2.277476e-01,5.408944e-01,5.859290e-01,3.721679,259.8045
0.148032,2.515000e+01,-5.097095e+00,8.743465e-01,2.283122e-01,5.404716e-01,5.878412e-01,3.722484,260.0942
0.148065,2.515000e+01,-5.097139e+00,8.743465e-01,2.285908e-01,5.409147e-01,5.880764e-01,3.723314,260.3929
0.148097,2.515000e+01,-5.097193e+00,8.743465e-01,2.286980e-01,5.403664e-01,5.889490e-01,3.724118,260.6826
0.148129,2.515000e+01,-5.097239e+00,8.743465e-01,2.283977e-01,5.401842e-01,5.883740e-01,3.724923,260.9723
0.148161,2.515000e+01,-5.097288e+00,8.743465e-01,2.285598e-01,5.402575e-01,5.887118e-01,3.725728,261.2620
0.148194,2.515000e+01,-5.097335e+00,8.743465e-01,2.286457e-01,5.404129e-01,5.887636e-01,3.726558,261.5607
0.148226,2.515000e+01,-5.097385e+00,8.743465e-01,2.284092e-01,5.398315e-01,5.887880e-01,3.727362,261.8504
0.148258,2.515000e+01,-5.097412e+00,8.743465e-01,2.282607e-01,5.406547e-01,5.875095e-01,3.728167,262.1401
0.14829,2.515000e+01,-5.097430e+00,8.743465e-01,2.284222e-01,5.413254e-01,5.871966e-01,3.728972,262.4298
0.148323,2.515000e+01,-5.097444e+00,8.743465e-01,2.285253e-01,5.415351e-01,5.872344e-01,3.729802,262.7285
0.148355,2.515000e+01,-5.097499e+00,8.743465e-01,2.291758e-01,5.408208e-01,5.896837e-01,3.730606,263.0182
0.148387,2.515000e+01,-5.097543e+00,8.743465e-01,2.291328e-01,5.412346e-01,5.891222e-01,3.731411,263.3079
0.148419,2.515000e+01,-5.097562e+00,8.743465e-01,2.287257e-01,5.418110e-01,5.874499e-01,3.732216,263.5976
0.148452,2.515000e+01,-5.097589e+00,8.743465e-01,2.287051e-01,5.410609e-01,5.882114e-01,3.733045,263.8963
0.148484,2.515000e+01,-5.097637e+00,8.743465e-01,2.289025e-01,5.403955e-01,5.894438e-01,3.733850,264.1860
0.148516,2.515000e+01,-5.097695e+00,8.743465e-01,2.293613e-01,5.408053e-01,5.901778e-01,3.734655,264.4757
0.148548,2.515000e+01,-5.097727e+00,8.743465e-01,2.292341e-01,5.415635e-01,5.890247e-01,3.735459,264.7654
0.148581,2.515000e+01,-5.097750e+00,8.743465e-01,2.287300e-01,5.409189e-01,5.884298e-01,3.736289,265.0641
0.148613,2.515000e+01,-5.097761e+00,8.743465e-01,2.285964e-01,5.412194e-01,5.877597e-01,3.737094,265.3538
0.148645,2.515000e+01,-5.097746e+00,8.743465e-01,2.283075e-01,5.418354e-01,5.863495e-01,3.737899,265.6435
0.148677,2.515000e+01,-5.097729e+00,8.743465e-01,2.288463e-01,5.427597e-01,5.867323e-01,3.738703,265.9332
0.14871,2.515000e+01,-5.097769e+00,8.743465e-01,2.297767e-01,5.415282e-01,5.904575e-01,3.739533,266.2319
0.148742,2.515000e+01,-5.097814e+00,8.743465e-01,2.299228e-01,5.415793e-01,5.907772e-01,3.740338,266.5216
0.148774,2.515000e+01,-5.097818e+00,8.743465e-01,2.292123e-01,5.422412e-01,5.882327e-01,3.741143,266.8113
0.148806,2.515000e+01,-5.097791e+00,8.743465e-01,2.283336e-01,5.416917e-01,5.865720e-01,3.741947,267.1010
0.148839,2.515000e+01,-5.097787e+00,8.743465e-01,2.287183e-01,5.411485e-01,5.881501e-01,3.742777,267.3998
0.148871,2.515000e+01,-5.097816e+00,8.743465e-01,2.295678e-01,5.411749e-01,5.903057e-01,3.743582,267.6894
0.148903,2.515000e+01,-5.097837e+00,8.743465e-01,2.298575e-01,5.419880e-01,5.901640e-01,3.744386,267.9791
0.148935,2.515000e+01,-5.097824e+00,8.743465e-01,2.294887e-01,5.429825e-01,5.881378e-01,3.745191,268.2688
0.148968,2.515000e+01,-5.097804e+00,8.743465e-01,2.293971e-01,5.432031e-01,5.876645e-01,3.746021,268.5676
0.149,2.515000e+01,-5.097788e+00,8.743465e-01,2.294562e-01,5.430649e-01,5.879655e-01,3.746826,268.8572
0.149033,2.515000e+01,-5.097784e+00,8.743465e-01,2.294359e-01,5.420072e-01,5.890606e-01,3.747656,269.1560
0.149067,2.515000e+01,-5.097854e+00,8.743465e-01,2.304622e-01,5.405290e-01,5.933135e-01,3.748510,269.4638
0.1491,2.515000e+01,-5.097917e+00,8.743465e-01,2.305144e-01,5.411988e-01,5.927136e-01,3.749340,269.7625
0.149133,2.515000e+01,-5.097933e+00,8.743465e-01,2.301297e-01,5.429110e-01,5.898583e-01,3.750170,270.0613
0.149167,2.515000e+01,-5.097886e+00,8.743465e-01,2.286409e-01,5.429438e-01,5.860069e-01,3.751025,270.3690
0.1492,2.515000e+01,-5.097849e+00,8.743465e-01,2.286597e-01,5.423845e-01,5.866594e-01,3.751855,270.6678
0.149233,2.515000e+01,-5.097859e+00,8.743465e-01,2.296327e-01,5.420931e-01,5.894726e-01,3.752685,270.9665
0.149267,2.515000e+01,-5.097877e+00,8.743465e-01,2.304643e-01,5.432247e-01,5.903750e-01,3.753540,271.2743
0.1493,2.515000e+01,-5.097883e+00,8.743465e-01,2.302897e-01,5.432319e-01,5.899198e-01,3.754370,271.5731
0.149333,2.515000e+01,-5.097857e+00,8.743465e-01,2.297692e-01,5.435284e-01,5.882653e-01,3.755199,271.8718
0.149367,2.515000e+01,-5.097832e+00,8.743465e-01,2.297064e-01,5.435523e-01,5.880786e-01,3.756054,272.1796
0.1494,2.515000e+01,-5.097843e+00,8.743465e-01,2.300301e-01,5.424952e-01,5.900549e-01,3.756884,272.4783
0.149433,2.515000e+01,-5.097883e+00,8.743465e-01,2.305646e-01,5.420823e-01,5.918764e-01,3.757714,272.7771
0.149467,2.515000e+01,-5.097910e+00,8.743465e-01,2.304734e-01,5.424785e-01,5.912103e-01,3.758569,273.0849
0.1495,2.515000e+01,-5.097899e+00,8.743465e-01,2.302548e-01,5.438519e-01,5.891578e-01,3.759399,273.3836
0.149533,2.515000e+01,-5.097857e+00,8.743465e-01,2.296429e-01,5.440201e-01,5.874106e-01,3.760229,273.6823
0.149567,2.515000e+01,-5.097817e+00,8.743465e-01,2.298170e-01,5.441027e-01,5.877668e-01,3.761084,273.9901
0.1496,2.515000e+01,-5.097776e+00,8.743465e-01,2.299287e-01,5.444997e-01,5.876235e-01,3.761914,274.2889
0.149633,2.515000e+01,-5.097775e+00,8.743465e-01,2.305131e-01,5.435028e-01,5.901977e-01,3.762743,274.5876
0.149667,2.515000e+01,-5.097804e+00,8.743465e-01,2.309986e-01,5.426654e-01,5.923533e-01,3.763598,274.8954
0.1497,2.515000e+01,-5.097825e+00,8.743465e-01,2.309468e-01,5.427511e-01,5.921272e-01,3.764428,275.1942
0.149733,2.515000e+01,-5.097783e+00,8.743465e-01,2.302562e-01,5.444948e-01,5.884658e-01,3.765258,275.4929
0.149767,2.515000e+01,-5.097753e+00,8.743465e-01,2.303249e-01,5.440681e-01,5.891031e-01,3.766113,275.8007
0.1498,2.515000e+01,-5.097735e+00,8.743465e-01,2.304521e-01,5.436325e-01,5.899008e-01,3.766943,276.0994
0.149833,2.515000e+01,-5.097706e+00,8.743465e-01,2.302448e-01,5.436462e-01,5.893553e-01,3.767773,276.3982
0.149867,2.515000e+01,-5.097658e+00,8.743465e-01,2.303205e-01,5.444998e-01,5.886248e-01,3.768628,276.7060
0.1499,2.515000e+01,-5.097632e+00,8.743465e-01,2.306672e-01,5.441808e-01,5.898566e-01,3.769458,277.0047
0.149933,2.515000e+01,-5.097605e+00,8.743465e-01,2.307297e-01,5.443973e-01,5.897816e-01,3.770287,277.3034
0.149967,2.515000e+01,-5.097562e+00,8.743465e-01,2.305633e-01,5.448443e-01,5.888727e-01,3.771142,277.6112
0.15,2.515000e+01,-5.097529e+00,8.743465e-01,2.305165e-01,5.440426e-01,5.896210e-01,3.771972,277.9100
0.150033,2.515000e+01,-5.097498e+00,8.743465e-01,2.305904e-01,5.438935e-01,5.899716e-01,3.772802,278.2087
0.150067,2.515000e+01,-5.097469e+00,8.743465e-01,2.307854e-01,5.439225e-01,5.904391e-01,3.773657,278.5165
0.1501,2.515000e+01,-5.097413e+00,8.743465e-01,2.305871e-01,5.446227e-01,5.891732e-01,3.774487,278.8152
0.150133,2.515000e+01,-5.097351e+00,8.743465e-01,2.305441e-01,5.447297e-01,5.889476e-01,3.775317,279.1140
0.150167,2.515000e+01,-5.097277e+00,8.743465e-01,2.303428e-01,5.447318e-01,5.884310e-01,3.776172,279.4218
0.1502,2.515000e+01,-5.097192e+00,8.743465e-01,2.304470e-01,5.448968e-01,5.885191e-01,3.777001,279.7205
0.150233,2.515000e+01,-5.097133e+00,8.743465e-01,2.309484e-01,5.443794e-01,5.903601e-01,3.777831,280.0193
0.150267,2.515000e+01,-5.097086e+00,8.743465e-01,2.313760e-01,5.445092e-01,5.913121e-01,3.778686,280.3271
0.1503,2.515000e+01,-5.097030e+00,8.743465e-01,2.313857e-01,5.447732e-01,5.910504e-01,3.779516,280.6258
0.150333,2.515000e+01,-5.096943e+00,8.743465e-01,2.308343e-01,5.452414e-01,5.891356e-01,3.780346,280.9245
0.150367,2.515000e+01,-5.096858e+00,8.743465e-01,2.304236e-01,5.442853e-01,5.891204e-01,3.781201,281.2323
0.1504,2.515000e+01,-5.096783e+00,8.743465e-01,2.307213e-01,5.442931e-01,5.898730e-01,3.782031,281.5311
0.150433,2.515000e+01,-5.096708e+00,8.743465e-01,2.310993e-01,5.450055e-01,5.900671e-01,3.782861,281.8298
0.150467,2.515000e+01,-5.096628e+00,8.743465e-01,2.312687e-01,5.454806e-01,5.899853e-01,3.783716,282.1376
0.1505,2.515000e+01,-5.096543e+00,8.743465e-01,2.310383e-01,5.452130e-01,5.896869e-01,3.784545,282.4363
0.150533,2.515000e+01,-5.096452e+00,8.743465e-01,2.310114e-01,5.450596e-01,5.897841e-01,3.785375,282.7351
0.150567,2.515000e+01,-5.096351e+00,8.743465e-01,2.310059e-01,5.454648e-01,5.893322e-01,3.786230,283.0429
0.1506,2.515000e+01,-5.096254e+00,8.743465e-01,2.311400e-01,5.453645e-01,5.897825e-01,3.787060,283.3416
0.150633,2.515000e+01,-5.096145e+00,8.743465e-01,2.310412e-01,5.457015e-01,5.891664e-01,3.787890,283.6404
0.150667,2.515000e+01,-5.096031e+00,8.743465e-01,2.309134e-01,5.455871e-01,5.889640e-01,3.788745,283.9481
0.1507,2.515000e+01,-5.095925e+00,8.743465e-01,2.308636e-01,5.450233e-01,5.894460e-01,3.789575,284.2469
0.150733,2.515000e+01,-5.095838e+00,8.743465e-01,2.308918e-01,5.442920e-01,5.903102e-01,3.790405,284.5456
0.150767,2.515000e+01,-5.095744e+00,8.743465e-01,2.309907e-01,5.449993e-01,5.897967e-01,3.791260,284.8534
0.1508,2.515000e+01,-5.095636e+00,8.743465e-01,2.310470e-01,5.457906e-01,5.890850e-01,3.792089,285.1522
0.150833,2.515000e+01,-5.095519e+00,8.743465e-01,2.309801e-01,5.461126e-01,5.885673e-01,3.792919,285.4509
0.150867,2.515000e+01,-5.095403e+00,8.743465e-01,2.308522e-01,5.458446e-01,5.885300e-01,3.793774,285.7587
0.1509,2.515000e+01,-5.095297e+00,8.743465e-01,2.309493e-01,5.456943e-01,5.889399e-01,3.794604,286.0574
0.150933,2.515000e+01,-5.095233e+00,8.743465e-01,2.313594e-01,5.447654e-01,5.909915e-01,3.795434,286.3562
0.150967,2.515000e+01,-5.095173e+00,8.743465e-01,2.315663e-01,5.449763e-01,5.912911e-01,3.796289,286.6640
0.151,2.515000e+01,-5.095103e+00,8.743465e-01,2.315170e-01,5.455071e-01,5.905900e-01,3.797119,286.9627
0.151033,2.515000e+01,-5.095016e+00,8.743465e-01,2.311690e-01,5.458386e-01,5.893444e-01,3.797948,287.2614
0.151067,2.515000e+01,-5.094929e+00,8.743465e-01,2.311588e-01,5.459264e-01,5.892236e-01,3.798803,287.5692
0.1511,2.515000e+01,-5.094849e+00,8.743465e-01,2.311014e-01,5.454561e-01,5.895851e-01,3.799633,287.8680
0.151133,2.515000e+01,-5.094758e+00,8.743465e-01,2.309661e-01,5.458072e-01,5.888608e-01,3.800463,288.1667
0.151167,2.515000e+01,-5.094668e+00,8.743465e-01,2.311252e-01,5.462325e-01,5.888076e-01,3.801318,288.4745
0.1512,2.515000e+01,-5.094576e+00,8.743465e-01,2.310131e-01,5.461956e-01,5.885619e-01,3.802148,288.7733
0.151233,2.515000e+01,-5.094493e+00,8.743465e-01,2.310935e-01,5.461739e-01,5.887902e-01,3.802978,289.0720
0.151267,2.515000e+01,-5.094429e+00,8.743465e-01,2.310255e-01,5.453888e-01,5.894641e-01,3.803833,289.3798
0.1513,2.515000e+01,-5.094381e+00,8.743465e-01,2.310388e-01,5.449133e-01,5.900126e-01,3.804663,289.6785
0.151333,2.515000e+01,-5.094338e+00,8.743465e-01,2.310583e-01,5.450491e-01,5.899154e-01,3.805492,289.9773
0.151367,2.515000e+01,-5.094279e+00,8.743465e-01,2.309280e-01,5.459877e-01,5.885691e-01,3.806347,290.2851
0.1514,2.515000e+01,-5.094208e+00,8.743465e-01,2.309968e-01,5.467592e-01,5.879138e-01,3.807177,290.5838
0.151433,2.515000e+01,-5.094140e+00,8.743465e-01,2.309149e-01,5.465951e-01,5.878816e-01,3.808007,290.8825
0.151467,2.515000e+01,-5.094074e+00,8.743465e-01,2.307758e-01,5.465011e-01,5.876287e-01,3.808862,291.1903
0.1515,2.515000e+01,-5.094031e+00,8.743465e-01,2.309675e-01,5.459474e-01,5.887132e-01,3.809692,291.4891
0.151533,2.515000e+01,-5.094036e+00,8.743465e-01,2.315155e-01,5.450716e-01,5.910583e-01,3.810522,291.7878
0.151567,2.515000e+01,-5.094053e+00,8.743465e-01,2.315916e-01,5.451048e-01,5.912163e-01,3.811377,292.0956
0.1516,2.515000e+01,-5.094040e+00,8.743465e-01,2.312664e-01,5.463213e-01,5.890716e-01,3.812207,292.3943
0.151633,2.515000e+01,-5.094019e+00,8.743465e-01,2.309052e-01,5.466510e-01,5.877967e-01,3.813036,292.6931
0.151667,2.515000e+01,-5.094008e+00,8.743465e-01,2.309810e-01,5.465072e-01,5.881446e-01,3.813891,293.0009
0.1517,2.515000e+01,-5.094020e+00,8.743465e-01,2.310832e-01,5.459097e-01,5.890489e-01,3.814721,293.2996
0.151733,2.515000e+01,-5.094036e+00,8.743465e-01,2.311856e-01,5.462328e-01,5.889612e-01,3.815551,293.5984
0.151767,2.515000e+01,-5.094053e+00,8.743465e-01,2.313711e-01,5.468653e-01,5.887520e-01,3.816406,293.9062
0.1518,2.515000e+01,-5.094067e+00,8.743465e-01,2.311410e-01,5.466145e-01,5.884363e-01,3.817236,294.2049
0.151833,2.515000e+01,-5.094081e+00,8.743465e-01,2.310385e-01,5.466768e-01,5.881084e-01,3.818066,294.5036
0.151867,2.515000e+01,-5.094113e+00,8.743465e-01,2.308752e-01,5.457766e-01,5.886622e-01,3.818921,294.8114
0.1519,2.515000e+01,-5.094178e+00,8.743465e-01,2.313544e-01,5.452584e-01,5.904446e-01,3.819750,295.1102
0.151933,2.515000e+01,-5.094253e+00,8.743465e-01,2.313969e-01,5.450324e-01,5.907979e-01,3.820580,295.4089
0.151967,2.515000e+01,-5.094263e+00,8.743465e-01,2.307184e-01,5.470563e-01,5.868862e-01,3.821435,295.7167
0.152,2.515000e+01,-5.094255e+00,8.743465e-01,2.303076e-01,5.476084e-01,5.852505e-01,3.822265,296.0154
0.152033,2.515000e+01,-5.094277e+00,8.743465e-01,2.305551e-01,5.469408e-01,5.865947e-01,3.823095,296.3142
0.152067,2.515000e+01,-5.094332e+00,8.743465e-01,2.309064e-01,5.462297e-01,5.882534e-01,3.823950,296.6220
0.1521,2.515000e+01,-5.094399e+00,8.743465e-01,2.311183e-01,5.460927e-01,5.889409e-01,3.824780,296.9207
0.152133,2.515000e+01,-5.094463e+00,8.743465e-01,2.311653e-01,5.462222e-01,5.889208e-01,3.825610,297.2195
0.152167,2.515000e+01,-5.094516e+00,8.743465e-01,2.310943e-01,5.465541e-01,5.883825e-01,3.826465,297.5272
0.1522,2.515000e+01,-5.094560e+00,8.743465e-01,2.311688e-01,5.473692e-01,5.876957e-01,3.827294,297.8260
0.152233,2.515000e+01,-5.094619e+00,8.743465e-01,2.312157e-01,5.467246e-01,5.885080e-01,3.828124,298.1247
0.152267,2.515000e+01,-5.094683e+00,8.743465e-01,2.311314e-01,5.461011e-01,5.889651e-01,3.828979,298.4325
0.1523,2.515000e+01,-5.094742e+00,8.743465e-01,2.308594e-01,5.458298e-01,5.885644e-01,3.829809,298.7313
0.152333,2.515000e+01,-5.094766e+00,8.743465e-01,2.306050e-01,5.470322e-01,5.866235e-01,3.830639,299.0300
0.152367,2.515000e+01,-5.094792e+00,8.743465e-01,2.308415e-01,5.474214e-01,5.868076e-01,3.831494,299.3378
0.1524,2.515000e+01,-5.094840e+00,8.743465e-01,2.311055e-01,5.471786e-01,5.877395e-01,3.832324,299.6365
0.152433,2.515000e+01,-5.094905e+00,8.743465e-01,2.314511e-01,5.470557e-01,5.887508e-01,3.833154,299.9353
0.152467,2.515000e+01,-5.094992e+00,8.743465e-01,2.317762e-01,5.465693e-01,5.901021e-01,3.834009,300.2431
0.1525,2.515000e+01,-5.095074e+00,8.743465e-01,2.314911e-01,5.463075e-01,5.896589e-01,3.834838,300.5418
0.152533,2.515000e+01,-5.095148e+00,8.743465e-01,2.312237e-01,5.462868e-01,5.890000e-01,3.835668,300.8405
0.152567,2.515000e+01,-5.095174e+00,8.743465e-01,2.305342e-01,5.475265e-01,5.859141e-01,3.836523,301.1483
0.1526,2.515000e+01,-5.095207e+00,8.743465e-01,2.308396e-01,5.475845e-01,5.866280e-01,3.837353,301.4471
0.152633,2.515000e+01,-5.095246e+00,8.743465e-01,2.309144e-01,5.471837e-01,5.872481e-01,3.838183,301.7458
0.152667,2.515000e+01,-5.095280e+00,8.743465e-01,2.305654e-01,5.468891e-01,5.866763e-01,3.839038,302.0536
0.1527,2.515000e+01,-5.095303e+00,8.743465e-01,2.304470e-01,5.473393e-01,5.858928e-01,3.839868,302.3524
0.152733,2.515000e+01,-5.095356e+00,8.743465e-01,2.310682e-01,5.473167e-01,5.874964e-01,3.840697,302.6511
0.152767,2.515000e+01,-5.095428e+00,8.743465e-01,2.311102e-01,5.467027e-01,5.882630e-01,3.841552,302.9589
0.1528,2.515000e+01,-5.095472e+00,8.743465e-01,2.304733e-01,5.469374e-01,5.863903e-01,3.842382,303.2576
0.152833,2.515000e+01,-5.095511e+00,8.743465e-01,2.306670e-01,5.473898e-01,5.863979e-01,3.843212,303.5564
0.152867,2.515000e+01,-5.095594e+00,8.743465e-01,2.315270e-01,5.469927e-01,5.890117e-01,3.844067,303.8642
0.1529,2.515000e+01,-5.095696e+00,8.743465e-01,2.318024e-01,5.468543e-01,5.898614e-01,3.844897,304.1629
0.152933,2.515000e+01,-5.095746e+00,8.743465e-01,2.308502e-01,5.477394e-01,5.864892e-01,3.845727,304.4616
0.152967,2.515000e+01,-5.095792e+00,8.743465e-01,2.306196e-01,5.475564e-01,5.860991e-01,3.846582,304.7694
0.153,2.515000e+01,-5.095859e+00,8.743465e-01,2.307480e-01,5.467954e-01,5.872414e-01,3.847412,305.0682
0.153032,2.515000e+01,-5.095936e+00,8.743465e-01,2.308928e-01,5.471514e-01,5.872277e-01,3.848216,305.3579
0.153065,2.515000e+01,-5.096004e+00,8.743465e-01,2.310069e-01,5.475990e-01,5.870375e-01,3.849046,305.6566
0.153097,2.515000e+01,-5.096092e+00,8.743465e-01,2.314056e-01,5.474228e-01,5.882403e-01,3.849851,305.9463
0.153129,2.515000e+01,-5.096195e+00,8.743465e-01,2.315172e-01,5.470004e-01,5.889783e-01,3.850655,306.2360
0.153161,2.515000e+01,-5.096238e+00,8.743465e-01,2.301380e-01,5.473347e-01,5.851120e-01,3.851460,306.5257
0.153194,2.515000e+01,-5.096271e+00,8.743465e-01,2.298607e-01,5.471995e-01,5.845514e-01,3.852290,306.8244
0.153226,2.515000e+01,-5.096318e+00,8.743465e-01,2.302310e-01,5.470517e-01,5.856514e-01,3.853095,307.1141
0.153258,2.515000e+01,-5.096398e+00,8.743465e-01,2.308653e-01,5.469049e-01,5.874226e-01,3.853899,307.4038
0.15329,2.515000e+01,-5.096480e+00,8.743465e-01,2.309580e-01,5.470603e-01,5.874914e-01,3.854704,307.6935
0.153323,2.515000e+01,-5.096519e+00,8.743465e-01,2.301135e-01,5.476217e-01,5.847432e-01,3.855534,307.9922
0.153355,2.515000e+01,-5.096574e+00,8.743465e-01,2.302780e-01,5.470847e-01,5.857355e-01,3.856339,308.2819
0.153387,2.515000e+01,-5.096649e+00,8.743465e-01,2.305313e-01,5.466255e-01,5.868724e-01,3.857143,308.5716
0.153419,2.515000e+01,-5.096739e+00,8.743465e-01,2.308253e-01,5.464553e-01,5.878039e-01,3.857948,308.8613
0.153452,2.515000e+01,-5.096825e+00,8.743465e-01,2.307488e-01,5.464777e-01,5.875849e-01,3.858778,309.1600
0.153484,2.515000e+01,-5.096910e+00,8.743465e-01,2.304527e-01,5.463325e-01,5.869870e-01,3.859582,309.4497
0.153516,2.515000e+01,-5.096957e+00,8.743465e-01,2.301625e-01,5.474774e-01,5.850218e-01,3.860387,309.7394
0.153548,2.515000e+01,-5.096997e+00,8.743465e-01,2.298816e-01,5.469749e-01,5.848446e-01,3.861192,310.0291
0.153581,2.515000e+01,-5.097049e+00,8.743465e-01,2.301152e-01,5.468051e-01,5.856209e-01,3.862022,310.3278
0.153613,2.515000e+01,-5.097133e+00,8.743465e-01,2.305713e-01,5.461269e-01,5.875102e-01,3.862826,310.6175
0.153645,2.515000e+01,-5.097230e+00,8.743465e-01,2.310559e-01,5.463972e-01,5.884537e-01,3.863631,310.9072
0.153677,2.515000e+01,-5.097304e+00,8.743465e-01,2.306094e-01,5.466753e-01,5.870177e-01,3.864436,311.1969
0.15371,2.515000e+01,-5.097363e+00,8.743465e-01,2.303248e-01,5.467194e-01,5.862462e-01,3.865266,311.4956
0.153742,2.515000e+01,-5.097430e+00,8.743465e-01,2.304869e-01,5.464308e-01,5.869684e-01,3.866070,311.7853
0.153774,2.515000e+01,-5.097505e+00,8.743465e-01,2.304344e-01,5.459038e-01,5.874012e-01,3.866875,312.0750
0.153806,2.515000e+01,-5.097592e+00,8.743465e-01,2.306653e-01,5.455100e-01,5.884144e-01,3.867680,312.3647
0.153839,2.515000e+01,-5.097619e+00,8.743465e-01,2.293990e-01,5.460311e-01,5.846255e-01,3.868509,312.6634
0.153871,2.515000e+01,-5.097636e+00,8.743465e-01,2.293098e-01,5.462620e-01,5.841513e-01,3.869314,312.9531
0.153903,2.515000e+01,-5.097636e+00,8.743465e-01,2.291535e-01,5.466859e-01,5.833004e-01,3.870119,313.2428
0.153935,2.515000e+01,-5.097672e+00,8.743465e-01,2.297365e-01,5.461806e-01,5.853254e-01,3.870924,313.5325
0.153968,2.515000e+01,-5.097743e+00,8.743465e-01,2.303241e-01,5.456052e-01,5.874414e-01,3.871753,313.8312
0.154,2.515000e+01,-5.097808e+00,8.743465e-01,2.301830e-01,5.455746e-01,5.871146e-01,3.872558,314.1209
0.154032,2.515000e+01,-5.097865e+00,8.743465e-01,2.299793e-01,5.455816e-01,5.865874e-01,3.873363,314.4106
0.154065,2.515000e+01,-5.097909e+00,8.743465e-01,2.296692e-01,5.458277e-01,5.855324e-01,3.874193,314.7093
0.154097,2.515000e+01,-5.097954e+00,8.743465e-01,2.295796e-01,5.456608e-01,5.854830e-01,3.874997,314.9990
0.154129,2.515000e+01,-5.098001e+00,8.743465e-01,2.296871e-01,5.457266e-01,5.856864e-01,3.875802,315.2887
0.154161,2.515000e+01,-5.098069e+00,8.743465e-01,2.300322e-01,5.453838e-01,5.869352e-01,3.876607,315.5784
0.154194,2.515000e+01,-5.098126e+00,8.743465e-01,2.297841e-01,5.452834e-01,5.864100e-01,3.877436,315.8771
0.154226,2.515000e+01,-5.098156e+00,8.743465e-01,2.291519e-01,5.451743e-01,5.849136e-01,3.878241,316.1668
0.154258,2.515000e+01,-5.098174e+00,8.743465e-01,2.290525e-01,5.452302e-01,5.846001e-01,3.879046,316.4565
0.15429,2.515000e+01,-5.098221e+00,8.743465e-01,2.298517e-01,5.453394e-01,5.865224e-01,3.879851,316.7462
0.154323,2.515000e+01,-5.098283e+00,8.743465e-01,2.303506e-01,5.455765e-01,5.875400e-01,3.880680,317.0449
0.154355,2.515000e+01,-5.098321e+00,8.743465e-01,2.296873e-01,5.452592e-01,5.861889e-01,3.881485,317.3346
0.154387,2.515000e+01,-5.098355e+00,8.743465e-01,2.295118e-01,5.449907e-01,5.860299e-01,3.882290,317.6243
0.154419,2.515000e+01,-5.098372e+00,8.743465e-01,2.288896e-01,5.445979e-01,5.848625e-01,3.883094,317.9140
0.154452,2.515000e+01,-5.098404e+00,8.743465e-01,2.291720e-01,5.443130e-01,5.858907e-01,3.883924,318.2127
0.154484,2.515000e+01,-5.098430e+00,8.743465e-01,2.293655e-01,5.448247e-01,5.858344e-01,3.884729,318.5024
0.154516,2.515000e+01,-5.098461e+00,8.743465e-01,2.296230e-01,5.449921e-01,5.863122e-01,3.885534,318.7921
0.154548,2.515000e+01,-5.098487e+00,8.743465e-01,2.295113e-01,5.448141e-01,5.862185e-01,3.886338,319.0818
0.154581,2.515000e+01,-5.098490e+00,8.743465e-01,2.288104e-01,5.442847e-01,5.849965e-01,3.887168,319.3805
0.154613,2.515000e+01,-5.098488e+00,8.743465e-01,2.286720e-01,5.440642e-01,5.848797e-01,3.887973,319.6702
0.154645,2.515000e+01,-5.098500e+00,8.743465e-01,2.292945e-01,5.443402e-01,5.861746e-01,3.888778,319.9599
0.154677,2.515000e+01,-5.098517e+00,8.743465e-01,2.295242e-01,5.443016e-01,5.868035e-01,3.889582,320.2496
0.15471,2.515000e+01,-5.098492e+00,8.743465e-01,2.289550e-01,5.449340e-01,5.846687e-01,3.890412,320.5483
0.154742,2.515000e+01,-5.098458e+00,8.743465e-01,2.282709e-01,5.439173e-01,5.840113e-01,3.891217,320.8380
0.154774,2.515000e+01,-5.098419e+00,8.743465e-01,2.281585e-01,5.435382e-01,5.841311e-01,3.892021,321.1277
0.154806,2.515000e+01,-5.098383e+00,8.743465e-01,2.283817e-01,5.434275e-01,5.848215e-01,3.892826,321.4174
0.154839,2.515000e+01,-5.098348e+00,8.743465e-01,2.287743e-01,5.437981e-01,5.854276e-01,3.893656,321.7162
0.154871,2.515000e+01,-5.098319e+00,8.743465e-01,2.292295e-01,5.442263e-01,5.861310e-01,3.894461,322.0058
0.154903,2.515000e+01,-5.098299e+00,8.743465e-01,2.296227e-01,5.441808e-01,5.871855e-01,3.895265,322.2955
0.154935,2.515000e+01,-5.098257e+00,8.743465e-01,2.289434e-01,5.435799e-01,5.860957e-01,3.896070,322.5852
0.154968,2.515000e+01,-5.098203e+00,8.743465e-01,2.286379e-01,5.432852e-01,5.856311e-01,3.896900,322.8840
0.155,2.515000e+01,-5.098148e+00,8.743465e-01,2.287898e-01,5.434746e-01,5.858158e-01,3.897705,323.1736
0.155032,2.515000e+01,-5.098104e+00,8.743465e-01,2.290570e-01,5.433430e-01,5.866421e-01,3.898509,323.4633
0.155065,2.515000e+01,-5.098053e+00,8.743465e-01,2.290375e-01,5.435326e-01,5.863874e-01,3.899339,323.7621
0.155097,2.515000e+01,-5.097968e+00,8.743465e-01,2.280462e-01,5.431612e-01,5.842487e-01,3.900144,324.0518
0.155129,2.515000e+01,-5.097896e+00,8.743465e-01,2.283302e-01,5.429142e-01,5.852425e-01,3.900948,324.3414
0.155161,2.515000e+01,-5.097817e+00,8.743465e-01,2.283466e-01,5.431106e-01,5.850729e-01,3.901753,324.6311
0.155194,2.515000e+01,-5.097749e+00,8.743465e-01,2.284212e-01,5.425957e-01,5.858194e-01,3.902583,324.9299
0.155226,2.515000e+01,-5.097678e+00,8.743465e-01,2.285815e-01,5.428913e-01,5.859113e-01,3.903388,325.2196
0.155258,2.515000e+01,-5.097605e+00,8.743465e-01,2.286513e-01,5.429807e-01,5.859938e-01,3.904192,325.5092
0.15529,2.515000e+01,-5.097525e+00,8.743465e-01,2.285654e-01,5.428874e-01,5.858741e-01,3.904997,325.7989
0.155323,2.515000e+01,-5.097412e+00,8.743465e-01,2.276515e-01,5.426105e-01,5.838295e-01,3.905827,326.0977
0.155355,2.515000e+01,-5.097307e+00,8.743465e-01,2.278162e-01,5.424215e-01,5.844554e-01,3.906632,326.3874
0.155387,2.515000e+01,-5.097209e+00,8.743465e-01,2.281597e-01,5.426220e-01,5.851205e-01,3.907436,326.6770
0.155419,2.515000e+01,-5.097120e+00,8.743465e-01,2.280544e-01,5.423425e-01,5.851517e-01,3.908241,326.9667
0.155452,2.515000e+01,-5.097037e+00,8.743465e-01,2.279773e-01,5.418741e-01,5.854595e-01,3.909071,327.2655
0.155484,2.515000e+01,-5.096955e+00,8.743465e-01,2.282422e-01,5.422171e-01,5.857690e-01,3.909875,327.5552
0.155516,2.515000e+01,-5.096880e+00,8.743465e-01,2.286238e-01,5.424897e-01,5.864534e-01,3.910680,327.8449
0.155548,2.515000e+01,-5.096797e+00,8.743465e-01,2.285537e-01,5.426474e-01,5.861034e-01,3.911485,328.1345
0.155581,2.515000e+01,-5.096707e+00,8.743465e-01,2.283963e-01,5.425013e-01,5.858574e-01,3.912315,328.4333
0.155613,2.515000e+01,-5.096625e+00,8.743465e-01,2.282982e-01,5.417711e-01,5.863952e-01,3.913119,328.7230
0.155645,2.515000e+01,-5.096544e+00,8.743465e-01,2.284256e-01,5.420322e-01,5.864396e-01,3.913924,329.0127
0.155677,2.515000e+01,-5.096448e+00,8.743465e-01,2.277929e-01,5.416479e-01,5.852304e-01,3.914729,329.3023
0.15571,2.515000e+01,-5.096364e+00,8.743465e-01,2.278493e-01,5.412374e-01,5.858193e-01,3.915559,329.6011
0.155742,2.515000e+01,-5.096269e+00,8.743465e-01,2.277862e-01,5.414612e-01,5.854150e-01,3.916363,329.8908
0.155774,2.515000e+01,-5.096172e+00,8.743465e-01,2.279432e-01,5.417082e-01,5.855515e-01,3.917168,330.1805
0.155806,2.515000e+01,-5.096077e+00,8.743465e-01,2.281203e-01,5.418706e-01,5.858306e-01,3.917973,330.4701
0.155839,2.515000e+01,-5.095983e+00,8.743465e-01,2.281364e-01,5.417774e-01,5.859726e-01,3.918802,330.7689
0.155871,2.515000e+01,-5.095898e+00,8.743465e-01,2.282480e-01,5.416182e-01,5.864318e-01,3.919607,331.0586
0.155903,2.515000e+01,-5.095796e+00,8.743465e-01,2.276973e-01,5.414047e-01,5.852477e-01,3.920412,331.3483
0.155935,2.515000e+01,-5.095697e+00,8.743465e-01,2.274093e-01,5.407741e-01,5.851889e-01,3.921217,331.6379
0.155968,2.515000e+01,-5.095594e+00,8.743465e-01,2.274343e-01,5.410806e-01,5.849217e-01,3.922046,331.9367
0.156,2.515000e+01,-5.095494e+00,8.743465e-01,2.276743e-01,5.413745e-01,5.852209e-01,3.922851,332.2264
0.156032,2.515000e+01,-5.095396e+00,8.743465e-01,2.278915e-01,5.417310e-01,5.853937e-01,3.923656,332.5161
0.156065,2.515000e+01,-5.095309e+00,8.743465e-01,2.280173e-01,5.417342e-01,5.857135e-01,3.924486,332.8148
0.156097,2.515000e+01,-5.095236e+00,8.743465e-01,2.280650e-01,5.412248e-01,5.863875e-01,3.925290,333.1045
0.156129,2.515000e+01,-5.095165e+00,8.743465e-01,2.280499e-01,5.410722e-01,5.865140e-01,3.926095,333.3942
0.156161,2.515000e+01,-5.095091e+00,8.743465e-01,2.279426e-01,5.409828e-01,5.863351e-01,3.926900,333.6839
0.156194,2.515000e+01,-5.095020e+00,8.743465e-01,2.280637e-01,5.412277e-01,5.863808e-01,3.927729,333.9826
0.156226,2.515000e+01,-5.094962e+00,8.743465e-01,2.284499e-01,5.417072e-01,5.868542e-01,3.928534,334.2723
0.156258,2.515000e+01,-5.094902e+00,8.743465e-01,2.280743e-01,5.412134e-01,5.864237e-01,3.929339,334.5620
0.15629,2.515000e+01,-5.094860e+00,8.743465e-01,2.276384e-01,5.396552e-01,5.869930e-01,3.930144,334.8517
0.156323,2.515000e+01,-5.094815e+00,8.743465e-01,2.274576e-01,5.399605e-01,5.861950e-01,3.930973,335.1504
0.156355,2.515000e+01,-5.094763e+00,8.743465e-01,2.274924e-01,5.405535e-01,5.856416e-01,3.931778,335.4401
0.156387,2.515000e+01,-5.094718e+00,8.743465e-01,2.279053e-01,5.412515e-01,5.859479e-01,3.932583,335.7298
0.156419,2.515000e+01,-5.094684e+00,8.743465e-01,2.279953e-01,5.410764e-01,5.863690e-01,3.933387,336.0195
0.156452,2.515000e+01,-5.094665e+00,8.743465e-01,2.281678e-01,5.407711e-01,5.871441e-01,3.934217,336.3182
0.156484,2.515000e+01,-5.094653e+00,8.743465e-01,2.281086e-01,5.404207e-01,5.873721e-01,3.935022,336.6079
0.156516,2.515000e+01,-5.094633e+00,8.743465e-01,2.275928e-01,5.401057e-01,5.863857e-01,3.935827,336.8976
0.156548,2.515000e+01,-5.094613e+00,8.743465e-01,2.276301e-01,5.403350e-01,5.862330e-01,3.936631,337.1873
0.156581,2.515000e+01,-5.094592e+00,8.743465e-01,2.276034e-01,5.406013e-01,5.858754e-01,3.937461,337.4860
0.156613,2.515000e+01,-5.094588e+00,8.743465e-01,2.277654e-01,5.403374e-01,5.865789e-01,3.938266,337.7757
0.156645,2.515000e+01,-5.094582e+00,8.743465e-01,2.274506e-01,5.400200e-01,5.861125e-01,3.939071,338.0654
0.156677,2.515000e+01,-5.094578e+00,8.743465e-01,2.272805e-01,5.399199e-01,5.857829e-01,3.939875,338.3551
0.15671,2.515000e+01,-5.094580e+00,8.743465e-01,2.274885e-01,5.402892e-01,5.859180e-01,3.940705,338.6538
0.156742,2.515000e+01,-5.094589e+00,8.743465e-01,2.278083e-01,5.408935e-01,5.860862e-01,3.941510,338.9435
0.156774,2.515000e+01,-5.094618e+00,8.743465e-01,2.280005e-01,5.405284e-01,5.869770e-01,3.942314,339.2332
0.156806,2.515000e+01,-5.094655e+00,8.743465e-01,2.281113e-01,5.404809e-01,5.873137e-01,3.943119,339.5229
0.156839,2.515000e+01,-5.094701e+00,8.743465e-01,2.281126e-01,5.403156e-01,5.874968e-01,3.943949,339.8216
0.156871,2.515000e+01,-5.094754e+00,8.743465e-01,2.278085e-01,5.397069e-01,5.873751e-01,3.944754,340.1113
0.156903,2.515000e+01,-5.094821e+00,8.743465e-01,2.277742e-01,5.392656e-01,5.877674e-01,3.945558,340.4010
0.156935,2.515000e+01,-5.094880e+00,8.743465e-01,2.275482e-01,5.394724e-01,5.869591e-01,3.946363,340.6907
0.156968,2.515000e+01,-5.094944e+00,8.743465e-01,2.278251e-01,5.397803e-01,5.873383e-01,3.947193,340.9894
0.157,2.515000e+01,-5.095003e+00,8.743465e-01,2.279120e-01,5.403390e-01,5.869546e-01,3.947998,341.2791
0.157032,2.515000e+01,-5.095065e+00,8.743465e-01,2.279774e-01,5.404170e-01,5.870384e-01,3.948802,341.5688
0.157065,2.515000e+01,-5.095119e+00,8.743465e-01,2.278898e-01,5.407604e-01,5.864401e-01,3.949632,341.8675
0.157097,2.515000e+01,-5.095198e+00,8.743465e-01,2.279601e-01,5.397732e-01,5.876941e-01,3.950437,342.1572
0.157129,2.515000e+01,-5.095288e+00,8.743465e-01,2.281303e-01,5.395918e-01,5.883304e-01,3.951241,342.4469
0.157161,2.515000e+01,-5.095373e+00,8.743465e-01,2.280158e-01,5.396208e-01,5.880034e-01,3.952046,342.7366
0.157194,2.515000e+01,-5.095436e+00,8.743465e-01,2.275890e-01,5.398455e-01,5.866586e-01,3.952876,343.0353
0.157226,2.515000e+01,-5.095492e+00,8.743465e-01,2.274936e-01,5.400915e-01,5.861456e-01,3.953681,343.3250
0.157258,2.515000e+01,-5.095555e+00,8.743465e-01,2.275386e-01,5.399575e-01,5.864070e-01,3.954485,343.6147
0.15729,2.515000e+01,-5.095632e+00,8.743465e-01,2.277448e-01,5.396696e-01,5.872516e-01,3.955290,343.9044
0.157323,2.515000e+01,-5.095704e+00,8.743465e-01,2.279057e-01,5.402241e-01,5.870634e-01,3.956120,344.2031
0.157355,2.515000e+01,-5.095773e+00,8.743465e-01,2.278334e-01,5.403784e-01,5.867095e-01,3.956925,344.4928
0.157387,2.515000e+01,-5.095842e+00,8.743465e-01,2.279382e-01,5.405951e-01,5.867441e-01,3.957729,344.7825
0.157419,2.515000e+01,-5.095917e+00,8.743465e-01,2.279635e-01,5.404899e-01,5.869233e-01,3.958534,345.0722
0.157452,2.515000e+01,-5.096018e+00,8.743465e-01,2.280576e-01,5.392908e-01,5.884712e-01,3.959364,345.3709
0.157484,2.515000e+01,-5.096121e+00,8.743465e-01,2.278789e-01,5.387422e-01,5.886090e-01,3.960168,345.6606
0.157516,2.515000e+01,-5.096220e+00,8.743465e-01,2.280148e-01,5.390050e-01,5.886728e-01,3.960973,345.9503
0.157548,2.515000e+01,-5.096289e+00,8.743465e-01,2.277860e-01,5.400503e-01,5.869436e-01,3.961778,346.2400
0.157581,2.515000e+01,-5.096353e+00,8.743465e-01,2.277957e-01,5.401960e-01,5.868105e-01,3.962608,346.5387
0.157613,2.515000e+01,-5.096425e+00,8.743465e-01,2.280935e-01,5.403581e-01,5.874015e-01,3.963412,346.8284
0.157645,2.515000e+01,-5.096504e+00,8.743465e-01,2.283425e-01,5.402535e-01,5.881565e-01,3.964217,347.1181
0.157677,2.515000e+01,-5.096581e+00,8.743465e-01,2.281658e-01,5.398858e-01,5.881015e-01,3.965022,347.4078
0.15771,2.515000e+01,-5.096654e+00,8.743465e-01,2.281009e-01,5.397913e-01,5.880373e-01,3.965852,347.7065
0.157742,2.515000e+01,-5.096724e+00,8.743465e-01,2.283627e-01,5.402900e-01,5.881687e-01,3.966656,347.9962
0.157774,2.515000e+01,-5.096796e+00,8.743465e-01,2.285007e-01,5.400652e-01,5.887691e-01,3.967461,348.2859
0.157806,2.515000e+01,-5.096870e+00,8.743465e-01,2.283022e-01,5.393137e-01,5.890775e-01,3.968266,348.5756
0.157839,2.515000e+01,-5.096928e+00,8.743465e-01,2.279411e-01,5.392883e-01,5.881734e-01,3.969095,348.8743
0.157871,2.515000e+01,-5.096980e+00,8.743465e-01,2.280968e-01,5.398935e-01,5.879153e-01,3.969900,349.1640
0.157903,2.515000e+01,-5.096997e+00,8.743465e-01,2.278104e-01,5.409851e-01,5.859925e-01,3.970705,349.4537
0.157935,2.515000e+01,-5.097013e+00,8.743465e-01,2.277711e-01,5.408307e-01,5.860586e-01,3.971509,349.7434
0.157968,2.515000e+01,-5.097052e+00,8.743465e-01,2.283039e-01,5.405399e-01,5.877456e-01,3.972339,350.0422
0.158,2.515000e+01,-5.097099e+00,8.743465e-01,2.286046e-01,5.406584e-01,5.883906e-01,3.973144,350.3318
0.158032,2.515000e+01,-5.097150e+00,8.743465e-01,2.287901e-01,5.405798e-01,5.889538e-01,3.973949,350.6215
0.158065,2.515000e+01,-5.097194e+00,8.743465e-01,2.284787e-01,5.402294e-01,5.885336e-01,3.974779,350.9203
0.158097,2.515000e+01,-5.097244e+00,8.743465e-01,2.286282e-01,5.401986e-01,5.889520e-01,3.975583,351.2100
0.158129,2.515000e+01,-5.097294e+00,8.743465e-01,2.287154e-01,5.403373e-01,5.890255e-01,3.976388,351.4996
0.158161,2.515000e+01,-5.097341e+00,8.743465e-01,2.284864e-01,5.399207e-01,5.888899e-01,3.977193,351.7893
0.158194,2.515000e+01,-5.097376e+00,8.743465e-01,2.284250e-01,5.404073e-01,5.882013e-01,3.978022,352.0881
0.158226,2.515000e+01,-5.097392e+00,8.743465e-01,2.284058e-01,5.412501e-01,5.872363e-01,3.978827,352.3778
0.158258,2.515000e+01,-5.097407e+00,8.743465e-01,2.285631e-01,5.415349e-01,5.873315e-01,3.979632,352.6674
0.15829,2.515000e+01,-5.097453e+00,8.743465e-01,2.291255e-01,5.409077e-01,5.894594e-01,3.980436,352.9571
0.158323,2.515000e+01,-5.097503e+00,8.743465e-01,2.292603e-01,5.410713e-01,5.896281e-01,3.981266,353.2559
0.158355,2.515000e+01,-5.097531e+00,8.743465e-01,2.289000e-01,5.415865e-01,5.881412e-01,3.982071,353.5456
0.158387,2.515000e+01,-5.097546e+00,8.743465e-01,2.286677e-01,5.415015e-01,5.876368e-01,3.982876,353.8352
0.158419,2.515000e+01,-5.097596e+00,8.743465e-01,2.289727e-01,5.403113e-01,5.897167e-01,3.983680,354.1249
0.158452,2.515000e+01,-5.097654e+00,8.743465e-01,2.293379e-01,5.406062e-01,5.903349e-01,3.984510,354.4237
0.158484,2.515000e+01,-5.097691e+00,8.743465e-01,2.293777e-01,5.414903e-01,5.894735e-01,3.985315,354.7134
0.158516,2.515000e+01,-5.097714e+00,8.743465e-01,2.288447e-01,5.410631e-01,5.885681e-01,3.986120,355.0031
0.158548,2.515000e+01,-5.097729e+00,8.743465e-01,2.287086e-01,5.410905e-01,5.881881e-01,3.986924,355.2927
0.158581,2.515000e+01,-5.097718e+00,8.743465e-01,2.283797e-01,5.416816e-01,5.867013e-01,3.987754,355.5915
0.158613,2.515000e+01,-5.097693e+00,8.743465e-01,2.287472e-01,5.428669e-01,5.863624e-01,3.988559,355.8812
0.158645,2.515000e+01,-5.097730e+00,8.743465e-01,2.297273e-01,5.414966e-01,5.903651e-01,3.989363,356.1709
0.158677,2.515000e+01,-5.097775e+00,8.743465e-01,2.299875e-01,5.415357e-01,5.909910e-01,3.990168,356.4605
0.15871,2.515000e+01,-5.097792e+00,8.743465e-01,2.295516e-01,5.420986e-01,5.892582e-01,3.990998,356.7593
0.158742,2.515000e+01,-5.097762e+00,8.743465e-01,2.283887e-01,5.419271e-01,5.864586e-01,3.991803,357.0490
0.158774,2.515000e+01,-5.097756e+00,8.743465e-01,2.287074e-01,5.411047e-01,5.881697e-01,3.992607,357.3387
0.158806,2.515000e+01,-5.097777e+00,8.743465e-01,2.294182e-01,5.411049e-01,5.899975e-01,3.993412,357.6283
0.158839,2.515000e+01,-5.097805e+00,8.743465e-01,2.299585e-01,5.417691e-01,5.906619e-01,3.994242,357.9271
0.158871,2.515000e+01,-5.097797e+00,8.743465e-01,2.296015e-01,5.428377e-01,5.885838e-01,3.995047,358.2168
0.158903,2.515000e+01,-5.097777e+00,8.743465e-01,2.294746e-01,5.431816e-01,5.878863e-01,3.995851,358.5065
0.158935,2.515000e+01,-5.097761e+00,8.743465e-01,2.295208e-01,5.430265e-01,5.881725e-01,3.996656,358.7961
0.158968,2.515000e+01,-5.097747e+00,8.743465e-01,2.294031e-01,5.429345e-01,5.879705e-01,3.997486,359.0949
0.159,2.515000e+01,-5.097808e+00,8.743465e-01,2.302634e-01,5.407668e-01,5.925413e-01,3.998290,359.3846
0.159033,2.515000e+01,-5.097873e+00,8.743465e-01,2.304144e-01,5.405351e-01,5.931840e-01,3.999120,359.6833
0.159067,2.515000e+01,-5.097909e+00,8.743465e-01,2.304869e-01,5.423601e-01,5.913739e-01,3.999975,359.9911
