time,n,U_aval,J,KT,10KQ,eta0,tours,angle_deg
1.20482e-05,2.515000e+01,-4.881229e+00,8.743465e-01,4.146148e+02,1.005831e+02,5.736193e+00,0.000303,0.1091
2.65769e-05,2.515000e+01,-4.887440e+00,8.743465e-01,9.053672e+00,1.557122e+01,8.091064e-01,0.000668,0.2406
4.39595e-05,2.515000e+01,-4.897523e+00,8.743465e-01,2.291136e+00,4.896987e+00,6.510670e-01,0.001105,0.3980
6.47429e-05,2.515000e+01,-4.904167e+00,8.743465e-01,9.917168e-01,2.134336e+00,6.465894e-01,0.001628,0.5861
8.87239e-05,2.515000e+01,-4.909099e+00,8.743465e-01,5.943808e-01,1.191544e+00,6.941581e-01,0.002231,0.8032
0.000115526,2.515000e+01,-4.913164e+00,8.743465e-01,4.530093e-01,9.219720e-01,6.837433e-01,0.002905,1.0458
0.000145009,2.515000e+01,-4.916693e+00,8.743465e-01,3.836462e-01,7.980259e-01,6.689871e-01,0.003646,1.3127
0.000176675,2.515000e+01,-4.919873e+00,8.743465e-01,3.435315e-01,7.265657e-01,6.579535e-01,0.004443,1.5994
0.000208341,2.515000e+01,-4.922703e+00,8.743465e-01,3.175666e-01,6.794066e-01,6.504422e-01,0.005239,1.8861
0.00023879,2.515000e+01,-4.925233e+00,8.743465e-01,3.021855e-01,6.498556e-01,6.470840e-01,0.006005,2.1617
0.000269238,2.515000e+01,-4.927607e+00,8.743465e-01,2.946762e-01,6.341456e-01,6.466359e-01,0.006770,2.4373
0.000299687,2.515000e+01,-4.929835e+00,8.743465e-01,2.916179e-01,6.282955e-01,6.458828e-01,0.007536,2.7130
0.000330135,2.515000e+01,-4.931895e+00,8.743465e-01,2.893246e-01,6.263269e-01,6.428178e-01,0.008302,2.9886
0.000360583,2.515000e+01,-4.933814e+00,8.743465e-01,2.889065e-01,6.273162e-01,6.408766e-01,0.009067,3.2643
0.000391032,2.515000e+01,-4.935613e+00,8.743465e-01,2.884403e-01,6.278364e-01,6.393124e-01,0.009833,3.5399
0.00042148,2.515000e+01,-4.937336e+00,8.743465e-01,2.895365e-01,6.296144e-01,6.399296e-01,0.010599,3.8155
0.000451929,2.515000e+01,-4.938959e+00,8.743465e-01,2.905637e-01,6.327187e-01,6.390493e-01,0.011364,4.0912
0.000482377,2.515000e+01,-4.940475e+00,8.743465e-01,2.918994e-01,6.375563e-01,6.371157e-01,0.012130,4.3668
0.000512825,2.515000e+01,-4.941972e+00,8.743465e-01,2.944624e-01,6.399267e-01,6.403291e-01,0.012896,4.6425
0.000543274,2.515000e+01,-4.943451e+00,8.743465e-01,2.968971e-01,6.421580e-01,6.433805e-01,0.013661,4.9181
0.000573722,2.515000e+01,-4.944866e+00,8.743465e-01,2.980175e-01,6.447090e-01,6.432529e-01,0.014427,5.1938
0.000604171,2.515000e+01,-4.946166e+00,8.743465e-01,2.975250e-01,6.474984e-01,6.394234e-01,0.015193,5.4694
0.000634619,2.515000e+01,-4.947406e+00,8.743465e-01,2.980551e-01,6.496355e-01,6.384554e-01,0.015958,5.7450
0.000665067,2.515000e+01,-4.948605e+00,8.743465e-01,2.989796e-01,6.514241e-01,6.386774e-01,0.016724,6.0207
0.000695516,2.515000e+01,-4.949764e+00,8.743465e-01,2.996492e-01,6.529610e-01,6.386008e-01,0.017490,6.2963
0.000725964,2.515000e+01,-4.950864e+00,8.743465e-01,2.999900e-01,6.548380e-01,6.374949e-01,0.018255,6.5720
0.000756413,2.515000e+01,-4.951944e+00,8.743465e-01,3.004864e-01,6.551113e-01,6.382834e-01,0.019021,6.8476
0.000786861,2.515000e+01,-4.953011e+00,8.743465e-01,3.011167e-01,6.556799e-01,6.390673e-01,0.019787,7.1232
0.00081731,2.515000e+01,-4.954019e+00,8.743465e-01,3.007169e-01,6.567155e-01,6.372122e-01,0.020552,7.3989
0.000847758,2.515000e+01,-4.954972e+00,8.743465e-01,3.003734e-01,6.577359e-01,6.354971e-01,0.021318,7.6745
0.000878206,2.515000e+01,-4.955912e+00,8.743465e-01,3.007186e-01,6.577006e-01,6.362615e-01,0.022084,7.9502
0.000908655,2.515000e+01,-4.956842e+00,8.743465e-01,3.010808e-01,6.577365e-01,6.369932e-01,0.022849,8.2258
0.000939103,2.515000e+01,-4.957754e+00,8.743465e-01,3.012926e-01,6.579829e-01,6.372024e-01,0.023615,8.5014
0.000969552,2.515000e+01,-4.958623e+00,8.743465e-01,3.007630e-01,6.583498e-01,6.357277e-01,0.024381,8.7771
0.001,2.515000e+01,-4.959439e+00,8.743465e-01,2.999279e-01,6.587653e-01,6.335630e-01,0.025146,9.0527
0.0010303,2.515000e+01,-4.960222e+00,8.743465e-01,2.996298e-01,6.588890e-01,6.328148e-01,0.025908,9.3270
0.00106061,2.515000e+01,-4.960978e+00,8.743465e-01,2.994421e-01,6.590722e-01,6.322422e-01,0.026671,9.6014
0.00109091,2.515000e+01,-4.961730e+00,8.743465e-01,3.000144e-01,6.594950e-01,6.330445e-01,0.027433,9.8757
0.00112121,2.515000e+01,-4.962502e+00,8.743465e-01,3.008762e-01,6.592997e-01,6.350512e-01,0.028194,10.1500
0.00115152,2.515000e+01,-4.963229e+00,8.743465e-01,3.004048e-01,6.602716e-01,6.331230e-01,0.028957,10.4244
0.00118182,2.515000e+01,-4.963916e+00,8.743465e-01,2.999367e-01,6.609082e-01,6.315275e-01,0.029719,10.6987
0.00121212,2.515000e+01,-4.964584e+00,8.743465e-01,2.992340e-01,6.601531e-01,6.307684e-01,0.030481,10.9730
0.00124242,2.515000e+01,-4.965252e+00,8.743465e-01,2.991424e-01,6.595003e-01,6.311994e-01,0.031242,11.2473
0.00127273,2.515000e+01,-4.965916e+00,8.743465e-01,2.993174e-01,6.595455e-01,6.315253e-01,0.032005,11.5217
0.00130303,2.515000e+01,-4.966559e+00,8.743465e-01,2.993641e-01,6.602653e-01,6.309354e-01,0.032767,11.7960
0.00133333,2.515000e+01,-4.967166e+00,8.743465e-01,2.989388e-01,6.609382e-01,6.293977e-01,0.033529,12.0703
0.00136364,2.515000e+01,-4.967760e+00,8.743465e-01,2.986756e-01,6.607507e-01,6.290219e-01,0.034291,12.3447
0.00139394,2.515000e+01,-4.968347e+00,8.743465e-01,2.983448e-01,6.602621e-01,6.287901e-01,0.035053,12.6190
0.00142424,2.515000e+01,-4.968920e+00,8.743465e-01,2.982552e-01,6.605622e-01,6.283157e-01,0.035815,12.8933
0.00145455,2.515000e+01,-4.969483e+00,8.743465e-01,2.983561e-01,6.609345e-01,6.281742e-01,0.036577,13.1677
0.00148485,2.515000e+01,-4.970033e+00,8.743465e-01,2.981824e-01,6.610614e-01,6.276881e-01,0.037339,13.4420
0.00151515,2.515000e+01,-4.970554e+00,8.743465e-01,2.976765e-01,6.615984e-01,6.261146e-01,0.038101,13.7162
0.00154545,2.515000e+01,-4.971072e+00,8.743465e-01,2.975043e-01,6.613188e-01,6.260166e-01,0.038863,13.9905
0.00157576,2.515000e+01,-4.971595e+00,8.743465e-01,2.971975e-01,6.602985e-01,6.263379e-01,0.039625,14.2649
0.00160606,2.515000e+01,-4.972125e+00,8.743465e-01,2.970436e-01,6.595561e-01,6.267182e-01,0.040387,14.5392
0.00163636,2.515000e+01,-4.972638e+00,8.743465e-01,2.968229e-01,6.599257e-01,6.259015e-01,0.041149,14.8135
0.00166667,2.515000e+01,-4.973102e+00,8.743465e-01,2.960371e-01,6.610345e-01,6.231976e-01,0.041911,15.0879
0.00169697,2.515000e+01,-4.973552e+00,8.743465e-01,2.960067e-01,6.615758e-01,6.226239e-01,0.042673,15.3622
0.00172727,2.515000e+01,-4.974008e+00,8.743465e-01,2.959330e-01,6.611756e-01,6.228456e-01,0.043435,15.6365
0.00175758,2.515000e+01,-4.974461e+00,8.743465e-01,2.958038e-01,6.610445e-01,6.226971e-01,0.044197,15.9109
0.00178788,2.515000e+01,-4.974927e+00,8.743465e-01,2.961126e-01,6.610614e-01,6.233315e-01,0.044959,16.1852
0.00181818,2.515000e+01,-4.975396e+00,8.743465e-01,2.960221e-01,6.606839e-01,6.234968e-01,0.045721,16.4595
0.00184848,2.515000e+01,-4.975844e+00,8.743465e-01,2.956225e-01,6.610414e-01,6.223181e-01,0.046483,16.7338
0.00187879,2.515000e+01,-4.976273e+00,8.743465e-01,2.953214e-01,6.616290e-01,6.211322e-01,0.047245,17.0082
0.00190909,2.515000e+01,-4.976691e+00,8.743465e-01,2.948975e-01,6.615189e-01,6.203437e-01,0.048007,17.2825
0.00193939,2.515000e+01,-4.977109e+00,8.743465e-01,2.946995e-01,6.612546e-01,6.201749e-01,0.048769,17.5568
0.0019697,2.515000e+01,-4.977524e+00,8.743465e-01,2.944331e-01,6.608413e-01,6.200020e-01,0.049531,17.8312
0.002,2.515000e+01,-4.977907e+00,8.743465e-01,2.937227e-01,6.612156e-01,6.181560e-01,0.050293,18.1055
0.00203125,2.515000e+01,-4.978287e+00,8.743465e-01,2.936348e-01,6.612815e-01,6.179097e-01,0.051079,18.3884
0.0020625,2.515000e+01,-4.978671e+00,8.743465e-01,2.937116e-01,6.614494e-01,6.179140e-01,0.051865,18.6713
0.00209375,2.515000e+01,-4.979055e+00,8.743465e-01,2.936225e-01,6.614620e-01,6.177149e-01,0.052650,18.9542
0.002125,2.515000e+01,-4.979450e+00,8.743465e-01,2.934673e-01,6.607813e-01,6.180248e-01,0.053436,19.2371
0.00215625,2.515000e+01,-4.979845e+00,8.743465e-01,2.932409e-01,6.602958e-01,6.180017e-01,0.054222,19.5200
0.0021875,2.515000e+01,-4.980223e+00,8.743465e-01,2.926432e-01,6.601826e-01,6.168477e-01,0.055008,19.8029
0.00221875,2.515000e+01,-4.980600e+00,8.743465e-01,2.926896e-01,6.603864e-01,6.167552e-01,0.055794,20.0858
0.00225,2.515000e+01,-4.980950e+00,8.743465e-01,2.920678e-01,6.608845e-01,6.149814e-01,0.056580,20.3686
0.00228125,2.515000e+01,-4.981291e+00,8.743465e-01,2.919445e-01,6.611235e-01,6.144992e-01,0.057365,20.6515
0.0023125,2.515000e+01,-4.981622e+00,8.743465e-01,2.914539e-01,6.607992e-01,6.137678e-01,0.058151,20.9344
0.00234375,2.515000e+01,-4.981940e+00,8.743465e-01,2.911161e-01,6.608129e-01,6.130439e-01,0.058937,21.2173
0.002375,2.515000e+01,-4.982272e+00,8.743465e-01,2.912867e-01,6.605654e-01,6.136327e-01,0.059723,21.5002
0.00240625,2.515000e+01,-4.982645e+00,8.743465e-01,2.918982e-01,6.595087e-01,6.159065e-01,0.060509,21.7831
0.0024375,2.515000e+01,-4.983021e+00,8.743465e-01,2.917401e-01,6.591570e-01,6.159009e-01,0.061295,22.0660
0.00246875,2.515000e+01,-4.983358e+00,8.743465e-01,2.910126e-01,6.600310e-01,6.135519e-01,0.062080,22.3489
0.0025,2.515000e+01,-4.983660e+00,8.743465e-01,2.900141e-01,6.601300e-01,6.113550e-01,0.062866,22.6318
0.00253125,2.515000e+01,-4.983959e+00,8.743465e-01,2.897400e-01,6.598472e-01,6.110385e-01,0.063652,22.9147
0.0025625,2.515000e+01,-4.984273e+00,8.743465e-01,2.898038e-01,6.592417e-01,6.117349e-01,0.064438,23.1976
0.00259375,2.515000e+01,-4.984591e+00,8.743465e-01,2.897166e-01,6.589443e-01,6.118264e-01,0.065224,23.4805
0.002625,2.515000e+01,-4.984894e+00,8.743465e-01,2.895158e-01,6.594081e-01,6.109724e-01,0.066010,23.7634
0.00265625,2.515000e+01,-4.985191e+00,8.743465e-01,2.892086e-01,6.592460e-01,6.104746e-01,0.066795,24.0463
0.0026875,2.515000e+01,-4.985471e+00,8.743465e-01,2.886672e-01,6.592349e-01,6.093416e-01,0.067581,24.3292
0.00271875,2.515000e+01,-4.985753e+00,8.743465e-01,2.884390e-01,6.587495e-01,6.093086e-01,0.068367,24.6121
0.00275,2.515000e+01,-4.986068e+00,8.743465e-01,2.886622e-01,6.575374e-01,6.109044e-01,0.069153,24.8950
0.00278125,2.515000e+01,-4.986396e+00,8.743465e-01,2.887435e-01,6.569477e-01,6.116249e-01,0.069939,25.1779
0.0028125,2.515000e+01,-4.986720e+00,8.743465e-01,2.885015e-01,6.568661e-01,6.111880e-01,0.070724,25.4608
0.00284375,2.515000e+01,-4.986966e+00,8.743465e-01,2.870736e-01,6.584388e-01,6.067105e-01,0.071510,25.7437
0.002875,2.515000e+01,-4.987186e+00,8.743465e-01,2.863463e-01,6.585188e-01,6.050998e-01,0.072296,26.0266
0.00290625,2.515000e+01,-4.987442e+00,8.743465e-01,2.867998e-01,6.576001e-01,6.069051e-01,0.073082,26.3095
0.0029375,2.515000e+01,-4.987723e+00,8.743465e-01,2.869498e-01,6.566661e-01,6.080859e-01,0.073868,26.5924
0.00296875,2.515000e+01,-4.988009e+00,8.743465e-01,2.868292e-01,6.562459e-01,6.082198e-01,0.074654,26.8753
0.003,2.515000e+01,-4.988286e+00,8.743465e-01,2.863963e-01,6.558868e-01,6.076340e-01,0.075439,27.1582
0.00303125,2.515000e+01,-4.988540e+00,8.743465e-01,2.859098e-01,6.561938e-01,6.063181e-01,0.076225,27.4411
0.0030625,2.515000e+01,-4.988803e+00,8.743465e-01,2.861040e-01,6.564044e-01,6.065352e-01,0.077011,27.7240
0.00309375,2.515000e+01,-4.989072e+00,8.743465e-01,2.859483e-01,6.560253e-01,6.065557e-01,0.077797,28.0069
0.003125,2.515000e+01,-4.989348e+00,8.743465e-01,2.854736e-01,6.547580e-01,6.067208e-01,0.078583,28.2898
0.00315625,2.515000e+01,-4.989601e+00,8.743465e-01,2.845356e-01,6.541930e-01,6.052497e-01,0.079369,28.5727
0.0031875,2.515000e+01,-4.989830e+00,8.743465e-01,2.838186e-01,6.541309e-01,6.037817e-01,0.080154,28.8556
0.00321875,2.515000e+01,-4.990066e+00,8.743465e-01,2.840569e-01,6.545437e-01,6.039076e-01,0.080940,29.1385
0.00325,2.515000e+01,-4.990310e+00,8.743465e-01,2.842729e-01,6.546311e-01,6.042860e-01,0.081726,29.4214
0.00328125,2.515000e+01,-4.990556e+00,8.743465e-01,2.839760e-01,6.540340e-01,6.042058e-01,0.082512,29.7043
0.0033125,2.515000e+01,-4.990808e+00,8.743465e-01,2.839812e-01,6.537834e-01,6.044485e-01,0.083298,29.9872
0.00334375,2.515000e+01,-4.991072e+00,8.743465e-01,2.838204e-01,6.528015e-01,6.050149e-01,0.084084,30.2701
0.003375,2.515000e+01,-4.991330e+00,8.743465e-01,2.832255e-01,6.520280e-01,6.044630e-01,0.084869,30.5530
0.00340625,2.515000e+01,-4.991586e+00,8.743465e-01,2.829522e-01,6.517874e-01,6.041028e-01,0.085655,30.8359
0.0034375,2.515000e+01,-4.991805e+00,8.743465e-01,2.820695e-01,6.524471e-01,6.016090e-01,0.086441,31.1188
0.00346875,2.515000e+01,-4.992030e+00,8.743465e-01,2.820621e-01,6.523081e-01,6.017215e-01,0.087227,31.4017
0.0035,2.515000e+01,-4.992267e+00,8.743465e-01,2.819359e-01,6.515341e-01,6.021667e-01,0.088013,31.6846
0.00353125,2.515000e+01,-4.992471e+00,8.743465e-01,2.808400e-01,6.510392e-01,6.002820e-01,0.088799,31.9675
0.0035625,2.515000e+01,-4.992663e+00,8.743465e-01,2.802767e-01,6.507454e-01,5.993485e-01,0.089584,32.2504
0.00359375,2.515000e+01,-4.992897e+00,8.743465e-01,2.811781e-01,6.505064e-01,6.014974e-01,0.090370,32.5333
0.003625,2.515000e+01,-4.993143e+00,8.743465e-01,2.809435e-01,6.495718e-01,6.018602e-01,0.091156,32.8162
0.00365625,2.515000e+01,-4.993374e+00,8.743465e-01,2.801516e-01,6.490248e-01,6.006697e-01,0.091942,33.0991
0.0036875,2.515000e+01,-4.993560e+00,8.743465e-01,2.789613e-01,6.490859e-01,5.980611e-01,0.092728,33.3820
0.00371875,2.515000e+01,-4.993770e+00,8.743465e-01,2.793178e-01,6.485257e-01,5.993428e-01,0.093513,33.6649
0.00375,2.515000e+01,-4.994021e+00,8.743465e-01,2.802461e-01,6.482577e-01,6.015831e-01,0.094299,33.9477
0.00378125,2.515000e+01,-4.994261e+00,8.743465e-01,2.796386e-01,6.478359e-01,6.006697e-01,0.095085,34.2306
0.0038125,2.515000e+01,-4.994464e+00,8.743465e-01,2.784355e-01,6.478707e-01,5.980534e-01,0.095871,34.5135
0.00384375,2.515000e+01,-4.994661e+00,8.743465e-01,2.780025e-01,6.474332e-01,5.975269e-01,0.096657,34.7964
0.003875,2.515000e+01,-4.994865e+00,8.743465e-01,2.776008e-01,6.462996e-01,5.977097e-01,0.097443,35.0793
0.00390625,2.515000e+01,-4.995096e+00,8.743465e-01,2.779342e-01,6.456972e-01,5.989862e-01,0.098228,35.3622
0.0039375,2.515000e+01,-4.995313e+00,8.743465e-01,2.776737e-01,6.458968e-01,5.982400e-01,0.099014,35.6451
0.00396875,2.515000e+01,-4.995542e+00,8.743465e-01,2.775455e-01,6.451918e-01,5.986171e-01,0.099800,35.9280
0.004,2.515000e+01,-4.995777e+00,8.743465e-01,2.773310e-01,6.445900e-01,5.987130e-01,0.100586,36.2109
0.00403226,2.515000e+01,-4.995965e+00,8.743465e-01,2.756504e-01,6.437955e-01,5.958190e-01,0.101397,36.5030
0.00406452,2.515000e+01,-4.996147e+00,8.743465e-01,2.751990e-01,6.436412e-01,5.949861e-01,0.102208,36.7950
0.00409677,2.515000e+01,-4.996343e+00,8.743465e-01,2.752545e-01,6.431463e-01,5.955640e-01,0.103019,37.0870
0.00412903,2.515000e+01,-4.996565e+00,8.743465e-01,2.756802e-01,6.428530e-01,5.967569e-01,0.103831,37.3790
0.00416129,2.515000e+01,-4.996793e+00,8.743465e-01,2.754726e-01,6.423265e-01,5.967965e-01,0.104642,37.6710
0.00419355,2.515000e+01,-4.996976e+00,8.743465e-01,2.741868e-01,6.423655e-01,5.939746e-01,0.105453,37.9631
0.00422581,2.515000e+01,-4.997163e+00,8.743465e-01,2.738096e-01,6.414751e-01,5.939810e-01,0.106264,38.2551
0.00425806,2.515000e+01,-4.997375e+00,8.743465e-01,2.740225e-01,6.407744e-01,5.950931e-01,0.107075,38.5471
0.00429032,2.515000e+01,-4.997604e+00,8.743465e-01,2.740015e-01,6.400104e-01,5.957575e-01,0.107886,38.8391
0.00432258,2.515000e+01,-4.997828e+00,8.743465e-01,2.735261e-01,6.394691e-01,5.952274e-01,0.108698,39.1312
0.00435484,2.515000e+01,-4.998021e+00,8.743465e-01,2.724267e-01,6.389884e-01,5.932811e-01,0.109509,39.4232
0.0043871,2.515000e+01,-4.998198e+00,8.743465e-01,2.721151e-01,6.395002e-01,5.921284e-01,0.110320,39.7152
0.00441935,2.515000e+01,-4.998389e+00,8.743465e-01,2.718723e-01,6.386473e-01,5.923898e-01,0.111131,40.0072
0.00445161,2.515000e+01,-4.998581e+00,8.743465e-01,2.715897e-01,6.381797e-01,5.922078e-01,0.111942,40.2992
0.00448387,2.515000e+01,-4.998799e+00,8.743465e-01,2.716829e-01,6.370925e-01,5.934220e-01,0.112754,40.5913
0.00451613,2.515000e+01,-4.999019e+00,8.743465e-01,2.716819e-01,6.370166e-01,5.934903e-01,0.113565,40.8833
0.00454839,2.515000e+01,-4.999225e+00,8.743465e-01,2.709683e-01,6.365728e-01,5.923441e-01,0.114376,41.1754
0.00458065,2.515000e+01,-4.999423e+00,8.743465e-01,2.705506e-01,6.363290e-01,5.916577e-01,0.115187,41.4674
0.0046129,2.515000e+01,-4.999632e+00,8.743465e-01,2.704168e-01,6.355745e-01,5.920669e-01,0.115998,41.7594
0.00464516,2.515000e+01,-4.999843e+00,8.743465e-01,2.698286e-01,6.346484e-01,5.916412e-01,0.116809,42.0514
0.00467742,2.515000e+01,-5.000065e+00,8.743465e-01,2.697049e-01,6.337902e-01,5.921708e-01,0.117621,42.3434
0.00470968,2.515000e+01,-5.000234e+00,8.743465e-01,2.681898e-01,6.337797e-01,5.888544e-01,0.118432,42.6355
0.00474194,2.515000e+01,-5.000398e+00,8.743465e-01,2.678369e-01,6.334464e-01,5.883885e-01,0.119243,42.9275
0.00477419,2.515000e+01,-5.000561e+00,8.743465e-01,2.676292e-01,6.334748e-01,5.879061e-01,0.120054,43.2195
0.00480645,2.515000e+01,-5.000756e+00,8.743465e-01,2.679978e-01,6.326835e-01,5.894519e-01,0.120865,43.5115
0.00483871,2.515000e+01,-5.000967e+00,8.743465e-01,2.679444e-01,6.316699e-01,5.902799e-01,0.121677,43.8036
0.00487097,2.515000e+01,-5.001157e+00,8.743465e-01,2.671901e-01,6.313056e-01,5.889582e-01,0.122488,44.0956
0.00490323,2.515000e+01,-5.001352e+00,8.743465e-01,2.668457e-01,6.306638e-01,5.887975e-01,0.123299,44.3876
0.00493548,2.515000e+01,-5.001551e+00,8.743465e-01,2.667066e-01,6.303842e-01,5.887516e-01,0.124110,44.6796
0.00496774,2.515000e+01,-5.001750e+00,8.743465e-01,2.662896e-01,6.297903e-01,5.883854e-01,0.124921,44.9716
0.005,2.515000e+01,-5.001944e+00,8.743465e-01,2.659182e-01,6.295018e-01,5.878344e-01,0.125732,45.2637
0.00503226,2.515000e+01,-5.002145e+00,8.743465e-01,2.656970e-01,6.288015e-01,5.879991e-01,0.126544,45.5557
0.00506452,2.515000e+01,-5.002334e+00,8.743465e-01,2.649592e-01,6.279659e-01,5.871464e-01,0.127355,45.8477
0.00509677,2.515000e+01,-5.002518e+00,8.743465e-01,2.644481e-01,6.273589e-01,5.865812e-01,0.128166,46.1397
0.00512903,2.515000e+01,-5.002696e+00,8.743465e-01,2.639129e-01,6.269655e-01,5.857614e-01,0.128977,46.4317
0.00516129,2.515000e+01,-5.002899e+00,8.743465e-01,2.643916e-01,6.266454e-01,5.871234e-01,0.129788,46.7238
0.00519355,2.515000e+01,-5.003103e+00,8.743465e-01,2.644143e-01,6.265528e-01,5.872608e-01,0.130600,47.0158
0.00522581,2.515000e+01,-5.003282e+00,8.743465e-01,2.632917e-01,6.257625e-01,5.855061e-01,0.131411,47.3079
0.00525806,2.515000e+01,-5.003466e+00,8.743465e-01,2.628087e-01,6.247653e-01,5.853646e-01,0.132222,47.5998
0.00529032,2.515000e+01,-5.003643e+00,8.743465e-01,2.620712e-01,6.239818e-01,5.844549e-01,0.133033,47.8919
0.00532258,2.515000e+01,-5.003844e+00,8.743465e-01,2.624010e-01,6.235501e-01,5.855959e-01,0.133844,48.1839
0.00535484,2.515000e+01,-5.004042e+00,8.743465e-01,2.622806e-01,6.235769e-01,5.853020e-01,0.134655,48.4759
0.0053871,2.515000e+01,-5.004238e+00,8.743465e-01,2.621032e-01,6.234074e-01,5.850649e-01,0.135467,48.7680
0.00541935,2.515000e+01,-5.004427e+00,8.743465e-01,2.614848e-01,6.227029e-01,5.843451e-01,0.136278,49.0599
0.00545161,2.515000e+01,-5.004615e+00,8.743465e-01,2.609602e-01,6.218005e-01,5.840191e-01,0.137089,49.3520
0.00548387,2.515000e+01,-5.004799e+00,8.743465e-01,2.602928e-01,6.209186e-01,5.833527e-01,0.137900,49.6440
0.00551613,2.515000e+01,-5.004994e+00,8.743465e-01,2.605322e-01,6.207517e-01,5.840459e-01,0.138711,49.9361
0.00554839,2.515000e+01,-5.005189e+00,8.743465e-01,2.604218e-01,6.206637e-01,5.838815e-01,0.139522,50.2281
0.00558065,2.515000e+01,-5.005369e+00,8.743465e-01,2.598926e-01,6.204989e-01,5.828498e-01,0.140334,50.5201
0.0056129,2.515000e+01,-5.005542e+00,8.743465e-01,2.587669e-01,6.189815e-01,5.817476e-01,0.141145,50.8121
0.00564516,2.515000e+01,-5.005715e+00,8.743465e-01,2.582167e-01,6.181028e-01,5.813360e-01,0.141956,51.1041
0.00567742,2.515000e+01,-5.005907e+00,8.743465e-01,2.584255e-01,6.176652e-01,5.822182e-01,0.142767,51.3962
0.00570968,2.515000e+01,-5.006098e+00,8.743465e-01,2.585164e-01,6.178711e-01,5.822290e-01,0.143578,51.6882
0.00574194,2.515000e+01,-5.006286e+00,8.743465e-01,2.582539e-01,6.175368e-01,5.819529e-01,0.144390,51.9803
0.00577419,2.515000e+01,-5.006489e+00,8.743465e-01,2.584404e-01,6.171140e-01,5.827724e-01,0.145201,52.2722
0.00580645,2.515000e+01,-5.006680e+00,8.743465e-01,2.576152e-01,6.164469e-01,5.815398e-01,0.146012,52.5642
0.00583871,2.515000e+01,-5.006872e+00,8.743465e-01,2.570881e-01,6.155524e-01,5.811931e-01,0.146823,52.8563
0.00587097,2.515000e+01,-5.007063e+00,8.743465e-01,2.569393e-01,6.152375e-01,5.811545e-01,0.147634,53.1483
0.00590323,2.515000e+01,-5.007253e+00,8.743465e-01,2.567143e-01,6.148458e-01,5.810151e-01,0.148445,53.4404
0.00593548,2.515000e+01,-5.007454e+00,8.743465e-01,2.567175e-01,6.144393e-01,5.814069e-01,0.149256,53.7323
0.00596774,2.515000e+01,-5.007628e+00,8.743465e-01,2.554830e-01,6.138365e-01,5.791795e-01,0.150068,54.0244
0.006,2.515000e+01,-5.007815e+00,8.743465e-01,2.554718e-01,6.132499e-01,5.797079e-01,0.150879,54.3164
0.00603226,2.515000e+01,-5.008004e+00,8.743465e-01,2.554688e-01,6.131499e-01,5.797954e-01,0.151690,54.6084
0.00606452,2.515000e+01,-5.008196e+00,8.743465e-01,2.552922e-01,6.125855e-01,5.799290e-01,0.152501,54.9005
0.00609677,2.515000e+01,-5.008390e+00,8.743465e-01,2.550378e-01,6.120158e-01,5.798902e-01,0.153312,55.1924
0.00612903,2.515000e+01,-5.008575e+00,8.743465e-01,2.546304e-01,6.118125e-01,5.791560e-01,0.154124,55.4845
0.00616129,2.515000e+01,-5.008762e+00,8.743465e-01,2.543713e-01,6.113287e-01,5.790247e-01,0.154935,55.7765
0.00619355,2.515000e+01,-5.008941e+00,8.743465e-01,2.537878e-01,6.109233e-01,5.780795e-01,0.155746,56.0686
0.00622581,2.515000e+01,-5.009125e+00,8.743465e-01,2.536644e-01,6.104552e-01,5.782420e-01,0.156557,56.3606
0.00625806,2.515000e+01,-5.009317e+00,8.743465e-01,2.536908e-01,6.099308e-01,5.787992e-01,0.157368,56.6525
0.00629032,2.515000e+01,-5.009501e+00,8.743465e-01,2.531241e-01,6.093285e-01,5.780769e-01,0.158179,56.9446
0.00632258,2.515000e+01,-5.009690e+00,8.743465e-01,2.526382e-01,6.084371e-01,5.778128e-01,0.158991,57.2366
0.00635484,2.515000e+01,-5.009883e+00,8.743465e-01,2.526324e-01,6.082654e-01,5.779624e-01,0.159802,57.5287
0.0063871,2.515000e+01,-5.010077e+00,8.743465e-01,2.526886e-01,6.083513e-01,5.780098e-01,0.160613,57.8207
0.00641935,2.515000e+01,-5.010264e+00,8.743465e-01,2.525228e-01,6.081970e-01,5.777765e-01,0.161424,58.1127
0.00645161,2.515000e+01,-5.010453e+00,8.743465e-01,2.522609e-01,6.077389e-01,5.776125e-01,0.162235,58.4047
0.00648387,2.515000e+01,-5.010647e+00,8.743465e-01,2.517441e-01,6.067907e-01,5.773302e-01,0.163047,58.6967
0.00651613,2.515000e+01,-5.010841e+00,8.743465e-01,2.516102e-01,6.065590e-01,5.772433e-01,0.163858,58.9888
0.00654839,2.515000e+01,-5.011028e+00,8.743465e-01,2.509816e-01,6.058224e-01,5.765014e-01,0.164669,59.2808
0.00658065,2.515000e+01,-5.011222e+00,8.743465e-01,2.506774e-01,6.050111e-01,5.765745e-01,0.165480,59.5729
0.0066129,2.515000e+01,-5.011416e+00,8.743465e-01,2.505158e-01,6.048579e-01,5.763487e-01,0.166291,59.8648
0.00664516,2.515000e+01,-5.011609e+00,8.743465e-01,2.505437e-01,6.048684e-01,5.764030e-01,0.167102,60.1569
0.00667742,2.515000e+01,-5.011801e+00,8.743465e-01,2.505759e-01,6.049690e-01,5.763812e-01,0.167914,60.4489
0.00670968,2.515000e+01,-5.011990e+00,8.743465e-01,2.502606e-01,6.045835e-01,5.760232e-01,0.168725,60.7409
0.00674194,2.515000e+01,-5.012176e+00,8.743465e-01,2.498242e-01,6.038980e-01,5.756710e-01,0.169536,61.0330
0.00677419,2.515000e+01,-5.012359e+00,8.743465e-01,2.492695e-01,6.031025e-01,5.751508e-01,0.170347,61.3249
0.00680645,2.515000e+01,-5.012542e+00,8.743465e-01,2.486416e-01,6.021274e-01,5.746311e-01,0.171158,61.6170
0.00683871,2.515000e+01,-5.012725e+00,8.743465e-01,2.486620e-01,6.022469e-01,5.745644e-01,0.171969,61.9090
0.00687097,2.515000e+01,-5.012913e+00,8.743465e-01,2.488914e-01,6.023764e-01,5.749709e-01,0.172781,62.2011
0.00690323,2.515000e+01,-5.013105e+00,8.743465e-01,2.491610e-01,6.026681e-01,5.753149e-01,0.173592,62.4931
0.00693548,2.515000e+01,-5.013299e+00,8.743465e-01,2.488331e-01,6.020516e-01,5.751458e-01,0.174403,62.7850
0.00696774,2.515000e+01,-5.013496e+00,8.743465e-01,2.483726e-01,6.011291e-01,5.749624e-01,0.175214,63.0771
0.007,2.515000e+01,-5.013693e+00,8.743465e-01,2.480400e-01,6.005152e-01,5.747798e-01,0.176025,63.3691
0.00703226,2.515000e+01,-5.013883e+00,8.743465e-01,2.477121e-01,6.002114e-01,5.743102e-01,0.176837,63.6612
0.00706452,2.515000e+01,-5.014069e+00,8.743465e-01,2.476256e-01,6.002425e-01,5.740799e-01,0.177648,63.9532
0.00709677,2.515000e+01,-5.014252e+00,8.743465e-01,2.476152e-01,6.003188e-01,5.739831e-01,0.178459,64.2452
0.00712903,2.515000e+01,-5.014443e+00,8.743465e-01,2.473330e-01,5.994738e-01,5.741370e-01,0.179270,64.5372
0.00716129,2.515000e+01,-5.014662e+00,8.743465e-01,2.469369e-01,5.977873e-01,5.748345e-01,0.180081,64.8292
0.00719355,2.515000e+01,-5.014874e+00,8.743465e-01,2.465761e-01,5.975241e-01,5.742475e-01,0.180892,65.1213
0.00722581,2.515000e+01,-5.015062e+00,8.743465e-01,2.461402e-01,5.977536e-01,5.730123e-01,0.181704,65.4133
0.00725806,2.515000e+01,-5.015241e+00,8.743465e-01,2.462312e-01,5.982133e-01,5.727834e-01,0.182515,65.7053
0.00729032,2.515000e+01,-5.015422e+00,8.743465e-01,2.460869e-01,5.979432e-01,5.727068e-01,0.183326,65.9973
0.00732258,2.515000e+01,-5.015620e+00,8.743465e-01,2.461737e-01,5.972982e-01,5.735275e-01,0.184137,66.2894
0.00735484,2.515000e+01,-5.015824e+00,8.743465e-01,2.460061e-01,5.967691e-01,5.736451e-01,0.184948,66.5814
0.0073871,2.515000e+01,-5.016018e+00,8.743465e-01,2.453985e-01,5.961852e-01,5.727889e-01,0.185760,66.8734
0.00741935,2.515000e+01,-5.016207e+00,8.743465e-01,2.451089e-01,5.959072e-01,5.723800e-01,0.186571,67.1654
0.00745161,2.515000e+01,-5.016386e+00,8.743465e-01,2.447787e-01,5.957597e-01,5.717503e-01,0.187382,67.4574
0.00748387,2.515000e+01,-5.016575e+00,8.743465e-01,2.447623e-01,5.952980e-01,5.721553e-01,0.188193,67.7495
0.00751613,2.515000e+01,-5.016777e+00,8.743465e-01,2.447803e-01,5.948905e-01,5.725890e-01,0.189004,68.0415
0.00754839,2.515000e+01,-5.016985e+00,8.743465e-01,2.445841e-01,5.944956e-01,5.725105e-01,0.189815,68.3336
0.00758065,2.515000e+01,-5.017187e+00,8.743465e-01,2.443788e-01,5.942655e-01,5.722514e-01,0.190627,68.6256
0.0076129,2.515000e+01,-5.017370e+00,8.743465e-01,2.442201e-01,5.946451e-01,5.715145e-01,0.191438,68.9176
0.00764516,2.515000e+01,-5.017557e+00,8.743465e-01,2.440041e-01,5.940265e-01,5.716039e-01,0.192249,69.2096
0.00767742,2.515000e+01,-5.017753e+00,8.743465e-01,2.438593e-01,5.934599e-01,5.718097e-01,0.193060,69.5016
0.00770968,2.515000e+01,-5.017947e+00,8.743465e-01,2.435962e-01,5.930635e-01,5.715746e-01,0.193871,69.7937
0.00774194,2.515000e+01,-5.018154e+00,8.743465e-01,2.434194e-01,5.921489e-01,5.720422e-01,0.194683,70.0857
0.00777419,2.515000e+01,-5.018376e+00,8.743465e-01,2.431793e-01,5.911607e-01,5.724333e-01,0.195494,70.3777
0.00780645,2.515000e+01,-5.018586e+00,8.743465e-01,2.426870e-01,5.909043e-01,5.715222e-01,0.196305,70.6697
0.00783871,2.515000e+01,-5.018785e+00,8.743465e-01,2.424382e-01,5.908990e-01,5.709415e-01,0.197116,70.9617
0.00787097,2.515000e+01,-5.018981e+00,8.743465e-01,2.425425e-01,5.913144e-01,5.707860e-01,0.197927,71.2538
0.00790323,2.515000e+01,-5.019174e+00,8.743465e-01,2.424169e-01,5.912349e-01,5.705671e-01,0.198738,71.5458
0.00793548,2.515000e+01,-5.019356e+00,8.743465e-01,2.420846e-01,5.911644e-01,5.698525e-01,0.199549,71.8378
0.00796774,2.515000e+01,-5.019554e+00,8.743465e-01,2.417996e-01,5.897907e-01,5.705079e-01,0.200361,72.1298
0.008,2.515000e+01,-5.019766e+00,8.743465e-01,2.417939e-01,5.892263e-01,5.710405e-01,0.201172,72.4219
0.00803333,2.515000e+01,-5.019984e+00,8.743465e-01,2.415721e-01,5.883033e-01,5.714118e-01,0.202010,72.7236
0.00806667,2.515000e+01,-5.020181e+00,8.743465e-01,2.411409e-01,5.886466e-01,5.700592e-01,0.202848,73.0254
0.0081,2.515000e+01,-5.020384e+00,8.743465e-01,2.411697e-01,5.886561e-01,5.701180e-01,0.203686,73.3271
0.00813333,2.515000e+01,-5.020604e+00,8.743465e-01,2.413185e-01,5.883770e-01,5.707406e-01,0.204525,73.6289
0.00816667,2.515000e+01,-5.020827e+00,8.743465e-01,2.409142e-01,5.875656e-01,5.705705e-01,0.205363,73.9307
0.0082,2.515000e+01,-5.021029e+00,8.743465e-01,2.406035e-01,5.878157e-01,5.695930e-01,0.206201,74.2324
0.00823333,2.515000e+01,-5.021225e+00,8.743465e-01,2.402781e-01,5.875351e-01,5.690940e-01,0.207039,74.5341
0.00826667,2.515000e+01,-5.021427e+00,8.743465e-01,2.403086e-01,5.873219e-01,5.693730e-01,0.207878,74.8360
0.0083,2.515000e+01,-5.021627e+00,8.743465e-01,2.397984e-01,5.865095e-01,5.689510e-01,0.208716,75.1377
0.00833333,2.515000e+01,-5.021842e+00,8.743465e-01,2.393046e-01,5.848420e-01,5.693985e-01,0.209554,75.4394
0.00836667,2.515000e+01,-5.022074e+00,8.743465e-01,2.393113e-01,5.843687e-01,5.698755e-01,0.210392,75.7412
0.0084,2.515000e+01,-5.022301e+00,8.743465e-01,2.392892e-01,5.844387e-01,5.697547e-01,0.211230,76.0430
0.00843333,2.515000e+01,-5.022504e+00,8.743465e-01,2.389833e-01,5.849652e-01,5.685141e-01,0.212069,76.3447
0.00846667,2.515000e+01,-5.022709e+00,8.743465e-01,2.388915e-01,5.847783e-01,5.684774e-01,0.212907,76.6465
0.0085,2.515000e+01,-5.022937e+00,8.743465e-01,2.391307e-01,5.843276e-01,5.694855e-01,0.213745,76.9482
0.00853333,2.515000e+01,-5.023146e+00,8.743465e-01,2.384694e-01,5.839817e-01,5.682468e-01,0.214583,77.2500
0.00856667,2.515000e+01,-5.023356e+00,8.743465e-01,2.380117e-01,5.831129e-01,5.680011e-01,0.215422,77.5518
0.0086,2.515000e+01,-5.023567e+00,8.743465e-01,2.380007e-01,5.830935e-01,5.679942e-01,0.216260,77.8535
0.00863333,2.515000e+01,-5.023794e+00,8.743465e-01,2.382662e-01,5.827607e-01,5.689521e-01,0.217098,78.1552
0.00866667,2.515000e+01,-5.024021e+00,8.743465e-01,2.377361e-01,5.817803e-01,5.686432e-01,0.217936,78.4571
0.0087,2.515000e+01,-5.024239e+00,8.743465e-01,2.368691e-01,5.807405e-01,5.675839e-01,0.218774,78.7588
0.00873333,2.515000e+01,-5.024450e+00,8.743465e-01,2.366365e-01,5.807305e-01,5.670362e-01,0.219613,79.0605
0.00876667,2.515000e+01,-5.024650e+00,8.743465e-01,2.367769e-01,5.815439e-01,5.665788e-01,0.220451,79.3623
0.0088,2.515000e+01,-5.024853e+00,8.743465e-01,2.368433e-01,5.815918e-01,5.666909e-01,0.221289,79.6641
0.00883333,2.515000e+01,-5.025074e+00,8.743465e-01,2.368976e-01,5.809685e-01,5.674293e-01,0.222127,79.9658
0.00886667,2.515000e+01,-5.025309e+00,8.743465e-01,2.369402e-01,5.804140e-01,5.680733e-01,0.222966,80.2676
0.0089,2.515000e+01,-5.025525e+00,8.743465e-01,2.363448e-01,5.800402e-01,5.670111e-01,0.223804,80.5693
0.00893333,2.515000e+01,-5.025739e+00,8.743465e-01,2.357278e-01,5.789904e-01,5.665562e-01,0.224642,80.8711
0.00896667,2.515000e+01,-5.025970e+00,8.743465e-01,2.360128e-01,5.788714e-01,5.673582e-01,0.225480,81.1729
0.009,2.515000e+01,-5.026207e+00,8.743465e-01,2.359196e-01,5.784101e-01,5.675859e-01,0.226318,81.4746
0.00903333,2.515000e+01,-5.026442e+00,8.743465e-01,2.355333e-01,5.779479e-01,5.671104e-01,0.227156,81.7763
0.00906667,2.515000e+01,-5.026656e+00,8.743465e-01,2.349110e-01,5.778389e-01,5.657183e-01,0.227995,82.0781
0.0091,2.515000e+01,-5.026858e+00,8.743465e-01,2.348258e-01,5.782796e-01,5.650821e-01,0.228833,82.3799
0.00913333,2.515000e+01,-5.027066e+00,8.743465e-01,2.349280e-01,5.781674e-01,5.654377e-01,0.229671,82.6816
0.00916667,2.515000e+01,-5.027314e+00,8.743465e-01,2.353404e-01,5.772181e-01,5.673619e-01,0.230509,82.9834
0.0092,2.515000e+01,-5.027550e+00,8.743465e-01,2.349603e-01,5.771391e-01,5.665231e-01,0.231348,83.2851
0.00923333,2.515000e+01,-5.027751e+00,8.743465e-01,2.341756e-01,5.772881e-01,5.644855e-01,0.232186,83.5869
0.00926667,2.515000e+01,-5.027957e+00,8.743465e-01,2.337257e-01,5.762072e-01,5.644576e-01,0.233024,83.8887
0.0093,2.515000e+01,-5.028196e+00,8.743465e-01,2.339986e-01,5.752848e-01,5.660231e-01,0.233862,84.1904
0.00933333,2.515000e+01,-5.028446e+00,8.743465e-01,2.342416e-01,5.753011e-01,5.665947e-01,0.234700,84.4921
0.00936667,2.515000e+01,-5.028662e+00,8.743465e-01,2.335377e-01,5.755954e-01,5.646032e-01,0.235539,84.7940
0.0094,2.515000e+01,-5.028898e+00,8.743465e-01,2.335022e-01,5.748809e-01,5.652194e-01,0.236377,85.0957
0.00943333,2.515000e+01,-5.029127e+00,8.743465e-01,2.332569e-01,5.748588e-01,5.646471e-01,0.237215,85.3974
0.00946667,2.515000e+01,-5.029344e+00,8.743465e-01,2.332849e-01,5.754375e-01,5.641470e-01,0.238053,85.6992
0.0095,2.515000e+01,-5.029554e+00,8.743465e-01,2.329610e-01,5.750263e-01,5.637662e-01,0.238892,86.0010
0.00953333,2.515000e+01,-5.029795e+00,8.743465e-01,2.329782e-01,5.736236e-01,5.651866e-01,0.239730,86.3027
0.00956667,2.515000e+01,-5.030031e+00,8.743465e-01,2.327474e-01,5.734478e-01,5.647997e-01,0.240568,86.6045
0.0096,2.515000e+01,-5.030235e+00,8.743465e-01,2.321501e-01,5.739932e-01,5.628149e-01,0.241406,86.9062
0.00963333,2.515000e+01,-5.030466e+00,8.743465e-01,2.321030e-01,5.728402e-01,5.638336e-01,0.242244,87.2080
0.00966667,2.515000e+01,-5.030729e+00,8.743465e-01,2.325651e-01,5.723363e-01,5.654538e-01,0.243083,87.5098
0.0097,2.515000e+01,-5.031013e+00,8.743465e-01,2.329120e-01,5.721315e-01,5.665002e-01,0.243921,87.8115
0.00973333,2.515000e+01,-5.031229e+00,8.743465e-01,2.315687e-01,5.725659e-01,5.628053e-01,0.244759,88.1132
0.00976667,2.515000e+01,-5.031416e+00,8.743465e-01,2.309548e-01,5.727759e-01,5.611068e-01,0.245597,88.4151
0.0098,2.515000e+01,-5.031625e+00,8.743465e-01,2.313793e-01,5.726859e-01,5.622271e-01,0.246436,88.7168
0.00983333,2.515000e+01,-5.031859e+00,8.743465e-01,2.318121e-01,5.725727e-01,5.633898e-01,0.247274,89.0185
0.00986667,2.515000e+01,-5.032139e+00,8.743465e-01,2.316354e-01,5.701255e-01,5.653771e-01,0.248112,89.3203
0.0099,2.515000e+01,-5.032376e+00,8.743465e-01,2.302423e-01,5.692352e-01,5.628560e-01,0.248950,89.6221
0.00993333,2.515000e+01,-5.032586e+00,8.743465e-01,2.298659e-01,5.698022e-01,5.613765e-01,0.249788,89.9238
0.00996667,2.515000e+01,-5.032795e+00,8.743465e-01,2.303389e-01,5.710816e-01,5.612713e-01,0.250627,90.2256
0.01,2.515000e+01,-5.033025e+00,8.743465e-01,2.304094e-01,5.704372e-01,5.620776e-01,0.251465,90.5273
0.0100333,2.515000e+01,-5.033278e+00,8.743465e-01,2.305934e-01,5.698143e-01,5.631409e-01,0.252302,90.8288
0.0100667,2.515000e+01,-5.033540e+00,8.743465e-01,2.308923e-01,5.699917e-01,5.636951e-01,0.253142,91.1311
0.0101,2.515000e+01,-5.033784e+00,8.743465e-01,2.303401e-01,5.696532e-01,5.626819e-01,0.253979,91.4326
0.0101333,2.515000e+01,-5.034005e+00,8.743465e-01,2.297267e-01,5.695784e-01,5.612568e-01,0.254817,91.7341
0.0101667,2.515000e+01,-5.034229e+00,8.743465e-01,2.297079e-01,5.694747e-01,5.613129e-01,0.255657,92.0364
0.0102,2.515000e+01,-5.034484e+00,8.743465e-01,2.299174e-01,5.687334e-01,5.625578e-01,0.256494,92.3379
0.0102333,2.515000e+01,-5.034767e+00,8.743465e-01,2.299263e-01,5.674829e-01,5.638187e-01,0.257331,92.6393
0.0102667,2.515000e+01,-5.035008e+00,8.743465e-01,2.288039e-01,5.672223e-01,5.613240e-01,0.258171,92.9417
0.0103,2.515000e+01,-5.035224e+00,8.743465e-01,2.284972e-01,5.677562e-01,5.600444e-01,0.259009,93.2432
0.0103333,2.515000e+01,-5.035446e+00,8.743465e-01,2.288702e-01,5.684312e-01,5.602927e-01,0.259846,93.5446
0.0103667,2.515000e+01,-5.035690e+00,8.743465e-01,2.291572e-01,5.681784e-01,5.612450e-01,0.260686,93.8470
0.0104,2.515000e+01,-5.035910e+00,8.743465e-01,2.284605e-01,5.680147e-01,5.596999e-01,0.261523,94.1484
0.0104333,2.515000e+01,-5.036108e+00,8.743465e-01,2.279046e-01,5.679152e-01,5.584361e-01,0.262361,94.4499
0.0104667,2.515000e+01,-5.036375e+00,8.743465e-01,2.286408e-01,5.661777e-01,5.619589e-01,0.263201,94.7522
0.0105,2.515000e+01,-5.036674e+00,8.743465e-01,2.291554e-01,5.658323e-01,5.635678e-01,0.264038,95.0537
0.0105333,2.515000e+01,-5.036945e+00,8.743465e-01,2.287117e-01,5.663894e-01,5.619233e-01,0.264875,95.3552
0.0105667,2.515000e+01,-5.037181e+00,8.743465e-01,2.280172e-01,5.667885e-01,5.598226e-01,0.265715,95.6575
0.0106,2.515000e+01,-5.037421e+00,8.743465e-01,2.276490e-01,5.660008e-01,5.596965e-01,0.266553,95.9590
0.0106333,2.515000e+01,-5.037656e+00,8.743465e-01,2.272805e-01,5.656075e-01,5.591790e-01,0.267390,96.2604
0.0106667,2.515000e+01,-5.037879e+00,8.743465e-01,2.273613e-01,5.663025e-01,5.586916e-01,0.268230,96.5628
0.0107,2.515000e+01,-5.038134e+00,8.743465e-01,2.278688e-01,5.659624e-01,5.602748e-01,0.269067,96.8642
0.0107333,2.515000e+01,-5.038417e+00,8.743465e-01,2.281949e-01,5.655053e-01,5.615300e-01,0.269905,97.1657
0.0107667,2.515000e+01,-5.038651e+00,8.743465e-01,2.270910e-01,5.656512e-01,5.586695e-01,0.270745,97.4681
0.0108,2.515000e+01,-5.038877e+00,8.743465e-01,2.267285e-01,5.654011e-01,5.580244e-01,0.271582,97.7695
0.0108333,2.515000e+01,-5.039130e+00,8.743465e-01,2.270246e-01,5.647940e-01,5.593542e-01,0.272419,98.0710
0.0108667,2.515000e+01,-5.039405e+00,8.743465e-01,2.272689e-01,5.644844e-01,5.602625e-01,0.273259,98.3733
0.0109,2.515000e+01,-5.039680e+00,8.743465e-01,2.273180e-01,5.647040e-01,5.601659e-01,0.274097,98.6748
0.0109333,2.515000e+01,-5.039928e+00,8.743465e-01,2.266223e-01,5.646935e-01,5.584614e-01,0.274934,98.9762
0.0109667,2.515000e+01,-5.040178e+00,8.743465e-01,2.265276e-01,5.645629e-01,5.583578e-01,0.275774,99.2786
0.011,2.515000e+01,-5.040413e+00,8.743465e-01,2.261973e-01,5.646550e-01,5.574529e-01,0.276611,99.5801
0.0110333,2.515000e+01,-5.040674e+00,8.743465e-01,2.266813e-01,5.645055e-01,5.587934e-01,0.277449,99.8815
0.0110667,2.515000e+01,-5.040975e+00,8.743465e-01,2.272253e-01,5.638195e-01,5.608157e-01,0.278289,100.1839
0.0111,2.515000e+01,-5.041244e+00,8.743465e-01,2.264644e-01,5.638853e-01,5.588731e-01,0.279126,100.4853
0.0111333,2.515000e+01,-5.041473e+00,8.743465e-01,2.255410e-01,5.640817e-01,5.564000e-01,0.279963,100.7868
0.0111667,2.515000e+01,-5.041727e+00,8.743465e-01,2.257339e-01,5.635525e-01,5.573989e-01,0.280803,101.0892
0.0112,2.515000e+01,-5.042000e+00,8.743465e-01,2.258495e-01,5.631023e-01,5.581301e-01,0.281641,101.3906
0.0112333,2.515000e+01,-5.042282e+00,8.743465e-01,2.260692e-01,5.632245e-01,5.585519e-01,0.282478,101.6921
0.0112667,2.515000e+01,-5.042541e+00,8.743465e-01,2.258255e-01,5.638416e-01,5.573393e-01,0.283318,101.9944
0.0113,2.515000e+01,-5.042814e+00,8.743465e-01,2.259927e-01,5.635441e-01,5.580462e-01,0.284155,102.2959
0.0113333,2.515000e+01,-5.043096e+00,8.743465e-01,2.259513e-01,5.632961e-01,5.581899e-01,0.284993,102.5973
0.0113667,2.515000e+01,-5.043363e+00,8.743465e-01,2.255304e-01,5.633309e-01,5.571155e-01,0.285833,102.8997
0.0114,2.515000e+01,-5.043637e+00,8.743465e-01,2.255600e-01,5.632498e-01,5.572690e-01,0.286670,103.2012
0.0114333,2.515000e+01,-5.043903e+00,8.743465e-01,2.252932e-01,5.632413e-01,5.566178e-01,0.287507,103.5026
0.0114667,2.515000e+01,-5.044148e+00,8.743465e-01,2.246551e-01,5.630692e-01,5.552110e-01,0.288347,103.8050
0.0115,2.515000e+01,-5.044415e+00,8.743465e-01,2.248861e-01,5.627459e-01,5.561010e-01,0.289185,104.1064
0.0115333,2.515000e+01,-5.044727e+00,8.743465e-01,2.255677e-01,5.621246e-01,5.584033e-01,0.290022,104.4079
0.0115667,2.515000e+01,-5.045052e+00,8.743465e-01,2.257127e-01,5.620130e-01,5.588735e-01,0.290862,104.7102
0.0116,2.515000e+01,-5.045331e+00,8.743465e-01,2.248824e-01,5.625542e-01,5.562816e-01,0.291699,105.0117
0.0116333,2.515000e+01,-5.045587e+00,8.743465e-01,2.245307e-01,5.629907e-01,5.549810e-01,0.292537,105.3132
0.0116667,2.515000e+01,-5.045861e+00,8.743465e-01,2.246853e-01,5.627743e-01,5.555770e-01,0.293376,105.6155
0.0117,2.515000e+01,-5.046149e+00,8.743465e-01,2.247803e-01,5.624753e-01,5.561070e-01,0.294214,105.9170
0.0117333,2.515000e+01,-5.046457e+00,8.743465e-01,2.248845e-01,5.619625e-01,5.568726e-01,0.295051,106.2184
0.0117667,2.515000e+01,-5.046774e+00,8.743465e-01,2.247947e-01,5.614217e-01,5.571863e-01,0.295891,106.5208
0.0118,2.515000e+01,-5.047085e+00,8.743465e-01,2.246293e-01,5.615670e-01,5.566319e-01,0.296728,106.8223
0.0118333,2.515000e+01,-5.047367e+00,8.743465e-01,2.240832e-01,5.620746e-01,5.547775e-01,0.297566,107.1237
0.0118667,2.515000e+01,-5.047661e+00,8.743465e-01,2.241854e-01,5.619367e-01,5.551673e-01,0.298406,107.4261
0.0119,2.515000e+01,-5.047973e+00,8.743465e-01,2.244085e-01,5.617292e-01,5.559245e-01,0.299243,107.7275
0.0119333,2.515000e+01,-5.048280e+00,8.743465e-01,2.241605e-01,5.615244e-01,5.555132e-01,0.300081,108.0290
0.0119667,2.515000e+01,-5.048560e+00,8.743465e-01,2.236214e-01,5.619609e-01,5.537464e-01,0.300920,108.3313
0.012,2.515000e+01,-5.048852e+00,8.743465e-01,2.237726e-01,5.618972e-01,5.541837e-01,0.301758,108.6328
0.0120333,2.515000e+01,-5.049156e+00,8.743465e-01,2.239214e-01,5.619230e-01,5.545271e-01,0.302595,108.9343
0.0120667,2.515000e+01,-5.049475e+00,8.743465e-01,2.239073e-01,5.614796e-01,5.549294e-01,0.303435,109.2366
0.0121,2.515000e+01,-5.049812e+00,8.743465e-01,2.238762e-01,5.606620e-01,5.556615e-01,0.304272,109.5381
0.0121333,2.515000e+01,-5.050149e+00,8.743465e-01,2.237940e-01,5.605461e-01,5.555728e-01,0.305110,109.8395
0.0121667,2.515000e+01,-5.050482e+00,8.743465e-01,2.238120e-01,5.610116e-01,5.551564e-01,0.305950,110.1419
0.0122,2.515000e+01,-5.050791e+00,8.743465e-01,2.234430e-01,5.617097e-01,5.535522e-01,0.306787,110.4433
0.0122333,2.515000e+01,-5.051106e+00,8.743465e-01,2.234785e-01,5.617018e-01,5.536477e-01,0.307624,110.7448
0.0122667,2.515000e+01,-5.051406e+00,8.743465e-01,2.230076e-01,5.615749e-01,5.526062e-01,0.308464,111.0472
0.0123,2.515000e+01,-5.051703e+00,8.743465e-01,2.227824e-01,5.613949e-01,5.522249e-01,0.309302,111.3486
0.0123333,2.515000e+01,-5.052059e+00,8.743465e-01,2.235974e-01,5.605109e-01,5.551193e-01,0.310139,111.6501
0.0123667,2.515000e+01,-5.052453e+00,8.743465e-01,2.242149e-01,5.601607e-01,5.570002e-01,0.310979,111.9524
0.0124,2.515000e+01,-5.052827e+00,8.743465e-01,2.238153e-01,5.604245e-01,5.557457e-01,0.311816,112.2539
0.0124333,2.515000e+01,-5.053139e+00,8.743465e-01,2.225801e-01,5.611300e-01,5.519843e-01,0.312654,112.5553
0.0124667,2.515000e+01,-5.053437e+00,8.743465e-01,2.220914e-01,5.610400e-01,5.508608e-01,0.313494,112.8577
0.0125,2.515000e+01,-5.053773e+00,8.743465e-01,2.227273e-01,5.607483e-01,5.527250e-01,0.314331,113.1592
0.0125333,2.515000e+01,-5.054135e+00,8.743465e-01,2.231234e-01,5.605214e-01,5.539323e-01,0.315168,113.4606
0.0125667,2.515000e+01,-5.054495e+00,8.743465e-01,2.231445e-01,5.609273e-01,5.535834e-01,0.316008,113.7630
0.0126,2.515000e+01,-5.054842e+00,8.743465e-01,2.227098e-01,5.608426e-01,5.525887e-01,0.316846,114.0644
0.0126333,2.515000e+01,-5.055169e+00,8.743465e-01,2.221396e-01,5.608494e-01,5.511669e-01,0.317683,114.3659
0.0126667,2.515000e+01,-5.055507e+00,8.743465e-01,2.220799e-01,5.605014e-01,5.513614e-01,0.318523,114.6683
0.0127,2.515000e+01,-5.055907e+00,8.743465e-01,2.229056e-01,5.595247e-01,5.543777e-01,0.319360,114.9697
0.0127333,2.515000e+01,-5.056339e+00,8.743465e-01,2.234361e-01,5.593315e-01,5.558890e-01,0.320198,115.2712
0.0127667,2.515000e+01,-5.056736e+00,8.743465e-01,2.228183e-01,5.600323e-01,5.536584e-01,0.321038,115.5735
0.0128,2.515000e+01,-5.057053e+00,8.743465e-01,2.213673e-01,5.611316e-01,5.489749e-01,0.321875,115.8750
0.0128333,2.515000e+01,-5.057373e+00,8.743465e-01,2.212322e-01,5.609173e-01,5.488497e-01,0.322712,116.1764
0.0128667,2.515000e+01,-5.057740e+00,8.743465e-01,2.219079e-01,5.604292e-01,5.510055e-01,0.323552,116.4788
0.0129,2.515000e+01,-5.058139e+00,8.743465e-01,2.223509e-01,5.599048e-01,5.526225e-01,0.324390,116.7803
0.0129333,2.515000e+01,-5.058539e+00,8.743465e-01,2.222610e-01,5.596084e-01,5.526911e-01,0.325227,117.0817
0.0129667,2.515000e+01,-5.058911e+00,8.743465e-01,2.216598e-01,5.598975e-01,5.509116e-01,0.326067,117.3841
0.013,2.515000e+01,-5.059294e+00,8.743465e-01,2.218359e-01,5.602018e-01,5.510497e-01,0.326904,117.6855
0.0130323,2.515000e+01,-5.059666e+00,8.743465e-01,2.217923e-01,5.610874e-01,5.500721e-01,0.327716,117.9779
0.0130645,2.515000e+01,-5.060072e+00,8.743465e-01,2.219765e-01,5.597664e-01,5.518280e-01,0.328526,118.2694
0.0130968,2.515000e+01,-5.060466e+00,8.743465e-01,2.215048e-01,5.593925e-01,5.510237e-01,0.329338,118.5618
0.013129,2.515000e+01,-5.060846e+00,8.743465e-01,2.211692e-01,5.595358e-01,5.500479e-01,0.330148,118.8533
0.0131613,2.515000e+01,-5.061205e+00,8.743465e-01,2.209121e-01,5.601386e-01,5.488169e-01,0.330960,119.1457
0.0131935,2.515000e+01,-5.061567e+00,8.743465e-01,2.209394e-01,5.602181e-01,5.488067e-01,0.331770,119.4372
0.0132258,2.515000e+01,-5.061955e+00,8.743465e-01,2.214131e-01,5.600233e-01,5.501749e-01,0.332582,119.7296
0.0132581,2.515000e+01,-5.062351e+00,8.743465e-01,2.215179e-01,5.599612e-01,5.504965e-01,0.333395,120.0220
0.0132903,2.515000e+01,-5.062783e+00,8.743465e-01,2.220247e-01,5.592051e-01,5.525022e-01,0.334204,120.3135
0.0133226,2.515000e+01,-5.063205e+00,8.743465e-01,2.216277e-01,5.590398e-01,5.516773e-01,0.335017,120.6059
0.0133548,2.515000e+01,-5.063616e+00,8.743465e-01,2.213078e-01,5.592041e-01,5.507191e-01,0.335826,120.8974
0.0133871,2.515000e+01,-5.063990e+00,8.743465e-01,2.206389e-01,5.600575e-01,5.482178e-01,0.336638,121.1898
0.0134194,2.515000e+01,-5.064374e+00,8.743465e-01,2.207361e-01,5.598569e-01,5.486558e-01,0.337451,121.4822
0.0134516,2.515000e+01,-5.064756e+00,8.743465e-01,2.205338e-01,5.595621e-01,5.484414e-01,0.338260,121.7737
0.0134839,2.515000e+01,-5.065127e+00,8.743465e-01,2.201403e-01,5.593299e-01,5.476907e-01,0.339073,122.0661
0.0135161,2.515000e+01,-5.065498e+00,8.743465e-01,2.201126e-01,5.595473e-01,5.474092e-01,0.339882,122.3576
0.0135484,2.515000e+01,-5.065912e+00,8.743465e-01,2.209963e-01,5.593267e-01,5.498234e-01,0.340695,122.6500
0.0135806,2.515000e+01,-5.066341e+00,8.743465e-01,2.210684e-01,5.587986e-01,5.505225e-01,0.341504,122.9415
0.0136129,2.515000e+01,-5.066725e+00,8.743465e-01,2.200028e-01,5.590119e-01,5.476599e-01,0.342317,123.2340
0.0136452,2.515000e+01,-5.067098e+00,8.743465e-01,2.198354e-01,5.590919e-01,5.471649e-01,0.343129,123.5264
0.0136774,2.515000e+01,-5.067522e+00,8.743465e-01,2.208682e-01,5.587360e-01,5.500854e-01,0.343938,123.8179
0.0137097,2.515000e+01,-5.067964e+00,8.743465e-01,2.211717e-01,5.586375e-01,5.509383e-01,0.344751,124.1103
0.0137419,2.515000e+01,-5.068375e+00,8.743465e-01,2.205232e-01,5.591277e-01,5.488414e-01,0.345560,124.4018
0.0137742,2.515000e+01,-5.068745e+00,8.743465e-01,2.194603e-01,5.589440e-01,5.463754e-01,0.346373,124.6942
0.0138065,2.515000e+01,-5.069132e+00,8.743465e-01,2.197363e-01,5.586091e-01,5.473905e-01,0.347185,124.9866
0.0138387,2.515000e+01,-5.069533e+00,8.743465e-01,2.198547e-01,5.581310e-01,5.481551e-01,0.347995,125.2781
0.013871,2.515000e+01,-5.069931e+00,8.743465e-01,2.199172e-01,5.584343e-01,5.480130e-01,0.348807,125.5705
0.0139032,2.515000e+01,-5.070360e+00,8.743465e-01,2.205742e-01,5.583106e-01,5.497717e-01,0.349617,125.8620
0.0139355,2.515000e+01,-5.070799e+00,8.743465e-01,2.206773e-01,5.581273e-01,5.502095e-01,0.350429,126.1544
0.0139677,2.515000e+01,-5.071181e+00,8.743465e-01,2.193454e-01,5.581984e-01,5.468191e-01,0.351239,126.4459
0.014,2.515000e+01,-5.071526e+00,8.743465e-01,2.184216e-01,5.581626e-01,5.445509e-01,0.352051,126.7383
0.0140323,2.515000e+01,-5.071883e+00,8.743465e-01,2.186698e-01,5.578630e-01,5.454624e-01,0.352863,127.0307
0.0140645,2.515000e+01,-5.072288e+00,8.743465e-01,2.198285e-01,5.580173e-01,5.482015e-01,0.353673,127.3222
0.0140968,2.515000e+01,-5.072692e+00,8.743465e-01,2.197127e-01,5.576556e-01,5.482681e-01,0.354485,127.6146
0.014129,2.515000e+01,-5.073047e+00,8.743465e-01,2.187874e-01,5.581052e-01,5.455191e-01,0.355295,127.9061
0.0141613,2.515000e+01,-5.073394e+00,8.743465e-01,2.186085e-01,5.578851e-01,5.452880e-01,0.356107,128.1985
0.0141935,2.515000e+01,-5.073767e+00,8.743465e-01,2.189999e-01,5.574134e-01,5.467266e-01,0.356917,128.4900
0.0142258,2.515000e+01,-5.074170e+00,8.743465e-01,2.195942e-01,5.571270e-01,5.484922e-01,0.357729,128.7824
0.0142581,2.515000e+01,-5.074582e+00,8.743465e-01,2.198065e-01,5.570448e-01,5.491036e-01,0.358541,129.0748
0.0142903,2.515000e+01,-5.074965e+00,8.743465e-01,2.191948e-01,5.570891e-01,5.475320e-01,0.359351,129.3663
0.0143226,2.515000e+01,-5.075316e+00,8.743465e-01,2.186670e-01,5.574392e-01,5.458702e-01,0.360163,129.6587
0.0143548,2.515000e+01,-5.075624e+00,8.743465e-01,2.175260e-01,5.570643e-01,5.433875e-01,0.360973,129.9502
0.0143871,2.515000e+01,-5.075950e+00,8.743465e-01,2.179224e-01,5.569306e-01,5.445081e-01,0.361785,130.2426
0.0144194,2.515000e+01,-5.076323e+00,8.743465e-01,2.188348e-01,5.564778e-01,5.472332e-01,0.362597,130.5350
0.0144516,2.515000e+01,-5.076696e+00,8.743465e-01,2.188640e-01,5.564925e-01,5.472911e-01,0.363407,130.8265
0.0144839,2.515000e+01,-5.077053e+00,8.743465e-01,2.185329e-01,5.566057e-01,5.463519e-01,0.364219,131.1189
0.0145161,2.515000e+01,-5.077388e+00,8.743465e-01,2.180471e-01,5.566500e-01,5.450948e-01,0.365029,131.4104
0.0145484,2.515000e+01,-5.077741e+00,8.743465e-01,2.183341e-01,5.562835e-01,5.461714e-01,0.365841,131.7028
0.0145806,2.515000e+01,-5.078098e+00,8.743465e-01,2.182158e-01,5.559186e-01,5.462341e-01,0.366651,131.9943
0.0146129,2.515000e+01,-5.078476e+00,8.743465e-01,2.185244e-01,5.555495e-01,5.473697e-01,0.367463,132.2867
0.0146452,2.515000e+01,-5.078813e+00,8.743465e-01,2.177132e-01,5.559207e-01,5.449738e-01,0.368275,132.5791
0.0146774,2.515000e+01,-5.079115e+00,8.743465e-01,2.169245e-01,5.559502e-01,5.429709e-01,0.369085,132.8706
0.0147097,2.515000e+01,-5.079385e+00,8.743465e-01,2.162347e-01,5.558828e-01,5.413096e-01,0.369897,133.1630
0.0147419,2.515000e+01,-5.079713e+00,8.743465e-01,2.174723e-01,5.557133e-01,5.445742e-01,0.370707,133.4545
0.0147742,2.515000e+01,-5.080071e+00,8.743465e-01,2.180658e-01,5.554232e-01,5.463451e-01,0.371519,133.7469
0.0148065,2.515000e+01,-5.080427e+00,8.743465e-01,2.179628e-01,5.553953e-01,5.461152e-01,0.372331,134.0393
0.0148387,2.515000e+01,-5.080773e+00,8.743465e-01,2.176315e-01,5.552131e-01,5.454637e-01,0.373141,134.3308
0.014871,2.515000e+01,-5.081106e+00,8.743465e-01,2.173043e-01,5.550483e-01,5.448052e-01,0.373953,134.6232
0.0149032,2.515000e+01,-5.081451e+00,8.743465e-01,2.174484e-01,5.548388e-01,5.453720e-01,0.374763,134.9147
0.0149355,2.515000e+01,-5.081770e+00,8.743465e-01,2.168650e-01,5.550146e-01,5.437369e-01,0.375575,135.2071
0.0149677,2.515000e+01,-5.082097e+00,8.743465e-01,2.168421e-01,5.544560e-01,5.442272e-01,0.376385,135.4986
0.015,2.515000e+01,-5.082437e+00,8.743465e-01,2.170973e-01,5.545934e-01,5.447327e-01,0.377197,135.7910
0.0150323,2.515000e+01,-5.082739e+00,8.743465e-01,2.161335e-01,5.541969e-01,5.427021e-01,0.378009,136.0834
0.0150645,2.515000e+01,-5.083033e+00,8.743465e-01,2.158595e-01,5.540616e-01,5.421465e-01,0.378819,136.3749
0.0150968,2.515000e+01,-5.083360e+00,8.743465e-01,2.166105e-01,5.539937e-01,5.440995e-01,0.379631,136.6673
0.015129,2.515000e+01,-5.083711e+00,8.743465e-01,2.173112e-01,5.543491e-01,5.455095e-01,0.380441,136.9588
0.0151613,2.515000e+01,-5.084043e+00,8.743465e-01,2.168981e-01,5.545186e-01,5.443060e-01,0.381253,137.2512
0.0151935,2.515000e+01,-5.084357e+00,8.743465e-01,2.162784e-01,5.539784e-01,5.432808e-01,0.382063,137.5427
0.0152258,2.515000e+01,-5.084663e+00,8.743465e-01,2.158290e-01,5.532624e-01,5.428534e-01,0.382875,137.8351
0.0152581,2.515000e+01,-5.084983e+00,8.743465e-01,2.159897e-01,5.530792e-01,5.434374e-01,0.383688,138.1275
0.0152903,2.515000e+01,-5.085301e+00,8.743465e-01,2.160275e-01,5.532171e-01,5.433971e-01,0.384497,138.4190
0.0153226,2.515000e+01,-5.085609e+00,8.743465e-01,2.159998e-01,5.537068e-01,5.428465e-01,0.385309,138.7114
0.0153548,2.515000e+01,-5.085920e+00,8.743465e-01,2.159755e-01,5.534846e-01,5.430037e-01,0.386119,139.0029
0.0153871,2.515000e+01,-5.086234e+00,8.743465e-01,2.158647e-01,5.529059e-01,5.432929e-01,0.386931,139.2953
0.0154194,2.515000e+01,-5.086534e+00,8.743465e-01,2.153309e-01,5.524036e-01,5.424423e-01,0.387744,139.5877
0.0154516,2.515000e+01,-5.086851e+00,8.743465e-01,2.158908e-01,5.525748e-01,5.436844e-01,0.388553,139.8792
0.0154839,2.515000e+01,-5.087178e+00,8.743465e-01,2.162606e-01,5.529317e-01,5.442644e-01,0.389366,140.1716
0.0155161,2.515000e+01,-5.087487e+00,8.743465e-01,2.159363e-01,5.530992e-01,5.432831e-01,0.390175,140.4631
0.0155484,2.515000e+01,-5.087749e+00,8.743465e-01,2.145428e-01,5.522746e-01,5.405831e-01,0.390988,140.7555
0.0155806,2.515000e+01,-5.088015e+00,8.743465e-01,2.143308e-01,5.515960e-01,5.407132e-01,0.391797,141.0470
0.0156129,2.515000e+01,-5.088288e+00,8.743465e-01,2.144167e-01,5.511147e-01,5.414025e-01,0.392609,141.3394
0.0156452,2.515000e+01,-5.088568e+00,8.743465e-01,2.147690e-01,5.515001e-01,5.419129e-01,0.393422,141.6318
0.0156774,2.515000e+01,-5.088855e+00,8.743465e-01,2.151039e-01,5.519308e-01,5.423347e-01,0.394231,141.9233
0.0157097,2.515000e+01,-5.089166e+00,8.743465e-01,2.158064e-01,5.519914e-01,5.440458e-01,0.395044,142.2157
0.0157419,2.515000e+01,-5.089452e+00,8.743465e-01,2.149943e-01,5.514912e-01,5.424902e-01,0.395853,142.5072
0.0157742,2.515000e+01,-5.089725e+00,8.743465e-01,2.142852e-01,5.506109e-01,5.415657e-01,0.396666,142.7996
0.0158065,2.515000e+01,-5.090006e+00,8.743465e-01,2.145684e-01,5.507815e-01,5.421132e-01,0.397478,143.0920
0.0158387,2.515000e+01,-5.090298e+00,8.743465e-01,2.148765e-01,5.509810e-01,5.426950e-01,0.398288,143.3835
0.015871,2.515000e+01,-5.090600e+00,8.743465e-01,2.151289e-01,5.508889e-01,5.434233e-01,0.399100,143.6759
0.0159032,2.515000e+01,-5.090846e+00,8.743465e-01,2.135589e-01,5.503855e-01,5.399509e-01,0.399910,143.9674
0.0159355,2.515000e+01,-5.091098e+00,8.743465e-01,2.135208e-01,5.498648e-01,5.403660e-01,0.400722,144.2598
0.0159677,2.515000e+01,-5.091352e+00,8.743465e-01,2.136479e-01,5.499411e-01,5.406127e-01,0.401531,144.5513
0.016,2.515000e+01,-5.091620e+00,8.743465e-01,2.139751e-01,5.500075e-01,5.413755e-01,0.402344,144.8437
0.0160323,2.515000e+01,-5.091897e+00,8.743465e-01,2.140819e-01,5.497679e-01,5.418809e-01,0.403156,145.1361
0.0160645,2.515000e+01,-5.092175e+00,8.743465e-01,2.140721e-01,5.498032e-01,5.418218e-01,0.403966,145.4276
0.0160968,2.515000e+01,-5.092455e+00,8.743465e-01,2.139349e-01,5.494220e-01,5.418502e-01,0.404778,145.7200
0.016129,2.515000e+01,-5.092693e+00,8.743465e-01,2.128292e-01,5.491793e-01,5.392879e-01,0.405588,146.0115
0.0161613,2.515000e+01,-5.092926e+00,8.743465e-01,2.126400e-01,5.490119e-01,5.389728e-01,0.406400,146.3039
0.0161935,2.515000e+01,-5.093188e+00,8.743465e-01,2.133622e-01,5.491435e-01,5.406741e-01,0.407210,146.5954
0.0162258,2.515000e+01,-5.093460e+00,8.743465e-01,2.135338e-01,5.490482e-01,5.412027e-01,0.408022,146.8878
0.0162581,2.515000e+01,-5.093725e+00,8.743465e-01,2.129047e-01,5.481010e-01,5.405406e-01,0.408834,147.1802
0.0162903,2.515000e+01,-5.093988e+00,8.743465e-01,2.128182e-01,5.478714e-01,5.405472e-01,0.409644,147.4717
0.0163226,2.515000e+01,-5.094248e+00,8.743465e-01,2.129515e-01,5.482416e-01,5.405209e-01,0.410456,147.7641
0.0163548,2.515000e+01,-5.094528e+00,8.743465e-01,2.135583e-01,5.488597e-01,5.414502e-01,0.411266,148.0556
0.0163871,2.515000e+01,-5.094808e+00,8.743465e-01,2.133849e-01,5.485422e-01,5.413240e-01,0.412078,148.3480
0.0164194,2.515000e+01,-5.095079e+00,8.743465e-01,2.128772e-01,5.477403e-01,5.408271e-01,0.412890,148.6404
0.0164516,2.515000e+01,-5.095354e+00,8.743465e-01,2.128607e-01,5.475350e-01,5.409876e-01,0.413700,148.9319
0.0164839,2.515000e+01,-5.095612e+00,8.743465e-01,2.122757e-01,5.472275e-01,5.398040e-01,0.414512,149.2243
0.0165161,2.515000e+01,-5.095858e+00,8.743465e-01,2.117402e-01,5.468005e-01,5.388628e-01,0.415322,149.5158
0.0165484,2.515000e+01,-5.096108e+00,8.743465e-01,2.117493e-01,5.467073e-01,5.389776e-01,0.416134,149.8082
0.0165806,2.515000e+01,-5.096366e+00,8.743465e-01,2.120101e-01,5.467694e-01,5.395802e-01,0.416944,150.0997
0.0166129,2.515000e+01,-5.096628e+00,8.743465e-01,2.122301e-01,5.470132e-01,5.398997e-01,0.417756,150.3922
0.0166452,2.515000e+01,-5.096897e+00,8.743465e-01,2.123516e-01,5.470574e-01,5.401647e-01,0.418568,150.6846
0.0166774,2.515000e+01,-5.097173e+00,8.743465e-01,2.123738e-01,5.468653e-01,5.404108e-01,0.419378,150.9761
0.0167097,2.515000e+01,-5.097451e+00,8.743465e-01,2.120748e-01,5.463287e-01,5.401803e-01,0.420190,151.2685
0.0167419,2.515000e+01,-5.097713e+00,8.743465e-01,2.113597e-01,5.456511e-01,5.390274e-01,0.421000,151.5600
0.0167742,2.515000e+01,-5.097970e+00,8.743465e-01,2.112180e-01,5.457154e-01,5.386028e-01,0.421812,151.8524
0.0168065,2.515000e+01,-5.098223e+00,8.743465e-01,2.112186e-01,5.457885e-01,5.385323e-01,0.422624,152.1448
0.0168387,2.515000e+01,-5.098480e+00,8.743465e-01,2.115701e-01,5.463819e-01,5.388425e-01,0.423434,152.4363
0.016871,2.515000e+01,-5.098749e+00,8.743465e-01,2.117036e-01,5.461582e-01,5.394029e-01,0.424246,152.7287
0.0169032,2.515000e+01,-5.099030e+00,8.743465e-01,2.117858e-01,5.459212e-01,5.398468e-01,0.425056,153.0202
0.0169355,2.515000e+01,-5.099306e+00,8.743465e-01,2.113557e-01,5.450430e-01,5.396187e-01,0.425868,153.3126
0.0169677,2.515000e+01,-5.099583e+00,8.743465e-01,2.113832e-01,5.450625e-01,5.396694e-01,0.426678,153.6041
0.017,2.515000e+01,-5.099857e+00,8.743465e-01,2.113549e-01,5.452768e-01,5.393852e-01,0.427490,153.8965
0.0170323,2.515000e+01,-5.100150e+00,8.743465e-01,2.119764e-01,5.457812e-01,5.404714e-01,0.428302,154.1889
0.0170645,2.515000e+01,-5.100440e+00,8.743465e-01,2.116352e-01,5.452805e-01,5.400970e-01,0.429112,154.4804
0.0170968,2.515000e+01,-5.100709e+00,8.743465e-01,2.105336e-01,5.438231e-01,5.387256e-01,0.429924,154.7728
0.017129,2.515000e+01,-5.100974e+00,8.743465e-01,2.102385e-01,5.434677e-01,5.383224e-01,0.430734,155.0643
0.0171613,2.515000e+01,-5.101232e+00,8.743465e-01,2.102674e-01,5.439631e-01,5.379057e-01,0.431546,155.3567
0.0171935,2.515000e+01,-5.101505e+00,8.743465e-01,2.109330e-01,5.446608e-01,5.389174e-01,0.432356,155.6482
0.0172258,2.515000e+01,-5.101777e+00,8.743465e-01,2.109508e-01,5.448898e-01,5.387363e-01,0.433168,155.9406
0.0172581,2.515000e+01,-5.102060e+00,8.743465e-01,2.109613e-01,5.443159e-01,5.393309e-01,0.433980,156.2330
0.0172903,2.515000e+01,-5.102343e+00,8.743465e-01,2.109379e-01,5.441674e-01,5.394186e-01,0.434790,156.5245
0.0173226,2.515000e+01,-5.102613e+00,8.743465e-01,2.103723e-01,5.437141e-01,5.384207e-01,0.435602,156.8169
0.0173548,2.515000e+01,-5.102893e+00,8.743465e-01,2.105660e-01,5.437041e-01,5.389266e-01,0.436412,157.1084
0.0173871,2.515000e+01,-5.103169e+00,8.743465e-01,2.104451e-01,5.438768e-01,5.384461e-01,0.437224,157.4008
0.0174194,2.515000e+01,-5.103451e+00,8.743465e-01,2.106043e-01,5.437341e-01,5.389944e-01,0.438037,157.6932
0.0174516,2.515000e+01,-5.103714e+00,8.743465e-01,2.100447e-01,5.434730e-01,5.378206e-01,0.438846,157.9847
0.0174839,2.515000e+01,-5.103960e+00,8.743465e-01,2.094633e-01,5.430212e-01,5.367781e-01,0.439659,158.2771
0.0175161,2.515000e+01,-5.104213e+00,8.743465e-01,2.096735e-01,5.430744e-01,5.372642e-01,0.440468,158.5686
0.0175484,2.515000e+01,-5.104478e+00,8.743465e-01,2.103336e-01,5.439852e-01,5.380531e-01,0.441281,158.8610
0.0175806,2.515000e+01,-5.104761e+00,8.743465e-01,2.107434e-01,5.439326e-01,5.391538e-01,0.442090,159.1525
0.0176129,2.515000e+01,-5.105040e+00,8.743465e-01,2.105008e-01,5.434119e-01,5.390496e-01,0.442902,159.4449
0.0176452,2.515000e+01,-5.105316e+00,8.743465e-01,2.104387e-01,5.433650e-01,5.389366e-01,0.443715,159.7373
0.0176774,2.515000e+01,-5.105593e+00,8.743465e-01,2.102107e-01,5.427579e-01,5.389551e-01,0.444524,160.0288
0.0177097,2.515000e+01,-5.105875e+00,8.743465e-01,2.099258e-01,5.421293e-01,5.388482e-01,0.445337,160.3212
0.0177419,2.515000e+01,-5.106150e+00,8.743465e-01,2.096767e-01,5.419203e-01,5.384166e-01,0.446146,160.6127
0.0177742,2.515000e+01,-5.106413e+00,8.743465e-01,2.096874e-01,5.422204e-01,5.381464e-01,0.446959,160.9051
0.0178065,2.515000e+01,-5.106666e+00,8.743465e-01,2.097610e-01,5.426469e-01,5.379116e-01,0.447771,161.1975
0.0178387,2.515000e+01,-5.106917e+00,8.743465e-01,2.099412e-01,5.430286e-01,5.379955e-01,0.448581,161.4890
0.017871,2.515000e+01,-5.107159e+00,8.743465e-01,2.098982e-01,5.433445e-01,5.375723e-01,0.449393,161.7814
0.0179032,2.515000e+01,-5.107414e+00,8.743465e-01,2.099593e-01,5.426332e-01,5.384338e-01,0.450202,162.0729
0.0179355,2.515000e+01,-5.107677e+00,8.743465e-01,2.099545e-01,5.420050e-01,5.390458e-01,0.451015,162.3653
0.0179677,2.515000e+01,-5.107928e+00,8.743465e-01,2.098483e-01,5.420303e-01,5.387481e-01,0.451824,162.6568
0.018,2.515000e+01,-5.108155e+00,8.743465e-01,2.094064e-01,5.422141e-01,5.374312e-01,0.452637,162.9492
0.0180323,2.515000e+01,-5.108370e+00,8.743465e-01,2.092812e-01,5.425200e-01,5.368070e-01,0.453449,163.2416
0.0180645,2.515000e+01,-5.108583e+00,8.743465e-01,2.092031e-01,5.423720e-01,5.367530e-01,0.454259,163.5331
0.0180968,2.515000e+01,-5.108798e+00,8.743465e-01,2.092979e-01,5.422183e-01,5.371482e-01,0.455071,163.8255
0.018129,2.515000e+01,-5.109012e+00,8.743465e-01,2.095218e-01,5.422820e-01,5.376603e-01,0.455881,164.1170
0.0181613,2.515000e+01,-5.109220e+00,8.743465e-01,2.095813e-01,5.426769e-01,5.374216e-01,0.456693,164.4094
0.0181935,2.515000e+01,-5.109429e+00,8.743465e-01,2.097277e-01,5.427422e-01,5.377324e-01,0.457503,164.7009
0.0182258,2.515000e+01,-5.109636e+00,8.743465e-01,2.099117e-01,5.429654e-01,5.379828e-01,0.458315,164.9933
0.0182581,2.515000e+01,-5.109847e+00,8.743465e-01,2.096557e-01,5.418818e-01,5.384011e-01,0.459127,165.2857
0.0182903,2.515000e+01,-5.110060e+00,8.743465e-01,2.094648e-01,5.409647e-01,5.388226e-01,0.459937,165.5772
0.0183226,2.515000e+01,-5.110270e+00,8.743465e-01,2.095006e-01,5.410162e-01,5.388634e-01,0.460749,165.8696
0.0183548,2.515000e+01,-5.110450e+00,8.743465e-01,2.092545e-01,5.417881e-01,5.374633e-01,0.461559,166.1611
0.0183871,2.515000e+01,-5.110616e+00,8.743465e-01,2.092142e-01,5.421167e-01,5.370342e-01,0.462371,166.4535
0.0184194,2.515000e+01,-5.110773e+00,8.743465e-01,2.091774e-01,5.423346e-01,5.367241e-01,0.463183,166.7459
0.0184516,2.515000e+01,-5.110948e+00,8.743465e-01,2.096694e-01,5.420698e-01,5.382494e-01,0.463993,167.0374
0.0184839,2.515000e+01,-5.111111e+00,8.743465e-01,2.095184e-01,5.421693e-01,5.377626e-01,0.464805,167.3298
0.0185161,2.515000e+01,-5.111271e+00,8.743465e-01,2.093385e-01,5.417723e-01,5.376955e-01,0.465615,167.6213
0.0185484,2.515000e+01,-5.111424e+00,8.743465e-01,2.095165e-01,5.422904e-01,5.376378e-01,0.466427,167.9137
0.0185806,2.515000e+01,-5.111582e+00,8.743465e-01,2.097393e-01,5.419882e-01,5.385101e-01,0.467237,168.2052
0.0186129,2.515000e+01,-5.111738e+00,8.743465e-01,2.094924e-01,5.413595e-01,5.385009e-01,0.468049,168.4976
0.0186452,2.515000e+01,-5.111880e+00,8.743465e-01,2.090292e-01,5.409836e-01,5.376834e-01,0.468861,168.7900
0.0186774,2.515000e+01,-5.112017e+00,8.743465e-01,2.091190e-01,5.413569e-01,5.375430e-01,0.469671,169.0815
0.0187097,2.515000e+01,-5.112127e+00,8.743465e-01,2.091584e-01,5.424652e-01,5.365461e-01,0.470483,169.3739
0.0187419,2.515000e+01,-5.112212e+00,8.743465e-01,2.087221e-01,5.426111e-01,5.352832e-01,0.471293,169.6654
0.0187742,2.515000e+01,-5.112307e+00,8.743465e-01,2.089676e-01,5.423483e-01,5.361724e-01,0.472105,169.9578
0.0188065,2.515000e+01,-5.112422e+00,8.743465e-01,2.095544e-01,5.422630e-01,5.377627e-01,0.472917,170.2502
0.0188387,2.515000e+01,-5.112543e+00,8.743465e-01,2.099566e-01,5.425452e-01,5.385142e-01,0.473727,170.5417
0.018871,2.515000e+01,-5.112664e+00,8.743465e-01,2.096728e-01,5.418402e-01,5.384864e-01,0.474539,170.8341
0.0189032,2.515000e+01,-5.112774e+00,8.743465e-01,2.095587e-01,5.419761e-01,5.380585e-01,0.475349,171.1256
0.0189355,2.515000e+01,-5.112889e+00,8.743465e-01,2.098199e-01,5.418918e-01,5.388124e-01,0.476161,171.4180
0.0189677,2.515000e+01,-5.112981e+00,8.743465e-01,2.093782e-01,5.418934e-01,5.376769e-01,0.476971,171.7095
0.019,2.515000e+01,-5.113070e+00,8.743465e-01,2.093701e-01,5.419255e-01,5.376240e-01,0.477783,172.0019
0.0190323,2.515000e+01,-5.113133e+00,8.743465e-01,2.092003e-01,5.427543e-01,5.363683e-01,0.478595,172.2943
0.0190645,2.515000e+01,-5.113195e+00,8.743465e-01,2.094487e-01,5.431528e-01,5.366105e-01,0.479405,172.5858
0.0190968,2.515000e+01,-5.113269e+00,8.743465e-01,2.097673e-01,5.426816e-01,5.378932e-01,0.480217,172.8782
0.019129,2.515000e+01,-5.113357e+00,8.743465e-01,2.100705e-01,5.424726e-01,5.388788e-01,0.481027,173.1697
0.0191613,2.515000e+01,-5.113422e+00,8.743465e-01,2.098457e-01,5.431544e-01,5.376261e-01,0.481839,173.4621
0.0191935,2.515000e+01,-5.113462e+00,8.743465e-01,2.095421e-01,5.435145e-01,5.364925e-01,0.482649,173.7536
0.0192258,2.515000e+01,-5.113530e+00,8.743465e-01,2.096350e-01,5.419345e-01,5.382955e-01,0.483461,174.0460
0.0192581,2.515000e+01,-5.113593e+00,8.743465e-01,2.097310e-01,5.421151e-01,5.383621e-01,0.484273,174.3384
0.0192903,2.515000e+01,-5.113655e+00,8.743465e-01,2.101407e-01,5.428827e-01,5.386514e-01,0.485083,174.6299
0.0193226,2.515000e+01,-5.113700e+00,8.743465e-01,2.098237e-01,5.430033e-01,5.377192e-01,0.485895,174.9223
0.0193548,2.515000e+01,-5.113733e+00,8.743465e-01,2.094318e-01,5.427164e-01,5.369986e-01,0.486705,175.2138
0.0193871,2.515000e+01,-5.113744e+00,8.743465e-01,2.091138e-01,5.430565e-01,5.358475e-01,0.487517,175.5062
0.0194194,2.515000e+01,-5.113734e+00,8.743465e-01,2.092757e-01,5.441464e-01,5.351888e-01,0.488330,175.7986
0.0194516,2.515000e+01,-5.113767e+00,8.743465e-01,2.100312e-01,5.432797e-01,5.379773e-01,0.489139,176.0901
0.0194839,2.515000e+01,-5.113826e+00,8.743465e-01,2.106828e-01,5.431323e-01,5.397929e-01,0.489952,176.3825
0.0195161,2.515000e+01,-5.113881e+00,8.743465e-01,2.107526e-01,5.435109e-01,5.395955e-01,0.490761,176.6740
0.0195484,2.515000e+01,-5.113862e+00,8.743465e-01,2.091270e-01,5.438273e-01,5.351222e-01,0.491573,176.9664
0.0195806,2.515000e+01,-5.113853e+00,8.743465e-01,2.089445e-01,5.428453e-01,5.356223e-01,0.492383,177.2579
0.0196129,2.515000e+01,-5.113864e+00,8.743465e-01,2.094736e-01,5.427290e-01,5.370933e-01,0.493195,177.5504
0.0196452,2.515000e+01,-5.113913e+00,8.743465e-01,2.105839e-01,5.431502e-01,5.395213e-01,0.494008,177.8428
0.0196774,2.515000e+01,-5.113936e+00,8.743465e-01,2.104727e-01,5.441864e-01,5.382098e-01,0.494817,178.1343
0.0197097,2.515000e+01,-5.113941e+00,8.743465e-01,2.102750e-01,5.446845e-01,5.372126e-01,0.495630,178.4267
0.0197419,2.515000e+01,-5.113933e+00,8.743465e-01,2.100166e-01,5.446523e-01,5.365842e-01,0.496439,178.7182
0.0197742,2.515000e+01,-5.113924e+00,8.743465e-01,2.100659e-01,5.447403e-01,5.366236e-01,0.497252,179.0106
0.0198065,2.515000e+01,-5.113964e+00,8.743465e-01,2.104069e-01,5.428711e-01,5.393453e-01,0.498064,179.3030
0.0198387,2.515000e+01,-5.114032e+00,8.743465e-01,2.110461e-01,5.426590e-01,5.411955e-01,0.498873,179.5945
0.019871,2.515000e+01,-5.114093e+00,8.743465e-01,2.112147e-01,5.434514e-01,5.408383e-01,0.499686,179.8869
0.0199032,2.515000e+01,-5.114077e+00,8.743465e-01,2.099696e-01,5.447124e-01,5.364051e-01,0.500495,180.1784
0.0199355,2.515000e+01,-5.114016e+00,8.743465e-01,2.086503e-01,5.440900e-01,5.336447e-01,0.501308,180.4708
0.0199677,2.515000e+01,-5.113969e+00,8.743465e-01,2.089178e-01,5.438004e-01,5.346127e-01,0.502117,180.7623
0.02,2.515000e+01,-5.113989e+00,8.743465e-01,2.106438e-01,5.442896e-01,5.385452e-01,0.502930,181.0547
0.0200323,2.515000e+01,-5.114009e+00,8.743465e-01,2.110089e-01,5.448893e-01,5.388848e-01,0.503742,181.3471
0.0200645,2.515000e+01,-5.114008e+00,8.743465e-01,2.105764e-01,5.447692e-01,5.378991e-01,0.504552,181.6386
0.0200968,2.515000e+01,-5.113979e+00,8.743465e-01,2.100255e-01,5.449488e-01,5.363146e-01,0.505364,181.9310
0.020129,2.515000e+01,-5.113959e+00,8.743465e-01,2.101229e-01,5.447682e-01,5.367413e-01,0.506174,182.2225
0.0201613,2.515000e+01,-5.113967e+00,8.743465e-01,2.104275e-01,5.438526e-01,5.384248e-01,0.506986,182.5149
0.0201935,2.515000e+01,-5.114002e+00,8.743465e-01,2.109545e-01,5.436994e-01,5.399255e-01,0.507795,182.8064
0.0202258,2.515000e+01,-5.114020e+00,8.743465e-01,2.107375e-01,5.441790e-01,5.388945e-01,0.508608,183.0988
0.0202581,2.515000e+01,-5.114010e+00,8.743465e-01,2.106051e-01,5.452963e-01,5.374523e-01,0.509420,183.3912
0.0202903,2.515000e+01,-5.113975e+00,8.743465e-01,2.098601e-01,5.451557e-01,5.356893e-01,0.510230,183.6827
0.0203226,2.515000e+01,-5.113949e+00,8.743465e-01,2.100587e-01,5.452189e-01,5.361342e-01,0.511042,183.9751
0.0203548,2.515000e+01,-5.113926e+00,8.743465e-01,2.103641e-01,5.457622e-01,5.363790e-01,0.511852,184.2666
0.0203871,2.515000e+01,-5.113930e+00,8.743465e-01,2.109404e-01,5.452626e-01,5.383414e-01,0.512664,184.5590
0.0204194,2.515000e+01,-5.113963e+00,8.743465e-01,2.112328e-01,5.440653e-01,5.402742e-01,0.513476,184.8514
0.0204516,2.515000e+01,-5.113981e+00,8.743465e-01,2.109181e-01,5.439358e-01,5.395976e-01,0.514286,185.1429
0.0204839,2.515000e+01,-5.113953e+00,8.743465e-01,2.103685e-01,5.452805e-01,5.368637e-01,0.515098,185.4353
0.0205161,2.515000e+01,-5.113938e+00,8.743465e-01,2.106538e-01,5.454274e-01,5.374471e-01,0.515908,185.7268
0.0205484,2.515000e+01,-5.113925e+00,8.743465e-01,2.106915e-01,5.450820e-01,5.378840e-01,0.516720,186.0192
0.0205806,2.515000e+01,-5.113897e+00,8.743465e-01,2.103985e-01,5.448903e-01,5.373256e-01,0.517530,186.3107
0.0206129,2.515000e+01,-5.113844e+00,8.743465e-01,2.103147e-01,5.458154e-01,5.362008e-01,0.518342,186.6031
0.0206452,2.515000e+01,-5.113806e+00,8.743465e-01,2.105580e-01,5.454374e-01,5.371931e-01,0.519154,186.8955
0.0206774,2.515000e+01,-5.113789e+00,8.743465e-01,2.110250e-01,5.453168e-01,5.385036e-01,0.519964,187.1870
0.0207097,2.515000e+01,-5.113754e+00,8.743465e-01,2.108349e-01,5.459186e-01,5.374258e-01,0.520776,187.4794
0.0207419,2.515000e+01,-5.113711e+00,8.743465e-01,2.106813e-01,5.458391e-01,5.371125e-01,0.521586,187.7709
0.0207742,2.515000e+01,-5.113673e+00,8.743465e-01,2.107378e-01,5.453078e-01,5.377793e-01,0.522398,188.0633
0.0208065,2.515000e+01,-5.113627e+00,8.743465e-01,2.105311e-01,5.450304e-01,5.375254e-01,0.523210,188.3557
0.0208387,2.515000e+01,-5.113582e+00,8.743465e-01,2.108761e-01,5.454921e-01,5.379507e-01,0.524020,188.6472
0.020871,2.515000e+01,-5.113524e+00,8.743465e-01,2.107335e-01,5.457670e-01,5.373162e-01,0.524832,188.9396
0.0209032,2.515000e+01,-5.113460e+00,8.743465e-01,2.107487e-01,5.458886e-01,5.372356e-01,0.525642,189.2311
0.0209355,2.515000e+01,-5.113375e+00,8.743465e-01,2.104693e-01,5.460492e-01,5.363649e-01,0.526454,189.5235
0.0209677,2.515000e+01,-5.113288e+00,8.743465e-01,2.106844e-01,5.462145e-01,5.367515e-01,0.527264,189.8150
0.021,2.515000e+01,-5.113232e+00,8.743465e-01,2.113413e-01,5.455206e-01,5.391097e-01,0.528076,190.1074
0.0210323,2.515000e+01,-5.113174e+00,8.743465e-01,2.116255e-01,5.458691e-01,5.394895e-01,0.528888,190.3998
0.0210645,2.515000e+01,-5.113099e+00,8.743465e-01,2.114934e-01,5.462929e-01,5.387345e-01,0.529698,190.6913
0.0210968,2.515000e+01,-5.112994e+00,8.743465e-01,2.106650e-01,5.460687e-01,5.368447e-01,0.530510,190.9837
0.021129,2.515000e+01,-5.112882e+00,8.743465e-01,2.103482e-01,5.454568e-01,5.366385e-01,0.531320,191.2752
0.0211613,2.515000e+01,-5.112778e+00,8.743465e-01,2.106008e-01,5.454147e-01,5.373245e-01,0.532132,191.5676
0.0211935,2.515000e+01,-5.112671e+00,8.743465e-01,2.111391e-01,5.461892e-01,5.379339e-01,0.532942,191.8591
0.0212258,2.515000e+01,-5.112553e+00,8.743465e-01,2.112268e-01,5.464867e-01,5.378647e-01,0.533754,192.1515
0.0212581,2.515000e+01,-5.112424e+00,8.743465e-01,2.110228e-01,5.462535e-01,5.375744e-01,0.534566,192.4439
0.0212903,2.515000e+01,-5.112281e+00,8.743465e-01,2.108471e-01,5.461492e-01,5.372302e-01,0.535376,192.7354
0.0213226,2.515000e+01,-5.112126e+00,8.743465e-01,2.108999e-01,5.464957e-01,5.370238e-01,0.536188,193.0278
0.0213548,2.515000e+01,-5.111976e+00,8.743465e-01,2.111178e-01,5.463119e-01,5.377594e-01,0.536998,193.3193
0.0213871,2.515000e+01,-5.111816e+00,8.743465e-01,2.110983e-01,5.465767e-01,5.374485e-01,0.537810,193.6117
0.0214194,2.515000e+01,-5.111641e+00,8.743465e-01,2.108902e-01,5.465983e-01,5.368983e-01,0.538623,193.9041
0.0214516,2.515000e+01,-5.111473e+00,8.743465e-01,2.108207e-01,5.459691e-01,5.373398e-01,0.539432,194.1956
0.0214839,2.515000e+01,-5.111309e+00,8.743465e-01,2.106879e-01,5.454031e-01,5.375586e-01,0.540244,194.4880
0.0215161,2.515000e+01,-5.111146e+00,8.743465e-01,2.109526e-01,5.457043e-01,5.379368e-01,0.541054,194.7795
0.0215484,2.515000e+01,-5.110967e+00,8.743465e-01,2.109248e-01,5.465709e-01,5.370130e-01,0.541866,195.0719
0.0215806,2.515000e+01,-5.110769e+00,8.743465e-01,2.109972e-01,5.471143e-01,5.366641e-01,0.542676,195.3634
0.0216129,2.515000e+01,-5.110567e+00,8.743465e-01,2.108576e-01,5.467894e-01,5.366278e-01,0.543488,195.6558
0.0216452,2.515000e+01,-5.110371e+00,8.743465e-01,2.108831e-01,5.466067e-01,5.368717e-01,0.544301,195.9482
0.0216774,2.515000e+01,-5.110200e+00,8.743465e-01,2.112516e-01,5.461171e-01,5.382922e-01,0.545110,196.2397
0.0217097,2.515000e+01,-5.110038e+00,8.743465e-01,2.114167e-01,5.458991e-01,5.389281e-01,0.545923,196.5321
0.0217419,2.515000e+01,-5.109868e+00,8.743465e-01,2.114201e-01,5.461318e-01,5.387071e-01,0.546732,196.8236
0.0217742,2.515000e+01,-5.109668e+00,8.743465e-01,2.110128e-01,5.467226e-01,5.370879e-01,0.547545,197.1160
0.0218065,2.515000e+01,-5.109465e+00,8.743465e-01,2.108987e-01,5.466336e-01,5.368853e-01,0.548357,197.4084
0.0218387,2.515000e+01,-5.109270e+00,8.743465e-01,2.110629e-01,5.465573e-01,5.373778e-01,0.549166,197.6999
0.021871,2.515000e+01,-5.109075e+00,8.743465e-01,2.109754e-01,5.464161e-01,5.372939e-01,0.549979,197.9923
0.0219032,2.515000e+01,-5.108865e+00,8.743465e-01,2.109183e-01,5.469816e-01,5.365930e-01,0.550788,198.2838
0.0219355,2.515000e+01,-5.108653e+00,8.743465e-01,2.108361e-01,5.470422e-01,5.363249e-01,0.551601,198.5762
0.0219677,2.515000e+01,-5.108445e+00,8.743465e-01,2.108151e-01,5.470432e-01,5.362705e-01,0.552410,198.8677
0.022,2.515000e+01,-5.108252e+00,8.743465e-01,2.109780e-01,5.468468e-01,5.368777e-01,0.553223,199.1601
0.0220323,2.515000e+01,-5.108077e+00,8.743465e-01,2.110124e-01,5.462145e-01,5.375870e-01,0.554035,199.4525
0.0220645,2.515000e+01,-5.107910e+00,8.743465e-01,2.110328e-01,5.459270e-01,5.379215e-01,0.554845,199.7440
0.0220968,2.515000e+01,-5.107734e+00,8.743465e-01,2.109593e-01,5.463403e-01,5.373274e-01,0.555657,200.0364
0.022129,2.515000e+01,-5.107540e+00,8.743465e-01,2.107443e-01,5.470264e-01,5.361072e-01,0.556466,200.3279
0.0221613,2.515000e+01,-5.107346e+00,8.743465e-01,2.109566e-01,5.476477e-01,5.360380e-01,0.557279,200.6203
0.0221935,2.515000e+01,-5.107158e+00,8.743465e-01,2.108632e-01,5.475066e-01,5.359385e-01,0.558088,200.9118
0.0222258,2.515000e+01,-5.106971e+00,8.743465e-01,2.108006e-01,5.475413e-01,5.357458e-01,0.558901,201.2042
0.0222581,2.515000e+01,-5.106806e+00,8.743465e-01,2.110105e-01,5.471980e-01,5.366160e-01,0.559713,201.4966
0.0222903,2.515000e+01,-5.106683e+00,8.743465e-01,2.115165e-01,5.462703e-01,5.388158e-01,0.560523,201.7881
0.0223226,2.515000e+01,-5.106573e+00,8.743465e-01,2.116697e-01,5.462424e-01,5.392338e-01,0.561335,202.0805
0.0223548,2.515000e+01,-5.106434e+00,8.743465e-01,2.113495e-01,5.472754e-01,5.374016e-01,0.562145,202.3720
0.0223871,2.515000e+01,-5.106277e+00,8.743465e-01,2.108833e-01,5.477187e-01,5.357827e-01,0.562957,202.6644
0.0224194,2.515000e+01,-5.106126e+00,8.743465e-01,2.108649e-01,5.476234e-01,5.358290e-01,0.563769,202.9568
0.0224516,2.515000e+01,-5.105991e+00,8.743465e-01,2.109162e-01,5.472723e-01,5.363026e-01,0.564579,203.2483
0.0224839,2.515000e+01,-5.105875e+00,8.743465e-01,2.112219e-01,5.472954e-01,5.370575e-01,0.565391,203.5407
0.0225161,2.515000e+01,-5.105766e+00,8.743465e-01,2.114071e-01,5.478209e-01,5.370128e-01,0.566201,203.8322
0.0225484,2.515000e+01,-5.105653e+00,8.743465e-01,2.111665e-01,5.478246e-01,5.363985e-01,0.567013,204.1246
0.0225806,2.515000e+01,-5.105535e+00,8.743465e-01,2.110143e-01,5.479899e-01,5.358497e-01,0.567823,204.4161
0.0226129,2.515000e+01,-5.105425e+00,8.743465e-01,2.107899e-01,5.474592e-01,5.357991e-01,0.568635,204.7085
0.0226452,2.515000e+01,-5.105362e+00,8.743465e-01,2.113666e-01,5.465209e-01,5.381875e-01,0.569447,205.0010
0.0226774,2.515000e+01,-5.105312e+00,8.743465e-01,2.114800e-01,5.464314e-01,5.385642e-01,0.570257,205.2925
0.0227097,2.515000e+01,-5.105248e+00,8.743465e-01,2.112946e-01,5.474049e-01,5.371348e-01,0.571069,205.5849
0.0227419,2.515000e+01,-5.105139e+00,8.743465e-01,2.106062e-01,5.486959e-01,5.341251e-01,0.571879,205.8764
0.0227742,2.515000e+01,-5.105034e+00,8.743465e-01,2.104499e-01,5.485380e-01,5.338827e-01,0.572691,206.1688
0.0228065,2.515000e+01,-5.104964e+00,8.743465e-01,2.108883e-01,5.480820e-01,5.354400e-01,0.573503,206.4612
0.0228387,2.515000e+01,-5.104922e+00,8.743465e-01,2.110888e-01,5.475903e-01,5.364301e-01,0.574313,206.7527
0.022871,2.515000e+01,-5.104902e+00,8.743465e-01,2.114411e-01,5.473181e-01,5.375925e-01,0.575125,207.0451
0.0229032,2.515000e+01,-5.104864e+00,8.743465e-01,2.112275e-01,5.477982e-01,5.365791e-01,0.575935,207.3366
0.0229355,2.515000e+01,-5.104830e+00,8.743465e-01,2.112452e-01,5.479931e-01,5.364331e-01,0.576747,207.6290
0.0229677,2.515000e+01,-5.104800e+00,8.743465e-01,2.112753e-01,5.486312e-01,5.358857e-01,0.577557,207.9205
0.023,2.515000e+01,-5.104799e+00,8.743465e-01,2.112963e-01,5.476698e-01,5.368795e-01,0.578369,208.2129
0.0230323,2.515000e+01,-5.104803e+00,8.743465e-01,2.111528e-01,5.475360e-01,5.366461e-01,0.579181,208.5053
0.0230645,2.515000e+01,-5.104802e+00,8.743465e-01,2.109122e-01,5.475813e-01,5.359900e-01,0.579991,208.7968
0.0230968,2.515000e+01,-5.104786e+00,8.743465e-01,2.107623e-01,5.483737e-01,5.348349e-01,0.580803,209.0892
0.023129,2.515000e+01,-5.104776e+00,8.743465e-01,2.109341e-01,5.487096e-01,5.349435e-01,0.581613,209.3807
0.0231613,2.515000e+01,-5.104790e+00,8.743465e-01,2.112235e-01,5.484364e-01,5.359441e-01,0.582425,209.6731
0.0231935,2.515000e+01,-5.104822e+00,8.743465e-01,2.115226e-01,5.485243e-01,5.366172e-01,0.583235,209.9646
0.0232258,2.515000e+01,-5.104883e+00,8.743465e-01,2.119036e-01,5.478946e-01,5.382016e-01,0.584047,210.2570
0.0232581,2.515000e+01,-5.104938e+00,8.743465e-01,2.115207e-01,5.476187e-01,5.375000e-01,0.584859,210.5494
0.0232903,2.515000e+01,-5.104985e+00,8.743465e-01,2.113041e-01,5.476750e-01,5.368942e-01,0.585669,210.8409
0.0233226,2.515000e+01,-5.104999e+00,8.743465e-01,2.107644e-01,5.486717e-01,5.345502e-01,0.586481,211.1333
0.0233548,2.515000e+01,-5.105016e+00,8.743465e-01,2.109409e-01,5.487897e-01,5.348826e-01,0.587291,211.4248
0.0233871,2.515000e+01,-5.105046e+00,8.743465e-01,2.111014e-01,5.484827e-01,5.355891e-01,0.588103,211.7172
0.0234194,2.515000e+01,-5.105062e+00,8.743465e-01,2.107714e-01,5.484890e-01,5.347459e-01,0.588915,212.0096
0.0234516,2.515000e+01,-5.105073e+00,8.743465e-01,2.105504e-01,5.485480e-01,5.341277e-01,0.589725,212.3011
0.0234839,2.515000e+01,-5.105116e+00,8.743465e-01,2.112803e-01,5.484516e-01,5.360734e-01,0.590537,212.5935
0.0235161,2.515000e+01,-5.105179e+00,8.743465e-01,2.112873e-01,5.478630e-01,5.366670e-01,0.591347,212.8850
0.0235484,2.515000e+01,-5.105225e+00,8.743465e-01,2.108248e-01,5.481500e-01,5.352127e-01,0.592159,213.1774
0.0235806,2.515000e+01,-5.105260e+00,8.743465e-01,2.106054e-01,5.485296e-01,5.342853e-01,0.592969,213.4689
0.0236129,2.515000e+01,-5.105336e+00,8.743465e-01,2.112973e-01,5.480183e-01,5.365407e-01,0.593781,213.7613
0.0236452,2.515000e+01,-5.105437e+00,8.743465e-01,2.117234e-01,5.480547e-01,5.375868e-01,0.594594,214.0537
0.0236774,2.515000e+01,-5.105520e+00,8.743465e-01,2.114357e-01,5.485101e-01,5.364108e-01,0.595403,214.3452
0.0237097,2.515000e+01,-5.105576e+00,8.743465e-01,2.105744e-01,5.485217e-01,5.342142e-01,0.596216,214.6376
0.0237419,2.515000e+01,-5.105644e+00,8.743465e-01,2.108384e-01,5.484780e-01,5.349264e-01,0.597025,214.9291
0.0237742,2.515000e+01,-5.105725e+00,8.743465e-01,2.107937e-01,5.478762e-01,5.354008e-01,0.597837,215.2215
0.0238065,2.515000e+01,-5.105811e+00,8.743465e-01,2.109599e-01,5.481347e-01,5.355702e-01,0.598650,215.5139
0.0238387,2.515000e+01,-5.105924e+00,8.743465e-01,2.114555e-01,5.480389e-01,5.369228e-01,0.599459,215.8054
0.023871,2.515000e+01,-5.106051e+00,8.743465e-01,2.115272e-01,5.479241e-01,5.372163e-01,0.600272,216.0978
0.0239032,2.515000e+01,-5.106163e+00,8.743465e-01,2.110476e-01,5.481010e-01,5.358255e-01,0.601081,216.3893
0.0239355,2.515000e+01,-5.106235e+00,8.743465e-01,2.099387e-01,5.482279e-01,5.328868e-01,0.601894,216.6817
0.0239677,2.515000e+01,-5.106324e+00,8.743465e-01,2.100971e-01,5.480331e-01,5.334788e-01,0.602703,216.9732
0.024,2.515000e+01,-5.106451e+00,8.743465e-01,2.108374e-01,5.479899e-01,5.354003e-01,0.603516,217.2656
0.0240323,2.515000e+01,-5.106597e+00,8.743465e-01,2.109866e-01,5.476782e-01,5.360843e-01,0.604328,217.5580
0.0240645,2.515000e+01,-5.106721e+00,8.743465e-01,2.105746e-01,5.482990e-01,5.344318e-01,0.605137,217.8495
0.0240968,2.515000e+01,-5.106834e+00,8.743465e-01,2.102294e-01,5.483053e-01,5.335499e-01,0.605950,218.1419
0.024129,2.515000e+01,-5.106975e+00,8.743465e-01,2.104999e-01,5.476977e-01,5.348287e-01,0.606759,218.4334
0.0241613,2.515000e+01,-5.107137e+00,8.743465e-01,2.108460e-01,5.475044e-01,5.358974e-01,0.607572,218.7258
0.0241935,2.515000e+01,-5.107316e+00,8.743465e-01,2.109781e-01,5.471412e-01,5.365890e-01,0.608381,219.0173
0.0242258,2.515000e+01,-5.107476e+00,8.743465e-01,2.106412e-01,5.473744e-01,5.355039e-01,0.609194,219.3097
0.0242581,2.515000e+01,-5.107625e+00,8.743465e-01,2.105519e-01,5.477140e-01,5.349447e-01,0.610006,219.6021
0.0242903,2.515000e+01,-5.107743e+00,8.743465e-01,2.097556e-01,5.478009e-01,5.328372e-01,0.610816,219.8936
0.0243226,2.515000e+01,-5.107870e+00,8.743465e-01,2.099913e-01,5.474276e-01,5.337998e-01,0.611628,220.1860
0.0243548,2.515000e+01,-5.108017e+00,8.743465e-01,2.103649e-01,5.471501e-01,5.350205e-01,0.612438,220.4775
0.0243871,2.515000e+01,-5.108176e+00,8.743465e-01,2.106542e-01,5.469927e-01,5.359105e-01,0.613250,220.7699
0.0244194,2.515000e+01,-5.108328e+00,8.743465e-01,2.106163e-01,5.471833e-01,5.356278e-01,0.614062,221.0623
0.0244516,2.515000e+01,-5.108457e+00,8.743465e-01,2.101827e-01,5.473602e-01,5.343520e-01,0.614872,221.3538
0.0244839,2.515000e+01,-5.108592e+00,8.743465e-01,2.104176e-01,5.471290e-01,5.351751e-01,0.615684,221.6462
0.0245161,2.515000e+01,-5.108721e+00,8.743465e-01,2.102205e-01,5.468021e-01,5.349937e-01,0.616494,221.9377
0.0245484,2.515000e+01,-5.108858e+00,8.743465e-01,2.102598e-01,5.463282e-01,5.355580e-01,0.617306,222.2301
0.0245806,2.515000e+01,-5.108971e+00,8.743465e-01,2.099143e-01,5.465673e-01,5.344439e-01,0.618116,222.5216
0.0246129,2.515000e+01,-5.109045e+00,8.743465e-01,2.092083e-01,5.469032e-01,5.323192e-01,0.618928,222.8140
0.0246452,2.515000e+01,-5.109105e+00,8.743465e-01,2.090913e-01,5.470564e-01,5.318726e-01,0.619740,223.1064
0.0246774,2.515000e+01,-5.109192e+00,8.743465e-01,2.096173e-01,5.468031e-01,5.334577e-01,0.620550,223.3979
0.0247097,2.515000e+01,-5.109299e+00,8.743465e-01,2.099157e-01,5.463535e-01,5.346564e-01,0.621362,223.6903
0.0247419,2.515000e+01,-5.109410e+00,8.743465e-01,2.100032e-01,5.462724e-01,5.349589e-01,0.622172,223.9818
0.0247742,2.515000e+01,-5.109513e+00,8.743465e-01,2.098621e-01,5.462698e-01,5.346015e-01,0.622984,224.2742
0.0248065,2.515000e+01,-5.109605e+00,8.743465e-01,2.096230e-01,5.461903e-01,5.340708e-01,0.623796,224.5666
0.0248387,2.515000e+01,-5.109708e+00,8.743465e-01,2.097874e-01,5.459965e-01,5.346794e-01,0.624606,224.8581
0.024871,2.515000e+01,-5.109793e+00,8.743465e-01,2.094033e-01,5.462724e-01,5.334308e-01,0.625418,225.1505
0.0249032,2.515000e+01,-5.109887e+00,8.743465e-01,2.094254e-01,5.457133e-01,5.340336e-01,0.626228,225.4420
0.0249355,2.515000e+01,-5.109984e+00,8.743465e-01,2.096107e-01,5.458623e-01,5.343606e-01,0.627040,225.7344
0.0249677,2.515000e+01,-5.110057e+00,8.743465e-01,2.089692e-01,5.455495e-01,5.330303e-01,0.627850,226.0259
0.025,2.515000e+01,-5.110123e+00,8.743465e-01,2.088464e-01,5.455137e-01,5.327519e-01,0.628662,226.3183
0.0250323,2.515000e+01,-5.110205e+00,8.743465e-01,2.090625e-01,5.452968e-01,5.335155e-01,0.629474,226.6107
0.0250645,2.515000e+01,-5.110303e+00,8.743465e-01,2.096697e-01,5.454626e-01,5.349020e-01,0.630284,226.9022
0.0250968,2.515000e+01,-5.110383e+00,8.743465e-01,2.095401e-01,5.458775e-01,5.341648e-01,0.631096,227.1946
0.025129,2.515000e+01,-5.110442e+00,8.743465e-01,2.089602e-01,5.454374e-01,5.331173e-01,0.631906,227.4861
0.0251613,2.515000e+01,-5.110501e+00,8.743465e-01,2.089494e-01,5.448972e-01,5.336181e-01,0.632718,227.7785
0.0251935,2.515000e+01,-5.110548e+00,8.743465e-01,2.086509e-01,5.445660e-01,5.331800e-01,0.633528,228.0700
0.0252258,2.515000e+01,-5.110601e+00,8.743465e-01,2.089218e-01,5.445792e-01,5.338587e-01,0.634340,228.3624
0.0252581,2.515000e+01,-5.110630e+00,8.743465e-01,2.087729e-01,5.451836e-01,5.328871e-01,0.635152,228.6548
0.0252903,2.515000e+01,-5.110656e+00,8.743465e-01,2.088259e-01,5.450346e-01,5.331678e-01,0.635962,228.9463
0.0253226,2.515000e+01,-5.110683e+00,8.743465e-01,2.087911e-01,5.445449e-01,5.335586e-01,0.636774,229.2387
0.0253548,2.515000e+01,-5.110692e+00,8.743465e-01,2.082885e-01,5.441079e-01,5.327016e-01,0.637584,229.5302
0.0253871,2.515000e+01,-5.110706e+00,8.743465e-01,2.085292e-01,5.440116e-01,5.334113e-01,0.638396,229.8226
0.0254194,2.515000e+01,-5.110723e+00,8.743465e-01,2.088787e-01,5.443622e-01,5.339615e-01,0.639208,230.1150
0.0254516,2.515000e+01,-5.110733e+00,8.743465e-01,2.088352e-01,5.445207e-01,5.336950e-01,0.640018,230.4065
0.0254839,2.515000e+01,-5.110700e+00,8.743465e-01,2.078251e-01,5.442338e-01,5.313931e-01,0.640830,230.6989
0.0255161,2.515000e+01,-5.110671e+00,8.743465e-01,2.076641e-01,5.435288e-01,5.316707e-01,0.641640,230.9904
0.0255484,2.515000e+01,-5.110649e+00,8.743465e-01,2.076813e-01,5.428701e-01,5.323595e-01,0.642452,231.2828
0.0255806,2.515000e+01,-5.110633e+00,8.743465e-01,2.081156e-01,5.431312e-01,5.332169e-01,0.643262,231.5743
0.0256129,2.515000e+01,-5.110603e+00,8.743465e-01,2.080219e-01,5.436462e-01,5.324711e-01,0.644074,231.8667
0.0256452,2.515000e+01,-5.110592e+00,8.743465e-01,2.085947e-01,5.437009e-01,5.338843e-01,0.644887,232.1592
0.0256774,2.515000e+01,-5.110572e+00,8.743465e-01,2.083169e-01,5.433934e-01,5.334747e-01,0.645696,232.4507
0.0257097,2.515000e+01,-5.110545e+00,8.743465e-01,2.077721e-01,5.425621e-01,5.328949e-01,0.646508,232.7431
0.0257419,2.515000e+01,-5.110514e+00,8.743465e-01,2.077814e-01,5.425710e-01,5.329095e-01,0.647318,233.0346
0.0257742,2.515000e+01,-5.110481e+00,8.743465e-01,2.078768e-01,5.427853e-01,5.329441e-01,0.648130,233.3270
0.0258065,2.515000e+01,-5.110456e+00,8.743465e-01,2.080550e-01,5.427174e-01,5.334679e-01,0.648943,233.6194
0.0258387,2.515000e+01,-5.110412e+00,8.743465e-01,2.074955e-01,5.425795e-01,5.321684e-01,0.649752,233.9109
0.025871,2.515000e+01,-5.110363e+00,8.743465e-01,2.071787e-01,5.420219e-01,5.319021e-01,0.650565,234.2033
0.0259032,2.515000e+01,-5.110319e+00,8.743465e-01,2.072612e-01,5.419566e-01,5.321786e-01,0.651374,234.4948
0.0259355,2.515000e+01,-5.110278e+00,8.743465e-01,2.073374e-01,5.421246e-01,5.322088e-01,0.652187,234.7872
0.0259677,2.515000e+01,-5.110247e+00,8.743465e-01,2.073599e-01,5.418334e-01,5.325529e-01,0.652996,235.0787
0.026,2.515000e+01,-5.110221e+00,8.743465e-01,2.074436e-01,5.418576e-01,5.327438e-01,0.653809,235.3711
0.0260323,2.515000e+01,-5.110197e+00,8.743465e-01,2.074202e-01,5.416307e-01,5.329068e-01,0.654621,235.6635
0.0260645,2.515000e+01,-5.110152e+00,8.743465e-01,2.069226e-01,5.415954e-01,5.316629e-01,0.655430,235.9550
0.0260968,2.515000e+01,-5.110099e+00,8.743465e-01,2.066057e-01,5.414485e-01,5.309933e-01,0.656243,236.2474
0.026129,2.515000e+01,-5.110056e+00,8.743465e-01,2.067870e-01,5.414153e-01,5.314913e-01,0.657052,236.5389
0.0261613,2.515000e+01,-5.110028e+00,8.743465e-01,2.070961e-01,5.414854e-01,5.322173e-01,0.657865,236.8313
0.0261935,2.515000e+01,-5.110009e+00,8.743465e-01,2.068001e-01,5.407698e-01,5.321600e-01,0.658674,237.1228
0.0262258,2.515000e+01,-5.110000e+00,8.743465e-01,2.068253e-01,5.404113e-01,5.325772e-01,0.659487,237.4152
0.0262581,2.515000e+01,-5.109988e+00,8.743465e-01,2.069562e-01,5.407977e-01,5.325338e-01,0.660299,237.7076
0.0262903,2.515000e+01,-5.109972e+00,8.743465e-01,2.070718e-01,5.413332e-01,5.323042e-01,0.661109,237.9991
0.0263226,2.515000e+01,-5.109969e+00,8.743465e-01,2.071212e-01,5.411173e-01,5.326437e-01,0.661921,238.2915
0.0263548,2.515000e+01,-5.109968e+00,8.743465e-01,2.068964e-01,5.405987e-01,5.325762e-01,0.662730,238.5830
0.0263871,2.515000e+01,-5.109978e+00,8.743465e-01,2.069454e-01,5.403012e-01,5.329956e-01,0.663543,238.8754
0.0264194,2.515000e+01,-5.109986e+00,8.743465e-01,2.066308e-01,5.401512e-01,5.323330e-01,0.664355,239.1678
0.0264516,2.515000e+01,-5.109979e+00,8.743465e-01,2.060078e-01,5.397679e-01,5.311050e-01,0.665165,239.4593
0.0264839,2.515000e+01,-5.109984e+00,8.743465e-01,2.061588e-01,5.396489e-01,5.316115e-01,0.665977,239.7517
0.0265161,2.515000e+01,-5.109993e+00,8.743465e-01,2.063020e-01,5.398163e-01,5.318161e-01,0.666787,240.0432
0.0265484,2.515000e+01,-5.110008e+00,8.743465e-01,2.065681e-01,5.400317e-01,5.322892e-01,0.667599,240.3356
0.0265806,2.515000e+01,-5.110023e+00,8.743465e-01,2.065403e-01,5.401033e-01,5.321471e-01,0.668409,240.6271
0.0266129,2.515000e+01,-5.110045e+00,8.743465e-01,2.065455e-01,5.400322e-01,5.322302e-01,0.669221,240.9195
0.0266452,2.515000e+01,-5.110077e+00,8.743465e-01,2.064210e-01,5.395510e-01,5.323838e-01,0.670033,241.2119
0.0266774,2.515000e+01,-5.110099e+00,8.743465e-01,2.058664e-01,5.391250e-01,5.313734e-01,0.670843,241.5034
0.0267097,2.515000e+01,-5.110125e+00,8.743465e-01,2.058597e-01,5.391461e-01,5.313356e-01,0.671655,241.7958
0.0267419,2.515000e+01,-5.110149e+00,8.743465e-01,2.059438e-01,5.392724e-01,5.314277e-01,0.672465,242.0873
0.0267742,2.515000e+01,-5.110174e+00,8.743465e-01,2.062315e-01,5.398211e-01,5.316294e-01,0.673277,242.3797
0.0268065,2.515000e+01,-5.110206e+00,8.743465e-01,2.062487e-01,5.396752e-01,5.318171e-01,0.674089,242.6721
0.0268387,2.515000e+01,-5.110247e+00,8.743465e-01,2.063844e-01,5.396921e-01,5.321503e-01,0.674899,242.9636
0.026871,2.515000e+01,-5.110303e+00,8.743465e-01,2.062541e-01,5.388612e-01,5.326343e-01,0.675711,243.2560
0.0269032,2.515000e+01,-5.110363e+00,8.743465e-01,2.062677e-01,5.389481e-01,5.325839e-01,0.676521,243.5475
0.0269355,2.515000e+01,-5.110423e+00,8.743465e-01,2.062071e-01,5.391150e-01,5.322622e-01,0.677333,243.8399
0.0269677,2.515000e+01,-5.110497e+00,8.743465e-01,2.065054e-01,5.393883e-01,5.327626e-01,0.678143,244.1314
0.027,2.515000e+01,-5.110576e+00,8.743465e-01,2.064017e-01,5.393351e-01,5.325471e-01,0.678955,244.4238
0.0270323,2.515000e+01,-5.110663e+00,8.743465e-01,2.060400e-01,5.383774e-01,5.325602e-01,0.679767,244.7162
0.0270645,2.515000e+01,-5.110757e+00,8.743465e-01,2.058187e-01,5.377703e-01,5.325884e-01,0.680577,245.0077
0.0270968,2.515000e+01,-5.110850e+00,8.743465e-01,2.056649e-01,5.381541e-01,5.318106e-01,0.681389,245.3001
0.027129,2.515000e+01,-5.110951e+00,8.743465e-01,2.060242e-01,5.388002e-01,5.321010e-01,0.682199,245.5916
0.0271613,2.515000e+01,-5.111052e+00,8.743465e-01,2.060588e-01,5.392672e-01,5.317294e-01,0.683011,245.8840
0.0271935,2.515000e+01,-5.111172e+00,8.743465e-01,2.062347e-01,5.388549e-01,5.325908e-01,0.683821,246.1755
0.0272258,2.515000e+01,-5.111302e+00,8.743465e-01,2.063850e-01,5.388102e-01,5.330234e-01,0.684633,246.4679
0.0272581,2.515000e+01,-5.111428e+00,8.743465e-01,2.060529e-01,5.383647e-01,5.326060e-01,0.685445,246.7603
0.0272903,2.515000e+01,-5.111558e+00,8.743465e-01,2.060534e-01,5.383768e-01,5.325952e-01,0.686255,247.0518
0.0273226,2.515000e+01,-5.111683e+00,8.743465e-01,2.058460e-01,5.385727e-01,5.318656e-01,0.687067,247.3442
0.0273548,2.515000e+01,-5.111818e+00,8.743465e-01,2.060139e-01,5.386317e-01,5.322409e-01,0.687877,247.6357
0.0273871,2.515000e+01,-5.111953e+00,8.743465e-01,2.059395e-01,5.386312e-01,5.320490e-01,0.688689,247.9281
0.0274194,2.515000e+01,-5.112101e+00,8.743465e-01,2.056982e-01,5.381031e-01,5.319476e-01,0.689501,248.2205
0.0274516,2.515000e+01,-5.112252e+00,8.743465e-01,2.057411e-01,5.382873e-01,5.318763e-01,0.690311,248.5120
0.0274839,2.515000e+01,-5.112405e+00,8.743465e-01,2.059890e-01,5.389855e-01,5.318269e-01,0.691123,248.8044
0.0275161,2.515000e+01,-5.112574e+00,8.743465e-01,2.063571e-01,5.392198e-01,5.325462e-01,0.691933,249.0959
0.0275484,2.515000e+01,-5.112759e+00,8.743465e-01,2.064177e-01,5.388044e-01,5.331133e-01,0.692745,249.3883
0.0275806,2.515000e+01,-5.112951e+00,8.743465e-01,2.065245e-01,5.389218e-01,5.332729e-01,0.693555,249.6798
0.0276129,2.515000e+01,-5.113156e+00,8.743465e-01,2.064789e-01,5.383268e-01,5.337443e-01,0.694367,249.9722
0.0276452,2.515000e+01,-5.113365e+00,8.743465e-01,2.062480e-01,5.380072e-01,5.334641e-01,0.695179,250.2646
0.0276774,2.515000e+01,-5.113582e+00,8.743465e-01,2.060783e-01,5.376292e-01,5.333999e-01,0.695989,250.5561
0.0277097,2.515000e+01,-5.113796e+00,8.743465e-01,2.061681e-01,5.381041e-01,5.331618e-01,0.696801,250.8485
0.0277419,2.515000e+01,-5.114011e+00,8.743465e-01,2.063450e-01,5.385327e-01,5.331944e-01,0.697611,251.1400
0.0277742,2.515000e+01,-5.114222e+00,8.743465e-01,2.064105e-01,5.389960e-01,5.329054e-01,0.698423,251.4324
0.0278065,2.515000e+01,-5.114425e+00,8.743465e-01,2.063651e-01,5.393188e-01,5.324691e-01,0.699236,251.7248
0.0278387,2.515000e+01,-5.114635e+00,8.743465e-01,2.064075e-01,5.389918e-01,5.329017e-01,0.700045,252.0163
0.027871,2.515000e+01,-5.114866e+00,8.743465e-01,2.065491e-01,5.383100e-01,5.339426e-01,0.700858,252.3087
0.0279032,2.515000e+01,-5.115104e+00,8.743465e-01,2.067570e-01,5.384369e-01,5.343541e-01,0.701667,252.6002
0.0279355,2.515000e+01,-5.115324e+00,8.743465e-01,2.064569e-01,5.386248e-01,5.333924e-01,0.702480,252.8926
0.0279677,2.515000e+01,-5.115526e+00,8.743465e-01,2.062830e-01,5.390092e-01,5.325630e-01,0.703289,253.1841
0.028,2.515000e+01,-5.115723e+00,8.743465e-01,2.061734e-01,5.390566e-01,5.322334e-01,0.704101,253.4765
0.0280323,2.515000e+01,-5.115926e+00,8.743465e-01,2.063239e-01,5.389966e-01,5.326808e-01,0.704914,253.7689
0.0280645,2.515000e+01,-5.116142e+00,8.743465e-01,2.066779e-01,5.389676e-01,5.336234e-01,0.705723,254.0604
0.0280968,2.515000e+01,-5.116349e+00,8.743465e-01,2.067157e-01,5.395425e-01,5.331525e-01,0.706536,254.3528
0.028129,2.515000e+01,-5.116553e+00,8.743465e-01,2.067604e-01,5.396515e-01,5.331601e-01,0.707345,254.6443
0.0281613,2.515000e+01,-5.116755e+00,8.743465e-01,2.069592e-01,5.400043e-01,5.333238e-01,0.708158,254.9367
0.0281935,2.515000e+01,-5.116966e+00,8.743465e-01,2.068664e-01,5.392356e-01,5.338451e-01,0.708967,255.2282
0.0282258,2.515000e+01,-5.117196e+00,8.743465e-01,2.070203e-01,5.383653e-01,5.351061e-01,0.709780,255.5206
0.0282581,2.515000e+01,-5.117427e+00,8.743465e-01,2.071368e-01,5.384227e-01,5.353495e-01,0.710592,255.8130
0.0282903,2.515000e+01,-5.117633e+00,8.743465e-01,2.070288e-01,5.391334e-01,5.343655e-01,0.711401,256.1045
0.0283226,2.515000e+01,-5.117820e+00,8.743465e-01,2.069247e-01,5.397242e-01,5.335119e-01,0.712214,256.3969
0.0283548,2.515000e+01,-5.117998e+00,8.743465e-01,2.068476e-01,5.399148e-01,5.331246e-01,0.713023,256.6884
0.0283871,2.515000e+01,-5.118196e+00,8.743465e-01,2.073892e-01,5.398300e-01,5.346049e-01,0.713836,256.9808
0.0284194,2.515000e+01,-5.118389e+00,8.743465e-01,2.074130e-01,5.400411e-01,5.344573e-01,0.714648,257.2732
0.0284516,2.515000e+01,-5.118577e+00,8.743465e-01,2.072811e-01,5.396973e-01,5.344574e-01,0.715458,257.5647
0.0284839,2.515000e+01,-5.118754e+00,8.743465e-01,2.073465e-01,5.400685e-01,5.342587e-01,0.716270,257.8571
0.0285161,2.515000e+01,-5.118935e+00,8.743465e-01,2.076955e-01,5.401580e-01,5.350690e-01,0.717080,258.1486
0.0285484,2.515000e+01,-5.119118e+00,8.743465e-01,2.076937e-01,5.397653e-01,5.354540e-01,0.717892,258.4410
0.0285806,2.515000e+01,-5.119296e+00,8.743465e-01,2.074873e-01,5.393625e-01,5.353210e-01,0.718702,258.7325
0.0286129,2.515000e+01,-5.119457e+00,8.743465e-01,2.073880e-01,5.397310e-01,5.346998e-01,0.719514,259.0249
0.0286452,2.515000e+01,-5.119598e+00,8.743465e-01,2.074427e-01,5.406161e-01,5.339650e-01,0.720326,259.3174
0.0286774,2.515000e+01,-5.119712e+00,8.743465e-01,2.071788e-01,5.411489e-01,5.327607e-01,0.721136,259.6089
0.0287097,2.515000e+01,-5.119832e+00,8.743465e-01,2.073480e-01,5.411258e-01,5.332188e-01,0.721948,259.9013
0.0287419,2.515000e+01,-5.119982e+00,8.743465e-01,2.080796e-01,5.408393e-01,5.353835e-01,0.722758,260.1928
0.0287742,2.515000e+01,-5.120128e+00,8.743465e-01,2.083694e-01,5.414317e-01,5.355424e-01,0.723570,260.4852
0.0288065,2.515000e+01,-5.120278e+00,8.743465e-01,2.082972e-01,5.406751e-01,5.361063e-01,0.724382,260.7776
0.0288387,2.515000e+01,-5.120420e+00,8.743465e-01,2.082190e-01,5.408330e-01,5.357486e-01,0.725192,261.0691
0.028871,2.515000e+01,-5.120571e+00,8.743465e-01,2.085718e-01,5.409625e-01,5.365277e-01,0.726004,261.3615
0.0289032,2.515000e+01,-5.120708e+00,8.743465e-01,2.084661e-01,5.411795e-01,5.360406e-01,0.726814,261.6530
0.0289355,2.515000e+01,-5.120841e+00,8.743465e-01,2.083861e-01,5.410621e-01,5.359512e-01,0.727626,261.9454
0.0289677,2.515000e+01,-5.120943e+00,8.743465e-01,2.081070e-01,5.419461e-01,5.343604e-01,0.728436,262.2369
0.029,2.515000e+01,-5.121042e+00,8.743465e-01,2.083746e-01,5.424410e-01,5.345596e-01,0.729248,262.5293
0.0290323,2.515000e+01,-5.121153e+00,8.743465e-01,2.087416e-01,5.422251e-01,5.357141e-01,0.730060,262.8217
0.0290645,2.515000e+01,-5.121288e+00,8.743465e-01,2.091736e-01,5.419118e-01,5.371330e-01,0.730870,263.1132
0.0290968,2.515000e+01,-5.121404e+00,8.743465e-01,2.090547e-01,5.426242e-01,5.361231e-01,0.731682,263.4056
0.029129,2.515000e+01,-5.121495e+00,8.743465e-01,2.086738e-01,5.433297e-01,5.344512e-01,0.732492,263.6971
0.0291613,2.515000e+01,-5.121627e+00,8.743465e-01,2.090535e-01,5.417750e-01,5.369608e-01,0.733304,263.9895
0.0291935,2.515000e+01,-5.121758e+00,8.743465e-01,2.091495e-01,5.419082e-01,5.370750e-01,0.734114,264.2810
0.0292258,2.515000e+01,-5.121890e+00,8.743465e-01,2.095324e-01,5.426437e-01,5.373289e-01,0.734926,264.5734
0.0292581,2.515000e+01,-5.122009e+00,8.743465e-01,2.094971e-01,5.432013e-01,5.366865e-01,0.735738,264.8658
0.0292903,2.515000e+01,-5.122121e+00,8.743465e-01,2.091159e-01,5.428559e-01,5.360512e-01,0.736548,265.1573
0.0293226,2.515000e+01,-5.122214e+00,8.743465e-01,2.088962e-01,5.432544e-01,5.350950e-01,0.737360,265.4497
0.0293548,2.515000e+01,-5.122283e+00,8.743465e-01,2.088846e-01,5.441348e-01,5.341992e-01,0.738170,265.7412
0.0293871,2.515000e+01,-5.122387e+00,8.743465e-01,2.096853e-01,5.439610e-01,5.364189e-01,0.738982,266.0336
0.0294194,2.515000e+01,-5.122525e+00,8.743465e-01,2.103790e-01,5.435419e-01,5.386078e-01,0.739794,266.3260
0.0294516,2.515000e+01,-5.122659e+00,8.743465e-01,2.105137e-01,5.439100e-01,5.385887e-01,0.740604,266.6175
0.0294839,2.515000e+01,-5.122735e+00,8.743465e-01,2.094566e-01,5.445981e-01,5.352072e-01,0.741416,266.9099
0.0295161,2.515000e+01,-5.122816e+00,8.743465e-01,2.091616e-01,5.436730e-01,5.353627e-01,0.742226,267.2014
0.0295484,2.515000e+01,-5.122914e+00,8.743465e-01,2.095870e-01,5.435298e-01,5.365925e-01,0.743038,267.4938
0.0295806,2.515000e+01,-5.123044e+00,8.743465e-01,2.105862e-01,5.437925e-01,5.388899e-01,0.743848,267.7853
0.0296129,2.515000e+01,-5.123148e+00,8.743465e-01,2.105680e-01,5.448977e-01,5.377509e-01,0.744660,268.0777
0.0296452,2.515000e+01,-5.123227e+00,8.743465e-01,2.103159e-01,5.456448e-01,5.363716e-01,0.745472,268.3701
0.0296774,2.515000e+01,-5.123300e+00,8.743465e-01,2.102526e-01,5.457733e-01,5.360837e-01,0.746282,268.6616
0.0297097,2.515000e+01,-5.123376e+00,8.743465e-01,2.103703e-01,5.458475e-01,5.363109e-01,0.747094,268.9540
0.0297419,2.515000e+01,-5.123490e+00,8.743465e-01,2.107197e-01,5.445439e-01,5.384882e-01,0.747904,269.2455
0.0297742,2.515000e+01,-5.123640e+00,8.743465e-01,2.114702e-01,5.440021e-01,5.409444e-01,0.748716,269.5379
0.0298065,2.515000e+01,-5.123784e+00,8.743465e-01,2.115908e-01,5.446750e-01,5.405834e-01,0.749529,269.8303
0.0298387,2.515000e+01,-5.123865e+00,8.743465e-01,2.108221e-01,5.461571e-01,5.371581e-01,0.750338,270.1218
0.029871,2.515000e+01,-5.123905e+00,8.743465e-01,2.096508e-01,5.458501e-01,5.344745e-01,0.751151,270.4142
0.0299032,2.515000e+01,-5.123959e+00,8.743465e-01,2.098593e-01,5.455695e-01,5.352810e-01,0.751960,270.7057
0.0299355,2.515000e+01,-5.124056e+00,8.743465e-01,2.109611e-01,5.457196e-01,5.379434e-01,0.752772,270.9981
0.0299677,2.515000e+01,-5.124153e+00,8.743465e-01,2.116045e-01,5.467005e-01,5.386160e-01,0.753582,271.2896
0.03,2.515000e+01,-5.124248e+00,8.743465e-01,2.115289e-01,5.465741e-01,5.385480e-01,0.754394,271.5820
0.0300323,2.515000e+01,-5.124318e+00,8.743465e-01,2.110635e-01,5.468553e-01,5.370870e-01,0.755207,271.8744
0.0300645,2.515000e+01,-5.124389e+00,8.743465e-01,2.111150e-01,5.469058e-01,5.371682e-01,0.756016,272.1659
0.0300968,2.515000e+01,-5.124491e+00,8.743465e-01,2.114455e-01,5.462003e-01,5.387043e-01,0.756829,272.4583
0.030129,2.515000e+01,-5.124620e+00,8.743465e-01,2.120373e-01,5.459223e-01,5.404867e-01,0.757638,272.7498
0.0301613,2.515000e+01,-5.124735e+00,8.743465e-01,2.118928e-01,5.464077e-01,5.396388e-01,0.758451,273.0422
0.0301935,2.515000e+01,-5.124823e+00,8.743465e-01,2.118100e-01,5.474529e-01,5.383980e-01,0.759260,273.3337
0.0302258,2.515000e+01,-5.124887e+00,8.743465e-01,2.113190e-01,5.476861e-01,5.369211e-01,0.760073,273.6261
0.0302581,2.515000e+01,-5.124956e+00,8.743465e-01,2.115119e-01,5.477261e-01,5.373717e-01,0.760885,273.9185
0.0302903,2.515000e+01,-5.125018e+00,8.743465e-01,2.115830e-01,5.482168e-01,5.370715e-01,0.761694,274.2100
0.0303226,2.515000e+01,-5.125095e+00,8.743465e-01,2.120047e-01,5.483374e-01,5.380239e-01,0.762507,274.5024
0.0303548,2.515000e+01,-5.125220e+00,8.743465e-01,2.127408e-01,5.469416e-01,5.412692e-01,0.763316,274.7939
0.0303871,2.515000e+01,-5.125341e+00,8.743465e-01,2.127031e-01,5.467989e-01,5.413143e-01,0.764129,275.0863
0.0304194,2.515000e+01,-5.125424e+00,8.743465e-01,2.123030e-01,5.478372e-01,5.392727e-01,0.764941,275.3787
0.0304516,2.515000e+01,-5.125489e+00,8.743465e-01,2.121972e-01,5.484938e-01,5.383585e-01,0.765751,275.6702
0.0304839,2.515000e+01,-5.125561e+00,8.743465e-01,2.122827e-01,5.482010e-01,5.388634e-01,0.766563,275.9626
0.0305161,2.515000e+01,-5.125627e+00,8.743465e-01,2.122311e-01,5.480594e-01,5.388714e-01,0.767373,276.2541
0.0305484,2.515000e+01,-5.125667e+00,8.743465e-01,2.120973e-01,5.488144e-01,5.377910e-01,0.768185,276.5465
0.0305806,2.515000e+01,-5.125717e+00,8.743465e-01,2.123814e-01,5.487149e-01,5.386090e-01,0.768994,276.8380
0.0306129,2.515000e+01,-5.125789e+00,8.743465e-01,2.129393e-01,5.486122e-01,5.401247e-01,0.769807,277.1304
0.0306452,2.515000e+01,-5.125842e+00,8.743465e-01,2.127660e-01,5.491698e-01,5.391371e-01,0.770619,277.4228
0.0306774,2.515000e+01,-5.125886e+00,8.743465e-01,2.126319e-01,5.493609e-01,5.386098e-01,0.771429,277.7143
0.0307097,2.515000e+01,-5.125941e+00,8.743465e-01,2.128101e-01,5.488523e-01,5.395612e-01,0.772241,278.0067
0.0307419,2.515000e+01,-5.126001e+00,8.743465e-01,2.128088e-01,5.486343e-01,5.397719e-01,0.773051,278.2982
0.0307742,2.515000e+01,-5.126061e+00,8.743465e-01,2.131298e-01,5.489760e-01,5.402494e-01,0.773863,278.5906
0.0308065,2.515000e+01,-5.126101e+00,8.743465e-01,2.129241e-01,5.494067e-01,5.393049e-01,0.774675,278.8830
0.0308387,2.515000e+01,-5.126131e+00,8.743465e-01,2.129622e-01,5.497016e-01,5.391128e-01,0.775485,279.1745
0.030871,2.515000e+01,-5.126141e+00,8.743465e-01,2.127617e-01,5.498911e-01,5.384192e-01,0.776297,279.4669
0.0309032,2.515000e+01,-5.126146e+00,8.743465e-01,2.129739e-01,5.501096e-01,5.387415e-01,0.777107,279.7584
0.0309355,2.515000e+01,-5.126185e+00,8.743465e-01,2.136846e-01,5.495968e-01,5.410446e-01,0.777919,280.0508
0.0309677,2.515000e+01,-5.126224e+00,8.743465e-01,2.139343e-01,5.498137e-01,5.414629e-01,0.778729,280.3423
0.031,2.515000e+01,-5.126253e+00,8.743465e-01,2.139163e-01,5.502291e-01,5.410080e-01,0.779541,280.6347
0.0310323,2.515000e+01,-5.126250e+00,8.743465e-01,2.132864e-01,5.505298e-01,5.391206e-01,0.780353,280.9271
0.0310645,2.515000e+01,-5.126258e+00,8.743465e-01,2.130886e-01,5.497226e-01,5.394114e-01,0.781163,281.2186
0.0310968,2.515000e+01,-5.126272e+00,8.743465e-01,2.133775e-01,5.497190e-01,5.401467e-01,0.781975,281.5110
0.031129,2.515000e+01,-5.126282e+00,8.743465e-01,2.137127e-01,5.503966e-01,5.403289e-01,0.782785,281.8025
0.0311613,2.515000e+01,-5.126281e+00,8.743465e-01,2.138156e-01,5.509942e-01,5.400032e-01,0.783597,282.0949
0.0311935,2.515000e+01,-5.126281e+00,8.743465e-01,2.138380e-01,5.508631e-01,5.401880e-01,0.784407,282.3864
0.0312258,2.515000e+01,-5.126283e+00,8.743465e-01,2.137851e-01,5.506609e-01,5.402526e-01,0.785219,282.6788
0.0312581,2.515000e+01,-5.126276e+00,8.743465e-01,2.137970e-01,5.511405e-01,5.398128e-01,0.786031,282.9712
0.0312903,2.515000e+01,-5.126281e+00,8.743465e-01,2.139934e-01,5.510405e-01,5.404067e-01,0.786841,283.2627
0.0313226,2.515000e+01,-5.126283e+00,8.743465e-01,2.140102e-01,5.513785e-01,5.401178e-01,0.787653,283.5551
0.0313548,2.515000e+01,-5.126282e+00,8.743465e-01,2.138781e-01,5.514159e-01,5.397474e-01,0.788463,283.8466
0.0313871,2.515000e+01,-5.126288e+00,8.743465e-01,2.139282e-01,5.510579e-01,5.402249e-01,0.789275,284.1390
0.0314194,2.515000e+01,-5.126306e+00,8.743465e-01,2.139578e-01,5.504866e-01,5.408602e-01,0.790087,284.4314
0.0314516,2.515000e+01,-5.126330e+00,8.743465e-01,2.141784e-01,5.506267e-01,5.412805e-01,0.790897,284.7229
0.0314839,2.515000e+01,-5.126333e+00,8.743465e-01,2.140890e-01,5.515312e-01,5.401664e-01,0.791709,285.0153
0.0315161,2.515000e+01,-5.126320e+00,8.743465e-01,2.141365e-01,5.522562e-01,5.395776e-01,0.792519,285.3068
0.0315484,2.515000e+01,-5.126312e+00,8.743465e-01,2.141740e-01,5.520409e-01,5.398829e-01,0.793331,285.5992
0.0315806,2.515000e+01,-5.126311e+00,8.743465e-01,2.141995e-01,5.518755e-01,5.401086e-01,0.794141,285.8907
0.0316129,2.515000e+01,-5.126329e+00,8.743465e-01,2.145839e-01,5.516681e-01,5.412816e-01,0.794953,286.1831
0.0316452,2.515000e+01,-5.126365e+00,8.743465e-01,2.148026e-01,5.512522e-01,5.422417e-01,0.795765,286.4756
0.0316774,2.515000e+01,-5.126395e+00,8.743465e-01,2.148115e-01,5.515423e-01,5.419791e-01,0.796575,286.7670
0.0317097,2.515000e+01,-5.126400e+00,8.743465e-01,2.145981e-01,5.522383e-01,5.407584e-01,0.797387,287.0595
0.0317419,2.515000e+01,-5.126402e+00,8.743465e-01,2.144874e-01,5.522841e-01,5.404345e-01,0.798197,287.3510
0.0317742,2.515000e+01,-5.126410e+00,8.743465e-01,2.146553e-01,5.522762e-01,5.408652e-01,0.799009,287.6434
0.0318065,2.515000e+01,-5.126419e+00,8.743465e-01,2.145766e-01,5.520819e-01,5.408570e-01,0.799822,287.9358
0.0318387,2.515000e+01,-5.126413e+00,8.743465e-01,2.145021e-01,5.526337e-01,5.401293e-01,0.800631,288.2273
0.031871,2.515000e+01,-5.126403e+00,8.743465e-01,2.145915e-01,5.529470e-01,5.400485e-01,0.801443,288.5197
0.0319032,2.515000e+01,-5.126396e+00,8.743465e-01,2.145990e-01,5.529475e-01,5.400669e-01,0.802253,288.8112
0.0319355,2.515000e+01,-5.126397e+00,8.743465e-01,2.148386e-01,5.528954e-01,5.407203e-01,0.803065,289.1036
0.0319677,2.515000e+01,-5.126414e+00,8.743465e-01,2.148466e-01,5.523726e-01,5.412523e-01,0.803875,289.3951
0.032,2.515000e+01,-5.126443e+00,8.743465e-01,2.149578e-01,5.520704e-01,5.418296e-01,0.804687,289.6875
0.0320323,2.515000e+01,-5.126468e+00,8.743465e-01,2.149369e-01,5.523668e-01,5.414862e-01,0.805500,289.9799
0.0320645,2.515000e+01,-5.126479e+00,8.743465e-01,2.148941e-01,5.531697e-01,5.405921e-01,0.806309,290.2714
0.0320968,2.515000e+01,-5.126482e+00,8.743465e-01,2.149588e-01,5.538847e-01,5.400571e-01,0.807122,290.5638
0.032129,2.515000e+01,-5.126490e+00,8.743465e-01,2.149078e-01,5.538257e-01,5.399863e-01,0.807931,290.8553
0.0321613,2.515000e+01,-5.126494e+00,8.743465e-01,2.148127e-01,5.539921e-01,5.395852e-01,0.808744,291.1477
0.0321935,2.515000e+01,-5.126514e+00,8.743465e-01,2.150443e-01,5.538384e-01,5.403166e-01,0.809553,291.4392
0.0322258,2.515000e+01,-5.126581e+00,8.743465e-01,2.156582e-01,5.529417e-01,5.427382e-01,0.810365,291.7316
0.0322581,2.515000e+01,-5.126665e+00,8.743465e-01,2.159585e-01,5.528843e-01,5.435501e-01,0.811178,292.0240
0.0322903,2.515000e+01,-5.126729e+00,8.743465e-01,2.157258e-01,5.537273e-01,5.421383e-01,0.811987,292.3155
0.0323226,2.515000e+01,-5.126769e+00,8.743465e-01,2.151749e-01,5.543949e-01,5.401025e-01,0.812800,292.6079
0.0323548,2.515000e+01,-5.126817e+00,8.743465e-01,2.151225e-01,5.544228e-01,5.399435e-01,0.813609,292.8994
0.0323871,2.515000e+01,-5.126888e+00,8.743465e-01,2.153386e-01,5.541985e-01,5.407046e-01,0.814422,293.1918
0.0324194,2.515000e+01,-5.126978e+00,8.743465e-01,2.156202e-01,5.541137e-01,5.414945e-01,0.815234,293.4842
0.0324516,2.515000e+01,-5.127069e+00,8.743465e-01,2.157967e-01,5.547345e-01,5.413314e-01,0.816044,293.7757
0.0324839,2.515000e+01,-5.127158e+00,8.743465e-01,2.156768e-01,5.548377e-01,5.409297e-01,0.816856,294.0681
0.0325161,2.515000e+01,-5.127239e+00,8.743465e-01,2.154914e-01,5.550488e-01,5.402597e-01,0.817665,294.3596
0.0325484,2.515000e+01,-5.127324e+00,8.743465e-01,2.154524e-01,5.548245e-01,5.403801e-01,0.818478,294.6520
0.0325806,2.515000e+01,-5.127448e+00,8.743465e-01,2.159007e-01,5.538837e-01,5.424249e-01,0.819287,294.9435
0.0326129,2.515000e+01,-5.127593e+00,8.743465e-01,2.162930e-01,5.537615e-01,5.435299e-01,0.820100,295.2359
0.0326452,2.515000e+01,-5.127727e+00,8.743465e-01,2.161854e-01,5.543491e-01,5.426832e-01,0.820912,295.5283
0.0326774,2.515000e+01,-5.127796e+00,8.743465e-01,2.153013e-01,5.559371e-01,5.389210e-01,0.821722,295.8198
0.0327097,2.515000e+01,-5.127854e+00,8.743465e-01,2.151843e-01,5.562072e-01,5.383663e-01,0.822534,296.1122
0.0327419,2.515000e+01,-5.127948e+00,8.743465e-01,2.157111e-01,5.556917e-01,5.401846e-01,0.823344,296.4037
0.0327742,2.515000e+01,-5.128063e+00,8.743465e-01,2.159135e-01,5.552142e-01,5.411565e-01,0.824156,296.6961
0.0328065,2.515000e+01,-5.128199e+00,8.743465e-01,2.163520e-01,5.550114e-01,5.424536e-01,0.824968,296.9885
0.0328387,2.515000e+01,-5.128321e+00,8.743465e-01,2.162223e-01,5.554479e-01,5.417025e-01,0.825778,297.2800
0.032871,2.515000e+01,-5.128441e+00,8.743465e-01,2.162061e-01,5.556480e-01,5.414668e-01,0.826590,297.5724
0.0329032,2.515000e+01,-5.128552e+00,8.743465e-01,2.162733e-01,5.564988e-01,5.408068e-01,0.827400,297.8639
0.0329355,2.515000e+01,-5.128686e+00,8.743465e-01,2.163741e-01,5.556601e-01,5.418756e-01,0.828212,298.1563
0.0329677,2.515000e+01,-5.128819e+00,8.743465e-01,2.163472e-01,5.555522e-01,5.419135e-01,0.829022,298.4478
0.033,2.515000e+01,-5.128947e+00,8.743465e-01,2.160135e-01,5.554306e-01,5.411966e-01,0.829834,298.7402
0.0330323,2.515000e+01,-5.129049e+00,8.743465e-01,2.159168e-01,5.563114e-01,5.400974e-01,0.830646,299.0326
0.0330645,2.515000e+01,-5.129151e+00,8.743465e-01,2.161399e-01,5.567526e-01,5.402272e-01,0.831456,299.3241
0.0330968,2.515000e+01,-5.129269e+00,8.743465e-01,2.164314e-01,5.566679e-01,5.410382e-01,0.832268,299.6165
0.033129,2.515000e+01,-5.129402e+00,8.743465e-01,2.167382e-01,5.567163e-01,5.417577e-01,0.833078,299.9080
0.0331613,2.515000e+01,-5.129558e+00,8.743465e-01,2.170659e-01,5.562624e-01,5.430198e-01,0.833890,300.2004
0.0331935,2.515000e+01,-5.129722e+00,8.743465e-01,2.170442e-01,5.559908e-01,5.432308e-01,0.834700,300.4919
0.0332258,2.515000e+01,-5.129871e+00,8.743465e-01,2.167675e-01,5.561155e-01,5.424162e-01,0.835512,300.7843
0.0332581,2.515000e+01,-5.130000e+00,8.743465e-01,2.164125e-01,5.569011e-01,5.407639e-01,0.836324,301.0767
0.0332903,2.515000e+01,-5.130123e+00,8.743465e-01,2.164009e-01,5.573902e-01,5.402605e-01,0.837134,301.3682
0.0333226,2.515000e+01,-5.130265e+00,8.743465e-01,2.166176e-01,5.569722e-01,5.412079e-01,0.837946,301.6606
0.0333548,2.515000e+01,-5.130391e+00,8.743465e-01,2.163341e-01,5.572196e-01,5.402596e-01,0.838756,301.9521
0.0333871,2.515000e+01,-5.130508e+00,8.743465e-01,2.160746e-01,5.572670e-01,5.395650e-01,0.839568,302.2445
0.0334194,2.515000e+01,-5.130661e+00,8.743465e-01,2.169024e-01,5.572449e-01,5.416544e-01,0.840380,302.5369
0.0334516,2.515000e+01,-5.130834e+00,8.743465e-01,2.170706e-01,5.568000e-01,5.425069e-01,0.841190,302.8284
0.0334839,2.515000e+01,-5.130994e+00,8.743465e-01,2.166768e-01,5.568090e-01,5.415141e-01,0.842002,303.1208
0.0335161,2.515000e+01,-5.131122e+00,8.743465e-01,2.161957e-01,5.573976e-01,5.397415e-01,0.842812,303.4123
0.0335484,2.515000e+01,-5.131286e+00,8.743465e-01,2.169634e-01,5.571164e-01,5.419314e-01,0.843624,303.7047
0.0335806,2.515000e+01,-5.131481e+00,8.743465e-01,2.176485e-01,5.571959e-01,5.435653e-01,0.844434,303.9962
0.0336129,2.515000e+01,-5.131671e+00,8.743465e-01,2.174733e-01,5.574371e-01,5.428925e-01,0.845246,304.2886
0.0336452,2.515000e+01,-5.131827e+00,8.743465e-01,2.165568e-01,5.577135e-01,5.403363e-01,0.846058,304.5810
0.0336774,2.515000e+01,-5.131986e+00,8.743465e-01,2.167068e-01,5.577651e-01,5.406612e-01,0.846868,304.8725
0.0337097,2.515000e+01,-5.132161e+00,8.743465e-01,2.167596e-01,5.572238e-01,5.413181e-01,0.847680,305.1649
0.0337419,2.515000e+01,-5.132347e+00,8.743465e-01,2.170143e-01,5.572686e-01,5.419106e-01,0.848490,305.4564
0.0337742,2.515000e+01,-5.132548e+00,8.743465e-01,2.174280e-01,5.575303e-01,5.426886e-01,0.849302,305.7488
0.0338065,2.515000e+01,-5.132768e+00,8.743465e-01,2.176353e-01,5.574081e-01,5.433253e-01,0.850115,306.0412
0.0338387,2.515000e+01,-5.132981e+00,8.743465e-01,2.174114e-01,5.574803e-01,5.426962e-01,0.850924,306.3327
0.033871,2.515000e+01,-5.133144e+00,8.743465e-01,2.161477e-01,5.577714e-01,5.392595e-01,0.851736,306.6251
0.0339032,2.515000e+01,-5.133309e+00,8.743465e-01,2.163010e-01,5.576882e-01,5.397226e-01,0.852546,306.9166
0.0339355,2.515000e+01,-5.133504e+00,8.743465e-01,2.170117e-01,5.576508e-01,5.415327e-01,0.853358,307.2090
0.0339677,2.515000e+01,-5.133719e+00,8.743465e-01,2.172913e-01,5.574629e-01,5.424133e-01,0.854168,307.5005
0.034,2.515000e+01,-5.133919e+00,8.743465e-01,2.171236e-01,5.579452e-01,5.415255e-01,0.854980,307.7929
0.0340323,2.515000e+01,-5.134092e+00,8.743465e-01,2.165222e-01,5.581516e-01,5.398262e-01,0.855793,308.0853
0.0340645,2.515000e+01,-5.134288e+00,8.743465e-01,2.168271e-01,5.575829e-01,5.411380e-01,0.856602,308.3768
0.0340968,2.515000e+01,-5.134504e+00,8.743465e-01,2.172867e-01,5.575034e-01,5.423623e-01,0.857415,308.6692
0.034129,2.515000e+01,-5.134733e+00,8.743465e-01,2.174573e-01,5.571975e-01,5.430860e-01,0.858224,308.9607
0.0341613,2.515000e+01,-5.134950e+00,8.743465e-01,2.173022e-01,5.573802e-01,5.425207e-01,0.859036,309.2531
0.0341935,2.515000e+01,-5.135152e+00,8.743465e-01,2.171210e-01,5.576614e-01,5.417951e-01,0.859846,309.5446
0.0342258,2.515000e+01,-5.135316e+00,8.743465e-01,2.164725e-01,5.580973e-01,5.397548e-01,0.860658,309.8370
0.0342581,2.515000e+01,-5.135495e+00,8.743465e-01,2.166882e-01,5.577219e-01,5.406565e-01,0.861471,310.1294
0.0342903,2.515000e+01,-5.135691e+00,8.743465e-01,2.169951e-01,5.575650e-01,5.415742e-01,0.862280,310.4209
0.0343226,2.515000e+01,-5.135908e+00,8.743465e-01,2.173472e-01,5.572818e-01,5.427289e-01,0.863093,310.7133
0.0343548,2.515000e+01,-5.136121e+00,8.743465e-01,2.174695e-01,5.576029e-01,5.427212e-01,0.863902,311.0048
0.0343871,2.515000e+01,-5.136312e+00,8.743465e-01,2.170879e-01,5.577841e-01,5.415932e-01,0.864715,311.2972
0.0344194,2.515000e+01,-5.136507e+00,8.743465e-01,2.172134e-01,5.577172e-01,5.419715e-01,0.865527,311.5896
0.0344516,2.515000e+01,-5.136703e+00,8.743465e-01,2.171896e-01,5.574918e-01,5.421310e-01,0.866337,311.8811
0.0344839,2.515000e+01,-5.136905e+00,8.743465e-01,2.171789e-01,5.570527e-01,5.425315e-01,0.867149,312.1735
0.0345161,2.515000e+01,-5.137106e+00,8.743465e-01,2.172293e-01,5.571701e-01,5.425433e-01,0.867958,312.4650
0.0345484,2.515000e+01,-5.137258e+00,8.743465e-01,2.162775e-01,5.576598e-01,5.396912e-01,0.868771,312.7574
0.0345806,2.515000e+01,-5.137398e+00,8.743465e-01,2.162263e-01,5.578414e-01,5.393884e-01,0.869580,313.0489
0.0346129,2.515000e+01,-5.137557e+00,8.743465e-01,2.165912e-01,5.577730e-01,5.403646e-01,0.870393,313.3413
0.0346452,2.515000e+01,-5.137744e+00,8.743465e-01,2.170218e-01,5.573760e-01,5.418246e-01,0.871205,313.6338
0.0346774,2.515000e+01,-5.137948e+00,8.743465e-01,2.173581e-01,5.573049e-01,5.427338e-01,0.872015,313.9252
0.0347097,2.515000e+01,-5.138144e+00,8.743465e-01,2.171796e-01,5.573934e-01,5.422018e-01,0.872827,314.2177
0.0347419,2.515000e+01,-5.138334e+00,8.743465e-01,2.169051e-01,5.572765e-01,5.416300e-01,0.873637,314.5092
0.0347742,2.515000e+01,-5.138535e+00,8.743465e-01,2.171413e-01,5.573397e-01,5.421585e-01,0.874449,314.8016
0.0348065,2.515000e+01,-5.138721e+00,8.743465e-01,2.168511e-01,5.575677e-01,5.412125e-01,0.875261,315.0940
0.0348387,2.515000e+01,-5.138916e+00,8.743465e-01,2.168746e-01,5.570875e-01,5.417377e-01,0.876071,315.3855
0.034871,2.515000e+01,-5.139114e+00,8.743465e-01,2.170970e-01,5.572960e-01,5.420898e-01,0.876883,315.6779
0.0349032,2.515000e+01,-5.139294e+00,8.743465e-01,2.166779e-01,5.570780e-01,5.412558e-01,0.877693,315.9694
0.0349355,2.515000e+01,-5.139463e+00,8.743465e-01,2.165423e-01,5.570817e-01,5.409134e-01,0.878505,316.2618
0.0349677,2.515000e+01,-5.139631e+00,8.743465e-01,2.165494e-01,5.569201e-01,5.410882e-01,0.879315,316.5533
0.035,2.515000e+01,-5.139822e+00,8.743465e-01,2.172809e-01,5.569980e-01,5.428397e-01,0.880127,316.8457
0.0350323,2.515000e+01,-5.140001e+00,8.743465e-01,2.174307e-01,5.576161e-01,5.426117e-01,0.880939,317.1381
0.0350645,2.515000e+01,-5.140151e+00,8.743465e-01,2.167532e-01,5.572870e-01,5.412405e-01,0.881749,317.4296
0.0350968,2.515000e+01,-5.140306e+00,8.743465e-01,2.168380e-01,5.568948e-01,5.418334e-01,0.882561,317.7220
0.035129,2.515000e+01,-5.140452e+00,8.743465e-01,2.165131e-01,5.565441e-01,5.413623e-01,0.883371,318.0135
0.0351613,2.515000e+01,-5.140607e+00,8.743465e-01,2.168987e-01,5.564441e-01,5.424242e-01,0.884183,318.3059
0.0351935,2.515000e+01,-5.140734e+00,8.743465e-01,2.167627e-01,5.571838e-01,5.413641e-01,0.884993,318.5974
0.0352258,2.515000e+01,-5.140860e+00,8.743465e-01,2.168587e-01,5.572065e-01,5.415819e-01,0.885805,318.8898
0.0352581,2.515000e+01,-5.140984e+00,8.743465e-01,2.168805e-01,5.569021e-01,5.419327e-01,0.886617,319.1822
0.0352903,2.515000e+01,-5.141093e+00,8.743465e-01,2.165020e-01,5.564709e-01,5.414059e-01,0.887427,319.4737
0.0353226,2.515000e+01,-5.141201e+00,8.743465e-01,2.166219e-01,5.562498e-01,5.419211e-01,0.888239,319.7661
0.0353548,2.515000e+01,-5.141312e+00,8.743465e-01,2.170830e-01,5.567447e-01,5.425916e-01,0.889049,320.0576
0.0353871,2.515000e+01,-5.141415e+00,8.743465e-01,2.171383e-01,5.568874e-01,5.425911e-01,0.889861,320.3500
0.0354194,2.515000e+01,-5.141474e+00,8.743465e-01,2.162787e-01,5.570248e-01,5.403099e-01,0.890673,320.6424
0.0354516,2.515000e+01,-5.141534e+00,8.743465e-01,2.160278e-01,5.562461e-01,5.404387e-01,0.891483,320.9339
0.0354839,2.515000e+01,-5.141603e+00,8.743465e-01,2.160905e-01,5.556585e-01,5.411673e-01,0.892295,321.2263
0.0355161,2.515000e+01,-5.141679e+00,8.743465e-01,2.165965e-01,5.558802e-01,5.422176e-01,0.893105,321.5178
0.0355484,2.515000e+01,-5.141738e+00,8.743465e-01,2.165356e-01,5.564488e-01,5.415120e-01,0.893917,321.8102
0.0355806,2.515000e+01,-5.141811e+00,8.743465e-01,2.171121e-01,5.566494e-01,5.427576e-01,0.894727,322.1017
0.0356129,2.515000e+01,-5.141875e+00,8.743465e-01,2.170469e-01,5.564646e-01,5.427750e-01,0.895539,322.3941
0.0356452,2.515000e+01,-5.141925e+00,8.743465e-01,2.165542e-01,5.558270e-01,5.421640e-01,0.896351,322.6865
0.0356774,2.515000e+01,-5.141971e+00,8.743465e-01,2.165582e-01,5.557001e-01,5.422979e-01,0.897161,322.9780
0.0357097,2.515000e+01,-5.142015e+00,8.743465e-01,2.166811e-01,5.560424e-01,5.422720e-01,0.897973,323.2704
0.0357419,2.515000e+01,-5.142064e+00,8.743465e-01,2.168638e-01,5.560776e-01,5.426942e-01,0.898783,323.5619
0.0357742,2.515000e+01,-5.142099e+00,8.743465e-01,2.165611e-01,5.560339e-01,5.419796e-01,0.899595,323.8543
0.0358065,2.515000e+01,-5.142123e+00,8.743465e-01,2.160757e-01,5.555143e-01,5.412703e-01,0.900407,324.1467
0.0358387,2.515000e+01,-5.142153e+00,8.743465e-01,2.163097e-01,5.554669e-01,5.419029e-01,0.901217,324.4382
0.035871,2.515000e+01,-5.142174e+00,8.743465e-01,2.163979e-01,5.557833e-01,5.418152e-01,0.902029,324.7306
0.0359032,2.515000e+01,-5.142197e+00,8.743465e-01,2.164869e-01,5.555674e-01,5.422485e-01,0.902839,325.0221
0.0359355,2.515000e+01,-5.142224e+00,8.743465e-01,2.166341e-01,5.555838e-01,5.426015e-01,0.903651,325.3145
0.0359677,2.515000e+01,-5.142249e+00,8.743465e-01,2.165744e-01,5.555053e-01,5.425284e-01,0.904461,325.6060
0.036,2.515000e+01,-5.142257e+00,8.743465e-01,2.163058e-01,5.554569e-01,5.419026e-01,0.905273,325.8984
0.0360323,2.515000e+01,-5.142246e+00,8.743465e-01,2.158363e-01,5.553126e-01,5.408675e-01,0.906086,326.1908
0.0360645,2.515000e+01,-5.142237e+00,8.743465e-01,2.160022e-01,5.553042e-01,5.412913e-01,0.906895,326.4823
0.0360968,2.515000e+01,-5.142241e+00,8.743465e-01,2.164971e-01,5.555543e-01,5.422871e-01,0.907707,326.7747
0.036129,2.515000e+01,-5.142246e+00,8.743465e-01,2.162327e-01,5.550009e-01,5.421647e-01,0.908517,327.0662
0.0361613,2.515000e+01,-5.142260e+00,8.743465e-01,2.162682e-01,5.545887e-01,5.426569e-01,0.909329,327.3586
0.0361935,2.515000e+01,-5.142273e+00,8.743465e-01,2.164312e-01,5.549319e-01,5.427300e-01,0.910139,327.6501
0.0362258,2.515000e+01,-5.142280e+00,8.743465e-01,2.165312e-01,5.555032e-01,5.424222e-01,0.910951,327.9425
0.0362581,2.515000e+01,-5.142295e+00,8.743465e-01,2.166787e-01,5.553953e-01,5.428976e-01,0.911764,328.2349
0.0362903,2.515000e+01,-5.142308e+00,8.743465e-01,2.165158e-01,5.551283e-01,5.427500e-01,0.912573,328.5264
0.0363226,2.515000e+01,-5.142336e+00,8.743465e-01,2.166243e-01,5.547503e-01,5.433922e-01,0.913386,328.8188
0.0363548,2.515000e+01,-5.142358e+00,8.743465e-01,2.164564e-01,5.547793e-01,5.429422e-01,0.914195,329.1103
0.0363871,2.515000e+01,-5.142365e+00,8.743465e-01,2.158261e-01,5.544297e-01,5.417030e-01,0.915008,329.4027
0.0364194,2.515000e+01,-5.142386e+00,8.743465e-01,2.159982e-01,5.542159e-01,5.423438e-01,0.915820,329.6951
0.0364516,2.515000e+01,-5.142406e+00,8.743465e-01,2.160172e-01,5.544433e-01,5.421694e-01,0.916629,329.9866
0.0364839,2.515000e+01,-5.142437e+00,8.743465e-01,2.164227e-01,5.547650e-01,5.428719e-01,0.917442,330.2790
0.0365161,2.515000e+01,-5.142469e+00,8.743465e-01,2.164667e-01,5.549504e-01,5.428006e-01,0.918251,330.5705
0.0365484,2.515000e+01,-5.142502e+00,8.743465e-01,2.164738e-01,5.548940e-01,5.428741e-01,0.919064,330.8629
0.0365806,2.515000e+01,-5.142549e+00,8.743465e-01,2.165438e-01,5.545060e-01,5.434293e-01,0.919873,331.1544
0.0366129,2.515000e+01,-5.142583e+00,8.743465e-01,2.159272e-01,5.541927e-01,5.421888e-01,0.920686,331.4468
0.0366452,2.515000e+01,-5.142620e+00,8.743465e-01,2.158489e-01,5.540237e-01,5.421569e-01,0.921498,331.7392
0.0366774,2.515000e+01,-5.142661e+00,8.743465e-01,2.159800e-01,5.542864e-01,5.422293e-01,0.922308,332.0307
0.0367097,2.515000e+01,-5.142705e+00,8.743465e-01,2.162897e-01,5.547735e-01,5.425297e-01,0.923120,332.3231
0.0367419,2.515000e+01,-5.142756e+00,8.743465e-01,2.163900e-01,5.547998e-01,5.427558e-01,0.923929,332.6146
0.0367742,2.515000e+01,-5.142817e+00,8.743465e-01,2.165453e-01,5.549177e-01,5.430301e-01,0.924742,332.9070
0.0368065,2.515000e+01,-5.142891e+00,8.743465e-01,2.163971e-01,5.541232e-01,5.434362e-01,0.925554,333.1994
0.0368387,2.515000e+01,-5.142970e+00,8.743465e-01,2.164932e-01,5.541775e-01,5.436247e-01,0.926364,333.4909
0.036871,2.515000e+01,-5.143051e+00,8.743465e-01,2.164887e-01,5.543212e-01,5.434723e-01,0.927176,333.7833
0.0369032,2.515000e+01,-5.143140e+00,8.743465e-01,2.167062e-01,5.546092e-01,5.437361e-01,0.927986,334.0748
0.0369355,2.515000e+01,-5.143234e+00,8.743465e-01,2.167539e-01,5.548235e-01,5.436454e-01,0.928798,334.3672
0.0369677,2.515000e+01,-5.143335e+00,8.743465e-01,2.164172e-01,5.541085e-01,5.435011e-01,0.929608,334.6587
0.037,2.515000e+01,-5.143458e+00,8.743465e-01,2.162807e-01,5.531123e-01,5.441373e-01,0.930420,334.9511
0.0370323,2.515000e+01,-5.143574e+00,8.743465e-01,2.160465e-01,5.534445e-01,5.432214e-01,0.931232,335.2435
0.0370645,2.515000e+01,-5.143692e+00,8.743465e-01,2.163603e-01,5.541980e-01,5.432705e-01,0.932042,335.5350
0.0370968,2.515000e+01,-5.143808e+00,8.743465e-01,2.164648e-01,5.547993e-01,5.429438e-01,0.932854,335.8274
0.037129,2.515000e+01,-5.143940e+00,8.743465e-01,2.166593e-01,5.545271e-01,5.436988e-01,0.933664,336.1189
0.0371613,2.515000e+01,-5.144083e+00,8.743465e-01,2.168786e-01,5.544876e-01,5.442874e-01,0.934476,336.4113
0.0371935,2.515000e+01,-5.144231e+00,8.743465e-01,2.166886e-01,5.540200e-01,5.442701e-01,0.935286,336.7028
0.0372258,2.515000e+01,-5.144378e+00,8.743465e-01,2.165535e-01,5.540206e-01,5.439297e-01,0.936098,336.9952
0.0372581,2.515000e+01,-5.144518e+00,8.743465e-01,2.164106e-01,5.543028e-01,5.432944e-01,0.936910,337.2876
0.0372903,2.515000e+01,-5.144666e+00,8.743465e-01,2.165334e-01,5.543996e-01,5.435080e-01,0.937720,337.5791
0.0373226,2.515000e+01,-5.144816e+00,8.743465e-01,2.165914e-01,5.543444e-01,5.437072e-01,0.938532,337.8715
0.0373548,2.515000e+01,-5.144972e+00,8.743465e-01,2.164151e-01,5.538931e-01,5.437077e-01,0.939342,338.1630
0.0373871,2.515000e+01,-5.145124e+00,8.743465e-01,2.162872e-01,5.540332e-01,5.432493e-01,0.940154,338.4554
0.0374194,2.515000e+01,-5.145277e+00,8.743465e-01,2.165443e-01,5.545976e-01,5.433410e-01,0.940966,338.7478
0.0374516,2.515000e+01,-5.145440e+00,8.743465e-01,2.169503e-01,5.550662e-01,5.439004e-01,0.941776,339.0393
0.0374839,2.515000e+01,-5.145616e+00,8.743465e-01,2.169656e-01,5.545797e-01,5.444157e-01,0.942588,339.3317
0.0375161,2.515000e+01,-5.145801e+00,8.743465e-01,2.171642e-01,5.547535e-01,5.447431e-01,0.943398,339.6232
0.0375484,2.515000e+01,-5.145996e+00,8.743465e-01,2.171589e-01,5.542812e-01,5.451940e-01,0.944210,339.9156
0.0375806,2.515000e+01,-5.146195e+00,8.743465e-01,2.169334e-01,5.538916e-01,5.450117e-01,0.945020,340.2071
0.0376129,2.515000e+01,-5.146405e+00,8.743465e-01,2.168091e-01,5.535030e-01,5.450815e-01,0.945832,340.4995
0.0376452,2.515000e+01,-5.146606e+00,8.743465e-01,2.167533e-01,5.538379e-01,5.446115e-01,0.946644,340.7920
0.0376774,2.515000e+01,-5.146808e+00,8.743465e-01,2.169834e-01,5.542380e-01,5.447959e-01,0.947454,341.0834
0.0377097,2.515000e+01,-5.147002e+00,8.743465e-01,2.170528e-01,5.548409e-01,5.443780e-01,0.948266,341.3759
0.0377419,2.515000e+01,-5.147195e+00,8.743465e-01,2.171059e-01,5.550225e-01,5.443329e-01,0.949076,341.6673
0.0377742,2.515000e+01,-5.147384e+00,8.743465e-01,2.170160e-01,5.550467e-01,5.440838e-01,0.949888,341.9598
0.0378065,2.515000e+01,-5.147596e+00,8.743465e-01,2.172057e-01,5.542259e-01,5.453662e-01,0.950700,342.2522
0.0378387,2.515000e+01,-5.147816e+00,8.743465e-01,2.174653e-01,5.542633e-01,5.459809e-01,0.951510,342.5437
0.037871,2.515000e+01,-5.148024e+00,8.743465e-01,2.172190e-01,5.543870e-01,5.452409e-01,0.952322,342.8361
0.0379032,2.515000e+01,-5.148218e+00,8.743465e-01,2.170415e-01,5.547519e-01,5.444370e-01,0.953132,343.1276
0.0379355,2.515000e+01,-5.148405e+00,8.743465e-01,2.168659e-01,5.549156e-01,5.438364e-01,0.953944,343.4200
0.0379677,2.515000e+01,-5.148601e+00,8.743465e-01,2.170018e-01,5.548730e-01,5.442187e-01,0.954754,343.7115
0.038,2.515000e+01,-5.148812e+00,8.743465e-01,2.173097e-01,5.546181e-01,5.452413e-01,0.955566,344.0039
0.0380323,2.515000e+01,-5.149014e+00,8.743465e-01,2.174030e-01,5.553216e-01,5.447842e-01,0.956379,344.2963
0.0380645,2.515000e+01,-5.149216e+00,8.743465e-01,2.174060e-01,5.554384e-01,5.446775e-01,0.957188,344.5878
0.0380968,2.515000e+01,-5.149417e+00,8.743465e-01,2.175812e-01,5.557149e-01,5.448450e-01,0.958000,344.8802
0.038129,2.515000e+01,-5.149621e+00,8.743465e-01,2.174570e-01,5.551747e-01,5.450639e-01,0.958810,345.1717
0.0381613,2.515000e+01,-5.149847e+00,8.743465e-01,2.176599e-01,5.542285e-01,5.465035e-01,0.959622,345.4641
0.0381935,2.515000e+01,-5.150075e+00,8.743465e-01,2.177233e-01,5.541890e-01,5.467019e-01,0.960432,345.7556
0.0382258,2.515000e+01,-5.150288e+00,8.743465e-01,2.177459e-01,5.546345e-01,5.463197e-01,0.961244,346.0480
0.0382581,2.515000e+01,-5.150475e+00,8.743465e-01,2.175374e-01,5.553974e-01,5.450470e-01,0.962057,346.3404
0.0382903,2.515000e+01,-5.150652e+00,8.743465e-01,2.174356e-01,5.555043e-01,5.446871e-01,0.962866,346.6319
0.0383226,2.515000e+01,-5.150844e+00,8.743465e-01,2.179055e-01,5.555079e-01,5.458600e-01,0.963679,346.9243
0.0383548,2.515000e+01,-5.151033e+00,8.743465e-01,2.179518e-01,5.556743e-01,5.458130e-01,0.964488,347.2158
0.0383871,2.515000e+01,-5.151222e+00,8.743465e-01,2.178742e-01,5.552952e-01,5.459910e-01,0.965300,347.5082
0.0384194,2.515000e+01,-5.151404e+00,8.743465e-01,2.178741e-01,5.554448e-01,5.458440e-01,0.966113,347.8006
0.0384516,2.515000e+01,-5.151588e+00,8.743465e-01,2.181930e-01,5.557228e-01,5.463692e-01,0.966922,348.0921
0.0384839,2.515000e+01,-5.151773e+00,8.743465e-01,2.182317e-01,5.554321e-01,5.467525e-01,0.967735,348.3845
0.0385161,2.515000e+01,-5.151961e+00,8.743465e-01,2.180603e-01,5.548003e-01,5.469449e-01,0.968544,348.6760
0.0385484,2.515000e+01,-5.152131e+00,8.743465e-01,2.178372e-01,5.551062e-01,5.460840e-01,0.969357,348.9684
0.0385806,2.515000e+01,-5.152288e+00,8.743465e-01,2.179346e-01,5.558312e-01,5.456157e-01,0.970166,349.2599
0.0386129,2.515000e+01,-5.152414e+00,8.743465e-01,2.176696e-01,5.564925e-01,5.443048e-01,0.970979,349.5523
0.0386452,2.515000e+01,-5.152540e+00,8.743465e-01,2.176781e-01,5.563814e-01,5.444348e-01,0.971791,349.8447
0.0386774,2.515000e+01,-5.152696e+00,8.743465e-01,2.183494e-01,5.560329e-01,5.464562e-01,0.972601,350.1362
0.0387097,2.515000e+01,-5.152849e+00,8.743465e-01,2.186554e-01,5.566805e-01,5.465853e-01,0.973413,350.4286
0.0387419,2.515000e+01,-5.153015e+00,8.743465e-01,2.186705e-01,5.558518e-01,5.474382e-01,0.974222,350.7201
0.0387742,2.515000e+01,-5.153174e+00,8.743465e-01,2.184819e-01,5.558865e-01,5.469314e-01,0.975035,351.0125
0.0388065,2.515000e+01,-5.153339e+00,8.743465e-01,2.187251e-01,5.559997e-01,5.474287e-01,0.975847,351.3049
0.0388387,2.515000e+01,-5.153502e+00,8.743465e-01,2.188038e-01,5.562261e-01,5.474029e-01,0.976657,351.5964
0.038871,2.515000e+01,-5.153663e+00,8.743465e-01,2.185732e-01,5.558681e-01,5.471786e-01,0.977469,351.8888
0.0389032,2.515000e+01,-5.153798e+00,8.743465e-01,2.183013e-01,5.566989e-01,5.456821e-01,0.978279,352.1803
0.0389355,2.515000e+01,-5.153932e+00,8.743465e-01,2.185024e-01,5.572296e-01,5.456641e-01,0.979091,352.4727
0.0389677,2.515000e+01,-5.154076e+00,8.743465e-01,2.187435e-01,5.571749e-01,5.463204e-01,0.979901,352.7642
0.039,2.515000e+01,-5.154255e+00,8.743465e-01,2.192895e-01,5.566299e-01,5.482202e-01,0.980713,353.0566
0.0390323,2.515000e+01,-5.154418e+00,8.743465e-01,2.191397e-01,5.571949e-01,5.472900e-01,0.981525,353.3490
0.0390645,2.515000e+01,-5.154553e+00,8.743465e-01,2.188258e-01,5.579389e-01,5.457772e-01,0.982335,353.6405
0.0390968,2.515000e+01,-5.154714e+00,8.743465e-01,2.189765e-01,5.567310e-01,5.473379e-01,0.983147,353.9329
0.039129,2.515000e+01,-5.154883e+00,8.743465e-01,2.190891e-01,5.564536e-01,5.478927e-01,0.983957,354.2244
0.0391613,2.515000e+01,-5.155060e+00,8.743465e-01,2.195019e-01,5.569116e-01,5.484732e-01,0.984769,354.5168
0.0391935,2.515000e+01,-5.155220e+00,8.743465e-01,2.194827e-01,5.577172e-01,5.476330e-01,0.985579,354.8083
0.0392258,2.515000e+01,-5.155380e+00,8.743465e-01,2.190536e-01,5.571754e-01,5.470943e-01,0.986391,355.1007
0.0392581,2.515000e+01,-5.155526e+00,8.743465e-01,2.188603e-01,5.574866e-01,5.463067e-01,0.987203,355.3931
0.0392903,2.515000e+01,-5.155648e+00,8.743465e-01,2.186983e-01,5.582132e-01,5.451914e-01,0.988013,355.6846
0.0393226,2.515000e+01,-5.155783e+00,8.743465e-01,2.192806e-01,5.585628e-01,5.463007e-01,0.988825,355.9770
0.0393548,2.515000e+01,-5.155969e+00,8.743465e-01,2.201335e-01,5.577146e-01,5.492598e-01,0.989635,356.2685
0.0393871,2.515000e+01,-5.156153e+00,8.743465e-01,2.202243e-01,5.579262e-01,5.492782e-01,0.990447,356.5609
0.0394194,2.515000e+01,-5.156296e+00,8.743465e-01,2.194548e-01,5.586217e-01,5.466768e-01,0.991259,356.8533
0.0394516,2.515000e+01,-5.156426e+00,8.743465e-01,2.188080e-01,5.579025e-01,5.457688e-01,0.992069,357.1448
0.0394839,2.515000e+01,-5.156576e+00,8.743465e-01,2.191761e-01,5.575013e-01,5.470804e-01,0.992881,357.4372
0.0395161,2.515000e+01,-5.156762e+00,8.743465e-01,2.200913e-01,5.575866e-01,5.492805e-01,0.993691,357.7287
0.0395484,2.515000e+01,-5.156929e+00,8.743465e-01,2.201698e-01,5.584454e-01,5.486317e-01,0.994503,358.0211
0.0395806,2.515000e+01,-5.157062e+00,8.743465e-01,2.197926e-01,5.593641e-01,5.467922e-01,0.995313,358.3126
0.0396129,2.515000e+01,-5.157184e+00,8.743465e-01,2.196474e-01,5.595158e-01,5.462827e-01,0.996125,358.6050
0.0396452,2.515000e+01,-5.157314e+00,8.743465e-01,2.198382e-01,5.594452e-01,5.468263e-01,0.996937,358.8974
0.0396774,2.515000e+01,-5.157461e+00,8.743465e-01,2.199673e-01,5.586839e-01,5.478930e-01,0.997747,359.1889
0.0397097,2.515000e+01,-5.157665e+00,8.743465e-01,2.208253e-01,5.573913e-01,5.513053e-01,0.998559,359.4813
0.0397419,2.515000e+01,-5.157856e+00,8.743465e-01,2.208201e-01,5.579862e-01,5.507046e-01,0.999369,359.7728
0.0397742,2.515000e+01,-5.158000e+00,8.743465e-01,2.203881e-01,5.593910e-01,5.482474e-01,1.000181,0.0652
0.0398065,2.515000e+01,-5.158094e+00,8.743465e-01,2.191009e-01,5.593541e-01,5.450811e-01,1.000993,0.3576
0.0398387,2.515000e+01,-5.158199e+00,8.743465e-01,2.190713e-01,5.588608e-01,5.454884e-01,1.001803,0.6491
0.039871,2.515000e+01,-5.158340e+00,8.743465e-01,2.199615e-01,5.587439e-01,5.478193e-01,1.002615,0.9415
0.0399032,2.515000e+01,-5.158479e+00,8.743465e-01,2.207185e-01,5.598743e-01,5.485948e-01,1.003425,1.2330
0.0399355,2.515000e+01,-5.158623e+00,8.743465e-01,2.207749e-01,5.596079e-01,5.489962e-01,1.004237,1.5254
0.0399677,2.515000e+01,-5.158736e+00,8.743465e-01,2.201911e-01,5.598627e-01,5.472952e-01,1.005047,1.8169
0.04,2.515000e+01,-5.158844e+00,8.743465e-01,2.201106e-01,5.599091e-01,5.470503e-01,1.005859,2.1093
0.0400333,2.515000e+01,-5.158987e+00,8.743465e-01,2.204601e-01,5.586481e-01,5.491557e-01,1.006697,2.4108
0.0400667,2.515000e+01,-5.159159e+00,8.743465e-01,2.210291e-01,5.585138e-01,5.507053e-01,1.007537,2.7131
0.0401,2.515000e+01,-5.159319e+00,8.743465e-01,2.209148e-01,5.589403e-01,5.500002e-01,1.008374,3.0146
0.0401333,2.515000e+01,-5.159452e+00,8.743465e-01,2.207771e-01,5.599354e-01,5.486811e-01,1.009211,3.3161
0.0401667,2.515000e+01,-5.159561e+00,8.743465e-01,2.203055e-01,5.602292e-01,5.472216e-01,1.010051,3.6184
0.0402,2.515000e+01,-5.159677e+00,8.743465e-01,2.204213e-01,5.601865e-01,5.475510e-01,1.010889,3.9199
0.0402333,2.515000e+01,-5.159782e+00,8.743465e-01,2.204032e-01,5.606051e-01,5.470970e-01,1.011726,4.2213
0.0402667,2.515000e+01,-5.159900e+00,8.743465e-01,2.207339e-01,5.605788e-01,5.479442e-01,1.012566,4.5237
0.0403,2.515000e+01,-5.160070e+00,8.743465e-01,2.214917e-01,5.591540e-01,5.512258e-01,1.013403,4.8251
0.0403333,2.515000e+01,-5.160236e+00,8.743465e-01,2.214592e-01,5.590372e-01,5.512601e-01,1.014241,5.1266
0.0403667,2.515000e+01,-5.160352e+00,8.743465e-01,2.209104e-01,5.602645e-01,5.486899e-01,1.015080,5.4290
0.0404,2.515000e+01,-5.160459e+00,8.743465e-01,2.208145e-01,5.604924e-01,5.482287e-01,1.015918,5.7304
0.0404333,2.515000e+01,-5.160570e+00,8.743465e-01,2.208204e-01,5.601807e-01,5.485483e-01,1.016755,6.0319
0.0404667,2.515000e+01,-5.160674e+00,8.743465e-01,2.206881e-01,5.600475e-01,5.483499e-01,1.017595,6.3342
0.0405,2.515000e+01,-5.160749e+00,8.743465e-01,2.207148e-01,5.609094e-01,5.475736e-01,1.018432,6.6357
0.0405333,2.515000e+01,-5.160845e+00,8.743465e-01,2.211177e-01,5.604756e-01,5.489977e-01,1.019270,6.9371
0.0405667,2.515000e+01,-5.160951e+00,8.743465e-01,2.213772e-01,5.604735e-01,5.496441e-01,1.020110,7.2395
0.0406,2.515000e+01,-5.161031e+00,8.743465e-01,2.210564e-01,5.611100e-01,5.482251e-01,1.020947,7.5410
0.0406333,2.515000e+01,-5.161112e+00,8.743465e-01,2.209540e-01,5.607757e-01,5.482976e-01,1.021785,7.8424
0.0406667,2.515000e+01,-5.161207e+00,8.743465e-01,2.211997e-01,5.603887e-01,5.492866e-01,1.022624,8.1448
0.0407,2.515000e+01,-5.161305e+00,8.743465e-01,2.212613e-01,5.602302e-01,5.495951e-01,1.023462,8.4462
0.0407333,2.515000e+01,-5.161390e+00,8.743465e-01,2.213849e-01,5.607915e-01,5.493517e-01,1.024299,8.7477
0.0407667,2.515000e+01,-5.161457e+00,8.743465e-01,2.210971e-01,5.610558e-01,5.483788e-01,1.025139,9.0501
0.0408,2.515000e+01,-5.161513e+00,8.743465e-01,2.209674e-01,5.611190e-01,5.479952e-01,1.025976,9.3515
0.0408333,2.515000e+01,-5.161555e+00,8.743465e-01,2.209660e-01,5.613712e-01,5.477460e-01,1.026814,9.6530
0.0408667,2.515000e+01,-5.161620e+00,8.743465e-01,2.215068e-01,5.611316e-01,5.493209e-01,1.027654,9.9553
0.0409,2.515000e+01,-5.161707e+00,8.743465e-01,2.219674e-01,5.608315e-01,5.507576e-01,1.028491,10.2568
0.0409333,2.515000e+01,-5.161782e+00,8.743465e-01,2.218769e-01,5.612390e-01,5.501334e-01,1.029328,10.5582
0.0409667,2.515000e+01,-5.161828e+00,8.743465e-01,2.213469e-01,5.616666e-01,5.484018e-01,1.030168,10.8606
0.041,2.515000e+01,-5.161879e+00,8.743465e-01,2.210472e-01,5.608136e-01,5.484918e-01,1.031006,11.1621
0.0410333,2.515000e+01,-5.161944e+00,8.743465e-01,2.213285e-01,5.606499e-01,5.493503e-01,1.031843,11.4635
0.0410667,2.515000e+01,-5.162009e+00,8.743465e-01,2.215288e-01,5.611701e-01,5.493382e-01,1.032683,11.7659
0.0411,2.515000e+01,-5.162059e+00,8.743465e-01,2.216123e-01,5.618882e-01,5.488427e-01,1.033520,12.0673
0.0411333,2.515000e+01,-5.162113e+00,8.743465e-01,2.216068e-01,5.616155e-01,5.490952e-01,1.034358,12.3688
0.0411667,2.515000e+01,-5.162168e+00,8.743465e-01,2.215220e-01,5.613175e-01,5.491765e-01,1.035198,12.6712
0.0412,2.515000e+01,-5.162213e+00,8.743465e-01,2.214919e-01,5.617439e-01,5.486850e-01,1.036035,12.9726
0.0412333,2.515000e+01,-5.162266e+00,8.743465e-01,2.216581e-01,5.616271e-01,5.492112e-01,1.036872,13.2741
0.0412667,2.515000e+01,-5.162309e+00,8.743465e-01,2.215821e-01,5.619351e-01,5.487218e-01,1.037712,13.5764
0.0413,2.515000e+01,-5.162344e+00,8.743465e-01,2.214409e-01,5.619224e-01,5.483843e-01,1.038550,13.8779
0.0413333,2.515000e+01,-5.162393e+00,8.743465e-01,2.215393e-01,5.613754e-01,5.491622e-01,1.039387,14.1793
0.0413667,2.515000e+01,-5.162456e+00,8.743465e-01,2.215746e-01,5.607794e-01,5.498342e-01,1.040227,14.4817
0.0414,2.515000e+01,-5.162523e+00,8.743465e-01,2.217474e-01,5.610305e-01,5.500169e-01,1.041064,14.7832
0.0414333,2.515000e+01,-5.162558e+00,8.743465e-01,2.214838e-01,5.620172e-01,5.483979e-01,1.041902,15.0846
0.0414667,2.515000e+01,-5.162586e+00,8.743465e-01,2.215414e-01,5.624542e-01,5.481145e-01,1.042742,15.3870
0.0415,2.515000e+01,-5.162622e+00,8.743465e-01,2.215801e-01,5.621836e-01,5.484747e-01,1.043579,15.6884
0.0415333,2.515000e+01,-5.162665e+00,8.743465e-01,2.216690e-01,5.620730e-01,5.488021e-01,1.044416,15.9899
0.0415667,2.515000e+01,-5.162740e+00,8.743465e-01,2.220523e-01,5.613712e-01,5.504386e-01,1.045256,16.2922
0.0416,2.515000e+01,-5.162813e+00,8.743465e-01,2.220188e-01,5.614907e-01,5.502384e-01,1.046094,16.5937
0.0416333,2.515000e+01,-5.162882e+00,8.743465e-01,2.220742e-01,5.616934e-01,5.501770e-01,1.046931,16.8952
0.0416667,2.515000e+01,-5.162927e+00,8.743465e-01,2.217384e-01,5.622789e-01,5.487732e-01,1.047771,17.1975
0.0417,2.515000e+01,-5.162975e+00,8.743465e-01,2.217485e-01,5.621388e-01,5.489354e-01,1.048608,17.4990
0.0417333,2.515000e+01,-5.163031e+00,8.743465e-01,2.218860e-01,5.619324e-01,5.494765e-01,1.049446,17.8004
0.0417667,2.515000e+01,-5.163071e+00,8.743465e-01,2.216050e-01,5.620899e-01,5.486274e-01,1.050286,18.1028
0.0418,2.515000e+01,-5.163095e+00,8.743465e-01,2.216307e-01,5.626517e-01,5.481431e-01,1.051123,18.4042
0.0418333,2.515000e+01,-5.163121e+00,8.743465e-01,2.216550e-01,5.625922e-01,5.482613e-01,1.051960,18.7057
0.0418667,2.515000e+01,-5.163158e+00,8.743465e-01,2.218387e-01,5.625958e-01,5.487119e-01,1.052800,19.0081
0.0419,2.515000e+01,-5.163213e+00,8.743465e-01,2.218671e-01,5.620646e-01,5.493010e-01,1.053638,19.3095
0.0419333,2.515000e+01,-5.163277e+00,8.743465e-01,2.218749e-01,5.616286e-01,5.497470e-01,1.054475,19.6110
0.0419667,2.515000e+01,-5.163343e+00,8.743465e-01,2.218842e-01,5.616255e-01,5.497725e-01,1.055315,19.9133
0.042,2.515000e+01,-5.163397e+00,8.743465e-01,2.218723e-01,5.624095e-01,5.489770e-01,1.056152,20.2148
0.0420333,2.515000e+01,-5.163441e+00,8.743465e-01,2.218233e-01,5.631808e-01,5.481041e-01,1.056990,20.5162
0.0420667,2.515000e+01,-5.163491e+00,8.743465e-01,2.217949e-01,5.631213e-01,5.480916e-01,1.057829,20.8186
0.0421,2.515000e+01,-5.163533e+00,8.743465e-01,2.216353e-01,5.632677e-01,5.475556e-01,1.058667,21.1201
0.0421333,2.515000e+01,-5.163588e+00,8.743465e-01,2.217543e-01,5.630866e-01,5.480252e-01,1.059504,21.4215
0.0421667,2.515000e+01,-5.163693e+00,8.743465e-01,2.223866e-01,5.621078e-01,5.505449e-01,1.060344,21.7239
0.0422,2.515000e+01,-5.163819e+00,8.743465e-01,2.227072e-01,5.619609e-01,5.514828e-01,1.061181,22.0253
0.0422333,2.515000e+01,-5.163923e+00,8.743465e-01,2.223912e-01,5.628028e-01,5.498766e-01,1.062019,22.3268
0.0422667,2.515000e+01,-5.164000e+00,8.743465e-01,2.217704e-01,5.634109e-01,5.477496e-01,1.062859,22.6292
0.0423,2.515000e+01,-5.164086e+00,8.743465e-01,2.217532e-01,5.633656e-01,5.477512e-01,1.063696,22.9306
0.0423333,2.515000e+01,-5.164197e+00,8.743465e-01,2.219874e-01,5.630908e-01,5.485975e-01,1.064534,23.2321
0.0423667,2.515000e+01,-5.164325e+00,8.743465e-01,2.222504e-01,5.630486e-01,5.492880e-01,1.065373,23.5344
0.0424,2.515000e+01,-5.164453e+00,8.743465e-01,2.223718e-01,5.636347e-01,5.490167e-01,1.066211,23.8359
0.0424333,2.515000e+01,-5.164573e+00,8.743465e-01,2.220722e-01,5.636336e-01,5.482785e-01,1.067048,24.1373
0.0424667,2.515000e+01,-5.164686e+00,8.743465e-01,2.219398e-01,5.638263e-01,5.477638e-01,1.067888,24.4397
0.0425,2.515000e+01,-5.164819e+00,8.743465e-01,2.219265e-01,5.631766e-01,5.483633e-01,1.068725,24.7412
0.0425333,2.515000e+01,-5.165001e+00,8.743465e-01,2.225923e-01,5.624158e-01,5.507526e-01,1.069563,25.0426
0.0425667,2.515000e+01,-5.165198e+00,8.743465e-01,2.227345e-01,5.623242e-01,5.511939e-01,1.070403,25.3450
0.0426,2.515000e+01,-5.165349e+00,8.743465e-01,2.221663e-01,5.636705e-01,5.484748e-01,1.071240,25.6464
0.0426333,2.515000e+01,-5.165453e+00,8.743465e-01,2.214899e-01,5.647151e-01,5.457935e-01,1.072077,25.9479
0.0426667,2.515000e+01,-5.165577e+00,8.743465e-01,2.216675e-01,5.643133e-01,5.466195e-01,1.072917,26.2503
0.0427,2.515000e+01,-5.165734e+00,8.743465e-01,2.221445e-01,5.638526e-01,5.482437e-01,1.073755,26.5517
0.0427333,2.515000e+01,-5.165912e+00,8.743465e-01,2.224323e-01,5.635136e-01,5.492846e-01,1.074592,26.8532
0.0427667,2.515000e+01,-5.166089e+00,8.743465e-01,2.225030e-01,5.633751e-01,5.495942e-01,1.075432,27.1555
0.0428,2.515000e+01,-5.166244e+00,8.743465e-01,2.222881e-01,5.638668e-01,5.485846e-01,1.076269,27.4570
0.0428333,2.515000e+01,-5.166396e+00,8.743465e-01,2.223877e-01,5.644223e-01,5.482899e-01,1.077107,27.7584
0.0428667,2.515000e+01,-5.166556e+00,8.743465e-01,2.225090e-01,5.642928e-01,5.487149e-01,1.077947,28.0608
0.0429,2.515000e+01,-5.166728e+00,8.743465e-01,2.225196e-01,5.636547e-01,5.493628e-01,1.078784,28.3623
0.0429333,2.515000e+01,-5.166885e+00,8.743465e-01,2.221510e-01,5.634677e-01,5.486340e-01,1.079621,28.6637
0.0429667,2.515000e+01,-5.167022e+00,8.743465e-01,2.219467e-01,5.641891e-01,5.474289e-01,1.080461,28.9661
0.043,2.515000e+01,-5.167155e+00,8.743465e-01,2.221267e-01,5.646787e-01,5.473982e-01,1.081299,29.2675
0.0430333,2.515000e+01,-5.167300e+00,8.743465e-01,2.224215e-01,5.647008e-01,5.481029e-01,1.082136,29.5690
0.0430667,2.515000e+01,-5.167461e+00,8.743465e-01,2.227149e-01,5.646777e-01,5.488487e-01,1.082976,29.8713
0.0431,2.515000e+01,-5.167641e+00,8.743465e-01,2.229396e-01,5.642333e-01,5.498346e-01,1.083813,30.1728
0.0431333,2.515000e+01,-5.167830e+00,8.743465e-01,2.229879e-01,5.638463e-01,5.503308e-01,1.084651,30.4743
0.0431667,2.515000e+01,-5.168006e+00,8.743465e-01,2.226818e-01,5.639195e-01,5.495043e-01,1.085491,30.7766
0.0432,2.515000e+01,-5.168156e+00,8.743465e-01,2.223195e-01,5.646603e-01,5.478911e-01,1.086328,31.0781
0.0432333,2.515000e+01,-5.168297e+00,8.743465e-01,2.222544e-01,5.651005e-01,5.473039e-01,1.087165,31.3795
0.0432667,2.515000e+01,-5.168452e+00,8.743465e-01,2.224375e-01,5.646945e-01,5.481487e-01,1.088005,31.6819
0.0433,2.515000e+01,-5.168589e+00,8.743465e-01,2.220655e-01,5.648125e-01,5.471180e-01,1.088843,31.9833
0.0433333,2.515000e+01,-5.168716e+00,8.743465e-01,2.218444e-01,5.648614e-01,5.465254e-01,1.089680,32.2848
0.0433667,2.515000e+01,-5.168882e+00,8.743465e-01,2.226975e-01,5.648325e-01,5.486550e-01,1.090520,32.5872
0.0434,2.515000e+01,-5.169068e+00,8.743465e-01,2.228357e-01,5.642870e-01,5.495262e-01,1.091357,32.8886
0.0434333,2.515000e+01,-5.169228e+00,8.743465e-01,2.222337e-01,5.645250e-01,5.478108e-01,1.092195,33.1901
0.0434667,2.515000e+01,-5.169369e+00,8.743465e-01,2.220087e-01,5.649035e-01,5.468893e-01,1.093035,33.4924
0.0435,2.515000e+01,-5.169555e+00,8.743465e-01,2.229107e-01,5.645276e-01,5.494772e-01,1.093872,33.7939
0.0435333,2.515000e+01,-5.169760e+00,8.743465e-01,2.232756e-01,5.645503e-01,5.503544e-01,1.094709,34.0953
0.0435667,2.515000e+01,-5.169941e+00,8.743465e-01,2.227776e-01,5.650668e-01,5.486247e-01,1.095549,34.3977
0.0436,2.515000e+01,-5.170098e+00,8.743465e-01,2.220765e-01,5.650783e-01,5.468867e-01,1.096387,34.6992
0.0436333,2.515000e+01,-5.170269e+00,8.743465e-01,2.222867e-01,5.648172e-01,5.476576e-01,1.097224,35.0006
0.0436667,2.515000e+01,-5.170454e+00,8.743465e-01,2.225154e-01,5.643749e-01,5.486512e-01,1.098064,35.3030
0.0437,2.515000e+01,-5.170636e+00,8.743465e-01,2.226753e-01,5.648056e-01,5.486264e-01,1.098901,35.6044
0.0437333,2.515000e+01,-5.170842e+00,8.743465e-01,2.231240e-01,5.646866e-01,5.498479e-01,1.099739,35.9059
0.0437667,2.515000e+01,-5.171058e+00,8.743465e-01,2.231484e-01,5.645218e-01,5.500686e-01,1.100578,36.2083
0.0438,2.515000e+01,-5.171222e+00,8.743465e-01,2.219911e-01,5.648551e-01,5.468927e-01,1.101416,36.5097
0.0438333,2.515000e+01,-5.171374e+00,8.743465e-01,2.216672e-01,5.648177e-01,5.461309e-01,1.102253,36.8112
0.0438667,2.515000e+01,-5.171544e+00,8.743465e-01,2.220645e-01,5.647129e-01,5.472115e-01,1.103093,37.1135
0.0439,2.515000e+01,-5.171741e+00,8.743465e-01,2.227159e-01,5.647256e-01,5.488044e-01,1.103931,37.4150
0.0439333,2.515000e+01,-5.171934e+00,8.743465e-01,2.226750e-01,5.647561e-01,5.486733e-01,1.104768,37.7164
0.0439667,2.515000e+01,-5.172086e+00,8.743465e-01,2.219174e-01,5.651789e-01,5.463981e-01,1.105608,38.0188
0.044,2.515000e+01,-5.172254e+00,8.743465e-01,2.221291e-01,5.647293e-01,5.473548e-01,1.106445,38.3203
0.0440323,2.515000e+01,-5.172439e+00,8.743465e-01,2.225525e-01,5.651626e-01,5.479773e-01,1.107257,38.6127
0.0440645,2.515000e+01,-5.172642e+00,8.743465e-01,2.226462e-01,5.644481e-01,5.489021e-01,1.108067,38.9042
0.0440968,2.515000e+01,-5.172839e+00,8.743465e-01,2.225971e-01,5.644644e-01,5.487654e-01,1.108879,39.1966
0.044129,2.515000e+01,-5.173018e+00,8.743465e-01,2.222700e-01,5.645450e-01,5.478806e-01,1.109689,39.4881
0.0441613,2.515000e+01,-5.173160e+00,8.743465e-01,2.217383e-01,5.651921e-01,5.459446e-01,1.110501,39.7805
0.0441935,2.515000e+01,-5.173315e+00,8.743465e-01,2.218663e-01,5.647219e-01,5.467146e-01,1.111311,40.0720
0.0442258,2.515000e+01,-5.173479e+00,8.743465e-01,2.220543e-01,5.646424e-01,5.472543e-01,1.112123,40.3644
0.0442581,2.515000e+01,-5.173667e+00,8.743465e-01,2.225199e-01,5.642075e-01,5.488248e-01,1.112935,40.6568
0.0442903,2.515000e+01,-5.173851e+00,8.743465e-01,2.226426e-01,5.645429e-01,5.488010e-01,1.113745,40.9483
0.0443226,2.515000e+01,-5.174017e+00,8.743465e-01,2.223267e-01,5.646324e-01,5.479355e-01,1.114557,41.2407
0.0443548,2.515000e+01,-5.174178e+00,8.743465e-01,2.222969e-01,5.646866e-01,5.478094e-01,1.115367,41.5322
0.0443871,2.515000e+01,-5.174346e+00,8.743465e-01,2.223796e-01,5.644339e-01,5.482587e-01,1.116179,41.8246
0.0444194,2.515000e+01,-5.174520e+00,8.743465e-01,2.222827e-01,5.639416e-01,5.484979e-01,1.116992,42.1170
0.0444516,2.515000e+01,-5.174700e+00,8.743465e-01,2.224786e-01,5.639158e-01,5.490066e-01,1.117801,42.4085
0.0444839,2.515000e+01,-5.174825e+00,8.743465e-01,2.213931e-01,5.644149e-01,5.458452e-01,1.118614,42.7009
0.0445161,2.515000e+01,-5.174942e+00,8.743465e-01,2.213216e-01,5.645276e-01,5.455597e-01,1.119423,42.9924
0.0445484,2.515000e+01,-5.175063e+00,8.743465e-01,2.214313e-01,5.645955e-01,5.457642e-01,1.120235,43.2848
0.0445806,2.515000e+01,-5.175218e+00,8.743465e-01,2.219686e-01,5.641385e-01,5.475324e-01,1.121045,43.5763
0.0446129,2.515000e+01,-5.175394e+00,8.743465e-01,2.224144e-01,5.639806e-01,5.487854e-01,1.121857,43.8687
0.0446452,2.515000e+01,-5.175557e+00,8.743465e-01,2.221379e-01,5.641770e-01,5.479119e-01,1.122670,44.1611
0.0446774,2.515000e+01,-5.175721e+00,8.743465e-01,2.219791e-01,5.639153e-01,5.477749e-01,1.123479,44.4526
0.0447097,2.515000e+01,-5.175889e+00,8.743465e-01,2.221137e-01,5.640880e-01,5.479390e-01,1.124292,44.7450
0.0447419,2.515000e+01,-5.176049e+00,8.743465e-01,2.218538e-01,5.640917e-01,5.472942e-01,1.125101,45.0365
0.0447742,2.515000e+01,-5.176216e+00,8.743465e-01,2.218263e-01,5.637737e-01,5.475352e-01,1.125914,45.3289
0.0448065,2.515000e+01,-5.176386e+00,8.743465e-01,2.219435e-01,5.638374e-01,5.477624e-01,1.126726,45.6213
0.0448387,2.515000e+01,-5.176551e+00,8.743465e-01,2.217328e-01,5.636784e-01,5.473971e-01,1.127536,45.9128
0.044871,2.515000e+01,-5.176706e+00,8.743465e-01,2.214926e-01,5.636325e-01,5.468485e-01,1.128348,46.2052
0.0449032,2.515000e+01,-5.176855e+00,8.743465e-01,2.213038e-01,5.634535e-01,5.465557e-01,1.129157,46.4967
0.0449355,2.515000e+01,-5.177032e+00,8.743465e-01,2.220962e-01,5.634783e-01,5.484886e-01,1.129970,46.7891
0.0449677,2.515000e+01,-5.177204e+00,8.743465e-01,2.224018e-01,5.640806e-01,5.486569e-01,1.130779,47.0806
0.045,2.515000e+01,-5.177345e+00,8.743465e-01,2.216710e-01,5.638553e-01,5.470725e-01,1.131592,47.3730
0.0450323,2.515000e+01,-5.177488e+00,8.743465e-01,2.217047e-01,5.634393e-01,5.475592e-01,1.132404,47.6654
0.0450645,2.515000e+01,-5.177619e+00,8.743465e-01,2.213195e-01,5.629844e-01,5.470500e-01,1.133214,47.9569
0.0450968,2.515000e+01,-5.177761e+00,8.743465e-01,2.216714e-01,5.628375e-01,5.480628e-01,1.134026,48.2493
0.045129,2.515000e+01,-5.177881e+00,8.743465e-01,2.215764e-01,5.634462e-01,5.472359e-01,1.134836,48.5408
0.0451613,2.515000e+01,-5.177993e+00,8.743465e-01,2.216599e-01,5.636257e-01,5.472680e-01,1.135648,48.8332
0.0451935,2.515000e+01,-5.178101e+00,8.743465e-01,2.216066e-01,5.633382e-01,5.474152e-01,1.136457,49.1247
0.0452258,2.515000e+01,-5.178199e+00,8.743465e-01,2.213647e-01,5.629044e-01,5.472392e-01,1.137270,49.4171
0.0452581,2.515000e+01,-5.178294e+00,8.743465e-01,2.212741e-01,5.625579e-01,5.473523e-01,1.138082,49.7095
0.0452903,2.515000e+01,-5.178393e+00,8.743465e-01,2.217790e-01,5.630081e-01,5.481624e-01,1.138892,50.0010
0.0453226,2.515000e+01,-5.178484e+00,8.743465e-01,2.218602e-01,5.631271e-01,5.482477e-01,1.139704,50.2934
0.0453548,2.515000e+01,-5.178535e+00,8.743465e-01,2.211711e-01,5.635467e-01,5.461377e-01,1.140514,50.5849
0.0453871,2.515000e+01,-5.178582e+00,8.743465e-01,2.207499e-01,5.625606e-01,5.460534e-01,1.141326,50.8773
0.0454194,2.515000e+01,-5.178633e+00,8.743465e-01,2.207154e-01,5.620414e-01,5.464720e-01,1.142138,51.1697
0.0454516,2.515000e+01,-5.178698e+00,8.743465e-01,2.212055e-01,5.620093e-01,5.477173e-01,1.142948,51.4612
0.0454839,2.515000e+01,-5.178747e+00,8.743465e-01,2.211808e-01,5.626058e-01,5.470746e-01,1.143760,51.7536
0.0455161,2.515000e+01,-5.178802e+00,8.743465e-01,2.216056e-01,5.628064e-01,5.479300e-01,1.144570,52.0451
0.0455484,2.515000e+01,-5.178859e+00,8.743465e-01,2.217105e-01,5.626564e-01,5.483363e-01,1.145382,52.3375
0.0455806,2.515000e+01,-5.178900e+00,8.743465e-01,2.211894e-01,5.621093e-01,5.475799e-01,1.146192,52.6290
0.0456129,2.515000e+01,-5.178939e+00,8.743465e-01,2.211205e-01,5.617971e-01,5.477133e-01,1.147004,52.9214
0.0456452,2.515000e+01,-5.178974e+00,8.743465e-01,2.212604e-01,5.621120e-01,5.477527e-01,1.147816,53.2138
0.0456774,2.515000e+01,-5.179011e+00,8.743465e-01,2.213552e-01,5.621899e-01,5.479117e-01,1.148626,53.5053
0.0457097,2.515000e+01,-5.179040e+00,8.743465e-01,2.212461e-01,5.621388e-01,5.476913e-01,1.149438,53.7977
0.0457419,2.515000e+01,-5.179046e+00,8.743465e-01,2.205400e-01,5.616229e-01,5.464450e-01,1.150248,54.0892
0.0457742,2.515000e+01,-5.179058e+00,8.743465e-01,2.207863e-01,5.614844e-01,5.471900e-01,1.151060,54.3816
0.0458065,2.515000e+01,-5.179063e+00,8.743465e-01,2.208828e-01,5.617977e-01,5.471240e-01,1.151872,54.6740
0.0458387,2.515000e+01,-5.179072e+00,8.743465e-01,2.209297e-01,5.615244e-01,5.475061e-01,1.152682,54.9655
0.045871,2.515000e+01,-5.179081e+00,8.743465e-01,2.210649e-01,5.615223e-01,5.478439e-01,1.153494,55.2579
0.0459032,2.515000e+01,-5.179081e+00,8.743465e-01,2.209490e-01,5.615028e-01,5.475754e-01,1.154304,55.5494
0.0459355,2.515000e+01,-5.179070e+00,8.743465e-01,2.208261e-01,5.614233e-01,5.473482e-01,1.155116,55.8418
0.0459677,2.515000e+01,-5.179037e+00,8.743465e-01,2.202427e-01,5.612206e-01,5.460991e-01,1.155926,56.1333
0.046,2.515000e+01,-5.179007e+00,8.743465e-01,2.203693e-01,5.611964e-01,5.464365e-01,1.156738,56.4257
0.0460323,2.515000e+01,-5.178989e+00,8.743465e-01,2.208676e-01,5.613954e-01,5.474782e-01,1.157550,56.7181
0.0460645,2.515000e+01,-5.178968e+00,8.743465e-01,2.205646e-01,5.609431e-01,5.471678e-01,1.158360,57.0096
0.0460968,2.515000e+01,-5.178955e+00,8.743465e-01,2.205014e-01,5.603671e-01,5.475734e-01,1.159172,57.3020
0.046129,2.515000e+01,-5.178943e+00,8.743465e-01,2.206704e-01,5.606393e-01,5.477270e-01,1.159982,57.5935
0.0461613,2.515000e+01,-5.178927e+00,8.743465e-01,2.208028e-01,5.611095e-01,5.475966e-01,1.160794,57.8859
0.0461935,2.515000e+01,-5.178913e+00,8.743465e-01,2.209544e-01,5.611906e-01,5.478931e-01,1.161604,58.1774
0.0462258,2.515000e+01,-5.178893e+00,8.743465e-01,2.207689e-01,5.609826e-01,5.476362e-01,1.162416,58.4698
0.0462581,2.515000e+01,-5.178886e+00,8.743465e-01,2.208093e-01,5.604124e-01,5.482936e-01,1.163228,58.7622
0.0462903,2.515000e+01,-5.178878e+00,8.743465e-01,2.207582e-01,5.604945e-01,5.480865e-01,1.164038,59.0537
0.0463226,2.515000e+01,-5.178857e+00,8.743465e-01,2.200915e-01,5.601618e-01,5.467561e-01,1.164850,59.3461
0.0463548,2.515000e+01,-5.178849e+00,8.743465e-01,2.202223e-01,5.598633e-01,5.473725e-01,1.165660,59.6376
0.0463871,2.515000e+01,-5.178836e+00,8.743465e-01,2.200936e-01,5.600254e-01,5.468944e-01,1.166472,59.9300
0.0464194,2.515000e+01,-5.178836e+00,8.743465e-01,2.205058e-01,5.602771e-01,5.476721e-01,1.167285,60.2224
0.0464516,2.515000e+01,-5.178835e+00,8.743465e-01,2.205760e-01,5.605003e-01,5.476285e-01,1.168094,60.5139
0.0464839,2.515000e+01,-5.178838e+00,8.743465e-01,2.205655e-01,5.604219e-01,5.476791e-01,1.168907,60.8063
0.0465161,2.515000e+01,-5.178852e+00,8.743465e-01,2.206002e-01,5.600754e-01,5.481042e-01,1.169716,61.0978
0.0465484,2.515000e+01,-5.178858e+00,8.743465e-01,2.200800e-01,5.597864e-01,5.470939e-01,1.170528,61.3902
0.0465806,2.515000e+01,-5.178866e+00,8.743465e-01,2.198707e-01,5.593973e-01,5.469534e-01,1.171338,61.6817
0.0466129,2.515000e+01,-5.178874e+00,8.743465e-01,2.199433e-01,5.596490e-01,5.468888e-01,1.172150,61.9741
0.0466452,2.515000e+01,-5.178885e+00,8.743465e-01,2.202281e-01,5.600280e-01,5.472259e-01,1.172963,62.2665
0.0466774,2.515000e+01,-5.178898e+00,8.743465e-01,2.203787e-01,5.602587e-01,5.473745e-01,1.173772,62.5580
0.0467097,2.515000e+01,-5.178919e+00,8.743465e-01,2.205279e-01,5.603740e-01,5.476325e-01,1.174585,62.8505
0.0467419,2.515000e+01,-5.178951e+00,8.743465e-01,2.203037e-01,5.595416e-01,5.478897e-01,1.175394,63.1419
0.0467742,2.515000e+01,-5.178987e+00,8.743465e-01,2.203954e-01,5.594236e-01,5.482334e-01,1.176207,63.4344
0.0468065,2.515000e+01,-5.179021e+00,8.743465e-01,2.203713e-01,5.594647e-01,5.481333e-01,1.177019,63.7268
0.0468387,2.515000e+01,-5.179055e+00,8.743465e-01,2.204657e-01,5.597980e-01,5.480415e-01,1.177828,64.0183
0.046871,2.515000e+01,-5.179095e+00,8.743465e-01,2.206341e-01,5.601518e-01,5.481136e-01,1.178641,64.3107
0.0469032,2.515000e+01,-5.179136e+00,8.743465e-01,2.202889e-01,5.595921e-01,5.478037e-01,1.179450,64.6022
0.0469355,2.515000e+01,-5.179205e+00,8.743465e-01,2.201531e-01,5.582074e-01,5.488235e-01,1.180263,64.8946
0.0469677,2.515000e+01,-5.179263e+00,8.743465e-01,2.199066e-01,5.585496e-01,5.478735e-01,1.181072,65.1861
0.047,2.515000e+01,-5.179315e+00,8.743465e-01,2.200384e-01,5.592072e-01,5.475570e-01,1.181885,65.4785
0.0470323,2.515000e+01,-5.179364e+00,8.743465e-01,2.202383e-01,5.598912e-01,5.473848e-01,1.182697,65.7709
0.0470645,2.515000e+01,-5.179419e+00,8.743465e-01,2.203283e-01,5.597253e-01,5.477707e-01,1.183507,66.0624
0.0470968,2.515000e+01,-5.179487e+00,8.743465e-01,2.205384e-01,5.595242e-01,5.484906e-01,1.184319,66.3548
0.047129,2.515000e+01,-5.179561e+00,8.743465e-01,2.204752e-01,5.591151e-01,5.487342e-01,1.185129,66.6463
0.0471613,2.515000e+01,-5.179626e+00,8.743465e-01,2.201540e-01,5.590293e-01,5.480191e-01,1.185941,66.9387
0.0471935,2.515000e+01,-5.179686e+00,8.743465e-01,2.200954e-01,5.592678e-01,5.476392e-01,1.186750,67.2302
0.0472258,2.515000e+01,-5.179746e+00,8.743465e-01,2.201414e-01,5.594247e-01,5.476002e-01,1.187563,67.5226
0.0472581,2.515000e+01,-5.179816e+00,8.743465e-01,2.202239e-01,5.592062e-01,5.480196e-01,1.188375,67.8150
0.0472903,2.515000e+01,-5.179890e+00,8.743465e-01,2.200432e-01,5.588997e-01,5.478705e-01,1.189185,68.1065
0.0473226,2.515000e+01,-5.179958e+00,8.743465e-01,2.198912e-01,5.589545e-01,5.474381e-01,1.189997,68.3989
0.0473548,2.515000e+01,-5.180030e+00,8.743465e-01,2.200555e-01,5.592788e-01,5.475294e-01,1.190807,68.6904
0.0473871,2.515000e+01,-5.180104e+00,8.743465e-01,2.204036e-01,5.599027e-01,5.477848e-01,1.191619,68.9828
0.0474194,2.515000e+01,-5.180190e+00,8.743465e-01,2.204339e-01,5.594678e-01,5.482856e-01,1.192431,69.2752
0.0474516,2.515000e+01,-5.180286e+00,8.743465e-01,2.206119e-01,5.594052e-01,5.487900e-01,1.193241,69.5667
0.0474839,2.515000e+01,-5.180387e+00,8.743465e-01,2.205488e-01,5.591530e-01,5.488805e-01,1.194053,69.8591
0.0475161,2.515000e+01,-5.180495e+00,8.743465e-01,2.203629e-01,5.586523e-01,5.489096e-01,1.194863,70.1506
0.0475484,2.515000e+01,-5.180616e+00,8.743465e-01,2.202712e-01,5.581779e-01,5.491474e-01,1.195675,70.4430
0.0475806,2.515000e+01,-5.180726e+00,8.743465e-01,2.200251e-01,5.583322e-01,5.483823e-01,1.196485,70.7345
0.0476129,2.515000e+01,-5.180840e+00,8.743465e-01,2.202667e-01,5.586812e-01,5.486412e-01,1.197297,71.0269
0.0476452,2.515000e+01,-5.180944e+00,8.743465e-01,2.203210e-01,5.593315e-01,5.481387e-01,1.198109,71.3193
0.0476774,2.515000e+01,-5.181050e+00,8.743465e-01,2.203496e-01,5.594784e-01,5.480656e-01,1.198919,71.6108
0.0477097,2.515000e+01,-5.181150e+00,8.743465e-01,2.202453e-01,5.596232e-01,5.476648e-01,1.199731,71.9032
0.0477419,2.515000e+01,-5.181274e+00,8.743465e-01,2.203884e-01,5.587523e-01,5.488744e-01,1.200541,72.1947
0.0477742,2.515000e+01,-5.181408e+00,8.743465e-01,2.206210e-01,5.586323e-01,5.495717e-01,1.201353,72.4871
0.0478065,2.515000e+01,-5.181534e+00,8.743465e-01,2.204185e-01,5.586396e-01,5.490603e-01,1.202165,72.7795
0.0478387,2.515000e+01,-5.181640e+00,8.743465e-01,2.201156e-01,5.589740e-01,5.479777e-01,1.202975,73.0710
0.047871,2.515000e+01,-5.181738e+00,8.743465e-01,2.200109e-01,5.591719e-01,5.475234e-01,1.203787,73.3634
0.0479032,2.515000e+01,-5.181840e+00,8.743465e-01,2.200764e-01,5.591451e-01,5.477124e-01,1.204597,73.6549
0.0479355,2.515000e+01,-5.181958e+00,8.743465e-01,2.203324e-01,5.587907e-01,5.486976e-01,1.205409,73.9473
0.0479677,2.515000e+01,-5.182062e+00,8.743465e-01,2.204094e-01,5.594394e-01,5.482530e-01,1.206219,74.2388
0.048,2.515000e+01,-5.182163e+00,8.743465e-01,2.203574e-01,5.595758e-01,5.479898e-01,1.207031,74.5312
0.0480323,2.515000e+01,-5.182263e+00,8.743465e-01,2.204974e-01,5.597290e-01,5.481878e-01,1.207843,74.8236
0.0480645,2.515000e+01,-5.182361e+00,8.743465e-01,2.204351e-01,5.594847e-01,5.482727e-01,1.208653,75.1151
0.0480968,2.515000e+01,-5.182482e+00,8.743465e-01,2.205257e-01,5.583901e-01,5.495730e-01,1.209465,75.4075
0.048129,2.515000e+01,-5.182613e+00,8.743465e-01,2.205723e-01,5.581284e-01,5.499467e-01,1.210275,75.6990
0.0481613,2.515000e+01,-5.182734e+00,8.743465e-01,2.206153e-01,5.584285e-01,5.497580e-01,1.211087,75.9914
0.0481935,2.515000e+01,-5.182823e+00,8.743465e-01,2.203487e-01,5.592435e-01,5.482938e-01,1.211897,76.2829
0.0482258,2.515000e+01,-5.182901e+00,8.743465e-01,2.202251e-01,5.593373e-01,5.478940e-01,1.212709,76.5753
0.0482581,2.515000e+01,-5.182987e+00,8.743465e-01,2.205837e-01,5.593610e-01,5.487631e-01,1.213521,76.8677
0.0482903,2.515000e+01,-5.183069e+00,8.743465e-01,2.207000e-01,5.594915e-01,5.489248e-01,1.214331,77.1592
0.0483226,2.515000e+01,-5.183150e+00,8.743465e-01,2.206070e-01,5.590972e-01,5.490803e-01,1.215143,77.4516
0.0483548,2.515000e+01,-5.183221e+00,8.743465e-01,2.205151e-01,5.591288e-01,5.488207e-01,1.215953,77.7431
0.0483871,2.515000e+01,-5.183290e+00,8.743465e-01,2.207728e-01,5.594173e-01,5.491781e-01,1.216765,78.0355
0.0484194,2.515000e+01,-5.183362e+00,8.743465e-01,2.209112e-01,5.592551e-01,5.496823e-01,1.217578,78.3279
0.0484516,2.515000e+01,-5.183442e+00,8.743465e-01,2.206907e-01,5.583906e-01,5.499838e-01,1.218387,78.6194
0.0484839,2.515000e+01,-5.183504e+00,8.743465e-01,2.203861e-01,5.586086e-01,5.490098e-01,1.219199,78.9118
0.0485161,2.515000e+01,-5.183556e+00,8.743465e-01,2.204914e-01,5.591525e-01,5.487379e-01,1.220009,79.2033
0.0485484,2.515000e+01,-5.183574e+00,8.743465e-01,2.201790e-01,5.600223e-01,5.471095e-01,1.220821,79.4957
0.0485806,2.515000e+01,-5.183594e+00,8.743465e-01,2.201812e-01,5.598822e-01,5.472521e-01,1.221631,79.7872
0.0486129,2.515000e+01,-5.183641e+00,8.743465e-01,2.206930e-01,5.595105e-01,5.488882e-01,1.222443,80.0796
0.0486452,2.515000e+01,-5.183692e+00,8.743465e-01,2.210557e-01,5.599828e-01,5.493268e-01,1.223256,80.3720
0.0486774,2.515000e+01,-5.183750e+00,8.743465e-01,2.211485e-01,5.595168e-01,5.500146e-01,1.224065,80.6635
0.0487097,2.515000e+01,-5.183802e+00,8.743465e-01,2.208866e-01,5.592772e-01,5.495991e-01,1.224878,80.9559
0.0487419,2.515000e+01,-5.183858e+00,8.743465e-01,2.210645e-01,5.593731e-01,5.499473e-01,1.225687,81.2474
0.0487742,2.515000e+01,-5.183916e+00,8.743465e-01,2.211880e-01,5.595057e-01,5.501240e-01,1.226499,81.5398
0.0488065,2.515000e+01,-5.183972e+00,8.743465e-01,2.208724e-01,5.591319e-01,5.497062e-01,1.227312,81.8322
0.0488387,2.515000e+01,-5.184008e+00,8.743465e-01,2.205878e-01,5.597490e-01,5.483931e-01,1.228121,82.1237
0.048871,2.515000e+01,-5.184034e+00,8.743465e-01,2.207118e-01,5.604092e-01,5.480549e-01,1.228934,82.4161
0.0489032,2.515000e+01,-5.184065e+00,8.743465e-01,2.209230e-01,5.604972e-01,5.484934e-01,1.229743,82.7076
0.0489355,2.515000e+01,-5.184130e+00,8.743465e-01,2.214838e-01,5.599085e-01,5.504636e-01,1.230556,83.0000
0.0489677,2.515000e+01,-5.184186e+00,8.743465e-01,2.213418e-01,5.602308e-01,5.497946e-01,1.231365,83.2915
0.049,2.515000e+01,-5.184218e+00,8.743465e-01,2.210026e-01,5.608126e-01,5.483819e-01,1.232178,83.5839
0.0490333,2.515000e+01,-5.184260e+00,8.743465e-01,2.210102e-01,5.596279e-01,5.495620e-01,1.233015,83.8854
0.0490667,2.515000e+01,-5.184321e+00,8.743465e-01,2.213466e-01,5.593599e-01,5.506619e-01,1.233855,84.1877
0.0491,2.515000e+01,-5.184390e+00,8.743465e-01,2.217902e-01,5.597579e-01,5.513733e-01,1.234692,84.4892
0.0491333,2.515000e+01,-5.184437e+00,8.743465e-01,2.216507e-01,5.605698e-01,5.502286e-01,1.235530,84.7907
0.0491667,2.515000e+01,-5.184480e+00,8.743465e-01,2.211519e-01,5.599959e-01,5.495527e-01,1.236369,85.0930
0.0492,2.515000e+01,-5.184509e+00,8.743465e-01,2.209048e-01,5.602824e-01,5.486579e-01,1.237207,85.3945
0.0492333,2.515000e+01,-5.184517e+00,8.743465e-01,2.208174e-01,5.610695e-01,5.476718e-01,1.238044,85.6959
0.0492667,2.515000e+01,-5.184544e+00,8.743465e-01,2.214330e-01,5.612796e-01,5.489933e-01,1.238884,85.9983
0.0493,2.515000e+01,-5.184615e+00,8.743465e-01,2.221475e-01,5.604587e-01,5.515707e-01,1.239722,86.2997
0.0493333,2.515000e+01,-5.184682e+00,8.743465e-01,2.221724e-01,5.606556e-01,5.514391e-01,1.240559,86.6012
0.0493667,2.515000e+01,-5.184693e+00,8.743465e-01,2.211325e-01,5.613006e-01,5.482274e-01,1.241399,86.9036
0.0494,2.515000e+01,-5.184706e+00,8.743465e-01,2.207697e-01,5.603245e-01,5.482812e-01,1.242236,87.2050
0.0494333,2.515000e+01,-5.184739e+00,8.743465e-01,2.212236e-01,5.600896e-01,5.496389e-01,1.243074,87.5065
0.0494667,2.515000e+01,-5.184804e+00,8.743465e-01,2.221561e-01,5.603408e-01,5.517086e-01,1.243913,87.8088
0.0495,2.515000e+01,-5.184835e+00,8.743465e-01,2.218785e-01,5.613801e-01,5.499994e-01,1.244751,88.1103
0.0495333,2.515000e+01,-5.184834e+00,8.743465e-01,2.214685e-01,5.619251e-01,5.484503e-01,1.245588,88.4117
0.0495667,2.515000e+01,-5.184829e+00,8.743465e-01,2.214050e-01,5.618777e-01,5.483393e-01,1.246428,88.7141
0.0496,2.515000e+01,-5.184829e+00,8.743465e-01,2.216233e-01,5.619614e-01,5.487982e-01,1.247265,89.0156
0.0496333,2.515000e+01,-5.184889e+00,8.743465e-01,2.221731e-01,5.601118e-01,5.519766e-01,1.248103,89.3170
0.0496667,2.515000e+01,-5.184962e+00,8.743465e-01,2.224410e-01,5.600149e-01,5.527373e-01,1.248943,89.6194
0.0497,2.515000e+01,-5.185014e+00,8.743465e-01,2.223381e-01,5.608684e-01,5.516407e-01,1.249780,89.9208
0.0497333,2.515000e+01,-5.185004e+00,8.743465e-01,2.212688e-01,5.618808e-01,5.479986e-01,1.250617,90.2223
0.0497667,2.515000e+01,-5.184982e+00,8.743465e-01,2.206246e-01,5.612153e-01,5.470518e-01,1.251457,90.5247
0.0498,2.515000e+01,-5.184982e+00,8.743465e-01,2.210164e-01,5.609300e-01,5.483015e-01,1.252295,90.8261
0.0498333,2.515000e+01,-5.185014e+00,8.743465e-01,2.222208e-01,5.617345e-01,5.504998e-01,1.253132,91.1276
0.0498667,2.515000e+01,-5.185046e+00,8.743465e-01,2.223772e-01,5.618382e-01,5.507857e-01,1.253972,91.4299
0.0499,2.515000e+01,-5.185053e+00,8.743465e-01,2.218588e-01,5.619445e-01,5.493974e-01,1.254809,91.7314
0.0499333,2.515000e+01,-5.185048e+00,8.743465e-01,2.216198e-01,5.620325e-01,5.487202e-01,1.255647,92.0328
0.0499667,2.515000e+01,-5.185063e+00,8.743465e-01,2.217847e-01,5.615486e-01,5.496016e-01,1.256487,92.3352
0.05,2.515000e+01,-5.185117e+00,8.743465e-01,2.222926e-01,5.607157e-01,5.516784e-01,1.257324,92.6367
0.0500333,2.515000e+01,-5.185166e+00,8.743465e-01,2.222841e-01,5.609789e-01,5.513984e-01,1.258161,92.9381
0.0500667,2.515000e+01,-5.185192e+00,8.743465e-01,2.221248e-01,5.617197e-01,5.502767e-01,1.259001,93.2405
0.0501,2.515000e+01,-5.185186e+00,8.743465e-01,2.216456e-01,5.623379e-01,5.484857e-01,1.259839,93.5419
0.0501333,2.515000e+01,-5.185188e+00,8.743465e-01,2.216878e-01,5.621810e-01,5.487437e-01,1.260676,93.8434
0.0501667,2.515000e+01,-5.185183e+00,8.743465e-01,2.215792e-01,5.623568e-01,5.483032e-01,1.261516,94.1457
0.0502,2.515000e+01,-5.185175e+00,8.743465e-01,2.218166e-01,5.627917e-01,5.484665e-01,1.262353,94.4472
0.0502333,2.515000e+01,-5.185223e+00,8.743465e-01,2.225559e-01,5.612738e-01,5.517828e-01,1.263191,94.7487
0.0502667,2.515000e+01,-5.185275e+00,8.743465e-01,2.226944e-01,5.609610e-01,5.524338e-01,1.264031,95.0510
0.0503,2.515000e+01,-5.185294e+00,8.743465e-01,2.223191e-01,5.617045e-01,5.507728e-01,1.264868,95.3525
0.0503333,2.515000e+01,-5.185281e+00,8.743465e-01,2.218814e-01,5.623905e-01,5.490179e-01,1.265705,95.6539
0.0503667,2.515000e+01,-5.185278e+00,8.743465e-01,2.218748e-01,5.619266e-01,5.494553e-01,1.266545,95.9563
0.0504,2.515000e+01,-5.185265e+00,8.743465e-01,2.217901e-01,5.616876e-01,5.494788e-01,1.267383,96.2578
0.0504333,2.515000e+01,-5.185230e+00,8.743465e-01,2.218127e-01,5.625142e-01,5.487270e-01,1.268220,96.5592
0.0504667,2.515000e+01,-5.185209e+00,8.743465e-01,2.220817e-01,5.622741e-01,5.496271e-01,1.269060,96.8616
0.0505,2.515000e+01,-5.185203e+00,8.743465e-01,2.224324e-01,5.620635e-01,5.507021e-01,1.269897,97.1630
0.0505333,2.515000e+01,-5.185168e+00,8.743465e-01,2.220703e-01,5.625427e-01,5.493372e-01,1.270735,97.4645
0.0505667,2.515000e+01,-5.185124e+00,8.743465e-01,2.219128e-01,5.625090e-01,5.489803e-01,1.271575,97.7668
0.0506,2.515000e+01,-5.185100e+00,8.743465e-01,2.222221e-01,5.620140e-01,5.502294e-01,1.272412,98.0683
0.0506333,2.515000e+01,-5.185081e+00,8.743465e-01,2.221712e-01,5.617724e-01,5.503399e-01,1.273249,98.3698
0.0506667,2.515000e+01,-5.185061e+00,8.743465e-01,2.223626e-01,5.622120e-01,5.503836e-01,1.274089,98.6721
0.0507,2.515000e+01,-5.185019e+00,8.743465e-01,2.219816e-01,5.624321e-01,5.492254e-01,1.274927,98.9736
0.0507333,2.515000e+01,-5.184969e+00,8.743465e-01,2.218806e-01,5.624453e-01,5.489628e-01,1.275764,99.2750
0.0507667,2.515000e+01,-5.184905e+00,8.743465e-01,2.217061e-01,5.626622e-01,5.483197e-01,1.276604,99.5774
0.0508,2.515000e+01,-5.184856e+00,8.743465e-01,2.221801e-01,5.627033e-01,5.494521e-01,1.277441,99.8788
0.0508333,2.515000e+01,-5.184839e+00,8.743465e-01,2.227708e-01,5.621236e-01,5.514807e-01,1.278279,100.1803
0.0508667,2.515000e+01,-5.184808e+00,8.743465e-01,2.226446e-01,5.624921e-01,5.508071e-01,1.279119,100.4827
0.0509,2.515000e+01,-5.184758e+00,8.743465e-01,2.222852e-01,5.628791e-01,5.495399e-01,1.279956,100.7841
0.0509333,2.515000e+01,-5.184703e+00,8.743465e-01,2.218386e-01,5.622499e-01,5.490495e-01,1.280793,101.0856
0.0509667,2.515000e+01,-5.184658e+00,8.743465e-01,2.219712e-01,5.618882e-01,5.497315e-01,1.281633,101.3879
0.051,2.515000e+01,-5.184613e+00,8.743465e-01,2.221263e-01,5.621441e-01,5.498651e-01,1.282471,101.6894
0.0510333,2.515000e+01,-5.184551e+00,8.743465e-01,2.222536e-01,5.630018e-01,5.493415e-01,1.283308,101.9908
0.0510667,2.515000e+01,-5.184495e+00,8.743465e-01,2.223406e-01,5.627612e-01,5.497917e-01,1.284148,102.2932
0.0511,2.515000e+01,-5.184438e+00,8.743465e-01,2.221869e-01,5.624926e-01,5.496743e-01,1.284985,102.5947
0.0511333,2.515000e+01,-5.184372e+00,8.743465e-01,2.221262e-01,5.627006e-01,5.493210e-01,1.285823,102.8961
0.0511667,2.515000e+01,-5.184306e+00,8.743465e-01,2.222031e-01,5.627796e-01,5.494340e-01,1.286662,103.1985
0.0512,2.515000e+01,-5.184237e+00,8.743465e-01,2.222400e-01,5.628817e-01,5.494253e-01,1.287500,103.4999
0.0512333,2.515000e+01,-5.184155e+00,8.743465e-01,2.219942e-01,5.628459e-01,5.488530e-01,1.288337,103.8014
0.0512667,2.515000e+01,-5.184080e+00,8.743465e-01,2.220598e-01,5.625500e-01,5.493037e-01,1.289177,104.1038
0.0513,2.515000e+01,-5.184021e+00,8.743465e-01,2.221390e-01,5.618645e-01,5.501701e-01,1.290014,104.4052
0.0513333,2.515000e+01,-5.183966e+00,8.743465e-01,2.222780e-01,5.618445e-01,5.505335e-01,1.290852,104.7067
0.0513667,2.515000e+01,-5.183882e+00,8.743465e-01,2.220216e-01,5.626638e-01,5.490980e-01,1.291692,105.0090
0.0514,2.515000e+01,-5.183780e+00,8.743465e-01,2.219564e-01,5.633266e-01,5.482904e-01,1.292529,105.3105
0.0514333,2.515000e+01,-5.183684e+00,8.743465e-01,2.220279e-01,5.630892e-01,5.486991e-01,1.293367,105.6119
0.0514667,2.515000e+01,-5.183592e+00,8.743465e-01,2.221019e-01,5.628912e-01,5.490749e-01,1.294206,105.9143
0.0515,2.515000e+01,-5.183521e+00,8.743465e-01,2.223795e-01,5.624668e-01,5.501759e-01,1.295044,106.2158
0.0515333,2.515000e+01,-5.183458e+00,8.743465e-01,2.224380e-01,5.621146e-01,5.506649e-01,1.295881,106.5172
0.0515667,2.515000e+01,-5.183390e+00,8.743465e-01,2.224040e-01,5.623800e-01,5.503216e-01,1.296721,106.8196
0.0516,2.515000e+01,-5.183303e+00,8.743465e-01,2.222055e-01,5.630092e-01,5.492159e-01,1.297558,107.1210
0.0516333,2.515000e+01,-5.183219e+00,8.743465e-01,2.221090e-01,5.628649e-01,5.491178e-01,1.298396,107.4225
0.0516667,2.515000e+01,-5.183142e+00,8.743465e-01,2.222334e-01,5.627222e-01,5.495649e-01,1.299236,107.7248
0.0517,2.515000e+01,-5.183058e+00,8.743465e-01,2.219854e-01,5.626474e-01,5.490247e-01,1.300073,108.0263
0.0517333,2.515000e+01,-5.182953e+00,8.743465e-01,2.219079e-01,5.632750e-01,5.482214e-01,1.300910,108.3278
0.0517667,2.515000e+01,-5.182851e+00,8.743465e-01,2.219679e-01,5.632556e-01,5.483882e-01,1.301750,108.6301
0.0518,2.515000e+01,-5.182752e+00,8.743465e-01,2.221102e-01,5.633198e-01,5.486776e-01,1.302588,108.9316
0.0518333,2.515000e+01,-5.182664e+00,8.743465e-01,2.221859e-01,5.629381e-01,5.492363e-01,1.303425,109.2330
0.0518667,2.515000e+01,-5.182585e+00,8.743465e-01,2.221349e-01,5.622436e-01,5.497887e-01,1.304265,109.5354
0.0519,2.515000e+01,-5.182509e+00,8.743465e-01,2.221192e-01,5.622089e-01,5.497841e-01,1.305102,109.8369
0.0519333,2.515000e+01,-5.182430e+00,8.743465e-01,2.221832e-01,5.627375e-01,5.494263e-01,1.305940,110.1383
0.0519667,2.515000e+01,-5.182335e+00,8.743465e-01,2.220279e-01,5.635867e-01,5.482146e-01,1.306780,110.4407
0.052,2.515000e+01,-5.182242e+00,8.743465e-01,2.220173e-01,5.637068e-01,5.480716e-01,1.307617,110.7421
0.0520333,2.515000e+01,-5.182145e+00,8.743465e-01,2.218779e-01,5.637626e-01,5.476733e-01,1.308454,111.0436
0.0520667,2.515000e+01,-5.182051e+00,8.743465e-01,2.218502e-01,5.637068e-01,5.476591e-01,1.309294,111.3459
0.0521,2.515000e+01,-5.182005e+00,8.743465e-01,2.223760e-01,5.627849e-01,5.498562e-01,1.310132,111.6474
0.0521333,2.515000e+01,-5.181990e+00,8.743465e-01,2.228235e-01,5.624590e-01,5.512822e-01,1.310969,111.9489
0.0521667,2.515000e+01,-5.181966e+00,8.743465e-01,2.226629e-01,5.628544e-01,5.504977e-01,1.311809,112.2512
0.0522,2.515000e+01,-5.181904e+00,8.743465e-01,2.220363e-01,5.638284e-01,5.480001e-01,1.312646,112.5527
0.0522333,2.515000e+01,-5.181839e+00,8.743465e-01,2.217866e-01,5.638753e-01,5.473381e-01,1.313484,112.8541
0.0522667,2.515000e+01,-5.181803e+00,8.743465e-01,2.220956e-01,5.635667e-01,5.484016e-01,1.314324,113.1565
0.0523,2.515000e+01,-5.181784e+00,8.743465e-01,2.223093e-01,5.633582e-01,5.491318e-01,1.315161,113.4579
0.0523333,2.515000e+01,-5.181766e+00,8.743465e-01,2.224163e-01,5.639105e-01,5.488586e-01,1.315998,113.7594
0.0523667,2.515000e+01,-5.181744e+00,8.743465e-01,2.222534e-01,5.640095e-01,5.483597e-01,1.316838,114.0618
0.0524,2.515000e+01,-5.181711e+00,8.743465e-01,2.220101e-01,5.641317e-01,5.476412e-01,1.317676,114.3632
0.0524333,2.515000e+01,-5.181688e+00,8.743465e-01,2.219756e-01,5.638163e-01,5.478618e-01,1.318513,114.6647
0.0524667,2.515000e+01,-5.181706e+00,8.743465e-01,2.224397e-01,5.628059e-01,5.499932e-01,1.319353,114.9670
0.0525,2.515000e+01,-5.181742e+00,8.743465e-01,2.227397e-01,5.626327e-01,5.509051e-01,1.320190,115.2685
0.0525333,2.515000e+01,-5.181762e+00,8.743465e-01,2.224501e-01,5.634609e-01,5.493795e-01,1.321028,115.5699
0.0525667,2.515000e+01,-5.181724e+00,8.743465e-01,2.215513e-01,5.648825e-01,5.457826e-01,1.321868,115.8723
0.0526,2.515000e+01,-5.181686e+00,8.743465e-01,2.215499e-01,5.647719e-01,5.458866e-01,1.322705,116.1738
0.0526333,2.515000e+01,-5.181685e+00,8.743465e-01,2.221206e-01,5.643175e-01,5.477330e-01,1.323542,116.4752
0.0526667,2.515000e+01,-5.181706e+00,8.743465e-01,2.223581e-01,5.637942e-01,5.488280e-01,1.324382,116.7776
0.0527,2.515000e+01,-5.181735e+00,8.743465e-01,2.224955e-01,5.635741e-01,5.493812e-01,1.325220,117.0790
0.0527333,2.515000e+01,-5.181740e+00,8.743465e-01,2.222027e-01,5.640580e-01,5.481878e-01,1.326057,117.3805
0.0527667,2.515000e+01,-5.181743e+00,8.743465e-01,2.223439e-01,5.644065e-01,5.481974e-01,1.326897,117.6829
0.0528,2.515000e+01,-5.181743e+00,8.743465e-01,2.224103e-01,5.647330e-01,5.480440e-01,1.327734,117.9843
0.0528333,2.515000e+01,-5.181759e+00,8.743465e-01,2.224845e-01,5.639011e-01,5.490355e-01,1.328572,118.2858
0.0528667,2.515000e+01,-5.181760e+00,8.743465e-01,2.221446e-01,5.636910e-01,5.484011e-01,1.329411,118.5881
0.0529,2.515000e+01,-5.181737e+00,8.743465e-01,2.218572e-01,5.640975e-01,5.472975e-01,1.330249,118.8896
0.0529333,2.515000e+01,-5.181705e+00,8.743465e-01,2.219587e-01,5.647366e-01,5.469275e-01,1.331086,119.1910
0.0529667,2.515000e+01,-5.181679e+00,8.743465e-01,2.222257e-01,5.648893e-01,5.474376e-01,1.331926,119.4934
0.053,2.515000e+01,-5.181668e+00,8.743465e-01,2.225323e-01,5.647903e-01,5.482885e-01,1.332763,119.7949
0.0530333,2.515000e+01,-5.181670e+00,8.743465e-01,2.227210e-01,5.645492e-01,5.489884e-01,1.333601,120.0963
0.0530667,2.515000e+01,-5.181689e+00,8.743465e-01,2.228777e-01,5.639542e-01,5.499538e-01,1.334441,120.3987
0.0531,2.515000e+01,-5.181694e+00,8.743465e-01,2.225060e-01,5.639969e-01,5.489953e-01,1.335278,120.7001
0.0531333,2.515000e+01,-5.181686e+00,8.743465e-01,2.223498e-01,5.645002e-01,5.481210e-01,1.336116,121.0016
0.0531667,2.515000e+01,-5.181652e+00,8.743465e-01,2.220106e-01,5.652447e-01,5.465642e-01,1.336955,121.3039
0.0532,2.515000e+01,-5.181639e+00,8.743465e-01,2.223008e-01,5.647451e-01,5.477623e-01,1.337793,121.6054
0.0532333,2.515000e+01,-5.181605e+00,8.743465e-01,2.219060e-01,5.649325e-01,5.466082e-01,1.338630,121.9069
0.0532667,2.515000e+01,-5.181557e+00,8.743465e-01,2.215479e-01,5.648467e-01,5.458092e-01,1.339470,122.2092
0.0533,2.515000e+01,-5.181548e+00,8.743465e-01,2.223575e-01,5.648488e-01,5.478017e-01,1.340307,122.5107
0.0533333,2.515000e+01,-5.181557e+00,8.743465e-01,2.225586e-01,5.644460e-01,5.486882e-01,1.341145,122.8121
0.0533667,2.515000e+01,-5.181559e+00,8.743465e-01,2.222890e-01,5.643586e-01,5.481084e-01,1.341985,123.1145
0.0534,2.515000e+01,-5.181525e+00,8.743465e-01,2.216325e-01,5.648672e-01,5.459976e-01,1.342822,123.4160
0.0534333,2.515000e+01,-5.181526e+00,8.743465e-01,2.223456e-01,5.645202e-01,5.480911e-01,1.343659,123.7174
0.0534667,2.515000e+01,-5.181554e+00,8.743465e-01,2.229644e-01,5.645703e-01,5.495680e-01,1.344499,124.0198
0.0535,2.515000e+01,-5.181567e+00,8.743465e-01,2.227367e-01,5.648793e-01,5.487059e-01,1.345337,124.3212
0.0535333,2.515000e+01,-5.181547e+00,8.743465e-01,2.218682e-01,5.650115e-01,5.464384e-01,1.346174,124.6227
0.0535667,2.515000e+01,-5.181534e+00,8.743465e-01,2.219998e-01,5.649494e-01,5.468228e-01,1.347014,124.9250
0.0536,2.515000e+01,-5.181537e+00,8.743465e-01,2.221382e-01,5.643512e-01,5.477436e-01,1.347851,125.2265
0.0536333,2.515000e+01,-5.181540e+00,8.743465e-01,2.222683e-01,5.646829e-01,5.477427e-01,1.348689,125.5280
0.0536667,2.515000e+01,-5.181563e+00,8.743465e-01,2.227341e-01,5.645945e-01,5.489765e-01,1.349529,125.8303
0.0537,2.515000e+01,-5.181596e+00,8.743465e-01,2.228230e-01,5.644471e-01,5.493393e-01,1.350366,126.1318
0.0537333,2.515000e+01,-5.181598e+00,8.743465e-01,2.220458e-01,5.646908e-01,5.471867e-01,1.351203,126.4332
0.0537667,2.515000e+01,-5.181566e+00,8.743465e-01,2.212417e-01,5.647967e-01,5.451033e-01,1.352043,126.7356
0.0538,2.515000e+01,-5.181551e+00,8.743465e-01,2.215359e-01,5.645582e-01,5.460585e-01,1.352881,127.0370
0.0538333,2.515000e+01,-5.181573e+00,8.743465e-01,2.223600e-01,5.646771e-01,5.479743e-01,1.353718,127.3385
0.0538667,2.515000e+01,-5.181600e+00,8.743465e-01,2.223646e-01,5.644855e-01,5.481721e-01,1.354558,127.6409
0.0539,2.515000e+01,-5.181591e+00,8.743465e-01,2.217255e-01,5.650267e-01,5.460727e-01,1.355395,127.9423
0.0539333,2.515000e+01,-5.181580e+00,8.743465e-01,2.216523e-01,5.647714e-01,5.461392e-01,1.356233,128.2438
0.0539667,2.515000e+01,-5.181591e+00,8.743465e-01,2.220202e-01,5.644044e-01,5.474014e-01,1.357073,128.5461
0.054,2.515000e+01,-5.181623e+00,8.743465e-01,2.223680e-01,5.640727e-01,5.485810e-01,1.357910,128.8476
0.0540323,2.515000e+01,-5.181652e+00,8.743465e-01,2.223582e-01,5.647530e-01,5.478959e-01,1.358722,129.1400
0.0540645,2.515000e+01,-5.181663e+00,8.743465e-01,2.217919e-01,5.643581e-01,5.468830e-01,1.359532,129.4315
0.0540968,2.515000e+01,-5.181647e+00,8.743465e-01,2.215144e-01,5.650952e-01,5.454864e-01,1.360344,129.7239
0.054129,2.515000e+01,-5.181631e+00,8.743465e-01,2.213098e-01,5.646024e-01,5.454587e-01,1.361154,130.0154
0.0541613,2.515000e+01,-5.181622e+00,8.743465e-01,2.215305e-01,5.645445e-01,5.460583e-01,1.361966,130.3078
0.0541935,2.515000e+01,-5.181643e+00,8.743465e-01,2.220481e-01,5.639958e-01,5.478662e-01,1.362776,130.5993
0.0542258,2.515000e+01,-5.181658e+00,8.743465e-01,2.221803e-01,5.642881e-01,5.479087e-01,1.363588,130.8917
0.0542581,2.515000e+01,-5.181660e+00,8.743465e-01,2.219352e-01,5.643760e-01,5.472194e-01,1.364400,131.1841
0.0542903,2.515000e+01,-5.181652e+00,8.743465e-01,2.217605e-01,5.645071e-01,5.466619e-01,1.365210,131.4756
0.0543226,2.515000e+01,-5.181655e+00,8.743465e-01,2.219809e-01,5.642259e-01,5.474777e-01,1.366022,131.7680
0.0543548,2.515000e+01,-5.181663e+00,8.743465e-01,2.218092e-01,5.637737e-01,5.474925e-01,1.366832,132.0595
0.0543871,2.515000e+01,-5.181682e+00,8.743465e-01,2.220235e-01,5.635425e-01,5.482469e-01,1.367644,132.3519
0.0544194,2.515000e+01,-5.181647e+00,8.743465e-01,2.210217e-01,5.641201e-01,5.452137e-01,1.368456,132.6443
0.0544516,2.515000e+01,-5.181601e+00,8.743465e-01,2.208649e-01,5.642207e-01,5.447305e-01,1.369266,132.9358
0.0544839,2.515000e+01,-5.181547e+00,8.743465e-01,2.207781e-01,5.643681e-01,5.443733e-01,1.370078,133.2282
0.0545161,2.515000e+01,-5.181530e+00,8.743465e-01,2.214346e-01,5.639406e-01,5.464068e-01,1.370888,133.5197
0.0545484,2.515000e+01,-5.181535e+00,8.743465e-01,2.218788e-01,5.636926e-01,5.477438e-01,1.371700,133.8121
0.0545806,2.515000e+01,-5.181526e+00,8.743465e-01,2.216322e-01,5.638911e-01,5.469421e-01,1.372510,134.1036
0.0546129,2.515000e+01,-5.181517e+00,8.743465e-01,2.215219e-01,5.636836e-01,5.468712e-01,1.373322,134.3960
0.0546452,2.515000e+01,-5.181511e+00,8.743465e-01,2.215263e-01,5.637342e-01,5.468327e-01,1.374134,134.6884
0.0546774,2.515000e+01,-5.181506e+00,8.743465e-01,2.214076e-01,5.636178e-01,5.466529e-01,1.374944,134.9799
0.0547097,2.515000e+01,-5.181496e+00,8.743465e-01,2.212560e-01,5.636257e-01,5.462711e-01,1.375756,135.2723
0.0547419,2.515000e+01,-5.181491e+00,8.743465e-01,2.213229e-01,5.634804e-01,5.465772e-01,1.376566,135.5638
0.0547742,2.515000e+01,-5.181485e+00,8.743465e-01,2.212883e-01,5.633624e-01,5.466060e-01,1.377378,135.8562
0.0548065,2.515000e+01,-5.181463e+00,8.743465e-01,2.209302e-01,5.632403e-01,5.458396e-01,1.378191,136.1486
0.0548387,2.515000e+01,-5.181431e+00,8.743465e-01,2.207248e-01,5.631703e-01,5.453999e-01,1.379000,136.4401
0.054871,2.515000e+01,-5.181424e+00,8.743465e-01,2.213960e-01,5.631066e-01,5.471206e-01,1.379813,136.7325
0.0549032,2.515000e+01,-5.181416e+00,8.743465e-01,2.217788e-01,5.636041e-01,5.475822e-01,1.380622,137.0240
0.0549355,2.515000e+01,-5.181381e+00,8.743465e-01,2.212126e-01,5.635694e-01,5.462184e-01,1.381435,137.3164
0.0549677,2.515000e+01,-5.181345e+00,8.743465e-01,2.210979e-01,5.631713e-01,5.463205e-01,1.382244,137.6079
0.055,2.515000e+01,-5.181301e+00,8.743465e-01,2.207696e-01,5.626501e-01,5.460148e-01,1.383056,137.9003
0.0550323,2.515000e+01,-5.181266e+00,8.743465e-01,2.210251e-01,5.624984e-01,5.467942e-01,1.383869,138.1927
0.0550645,2.515000e+01,-5.181217e+00,8.743465e-01,2.210160e-01,5.629328e-01,5.463497e-01,1.384678,138.4842
0.0550968,2.515000e+01,-5.181159e+00,8.743465e-01,2.210318e-01,5.632819e-01,5.460502e-01,1.385491,138.7766
0.055129,2.515000e+01,-5.181099e+00,8.743465e-01,2.209829e-01,5.630423e-01,5.461613e-01,1.386300,139.0681
0.0551613,2.515000e+01,-5.181037e+00,8.743465e-01,2.208638e-01,5.625843e-01,5.463116e-01,1.387113,139.3605
0.0551935,2.515000e+01,-5.180968e+00,8.743465e-01,2.206062e-01,5.622068e-01,5.460416e-01,1.387922,139.6520
0.0552258,2.515000e+01,-5.180907e+00,8.743465e-01,2.211167e-01,5.625316e-01,5.469885e-01,1.388735,139.9444
0.0552581,2.515000e+01,-5.180837e+00,8.743465e-01,2.211799e-01,5.627549e-01,5.469278e-01,1.389547,140.2368
0.0552903,2.515000e+01,-5.180737e+00,8.743465e-01,2.207421e-01,5.631808e-01,5.454324e-01,1.390356,140.5283
0.0553226,2.515000e+01,-5.180627e+00,8.743465e-01,2.201588e-01,5.622657e-01,5.448762e-01,1.391169,140.8207
0.0553548,2.515000e+01,-5.180521e+00,8.743465e-01,2.200784e-01,5.617260e-01,5.452010e-01,1.391978,141.1122
0.0553871,2.515000e+01,-5.180431e+00,8.743465e-01,2.204610e-01,5.615628e-01,5.463076e-01,1.392791,141.4046
0.0554194,2.515000e+01,-5.180330e+00,8.743465e-01,2.205505e-01,5.621104e-01,5.459965e-01,1.393603,141.6970
0.0554516,2.515000e+01,-5.180228e+00,8.743465e-01,2.207979e-01,5.623589e-01,5.463678e-01,1.394413,141.9885
0.0554839,2.515000e+01,-5.180138e+00,8.743465e-01,2.211624e-01,5.622920e-01,5.473351e-01,1.395225,142.2809
0.0555161,2.515000e+01,-5.180030e+00,8.743465e-01,2.206323e-01,5.618461e-01,5.464562e-01,1.396035,142.5724
0.0555484,2.515000e+01,-5.179919e+00,8.743465e-01,2.204321e-01,5.613717e-01,5.464218e-01,1.396847,142.8648
0.0555806,2.515000e+01,-5.179800e+00,8.743465e-01,2.205412e-01,5.616444e-01,5.464273e-01,1.397657,143.1563
0.0556129,2.515000e+01,-5.179679e+00,8.743465e-01,2.206390e-01,5.617582e-01,5.465584e-01,1.398469,143.4487
0.0556452,2.515000e+01,-5.179560e+00,8.743465e-01,2.207531e-01,5.617055e-01,5.468923e-01,1.399281,143.7411
0.0556774,2.515000e+01,-5.179411e+00,8.743465e-01,2.198635e-01,5.612975e-01,5.450841e-01,1.400091,144.0326
0.0557097,2.515000e+01,-5.179271e+00,8.743465e-01,2.200994e-01,5.610716e-01,5.458888e-01,1.400903,144.3250
0.0557419,2.515000e+01,-5.179124e+00,8.743465e-01,2.201830e-01,5.613296e-01,5.458455e-01,1.401713,144.6165
0.0557742,2.515000e+01,-5.178983e+00,8.743465e-01,2.202242e-01,5.611011e-01,5.461697e-01,1.402525,144.9089
0.0558065,2.515000e+01,-5.178844e+00,8.743465e-01,2.203605e-01,5.610421e-01,5.465655e-01,1.403337,145.2014
0.0558387,2.515000e+01,-5.178694e+00,8.743465e-01,2.202511e-01,5.611221e-01,5.462165e-01,1.404147,145.4929
0.055871,2.515000e+01,-5.178539e+00,8.743465e-01,2.202013e-01,5.609431e-01,5.462662e-01,1.404959,145.7853
0.0559032,2.515000e+01,-5.178357e+00,8.743465e-01,2.196127e-01,5.608399e-01,5.449071e-01,1.405769,146.0768
0.0559355,2.515000e+01,-5.178174e+00,8.743465e-01,2.196253e-01,5.607504e-01,5.450255e-01,1.406581,146.3692
0.0559677,2.515000e+01,-5.178004e+00,8.743465e-01,2.201035e-01,5.609189e-01,5.460475e-01,1.407391,146.6607
0.056,2.515000e+01,-5.177830e+00,8.743465e-01,2.199079e-01,5.606409e-01,5.458326e-01,1.408203,146.9531
0.0560323,2.515000e+01,-5.177659e+00,8.743465e-01,2.197427e-01,5.599396e-01,5.461055e-01,1.409015,147.2455
0.0560645,2.515000e+01,-5.177492e+00,8.743465e-01,2.199334e-01,5.600560e-01,5.464668e-01,1.409825,147.5370
0.0560968,2.515000e+01,-5.177320e+00,8.743465e-01,2.200286e-01,5.604866e-01,5.462830e-01,1.410637,147.8294
0.056129,2.515000e+01,-5.177149e+00,8.743465e-01,2.201979e-01,5.607894e-01,5.464086e-01,1.411447,148.1209
0.0561613,2.515000e+01,-5.176978e+00,8.743465e-01,2.200788e-01,5.606225e-01,5.462754e-01,1.412259,148.4133
0.0561935,2.515000e+01,-5.176819e+00,8.743465e-01,2.200483e-01,5.599359e-01,5.468689e-01,1.413069,148.7048
0.0562258,2.515000e+01,-5.176661e+00,8.743465e-01,2.200838e-01,5.600291e-01,5.468661e-01,1.413881,148.9972
0.0562581,2.515000e+01,-5.176486e+00,8.743465e-01,2.194694e-01,5.597221e-01,5.456389e-01,1.414693,149.2896
0.0562903,2.515000e+01,-5.176316e+00,8.743465e-01,2.194096e-01,5.594205e-01,5.457841e-01,1.415503,149.5811
0.0563226,2.515000e+01,-5.176143e+00,8.743465e-01,2.193335e-01,5.595021e-01,5.455156e-01,1.416315,149.8735
0.0563548,2.515000e+01,-5.175980e+00,8.743465e-01,2.196765e-01,5.596758e-01,5.461988e-01,1.417125,150.1650
0.0563871,2.515000e+01,-5.175818e+00,8.743465e-01,2.198020e-01,5.599559e-01,5.462374e-01,1.417937,150.4574
0.0564194,2.515000e+01,-5.175663e+00,8.743465e-01,2.198483e-01,5.599380e-01,5.463699e-01,1.418749,150.7498
0.0564516,2.515000e+01,-5.175513e+00,8.743465e-01,2.198216e-01,5.596858e-01,5.465497e-01,1.419559,151.0413
0.0564839,2.515000e+01,-5.175360e+00,8.743465e-01,2.194139e-01,5.593610e-01,5.458530e-01,1.420371,151.3337
0.0565161,2.515000e+01,-5.175208e+00,8.743465e-01,2.190921e-01,5.588287e-01,5.455719e-01,1.421181,151.6252
0.0565484,2.515000e+01,-5.175056e+00,8.743465e-01,2.191807e-01,5.590893e-01,5.455375e-01,1.421993,151.9176
0.0565806,2.515000e+01,-5.174906e+00,8.743465e-01,2.193943e-01,5.593725e-01,5.457934e-01,1.422803,152.2091
0.0566129,2.515000e+01,-5.174758e+00,8.743465e-01,2.195775e-01,5.598206e-01,5.458115e-01,1.423615,152.5015
0.0566452,2.515000e+01,-5.174619e+00,8.743465e-01,2.197081e-01,5.598038e-01,5.461527e-01,1.424427,152.7939
0.0566774,2.515000e+01,-5.174488e+00,8.743465e-01,2.195720e-01,5.592356e-01,5.463690e-01,1.425237,153.0854
0.0567097,2.515000e+01,-5.174369e+00,8.743465e-01,2.196589e-01,5.588629e-01,5.469491e-01,1.426049,153.3778
0.0567419,2.515000e+01,-5.174248e+00,8.743465e-01,2.196064e-01,5.588882e-01,5.467937e-01,1.426859,153.6693
0.0567742,2.515000e+01,-5.174121e+00,8.743465e-01,2.195951e-01,5.592146e-01,5.464465e-01,1.427671,153.9617
0.0568065,2.515000e+01,-5.173998e+00,8.743465e-01,2.198794e-01,5.596806e-01,5.466986e-01,1.428484,154.2541
0.0568387,2.515000e+01,-5.173874e+00,8.743465e-01,2.195710e-01,5.591530e-01,5.464472e-01,1.429293,154.5456
0.056871,2.515000e+01,-5.173773e+00,8.743465e-01,2.193715e-01,5.577904e-01,5.472845e-01,1.430106,154.8380
0.0569032,2.515000e+01,-5.173666e+00,8.743465e-01,2.191684e-01,5.579299e-01,5.466410e-01,1.430915,155.1295
0.0569355,2.515000e+01,-5.173551e+00,8.743465e-01,2.191396e-01,5.585096e-01,5.460017e-01,1.431727,155.4219
0.0569677,2.515000e+01,-5.173436e+00,8.743465e-01,2.194571e-01,5.592351e-01,5.460833e-01,1.432537,155.7134
0.057,2.515000e+01,-5.173327e+00,8.743465e-01,2.194744e-01,5.592530e-01,5.461091e-01,1.433349,156.0058
0.0570323,2.515000e+01,-5.173236e+00,8.743465e-01,2.197081e-01,5.588676e-01,5.470674e-01,1.434162,156.2982
0.0570645,2.515000e+01,-5.173152e+00,8.743465e-01,2.197280e-01,5.586849e-01,5.472956e-01,1.434971,156.5897
0.0570968,2.515000e+01,-5.173060e+00,8.743465e-01,2.193259e-01,5.584764e-01,5.464985e-01,1.435784,156.8821
0.057129,2.515000e+01,-5.172968e+00,8.743465e-01,2.193671e-01,5.586128e-01,5.464675e-01,1.436593,157.1736
0.0571613,2.515000e+01,-5.172871e+00,8.743465e-01,2.192633e-01,5.588223e-01,5.460037e-01,1.437406,157.4660
0.0571935,2.515000e+01,-5.172786e+00,8.743465e-01,2.194283e-01,5.586259e-01,5.466071e-01,1.438215,157.7575
0.0572258,2.515000e+01,-5.172699e+00,8.743465e-01,2.192349e-01,5.584138e-01,5.463327e-01,1.439027,158.0499
0.0572581,2.515000e+01,-5.172610e+00,8.743465e-01,2.190575e-01,5.583379e-01,5.459647e-01,1.439840,158.3423
0.0572903,2.515000e+01,-5.172524e+00,8.743465e-01,2.191889e-01,5.585127e-01,5.461213e-01,1.440649,158.6338
0.0573226,2.515000e+01,-5.172436e+00,8.743465e-01,2.194996e-01,5.592578e-01,5.461673e-01,1.441462,158.9262
0.0573548,2.515000e+01,-5.172362e+00,8.743465e-01,2.196212e-01,5.589898e-01,5.467312e-01,1.442271,159.2177
0.0573871,2.515000e+01,-5.172303e+00,8.743465e-01,2.197683e-01,5.587576e-01,5.473248e-01,1.443084,159.5101
0.0574194,2.515000e+01,-5.172249e+00,8.743465e-01,2.197637e-01,5.586633e-01,5.474059e-01,1.443896,159.8025
0.0574516,2.515000e+01,-5.172202e+00,8.743465e-01,2.195254e-01,5.581258e-01,5.473389e-01,1.444706,160.0940
0.0574839,2.515000e+01,-5.172170e+00,8.743465e-01,2.194725e-01,5.575871e-01,5.477357e-01,1.445518,160.3864
0.0575161,2.515000e+01,-5.172128e+00,8.743465e-01,2.191428e-01,5.576740e-01,5.468277e-01,1.446328,160.6779
0.0575484,2.515000e+01,-5.172089e+00,8.743465e-01,2.194260e-01,5.579852e-01,5.472292e-01,1.447140,160.9703
0.0575806,2.515000e+01,-5.172043e+00,8.743465e-01,2.194703e-01,5.585828e-01,5.467539e-01,1.447949,161.2618
0.0576129,2.515000e+01,-5.171991e+00,8.743465e-01,2.195042e-01,5.588360e-01,5.465903e-01,1.448762,161.5542
0.0576452,2.515000e+01,-5.171928e+00,8.743465e-01,2.193627e-01,5.590840e-01,5.459960e-01,1.449574,161.8466
0.0576774,2.515000e+01,-5.171889e+00,8.743465e-01,2.195296e-01,5.582142e-01,5.472629e-01,1.450384,162.1381
0.0577097,2.515000e+01,-5.171864e+00,8.743465e-01,2.197372e-01,5.579694e-01,5.480204e-01,1.451196,162.4305
0.0577419,2.515000e+01,-5.171838e+00,8.743465e-01,2.196495e-01,5.579778e-01,5.477938e-01,1.452006,162.7220
0.0577742,2.515000e+01,-5.171790e+00,8.743465e-01,2.192750e-01,5.582790e-01,5.465647e-01,1.452818,163.0144
0.0578065,2.515000e+01,-5.171734e+00,8.743465e-01,2.191628e-01,5.585517e-01,5.460181e-01,1.453630,163.3068
0.0578387,2.515000e+01,-5.171683e+00,8.743465e-01,2.191787e-01,5.584796e-01,5.461282e-01,1.454440,163.5983
0.057871,2.515000e+01,-5.171648e+00,8.743465e-01,2.194162e-01,5.581868e-01,5.470066e-01,1.455252,163.8907
0.0579032,2.515000e+01,-5.171606e+00,8.743465e-01,2.195691e-01,5.586912e-01,5.468941e-01,1.456062,164.1822
0.0579355,2.515000e+01,-5.171557e+00,8.743465e-01,2.194947e-01,5.589240e-01,5.464811e-01,1.456874,164.4746
0.0579677,2.515000e+01,-5.171509e+00,8.743465e-01,2.195888e-01,5.589992e-01,5.466413e-01,1.457684,164.7661
0.058,2.515000e+01,-5.171466e+00,8.743465e-01,2.196505e-01,5.590382e-01,5.467573e-01,1.458496,165.0585
0.0580323,2.515000e+01,-5.171441e+00,8.743465e-01,2.196551e-01,5.579362e-01,5.478485e-01,1.459308,165.3509
0.0580645,2.515000e+01,-5.171430e+00,8.743465e-01,2.197157e-01,5.574055e-01,5.485213e-01,1.460118,165.6424
0.0580968,2.515000e+01,-5.171414e+00,8.743465e-01,2.197455e-01,5.576551e-01,5.483506e-01,1.460930,165.9348
0.058129,2.515000e+01,-5.171369e+00,8.743465e-01,2.195188e-01,5.585122e-01,5.469439e-01,1.461740,166.2263
0.0581613,2.515000e+01,-5.171311e+00,8.743465e-01,2.193987e-01,5.585670e-01,5.465908e-01,1.462552,166.5187
0.0581935,2.515000e+01,-5.171251e+00,8.743465e-01,2.195784e-01,5.588355e-01,5.467758e-01,1.463362,166.8102
0.0582258,2.515000e+01,-5.171202e+00,8.743465e-01,2.198918e-01,5.587270e-01,5.476627e-01,1.464174,167.1026
0.0582581,2.515000e+01,-5.171147e+00,8.743465e-01,2.197867e-01,5.585786e-01,5.475465e-01,1.464986,167.3950
0.0582903,2.515000e+01,-5.171084e+00,8.743465e-01,2.196002e-01,5.584174e-01,5.472397e-01,1.465796,167.6865
0.0583226,2.515000e+01,-5.171013e+00,8.743465e-01,2.197858e-01,5.588113e-01,5.473164e-01,1.466608,167.9789
0.0583548,2.515000e+01,-5.170948e+00,8.743465e-01,2.200403e-01,5.586175e-01,5.481401e-01,1.467418,168.2704
0.0583871,2.515000e+01,-5.170891e+00,8.743465e-01,2.199415e-01,5.578699e-01,5.486280e-01,1.468230,168.5628
0.0584194,2.515000e+01,-5.170818e+00,8.743465e-01,2.195107e-01,5.577993e-01,5.476228e-01,1.469042,168.8552
0.0584516,2.515000e+01,-5.170734e+00,8.743465e-01,2.196134e-01,5.583369e-01,5.473513e-01,1.469852,169.1467
0.0584839,2.515000e+01,-5.170615e+00,8.743465e-01,2.193639e-01,5.592999e-01,5.457885e-01,1.470664,169.4391
0.0585161,2.515000e+01,-5.170490e+00,8.743465e-01,2.192451e-01,5.592283e-01,5.455625e-01,1.471474,169.7306
0.0585484,2.515000e+01,-5.170389e+00,8.743465e-01,2.197033e-01,5.589161e-01,5.470083e-01,1.472286,170.0230
0.0585806,2.515000e+01,-5.170298e+00,8.743465e-01,2.201318e-01,5.591088e-01,5.478862e-01,1.473096,170.3145
0.0586129,2.515000e+01,-5.170208e+00,8.743465e-01,2.202787e-01,5.590935e-01,5.482667e-01,1.473908,170.6069
0.0586452,2.515000e+01,-5.170116e+00,8.743465e-01,2.200170e-01,5.586254e-01,5.480742e-01,1.474720,170.8993
0.0586774,2.515000e+01,-5.170026e+00,8.743465e-01,2.201401e-01,5.587391e-01,5.482691e-01,1.475530,171.1908
0.0587097,2.515000e+01,-5.169945e+00,8.743465e-01,2.203571e-01,5.587623e-01,5.487868e-01,1.476342,171.4832
0.0587419,2.515000e+01,-5.169857e+00,8.743465e-01,2.200566e-01,5.585749e-01,5.482219e-01,1.477152,171.7747
0.0587742,2.515000e+01,-5.169759e+00,8.743465e-01,2.198255e-01,5.589055e-01,5.473227e-01,1.477964,172.0671
0.0588065,2.515000e+01,-5.169641e+00,8.743465e-01,2.197284e-01,5.596590e-01,5.463441e-01,1.478777,172.3596
0.0588387,2.515000e+01,-5.169528e+00,8.743465e-01,2.199952e-01,5.598843e-01,5.467879e-01,1.479586,172.6511
0.058871,2.515000e+01,-5.169445e+00,8.743465e-01,2.204867e-01,5.593357e-01,5.485465e-01,1.480398,172.9435
0.0589032,2.515000e+01,-5.169367e+00,8.743465e-01,2.205688e-01,5.594189e-01,5.486695e-01,1.481208,173.2350
0.0589355,2.515000e+01,-5.169262e+00,8.743465e-01,2.202061e-01,5.600165e-01,5.471826e-01,1.482020,173.5274
0.0589677,2.515000e+01,-5.169150e+00,8.743465e-01,2.200317e-01,5.599780e-01,5.467865e-01,1.482830,173.8189
0.059,2.515000e+01,-5.169070e+00,8.743465e-01,2.203255e-01,5.588329e-01,5.486392e-01,1.483642,174.1113
0.0590333,2.515000e+01,-5.168995e+00,8.743465e-01,2.206947e-01,5.584406e-01,5.499442e-01,1.484480,174.4127
0.0590667,2.515000e+01,-5.168903e+00,8.743465e-01,2.208808e-01,5.597437e-01,5.491263e-01,1.485320,174.7151
0.0591,2.515000e+01,-5.168799e+00,8.743465e-01,2.204194e-01,5.594657e-01,5.482519e-01,1.486157,175.0165
0.0591333,2.515000e+01,-5.168683e+00,8.743465e-01,2.201581e-01,5.595473e-01,5.475220e-01,1.486994,175.3180
0.0591667,2.515000e+01,-5.168542e+00,8.743465e-01,2.198435e-01,5.600654e-01,5.462339e-01,1.487834,175.6203
0.0592,2.515000e+01,-5.168396e+00,8.743465e-01,2.202715e-01,5.609200e-01,5.464635e-01,1.488672,175.9218
0.0592333,2.515000e+01,-5.168312e+00,8.743465e-01,2.212537e-01,5.597674e-01,5.500304e-01,1.489509,176.2233
0.0592667,2.515000e+01,-5.168229e+00,8.743465e-01,2.213693e-01,5.599096e-01,5.501777e-01,1.490349,176.5256
0.0593,2.515000e+01,-5.168106e+00,8.743465e-01,2.206207e-01,5.604982e-01,5.477418e-01,1.491186,176.8271
0.0593333,2.515000e+01,-5.167960e+00,8.743465e-01,2.198206e-01,5.599638e-01,5.462762e-01,1.492024,177.1285
0.0593667,2.515000e+01,-5.167838e+00,8.743465e-01,2.201756e-01,5.594542e-01,5.476571e-01,1.492864,177.4309
0.0594,2.515000e+01,-5.167755e+00,8.743465e-01,2.211258e-01,5.595510e-01,5.499251e-01,1.493701,177.7323
0.0594333,2.515000e+01,-5.167652e+00,8.743465e-01,2.211417e-01,5.603940e-01,5.491378e-01,1.494538,178.0338
0.0594667,2.515000e+01,-5.167516e+00,8.743465e-01,2.206949e-01,5.612132e-01,5.472278e-01,1.495378,178.3362
0.0595,2.515000e+01,-5.167370e+00,8.743465e-01,2.205366e-01,5.612748e-01,5.467755e-01,1.496216,178.6376
0.0595333,2.515000e+01,-5.167231e+00,8.743465e-01,2.207137e-01,5.612754e-01,5.472136e-01,1.497053,178.9391
0.0595667,2.515000e+01,-5.167133e+00,8.743465e-01,2.210461e-01,5.600101e-01,5.492762e-01,1.497893,179.2414
0.0596,2.515000e+01,-5.167076e+00,8.743465e-01,2.216547e-01,5.592004e-01,5.515859e-01,1.498730,179.5429
0.0596333,2.515000e+01,-5.167003e+00,8.743465e-01,2.216268e-01,5.598148e-01,5.509111e-01,1.499568,179.8444
0.0596667,2.515000e+01,-5.166864e+00,8.743465e-01,2.207525e-01,5.612122e-01,5.473712e-01,1.500408,180.1467
0.0597,2.515000e+01,-5.166695e+00,8.743465e-01,2.196831e-01,5.606635e-01,5.452531e-01,1.501245,180.4482
0.0597333,2.515000e+01,-5.166541e+00,8.743465e-01,2.198712e-01,5.603092e-01,5.460649e-01,1.502082,180.7496
0.0597667,2.515000e+01,-5.166435e+00,8.743465e-01,2.211183e-01,5.606651e-01,5.488138e-01,1.502922,181.0520
0.0598,2.515000e+01,-5.166330e+00,8.743465e-01,2.214921e-01,5.612959e-01,5.491239e-01,1.503760,181.3534
0.0598333,2.515000e+01,-5.166212e+00,8.743465e-01,2.211786e-01,5.612169e-01,5.484234e-01,1.504597,181.6549
0.0598667,2.515000e+01,-5.166074e+00,8.743465e-01,2.207567e-01,5.613570e-01,5.472410e-01,1.505437,181.9573
0.0599,2.515000e+01,-5.165946e+00,8.743465e-01,2.208460e-01,5.610653e-01,5.477469e-01,1.506274,182.2587
0.0599333,2.515000e+01,-5.165854e+00,8.743465e-01,2.212284e-01,5.601428e-01,5.495986e-01,1.507112,182.5602
0.0599667,2.515000e+01,-5.165773e+00,8.743465e-01,2.215306e-01,5.601913e-01,5.503016e-01,1.507951,182.8625
0.06,2.515000e+01,-5.165668e+00,8.743465e-01,2.213022e-01,5.607710e-01,5.491664e-01,1.508789,183.1640
0.0600333,2.515000e+01,-5.165526e+00,8.743465e-01,2.208825e-01,5.616609e-01,5.472564e-01,1.509626,183.4654
0.0600667,2.515000e+01,-5.165384e+00,8.743465e-01,2.207737e-01,5.614937e-01,5.471497e-01,1.510466,183.7678
0.0601,2.515000e+01,-5.165242e+00,8.743465e-01,2.207379e-01,5.615918e-01,5.469655e-01,1.511304,184.0693
0.0601333,2.515000e+01,-5.165094e+00,8.743465e-01,2.208932e-01,5.622447e-01,5.467145e-01,1.512141,184.3707
0.0601667,2.515000e+01,-5.165000e+00,8.743465e-01,2.215466e-01,5.608687e-01,5.496771e-01,1.512981,184.6731
0.0602,2.515000e+01,-5.164925e+00,8.743465e-01,2.218101e-01,5.603106e-01,5.508790e-01,1.513818,184.9745
0.0602333,2.515000e+01,-5.164835e+00,8.743465e-01,2.216486e-01,5.606411e-01,5.501533e-01,1.514656,185.2760
0.0602667,2.515000e+01,-5.164696e+00,8.743465e-01,2.209964e-01,5.618030e-01,5.474001e-01,1.515495,185.5784
0.0603,2.515000e+01,-5.164568e+00,8.743465e-01,2.210331e-01,5.613156e-01,5.479663e-01,1.516333,185.8798
0.0603333,2.515000e+01,-5.164438e+00,8.743465e-01,2.210031e-01,5.610608e-01,5.481408e-01,1.517170,186.1813
0.0603667,2.515000e+01,-5.164285e+00,8.743465e-01,2.208927e-01,5.616217e-01,5.473198e-01,1.518010,186.4836
0.0604,2.515000e+01,-5.164135e+00,8.743465e-01,2.211104e-01,5.616584e-01,5.478233e-01,1.518847,186.7851
0.0604333,2.515000e+01,-5.164004e+00,8.743465e-01,2.215074e-01,5.613991e-01,5.490605e-01,1.519685,187.0865
0.0604667,2.515000e+01,-5.163858e+00,8.743465e-01,2.213036e-01,5.617268e-01,5.482355e-01,1.520525,187.3889
0.0605,2.515000e+01,-5.163696e+00,8.743465e-01,2.210933e-01,5.619206e-01,5.475254e-01,1.521362,187.6904
0.0605333,2.515000e+01,-5.163545e+00,8.743465e-01,2.212887e-01,5.613652e-01,5.485516e-01,1.522199,187.9918
0.0605667,2.515000e+01,-5.163399e+00,8.743465e-01,2.212942e-01,5.611442e-01,5.487812e-01,1.523039,188.2942
0.0606,2.515000e+01,-5.163257e+00,8.743465e-01,2.214859e-01,5.614034e-01,5.490032e-01,1.523877,188.5956
0.0606333,2.515000e+01,-5.163096e+00,8.743465e-01,2.211578e-01,5.616596e-01,5.479398e-01,1.524714,188.8971
0.0606667,2.515000e+01,-5.162920e+00,8.743465e-01,2.210711e-01,5.617835e-01,5.476043e-01,1.525554,189.1994
0.0607,2.515000e+01,-5.162727e+00,8.743465e-01,2.208598e-01,5.619237e-01,5.469443e-01,1.526391,189.5009
0.0607333,2.515000e+01,-5.162536e+00,8.743465e-01,2.211397e-01,5.621095e-01,5.474564e-01,1.527229,189.8024
0.0607667,2.515000e+01,-5.162382e+00,8.743465e-01,2.218332e-01,5.614238e-01,5.498440e-01,1.528069,190.1047
0.0608,2.515000e+01,-5.162226e+00,8.743465e-01,2.218723e-01,5.617442e-01,5.496271e-01,1.528906,190.4062
0.0608333,2.515000e+01,-5.162051e+00,8.743465e-01,2.216502e-01,5.621367e-01,5.486936e-01,1.529743,190.7076
0.0608667,2.515000e+01,-5.161862e+00,8.743465e-01,2.210471e-01,5.617686e-01,5.475591e-01,1.530583,191.0100
0.0609,2.515000e+01,-5.161682e+00,8.743465e-01,2.210190e-01,5.612584e-01,5.479873e-01,1.531421,191.3114
0.0609333,2.515000e+01,-5.161509e+00,8.743465e-01,2.211778e-01,5.612678e-01,5.483718e-01,1.532258,191.6129
0.0609667,2.515000e+01,-5.161328e+00,8.743465e-01,2.214127e-01,5.621099e-01,5.481318e-01,1.533098,191.9153
0.061,2.515000e+01,-5.161145e+00,8.743465e-01,2.215147e-01,5.621490e-01,5.483460e-01,1.533935,192.2167
0.0610333,2.515000e+01,-5.160958e+00,8.743465e-01,2.213507e-01,5.618930e-01,5.481899e-01,1.534773,192.5182
0.0610667,2.515000e+01,-5.160765e+00,8.743465e-01,2.212506e-01,5.619188e-01,5.479168e-01,1.535613,192.8205
0.0611,2.515000e+01,-5.160573e+00,8.743465e-01,2.212958e-01,5.621258e-01,5.478269e-01,1.536450,193.1220
0.0611333,2.515000e+01,-5.160386e+00,8.743465e-01,2.214454e-01,5.620462e-01,5.482750e-01,1.537287,193.4235
0.0611667,2.515000e+01,-5.160184e+00,8.743465e-01,2.212078e-01,5.622058e-01,5.475312e-01,1.538127,193.7258
0.0612,2.515000e+01,-5.159983e+00,8.743465e-01,2.211907e-01,5.620108e-01,5.476788e-01,1.538965,194.0273
0.0612333,2.515000e+01,-5.159800e+00,8.743465e-01,2.212454e-01,5.613115e-01,5.484967e-01,1.539802,194.3287
0.0612667,2.515000e+01,-5.159626e+00,8.743465e-01,2.213610e-01,5.609544e-01,5.491327e-01,1.540642,194.6311
0.0613,2.515000e+01,-5.159427e+00,8.743465e-01,2.212364e-01,5.618046e-01,5.479930e-01,1.541479,194.9325
0.0613333,2.515000e+01,-5.159208e+00,8.743465e-01,2.211641e-01,5.625289e-01,5.471084e-01,1.542317,195.2340
0.0613667,2.515000e+01,-5.158990e+00,8.743465e-01,2.211624e-01,5.624780e-01,5.471539e-01,1.543157,195.5364
0.0614,2.515000e+01,-5.158780e+00,8.743465e-01,2.212209e-01,5.622338e-01,5.475364e-01,1.543994,195.8378
0.0614333,2.515000e+01,-5.158585e+00,8.743465e-01,2.214310e-01,5.620540e-01,5.482315e-01,1.544831,196.1393
0.0614667,2.515000e+01,-5.158417e+00,8.743465e-01,2.216633e-01,5.613134e-01,5.495308e-01,1.545671,196.4416
0.0615,2.515000e+01,-5.158240e+00,8.743465e-01,2.215881e-01,5.615677e-01,5.490957e-01,1.546509,196.7431
0.0615333,2.515000e+01,-5.158046e+00,8.743465e-01,2.214229e-01,5.622227e-01,5.480470e-01,1.547346,197.0445
0.0615667,2.515000e+01,-5.157846e+00,8.743465e-01,2.212610e-01,5.622225e-01,5.476464e-01,1.548186,197.3469
0.0616,2.515000e+01,-5.157651e+00,8.743465e-01,2.213892e-01,5.621424e-01,5.480420e-01,1.549023,197.6484
0.0616333,2.515000e+01,-5.157452e+00,8.743465e-01,2.212226e-01,5.618613e-01,5.479036e-01,1.549861,197.9498
0.0616667,2.515000e+01,-5.157237e+00,8.743465e-01,2.210837e-01,5.624013e-01,5.470337e-01,1.550701,198.2522
0.0617,2.515000e+01,-5.157024e+00,8.743465e-01,2.211208e-01,5.625949e-01,5.469374e-01,1.551538,198.5536
0.0617333,2.515000e+01,-5.156815e+00,8.743465e-01,2.211953e-01,5.625744e-01,5.471414e-01,1.552375,198.8551
0.0617667,2.515000e+01,-5.156617e+00,8.743465e-01,2.213351e-01,5.623932e-01,5.476635e-01,1.553215,199.1575
0.0618,2.515000e+01,-5.156432e+00,8.743465e-01,2.213230e-01,5.617125e-01,5.482972e-01,1.554053,199.4589
0.0618333,2.515000e+01,-5.156253e+00,8.743465e-01,2.212918e-01,5.614586e-01,5.484680e-01,1.554890,199.7604
0.0618667,2.515000e+01,-5.156075e+00,8.743465e-01,2.213557e-01,5.618561e-01,5.482382e-01,1.555730,200.0627
0.0619,2.515000e+01,-5.155875e+00,8.743465e-01,2.211760e-01,5.626428e-01,5.470272e-01,1.556567,200.3642
0.0619333,2.515000e+01,-5.155673e+00,8.743465e-01,2.212042e-01,5.631016e-01,5.466513e-01,1.557405,200.6656
0.0619667,2.515000e+01,-5.155475e+00,8.743465e-01,2.211092e-01,5.630453e-01,5.464710e-01,1.558244,200.9680
0.062,2.515000e+01,-5.155276e+00,8.743465e-01,2.209882e-01,5.630313e-01,5.461857e-01,1.559082,201.2695
0.0620333,2.515000e+01,-5.155107e+00,8.743465e-01,2.213623e-01,5.624379e-01,5.476875e-01,1.559919,201.5709
0.0620667,2.515000e+01,-5.154985e+00,8.743465e-01,2.219947e-01,5.617436e-01,5.499310e-01,1.560759,201.8733
0.0621,2.515000e+01,-5.154864e+00,8.743465e-01,2.219710e-01,5.618869e-01,5.497319e-01,1.561596,202.1747
0.0621333,2.515000e+01,-5.154705e+00,8.743465e-01,2.213661e-01,5.629835e-01,5.471661e-01,1.562434,202.4762
0.0621667,2.515000e+01,-5.154530e+00,8.743465e-01,2.209597e-01,5.632338e-01,5.459189e-01,1.563274,202.7785
0.0622,2.515000e+01,-5.154382e+00,8.743465e-01,2.212206e-01,5.629724e-01,5.468172e-01,1.564111,203.0800
0.0622333,2.515000e+01,-5.154255e+00,8.743465e-01,2.213878e-01,5.626427e-01,5.475512e-01,1.564948,203.3815
0.0622667,2.515000e+01,-5.154135e+00,8.743465e-01,2.215767e-01,5.629974e-01,5.476731e-01,1.565788,203.6838
0.0623,2.515000e+01,-5.154014e+00,8.743465e-01,2.215772e-01,5.633586e-01,5.473231e-01,1.566626,203.9853
0.0623333,2.515000e+01,-5.153884e+00,8.743465e-01,2.212337e-01,5.633712e-01,5.464626e-01,1.567463,204.2867
0.0623667,2.515000e+01,-5.153758e+00,8.743465e-01,2.211712e-01,5.633457e-01,5.463329e-01,1.568303,204.5891
0.0624,2.515000e+01,-5.153669e+00,8.743465e-01,2.214105e-01,5.622729e-01,5.479674e-01,1.569140,204.8905
0.0624333,2.515000e+01,-5.153613e+00,8.743465e-01,2.219440e-01,5.619539e-01,5.495998e-01,1.569978,205.1920
0.0624667,2.515000e+01,-5.153551e+00,8.743465e-01,2.218158e-01,5.622943e-01,5.489497e-01,1.570818,205.4944
0.0625,2.515000e+01,-5.153424e+00,8.743465e-01,2.208860e-01,5.639803e-01,5.450143e-01,1.571655,205.7958
0.0625333,2.515000e+01,-5.153286e+00,8.743465e-01,2.206453e-01,5.642887e-01,5.441230e-01,1.572492,206.0973
0.0625667,2.515000e+01,-5.153190e+00,8.743465e-01,2.212020e-01,5.637327e-01,5.460337e-01,1.573332,206.3996
0.0626,2.515000e+01,-5.153117e+00,8.743465e-01,2.214271e-01,5.631466e-01,5.471583e-01,1.574170,206.7011
0.0626333,2.515000e+01,-5.153063e+00,8.743465e-01,2.217529e-01,5.629143e-01,5.481894e-01,1.575007,207.0026
0.0626667,2.515000e+01,-5.152987e+00,8.743465e-01,2.214912e-01,5.632724e-01,5.471946e-01,1.575847,207.3049
0.0627,2.515000e+01,-5.152917e+00,8.743465e-01,2.215125e-01,5.635036e-01,5.470226e-01,1.576684,207.6064
0.0627333,2.515000e+01,-5.152843e+00,8.743465e-01,2.216070e-01,5.642380e-01,5.465436e-01,1.577522,207.9078
0.0627667,2.515000e+01,-5.152787e+00,8.743465e-01,2.216741e-01,5.633006e-01,5.476188e-01,1.578362,208.2102
0.0628,2.515000e+01,-5.152718e+00,8.743465e-01,2.214586e-01,5.630956e-01,5.472856e-01,1.579199,208.5116
0.0628333,2.515000e+01,-5.152632e+00,8.743465e-01,2.211389e-01,5.631517e-01,5.464412e-01,1.580036,208.8131
0.0628667,2.515000e+01,-5.152524e+00,8.743465e-01,2.211128e-01,5.639604e-01,5.455934e-01,1.580876,209.1155
0.0629,2.515000e+01,-5.152418e+00,8.743465e-01,2.213367e-01,5.642829e-01,5.458334e-01,1.581714,209.4169
0.0629333,2.515000e+01,-5.152329e+00,8.743465e-01,2.216394e-01,5.640463e-01,5.468094e-01,1.582551,209.7184
0.0629667,2.515000e+01,-5.152252e+00,8.743465e-01,2.218678e-01,5.640803e-01,5.473399e-01,1.583391,210.0207
0.063,2.515000e+01,-5.152199e+00,8.743465e-01,2.221813e-01,5.633299e-01,5.488434e-01,1.584228,210.3222
0.0630333,2.515000e+01,-5.152134e+00,8.743465e-01,2.218118e-01,5.632893e-01,5.479700e-01,1.585066,210.6236
0.0630667,2.515000e+01,-5.152061e+00,8.743465e-01,2.216571e-01,5.635653e-01,5.473197e-01,1.585906,210.9260
0.0631,2.515000e+01,-5.151952e+00,8.743465e-01,2.212047e-01,5.645016e-01,5.452968e-01,1.586743,211.2275
0.0631333,2.515000e+01,-5.151860e+00,8.743465e-01,2.214421e-01,5.642502e-01,5.461252e-01,1.587580,211.5289
0.0631667,2.515000e+01,-5.151761e+00,8.743465e-01,2.212940e-01,5.642187e-01,5.457904e-01,1.588420,211.8313
0.0632,2.515000e+01,-5.151645e+00,8.743465e-01,2.208948e-01,5.640758e-01,5.449437e-01,1.589258,212.1327
0.0632333,2.515000e+01,-5.151544e+00,8.743465e-01,2.213011e-01,5.642579e-01,5.457699e-01,1.590095,212.4342
0.0632667,2.515000e+01,-5.151473e+00,8.743465e-01,2.217671e-01,5.639551e-01,5.472129e-01,1.590935,212.7366
0.0633,2.515000e+01,-5.151409e+00,8.743465e-01,2.217031e-01,5.635865e-01,5.474128e-01,1.591772,213.0380
0.0633333,2.515000e+01,-5.151299e+00,8.743465e-01,2.208149e-01,5.641268e-01,5.446974e-01,1.592610,213.3395
0.0633667,2.515000e+01,-5.151212e+00,8.743465e-01,2.213550e-01,5.639627e-01,5.461885e-01,1.593450,213.6418
0.0634,2.515000e+01,-5.151162e+00,8.743465e-01,2.222059e-01,5.639227e-01,5.483270e-01,1.594287,213.9433
0.0634333,2.515000e+01,-5.151109e+00,8.743465e-01,2.221312e-01,5.640354e-01,5.480332e-01,1.595124,214.2447
0.0634667,2.515000e+01,-5.151018e+00,8.743465e-01,2.212372e-01,5.644000e-01,5.454750e-01,1.595964,214.5471
0.0635,2.515000e+01,-5.150928e+00,8.743465e-01,2.212452e-01,5.643640e-01,5.455295e-01,1.596802,214.8486
0.0635333,2.515000e+01,-5.150851e+00,8.743465e-01,2.212514e-01,5.638200e-01,5.460712e-01,1.597639,215.1500
0.0635667,2.515000e+01,-5.150786e+00,8.743465e-01,2.215079e-01,5.638163e-01,5.467079e-01,1.598479,215.4524
0.0636,2.515000e+01,-5.150734e+00,8.743465e-01,2.218752e-01,5.640297e-01,5.474072e-01,1.599316,215.7538
0.0636333,2.515000e+01,-5.150694e+00,8.743465e-01,2.220471e-01,5.638790e-01,5.479776e-01,1.600154,216.0553
0.0636667,2.515000e+01,-5.150642e+00,8.743465e-01,2.217084e-01,5.639596e-01,5.470636e-01,1.600993,216.3576
0.0637,2.515000e+01,-5.150537e+00,8.743465e-01,2.204955e-01,5.641506e-01,5.438867e-01,1.601831,216.6591
0.0637333,2.515000e+01,-5.150444e+00,8.743465e-01,2.206517e-01,5.639915e-01,5.444255e-01,1.602668,216.9606
0.0637667,2.515000e+01,-5.150387e+00,8.743465e-01,2.214836e-01,5.640257e-01,5.464449e-01,1.603508,217.2629
0.0638,2.515000e+01,-5.150344e+00,8.743465e-01,2.216475e-01,5.637415e-01,5.471249e-01,1.604345,217.5644
0.0638333,2.515000e+01,-5.150275e+00,8.743465e-01,2.211624e-01,5.643714e-01,5.453183e-01,1.605183,217.8658
0.0638667,2.515000e+01,-5.150193e+00,8.743465e-01,2.208519e-01,5.643341e-01,5.445885e-01,1.606023,218.1682
0.0639,2.515000e+01,-5.150134e+00,8.743465e-01,2.211542e-01,5.637683e-01,5.458812e-01,1.606860,218.4696
0.0639333,2.515000e+01,-5.150100e+00,8.743465e-01,2.215990e-01,5.635507e-01,5.471905e-01,1.607698,218.7711
0.0639667,2.515000e+01,-5.150074e+00,8.743465e-01,2.217044e-01,5.633956e-01,5.476014e-01,1.608537,219.0735
0.064,2.515000e+01,-5.150025e+00,8.743465e-01,2.212372e-01,5.635841e-01,5.462649e-01,1.609375,219.3749
0.0640323,2.515000e+01,-5.149962e+00,8.743465e-01,2.211214e-01,5.648237e-01,5.447805e-01,1.610187,219.6673
0.0640645,2.515000e+01,-5.149878e+00,8.743465e-01,2.204253e-01,5.641595e-01,5.437051e-01,1.610997,219.9588
0.0640968,2.515000e+01,-5.149806e+00,8.743465e-01,2.207297e-01,5.640021e-01,5.446075e-01,1.611809,220.2512
0.064129,2.515000e+01,-5.149763e+00,8.743465e-01,2.212321e-01,5.634394e-01,5.463923e-01,1.612619,220.5427
0.0641613,2.515000e+01,-5.149726e+00,8.743465e-01,2.214727e-01,5.635733e-01,5.468567e-01,1.613431,220.8351
0.0641935,2.515000e+01,-5.149675e+00,8.743465e-01,2.212760e-01,5.637835e-01,5.461672e-01,1.614241,221.1266
0.0642258,2.515000e+01,-5.149608e+00,8.743465e-01,2.209841e-01,5.639498e-01,5.452858e-01,1.615053,221.4190
0.0642581,2.515000e+01,-5.149554e+00,8.743465e-01,2.212947e-01,5.636094e-01,5.463822e-01,1.615865,221.7114
0.0642903,2.515000e+01,-5.149502e+00,8.743465e-01,2.211005e-01,5.632700e-01,5.462316e-01,1.616675,222.0029
0.0643226,2.515000e+01,-5.149464e+00,8.743465e-01,2.212634e-01,5.629179e-01,5.469758e-01,1.617487,222.2953
0.0643548,2.515000e+01,-5.149390e+00,8.743465e-01,2.205420e-01,5.634502e-01,5.446776e-01,1.618297,222.5868
0.0643871,2.515000e+01,-5.149293e+00,8.743465e-01,2.201223e-01,5.636279e-01,5.434695e-01,1.619109,222.8792
0.0644194,2.515000e+01,-5.149182e+00,8.743465e-01,2.199754e-01,5.637343e-01,5.430045e-01,1.619921,223.1716
0.0644516,2.515000e+01,-5.149111e+00,8.743465e-01,2.207481e-01,5.634325e-01,5.452037e-01,1.620731,223.4631
0.0644839,2.515000e+01,-5.149057e+00,8.743465e-01,2.210935e-01,5.631347e-01,5.463455e-01,1.621543,223.7555
0.0645161,2.515000e+01,-5.148995e+00,8.743465e-01,2.209712e-01,5.632501e-01,5.459316e-01,1.622353,224.0470
0.0645484,2.515000e+01,-5.148931e+00,8.743465e-01,2.208727e-01,5.631385e-01,5.457962e-01,1.623165,224.3394
0.0645806,2.515000e+01,-5.148864e+00,8.743465e-01,2.207865e-01,5.631032e-01,5.456175e-01,1.623975,224.6309
0.0646129,2.515000e+01,-5.148805e+00,8.743465e-01,2.208037e-01,5.629240e-01,5.458336e-01,1.624787,224.9233
0.0646452,2.515000e+01,-5.148731e+00,8.743465e-01,2.205291e-01,5.632033e-01,5.448845e-01,1.625599,225.2157
0.0646774,2.515000e+01,-5.148672e+00,8.743465e-01,2.206485e-01,5.627802e-01,5.455893e-01,1.626409,225.5072
0.0647097,2.515000e+01,-5.148616e+00,8.743465e-01,2.207002e-01,5.628754e-01,5.456248e-01,1.627221,225.7996
0.0647419,2.515000e+01,-5.148539e+00,8.743465e-01,2.202016e-01,5.626988e-01,5.445630e-01,1.628031,226.0911
0.0647742,2.515000e+01,-5.148457e+00,8.743465e-01,2.200567e-01,5.626014e-01,5.442988e-01,1.628843,226.3835
0.0648065,2.515000e+01,-5.148392e+00,8.743465e-01,2.205661e-01,5.625344e-01,5.456238e-01,1.629655,226.6760
0.0648387,2.515000e+01,-5.148338e+00,8.743465e-01,2.210531e-01,5.628806e-01,5.464924e-01,1.630465,226.9674
0.064871,2.515000e+01,-5.148267e+00,8.743465e-01,2.207081e-01,5.630971e-01,5.454296e-01,1.631277,227.2599
0.0649032,2.515000e+01,-5.148185e+00,8.743465e-01,2.203813e-01,5.627016e-01,5.450048e-01,1.632087,227.5514
0.0649355,2.515000e+01,-5.148105e+00,8.743465e-01,2.201931e-01,5.621054e-01,5.451170e-01,1.632899,227.8438
0.0649677,2.515000e+01,-5.148028e+00,8.743465e-01,2.202585e-01,5.619719e-01,5.454083e-01,1.633709,228.1353
0.065,2.515000e+01,-5.147945e+00,8.743465e-01,2.203896e-01,5.622160e-01,5.454962e-01,1.634521,228.4277
0.0650323,2.515000e+01,-5.147848e+00,8.743465e-01,2.203451e-01,5.627284e-01,5.448893e-01,1.635333,228.7201
0.0650645,2.515000e+01,-5.147749e+00,8.743465e-01,2.203197e-01,5.625703e-01,5.449795e-01,1.636143,229.0116
0.0650968,2.515000e+01,-5.147655e+00,8.743465e-01,2.203083e-01,5.620752e-01,5.454314e-01,1.636955,229.3040
0.065129,2.515000e+01,-5.147548e+00,8.743465e-01,2.199086e-01,5.616693e-01,5.448353e-01,1.637765,229.5955
0.0651613,2.515000e+01,-5.147447e+00,8.743465e-01,2.203570e-01,5.618844e-01,5.457372e-01,1.638577,229.8879
0.0651935,2.515000e+01,-5.147341e+00,8.743465e-01,2.205422e-01,5.622411e-01,5.458495e-01,1.639387,230.1794
0.0652258,2.515000e+01,-5.147213e+00,8.743465e-01,2.203089e-01,5.625184e-01,5.450030e-01,1.640199,230.4718
0.0652581,2.515000e+01,-5.147062e+00,8.743465e-01,2.195541e-01,5.618901e-01,5.437433e-01,1.641012,230.7642
0.0652903,2.515000e+01,-5.146912e+00,8.743465e-01,2.194130e-01,5.612997e-01,5.439653e-01,1.641821,231.0557
0.0653226,2.515000e+01,-5.146773e+00,8.743465e-01,2.196584e-01,5.609469e-01,5.449163e-01,1.642634,231.3481
0.0653548,2.515000e+01,-5.146633e+00,8.743465e-01,2.199522e-01,5.614138e-01,5.451912e-01,1.643443,231.6396
0.0653871,2.515000e+01,-5.146487e+00,8.743465e-01,2.200462e-01,5.617584e-01,5.450898e-01,1.644255,231.9320
0.0654194,2.515000e+01,-5.146355e+00,8.743465e-01,2.205802e-01,5.618336e-01,5.463392e-01,1.645068,232.2244
0.0654516,2.515000e+01,-5.146206e+00,8.743465e-01,2.201151e-01,5.614998e-01,5.455114e-01,1.645877,232.5159
0.0654839,2.515000e+01,-5.146053e+00,8.743465e-01,2.197511e-01,5.607915e-01,5.452972e-01,1.646690,232.8083
0.0655161,2.515000e+01,-5.145894e+00,8.743465e-01,2.198805e-01,5.610249e-01,5.453913e-01,1.647499,233.0998
0.0655484,2.515000e+01,-5.145732e+00,8.743465e-01,2.199752e-01,5.611962e-01,5.454596e-01,1.648312,233.3922
0.0655806,2.515000e+01,-5.145575e+00,8.743465e-01,2.202312e-01,5.611519e-01,5.461377e-01,1.649121,233.6837
0.0656129,2.515000e+01,-5.145383e+00,8.743465e-01,2.192897e-01,5.609140e-01,5.440336e-01,1.649934,233.9761
0.0656452,2.515000e+01,-5.145198e+00,8.743465e-01,2.193972e-01,5.605239e-01,5.446791e-01,1.650746,234.2685
0.0656774,2.515000e+01,-5.145010e+00,8.743465e-01,2.194947e-01,5.606384e-01,5.448098e-01,1.651555,234.5600
0.0657097,2.515000e+01,-5.144829e+00,8.743465e-01,2.196141e-01,5.606913e-01,5.450547e-01,1.652368,234.8524
0.0657419,2.515000e+01,-5.144656e+00,8.743465e-01,2.197150e-01,5.605246e-01,5.454674e-01,1.653177,235.1439
0.0657742,2.515000e+01,-5.144478e+00,8.743465e-01,2.196623e-01,5.606268e-01,5.452370e-01,1.653990,235.4363
0.0658065,2.515000e+01,-5.144303e+00,8.743465e-01,2.196662e-01,5.603813e-01,5.454856e-01,1.654802,235.7287
0.0658387,2.515000e+01,-5.144098e+00,8.743465e-01,2.190410e-01,5.603195e-01,5.439930e-01,1.655612,236.0202
0.065871,2.515000e+01,-5.143891e+00,8.743465e-01,2.189687e-01,5.602370e-01,5.438936e-01,1.656424,236.3126
0.0659032,2.515000e+01,-5.143695e+00,8.743465e-01,2.193551e-01,5.603204e-01,5.447723e-01,1.657234,236.6041
0.0659355,2.515000e+01,-5.143499e+00,8.743465e-01,2.193689e-01,5.602650e-01,5.448603e-01,1.658046,236.8965
0.0659677,2.515000e+01,-5.143305e+00,8.743465e-01,2.191394e-01,5.595175e-01,5.450176e-01,1.658856,237.1880
0.066,2.515000e+01,-5.143118e+00,8.743465e-01,2.192905e-01,5.594225e-01,5.454860e-01,1.659668,237.4804
0.0660323,2.515000e+01,-5.142925e+00,8.743465e-01,2.193929e-01,5.598252e-01,5.453481e-01,1.660480,237.7728
0.0660645,2.515000e+01,-5.142730e+00,8.743465e-01,2.195826e-01,5.603423e-01,5.453160e-01,1.661290,238.0643
0.0660968,2.515000e+01,-5.142535e+00,8.743465e-01,2.195427e-01,5.601674e-01,5.453870e-01,1.662102,238.3567
0.066129,2.515000e+01,-5.142346e+00,8.743465e-01,2.194366e-01,5.595562e-01,5.457189e-01,1.662912,238.6482
0.0661613,2.515000e+01,-5.142160e+00,8.743465e-01,2.195148e-01,5.594770e-01,5.459908e-01,1.663724,238.9406
0.0661935,2.515000e+01,-5.141958e+00,8.743465e-01,2.190332e-01,5.592860e-01,5.449789e-01,1.664534,239.2321
0.0662258,2.515000e+01,-5.141754e+00,8.743465e-01,2.187245e-01,5.589532e-01,5.445349e-01,1.665346,239.5245
0.0662581,2.515000e+01,-5.141554e+00,8.743465e-01,2.187543e-01,5.589528e-01,5.446094e-01,1.666158,239.8169
0.0662903,2.515000e+01,-5.141361e+00,8.743465e-01,2.190009e-01,5.591024e-01,5.450775e-01,1.666968,240.1084
0.0663226,2.515000e+01,-5.141170e+00,8.743465e-01,2.192421e-01,5.594205e-01,5.453677e-01,1.667780,240.4008
0.0663548,2.515000e+01,-5.140981e+00,8.743465e-01,2.192615e-01,5.594790e-01,5.453588e-01,1.668590,240.6923
0.0663871,2.515000e+01,-5.140795e+00,8.743465e-01,2.192784e-01,5.593472e-01,5.455294e-01,1.669402,240.9847
0.0664194,2.515000e+01,-5.140611e+00,8.743465e-01,2.189428e-01,5.588852e-01,5.451447e-01,1.670214,241.2771
0.0664516,2.515000e+01,-5.140423e+00,8.743465e-01,2.184995e-01,5.583475e-01,5.445648e-01,1.671024,241.5686
0.0664839,2.515000e+01,-5.140235e+00,8.743465e-01,2.185914e-01,5.585642e-01,5.445824e-01,1.671836,241.8610
0.0665161,2.515000e+01,-5.140052e+00,8.743465e-01,2.187535e-01,5.587607e-01,5.447946e-01,1.672646,242.1525
0.0665484,2.515000e+01,-5.139866e+00,8.743465e-01,2.190003e-01,5.593762e-01,5.448092e-01,1.673458,242.4449
0.0665806,2.515000e+01,-5.139690e+00,8.743465e-01,2.190648e-01,5.591994e-01,5.451420e-01,1.674268,242.7364
0.0666129,2.515000e+01,-5.139523e+00,8.743465e-01,2.190630e-01,5.589775e-01,5.453538e-01,1.675080,243.0288
0.0666452,2.515000e+01,-5.139370e+00,8.743465e-01,2.190513e-01,5.583398e-01,5.459476e-01,1.675892,243.3212
0.0666774,2.515000e+01,-5.139218e+00,8.743465e-01,2.190573e-01,5.584031e-01,5.459008e-01,1.676702,243.6127
0.0667097,2.515000e+01,-5.139062e+00,8.743465e-01,2.189901e-01,5.586933e-01,5.454496e-01,1.677514,243.9051
0.0667419,2.515000e+01,-5.138913e+00,8.743465e-01,2.193584e-01,5.591864e-01,5.458854e-01,1.678324,244.1966
0.0667742,2.515000e+01,-5.138769e+00,8.743465e-01,2.190926e-01,5.587349e-01,5.456645e-01,1.679136,244.4890
0.0668065,2.515000e+01,-5.138639e+00,8.743465e-01,2.187923e-01,5.575586e-01,5.460661e-01,1.679948,244.7814
0.0668387,2.515000e+01,-5.138512e+00,8.743465e-01,2.186207e-01,5.573757e-01,5.458170e-01,1.680758,245.0729
0.066871,2.515000e+01,-5.138374e+00,8.743465e-01,2.185201e-01,5.579126e-01,5.450407e-01,1.681570,245.3653
0.0669032,2.515000e+01,-5.138241e+00,8.743465e-01,2.188943e-01,5.585882e-01,5.453138e-01,1.682380,245.6568
0.0669355,2.515000e+01,-5.138109e+00,8.743465e-01,2.189053e-01,5.588329e-01,5.451022e-01,1.683192,245.9492
0.0669677,2.515000e+01,-5.137999e+00,8.743465e-01,2.191088e-01,5.583906e-01,5.460412e-01,1.684002,246.2407
0.067,2.515000e+01,-5.137895e+00,8.743465e-01,2.192191e-01,5.583529e-01,5.463530e-01,1.684814,246.5331
0.0670323,2.515000e+01,-5.137785e+00,8.743465e-01,2.187960e-01,5.580399e-01,5.456044e-01,1.685626,246.8255
0.0670645,2.515000e+01,-5.137683e+00,8.743465e-01,2.188828e-01,5.580821e-01,5.457795e-01,1.686436,247.1170
0.0670968,2.515000e+01,-5.137573e+00,8.743465e-01,2.186889e-01,5.582863e-01,5.450967e-01,1.687248,247.4094
0.067129,2.515000e+01,-5.137478e+00,8.743465e-01,2.188858e-01,5.581956e-01,5.456760e-01,1.688058,247.7009
0.0671613,2.515000e+01,-5.137383e+00,8.743465e-01,2.187081e-01,5.580802e-01,5.453457e-01,1.688870,247.9933
0.0671935,2.515000e+01,-5.137288e+00,8.743465e-01,2.184951e-01,5.578202e-01,5.450688e-01,1.689680,248.2848
0.0672258,2.515000e+01,-5.137198e+00,8.743465e-01,2.186187e-01,5.579066e-01,5.452925e-01,1.690492,248.5772
0.0672581,2.515000e+01,-5.137105e+00,8.743465e-01,2.188673e-01,5.587182e-01,5.451194e-01,1.691305,248.8696
0.0672903,2.515000e+01,-5.137026e+00,8.743465e-01,2.191115e-01,5.586537e-01,5.457909e-01,1.692114,249.1611
0.0673226,2.515000e+01,-5.136961e+00,8.743465e-01,2.191978e-01,5.582889e-01,5.463626e-01,1.692926,249.4535
0.0673548,2.515000e+01,-5.136901e+00,8.743465e-01,2.192526e-01,5.583168e-01,5.464718e-01,1.693736,249.7450
0.0673871,2.515000e+01,-5.136849e+00,8.743465e-01,2.190587e-01,5.577848e-01,5.465092e-01,1.694548,250.0374
0.0674194,2.515000e+01,-5.136811e+00,8.743465e-01,2.189507e-01,5.572518e-01,5.467622e-01,1.695361,250.3298
0.0674516,2.515000e+01,-5.136772e+00,8.743465e-01,2.186338e-01,5.570874e-01,5.461322e-01,1.696170,250.6213
0.0674839,2.515000e+01,-5.136735e+00,8.743465e-01,2.188713e-01,5.575121e-01,5.463088e-01,1.696983,250.9137
0.0675161,2.515000e+01,-5.136694e+00,8.743465e-01,2.189576e-01,5.579998e-01,5.460467e-01,1.697792,251.2052
0.0675484,2.515000e+01,-5.136648e+00,8.743465e-01,2.189855e-01,5.583597e-01,5.457641e-01,1.698605,251.4976
0.0675806,2.515000e+01,-5.136595e+00,8.743465e-01,2.188632e-01,5.586489e-01,5.451770e-01,1.699414,251.7891
0.0676129,2.515000e+01,-5.136559e+00,8.743465e-01,2.189859e-01,5.579449e-01,5.461709e-01,1.700227,252.0815
0.0676452,2.515000e+01,-5.136542e+00,8.743465e-01,2.191590e-01,5.574593e-01,5.470788e-01,1.701039,252.3739
0.0676774,2.515000e+01,-5.136523e+00,8.743465e-01,2.191843e-01,5.575732e-01,5.470300e-01,1.701848,252.6654
0.0677097,2.515000e+01,-5.136486e+00,8.743465e-01,2.188093e-01,5.577937e-01,5.458784e-01,1.702661,252.9578
0.0677419,2.515000e+01,-5.136436e+00,8.743465e-01,2.186714e-01,5.581236e-01,5.452120e-01,1.703470,253.2493
0.0677742,2.515000e+01,-5.136392e+00,8.743465e-01,2.186299e-01,5.579951e-01,5.452340e-01,1.704283,253.5417
0.0678065,2.515000e+01,-5.136360e+00,8.743465e-01,2.188040e-01,5.578966e-01,5.457645e-01,1.705095,253.8342
0.0678387,2.515000e+01,-5.136336e+00,8.743465e-01,2.191015e-01,5.580548e-01,5.463518e-01,1.705905,254.1256
0.067871,2.515000e+01,-5.136303e+00,8.743465e-01,2.189890e-01,5.584306e-01,5.457036e-01,1.706717,254.4181
0.0679032,2.515000e+01,-5.136270e+00,8.743465e-01,2.190614e-01,5.585218e-01,5.457948e-01,1.707527,254.7096
0.0679355,2.515000e+01,-5.136239e+00,8.743465e-01,2.191896e-01,5.587317e-01,5.459090e-01,1.708339,255.0020
0.0679677,2.515000e+01,-5.136223e+00,8.743465e-01,2.191052e-01,5.577096e-01,5.466990e-01,1.709148,255.2935
0.068,2.515000e+01,-5.136226e+00,8.743465e-01,2.191996e-01,5.569739e-01,5.476569e-01,1.709961,255.5859
0.0680323,2.515000e+01,-5.136228e+00,8.743465e-01,2.192532e-01,5.571163e-01,5.476508e-01,1.710773,255.8783
0.0680645,2.515000e+01,-5.136206e+00,8.743465e-01,2.190289e-01,5.579239e-01,5.462988e-01,1.711583,256.1698
0.0680968,2.515000e+01,-5.136170e+00,8.743465e-01,2.189581e-01,5.582027e-01,5.458494e-01,1.712395,256.4622
0.068129,2.515000e+01,-5.136131e+00,8.743465e-01,2.189800e-01,5.584309e-01,5.456809e-01,1.713205,256.7537
0.0681613,2.515000e+01,-5.136112e+00,8.743465e-01,2.194463e-01,5.581910e-01,5.470779e-01,1.714017,257.0461
0.0681935,2.515000e+01,-5.136085e+00,8.743465e-01,2.193178e-01,5.582967e-01,5.466541e-01,1.714827,257.3376
0.0682258,2.515000e+01,-5.136050e+00,8.743465e-01,2.191008e-01,5.579631e-01,5.464395e-01,1.715639,257.6300
0.0682581,2.515000e+01,-5.136003e+00,8.743465e-01,2.192021e-01,5.584309e-01,5.462343e-01,1.716451,257.9224
0.0682903,2.515000e+01,-5.135966e+00,8.743465e-01,2.195713e-01,5.581834e-01,5.473969e-01,1.717261,258.2139
0.0683226,2.515000e+01,-5.135934e+00,8.743465e-01,2.194901e-01,5.576104e-01,5.477568e-01,1.718073,258.5063
0.0683548,2.515000e+01,-5.135893e+00,8.743465e-01,2.191129e-01,5.573485e-01,5.470725e-01,1.718883,258.7978
0.0683871,2.515000e+01,-5.135843e+00,8.743465e-01,2.190805e-01,5.577452e-01,5.466025e-01,1.719695,259.0902
0.0684194,2.515000e+01,-5.135762e+00,8.743465e-01,2.189886e-01,5.587931e-01,5.453485e-01,1.720507,259.3826
0.0684516,2.515000e+01,-5.135667e+00,8.743465e-01,2.187361e-01,5.588620e-01,5.446526e-01,1.721317,259.6741
0.0684839,2.515000e+01,-5.135589e+00,8.743465e-01,2.190835e-01,5.586345e-01,5.457399e-01,1.722129,259.9665
0.0685161,2.515000e+01,-5.135529e+00,8.743465e-01,2.196050e-01,5.585898e-01,5.470827e-01,1.722939,260.2580
0.0685484,2.515000e+01,-5.135470e+00,8.743465e-01,2.198220e-01,5.588358e-01,5.473821e-01,1.723751,260.5504
0.0685806,2.515000e+01,-5.135411e+00,8.743465e-01,2.195885e-01,5.582133e-01,5.474105e-01,1.724561,260.8419
0.0686129,2.515000e+01,-5.135350e+00,8.743465e-01,2.196184e-01,5.583540e-01,5.473472e-01,1.725373,261.1343
0.0686452,2.515000e+01,-5.135299e+00,8.743465e-01,2.198932e-01,5.582737e-01,5.481107e-01,1.726185,261.4267
0.0686774,2.515000e+01,-5.135238e+00,8.743465e-01,2.196311e-01,5.582778e-01,5.474533e-01,1.726995,261.7182
0.0687097,2.515000e+01,-5.135170e+00,8.743465e-01,2.194604e-01,5.583544e-01,5.469530e-01,1.727807,262.0106
0.0687419,2.515000e+01,-5.135077e+00,8.743465e-01,2.192155e-01,5.591791e-01,5.455367e-01,1.728617,262.3021
0.0687742,2.515000e+01,-5.134986e+00,8.743465e-01,2.194719e-01,5.595505e-01,5.458123e-01,1.729429,262.5945
0.0688065,2.515000e+01,-5.134923e+00,8.743465e-01,2.199200e-01,5.590186e-01,5.474472e-01,1.730241,262.8869
0.0688387,2.515000e+01,-5.134877e+00,8.743465e-01,2.201948e-01,5.588291e-01,5.483172e-01,1.731051,263.1784
0.068871,2.515000e+01,-5.134803e+00,8.743465e-01,2.198312e-01,5.595835e-01,5.466737e-01,1.731863,263.4708
0.0689032,2.515000e+01,-5.134711e+00,8.743465e-01,2.195130e-01,5.599094e-01,5.455646e-01,1.732673,263.7623
0.0689355,2.515000e+01,-5.134662e+00,8.743465e-01,2.198919e-01,5.583912e-01,5.479923e-01,1.733485,264.0547
0.0689677,2.515000e+01,-5.134615e+00,8.743465e-01,2.200890e-01,5.585673e-01,5.483106e-01,1.734295,264.3462
0.069,2.515000e+01,-5.134560e+00,8.743465e-01,2.203028e-01,5.593363e-01,5.480884e-01,1.735107,264.6386
0.0690333,2.515000e+01,-5.134488e+00,8.743465e-01,2.200302e-01,5.588491e-01,5.478874e-01,1.735945,264.9400
0.0690667,2.515000e+01,-5.134409e+00,8.743465e-01,2.197863e-01,5.590198e-01,5.471132e-01,1.736784,265.2424
0.0691,2.515000e+01,-5.134309e+00,8.743465e-01,2.194536e-01,5.594627e-01,5.458524e-01,1.737622,265.5439
0.0691333,2.515000e+01,-5.134190e+00,8.743465e-01,2.196721e-01,5.606094e-01,5.452783e-01,1.738459,265.8453
0.0691667,2.515000e+01,-5.134131e+00,8.743465e-01,2.206555e-01,5.594642e-01,5.488404e-01,1.739299,266.1477
0.0692,2.515000e+01,-5.134085e+00,8.743465e-01,2.209481e-01,5.594678e-01,5.495648e-01,1.740136,266.4491
0.0692333,2.515000e+01,-5.134013e+00,8.743465e-01,2.205630e-01,5.599749e-01,5.481102e-01,1.740974,266.7506
0.0692667,2.515000e+01,-5.133893e+00,8.743465e-01,2.193645e-01,5.599262e-01,5.451792e-01,1.741814,267.0530
0.0693,2.515000e+01,-5.133799e+00,8.743465e-01,2.196423e-01,5.590858e-01,5.466901e-01,1.742651,267.3544
0.0693333,2.515000e+01,-5.133736e+00,8.743465e-01,2.204047e-01,5.590881e-01,5.485855e-01,1.743489,267.6559
0.0693667,2.515000e+01,-5.133672e+00,8.743465e-01,2.208158e-01,5.597390e-01,5.489696e-01,1.744328,267.9582
0.0694,2.515000e+01,-5.133576e+00,8.743465e-01,2.203884e-01,5.607515e-01,5.469177e-01,1.745166,268.2597
0.0694333,2.515000e+01,-5.133468e+00,8.743465e-01,2.201518e-01,5.609609e-01,5.461267e-01,1.746003,268.5611
0.0694667,2.515000e+01,-5.133368e+00,8.743465e-01,2.202699e-01,5.608346e-01,5.465426e-01,1.746843,268.8635
0.0695,2.515000e+01,-5.133285e+00,8.743465e-01,2.203499e-01,5.602885e-01,5.472741e-01,1.747680,269.1650
0.0695333,2.515000e+01,-5.133267e+00,8.743465e-01,2.212379e-01,5.587067e-01,5.510352e-01,1.748518,269.4664
0.0695667,2.515000e+01,-5.133238e+00,8.743465e-01,2.212058e-01,5.592299e-01,5.504397e-01,1.749358,269.7688
0.0696,2.515000e+01,-5.133164e+00,8.743465e-01,2.207491e-01,5.606290e-01,5.479325e-01,1.750195,270.0702
0.0696333,2.515000e+01,-5.133035e+00,8.743465e-01,2.193692e-01,5.605287e-01,5.446047e-01,1.751032,270.3717
0.0696667,2.515000e+01,-5.132916e+00,8.743465e-01,2.193650e-01,5.600451e-01,5.450646e-01,1.751872,270.6740
0.0697,2.515000e+01,-5.132841e+00,8.743465e-01,2.203331e-01,5.599883e-01,5.475258e-01,1.752710,270.9755
0.0697333,2.515000e+01,-5.132770e+00,8.743465e-01,2.210388e-01,5.610451e-01,5.482446e-01,1.753547,271.2770
0.0697667,2.515000e+01,-5.132697e+00,8.743465e-01,2.209219e-01,5.608095e-01,5.481848e-01,1.754387,271.5793
0.0698,2.515000e+01,-5.132595e+00,8.743465e-01,2.204155e-01,5.609965e-01,5.467460e-01,1.755224,271.8808
0.0698333,2.515000e+01,-5.132494e+00,8.743465e-01,2.203723e-01,5.609125e-01,5.467208e-01,1.756062,272.1822
0.0698667,2.515000e+01,-5.132429e+00,8.743465e-01,2.206550e-01,5.600144e-01,5.483000e-01,1.756902,272.4846
0.0699,2.515000e+01,-5.132389e+00,8.743465e-01,2.211665e-01,5.597319e-01,5.498486e-01,1.757739,272.7860
0.0699333,2.515000e+01,-5.132328e+00,8.743465e-01,2.209191e-01,5.601757e-01,5.487983e-01,1.758576,273.0875
0.0699667,2.515000e+01,-5.132234e+00,8.743465e-01,2.206913e-01,5.612493e-01,5.471836e-01,1.759416,273.3899
0.07,2.515000e+01,-5.132127e+00,8.743465e-01,2.202765e-01,5.611675e-01,5.462348e-01,1.760254,273.6913
0.0700333,2.515000e+01,-5.132022e+00,8.743465e-01,2.203471e-01,5.611925e-01,5.463855e-01,1.761091,273.9928
0.0700667,2.515000e+01,-5.131911e+00,8.743465e-01,2.204279e-01,5.617484e-01,5.460450e-01,1.761931,274.2951
0.0701,2.515000e+01,-5.131835e+00,8.743465e-01,2.209273e-01,5.609577e-01,5.480536e-01,1.762768,274.5966
0.0701333,2.515000e+01,-5.131795e+00,8.743465e-01,2.214304e-01,5.600096e-01,5.502314e-01,1.763606,274.8981
0.0701667,2.515000e+01,-5.131749e+00,8.743465e-01,2.213287e-01,5.599882e-01,5.499998e-01,1.764446,275.2004
0.0702,2.515000e+01,-5.131646e+00,8.743465e-01,2.206166e-01,5.613893e-01,5.468619e-01,1.765283,275.5019
0.0702333,2.515000e+01,-5.131553e+00,8.743465e-01,2.206652e-01,5.611346e-01,5.472307e-01,1.766120,275.8033
0.0702667,2.515000e+01,-5.131465e+00,8.743465e-01,2.206625e-01,5.608197e-01,5.475313e-01,1.766960,276.1057
0.0703,2.515000e+01,-5.131361e+00,8.743465e-01,2.204956e-01,5.609526e-01,5.469875e-01,1.767798,276.4071
0.0703333,2.515000e+01,-5.131247e+00,8.743465e-01,2.206109e-01,5.614863e-01,5.467536e-01,1.768635,276.7086
0.0703667,2.515000e+01,-5.131155e+00,8.743465e-01,2.210159e-01,5.610861e-01,5.481479e-01,1.769475,277.0110
0.0704,2.515000e+01,-5.131060e+00,8.743465e-01,2.210285e-01,5.612361e-01,5.480325e-01,1.770312,277.3124
0.0704333,2.515000e+01,-5.130939e+00,8.743465e-01,2.207437e-01,5.616512e-01,5.469220e-01,1.771150,277.6139
0.0704667,2.515000e+01,-5.130826e+00,8.743465e-01,2.207740e-01,5.611050e-01,5.475294e-01,1.771990,277.9162
0.0705,2.515000e+01,-5.130719e+00,8.743465e-01,2.208869e-01,5.609032e-01,5.480066e-01,1.772827,278.2177
0.0705333,2.515000e+01,-5.130619e+00,8.743465e-01,2.210432e-01,5.608989e-01,5.483985e-01,1.773664,278.5191
0.0705667,2.515000e+01,-5.130498e+00,8.743465e-01,2.208689e-01,5.613243e-01,5.475509e-01,1.774504,278.8215
0.0706,2.515000e+01,-5.130364e+00,8.743465e-01,2.207448e-01,5.614742e-01,5.470969e-01,1.775342,279.1230
0.0706333,2.515000e+01,-5.130214e+00,8.743465e-01,2.205166e-01,5.615623e-01,5.464458e-01,1.776179,279.4244
0.0706667,2.515000e+01,-5.130059e+00,8.743465e-01,2.206695e-01,5.617700e-01,5.466225e-01,1.777019,279.7268
0.0707,2.515000e+01,-5.129934e+00,8.743465e-01,2.212648e-01,5.612578e-01,5.485973e-01,1.777856,280.0282
0.0707333,2.515000e+01,-5.129817e+00,8.743465e-01,2.215135e-01,5.612973e-01,5.491752e-01,1.778694,280.3297
0.0707667,2.515000e+01,-5.129691e+00,8.743465e-01,2.214223e-01,5.615965e-01,5.486566e-01,1.779533,280.6321
0.0708,2.515000e+01,-5.129533e+00,8.743465e-01,2.207599e-01,5.618052e-01,5.468121e-01,1.780371,280.9335
0.0708333,2.515000e+01,-5.129383e+00,8.743465e-01,2.205622e-01,5.609431e-01,5.471620e-01,1.781208,281.2350
0.0708667,2.515000e+01,-5.129241e+00,8.743465e-01,2.207613e-01,5.608860e-01,5.477116e-01,1.782048,281.5373
0.0709,2.515000e+01,-5.129095e+00,8.743465e-01,2.210267e-01,5.615553e-01,5.477165e-01,1.782886,281.8388
0.0709333,2.515000e+01,-5.128940e+00,8.743465e-01,2.211047e-01,5.619256e-01,5.475488e-01,1.783723,282.1402
0.0709667,2.515000e+01,-5.128788e+00,8.743465e-01,2.210295e-01,5.616576e-01,5.476239e-01,1.784563,282.4426
0.071,2.515000e+01,-5.128634e+00,8.743465e-01,2.209082e-01,5.615242e-01,5.474533e-01,1.785400,282.7441
0.0710333,2.515000e+01,-5.128471e+00,8.743465e-01,2.208894e-01,5.618148e-01,5.471236e-01,1.786238,283.0455
0.0710667,2.515000e+01,-5.128317e+00,8.743465e-01,2.210738e-01,5.616770e-01,5.477147e-01,1.787077,283.3479
0.0711,2.515000e+01,-5.128151e+00,8.743465e-01,2.208913e-01,5.619298e-01,5.470163e-01,1.787915,283.6493
0.0711333,2.515000e+01,-5.127984e+00,8.743465e-01,2.208079e-01,5.618435e-01,5.468938e-01,1.788752,283.9508
0.0711667,2.515000e+01,-5.127831e+00,8.743465e-01,2.208684e-01,5.611537e-01,5.477162e-01,1.789592,284.2531
0.0712,2.515000e+01,-5.127689e+00,8.743465e-01,2.209482e-01,5.606404e-01,5.484155e-01,1.790429,284.5546
0.0712333,2.515000e+01,-5.127535e+00,8.743465e-01,2.209563e-01,5.612033e-01,5.478856e-01,1.791267,284.8561
0.0712667,2.515000e+01,-5.127353e+00,8.743465e-01,2.207680e-01,5.620936e-01,5.465517e-01,1.792107,285.1584
0.0713,2.515000e+01,-5.127170e+00,8.743465e-01,2.208035e-01,5.622342e-01,5.465029e-01,1.792944,285.4599
0.0713333,2.515000e+01,-5.126993e+00,8.743465e-01,2.208326e-01,5.619981e-01,5.468045e-01,1.793781,285.7613
0.0713667,2.515000e+01,-5.126824e+00,8.743465e-01,2.209883e-01,5.619194e-01,5.472667e-01,1.794621,286.0637
0.0714,2.515000e+01,-5.126691e+00,8.743465e-01,2.213243e-01,5.609979e-01,5.489991e-01,1.795459,286.3651
0.0714333,2.515000e+01,-5.126548e+00,8.743465e-01,2.212278e-01,5.612963e-01,5.484678e-01,1.796296,286.6666
0.0714667,2.515000e+01,-5.126400e+00,8.743465e-01,2.211679e-01,5.616768e-01,5.479479e-01,1.797136,286.9690
0.0715,2.515000e+01,-5.126238e+00,8.743465e-01,2.209014e-01,5.619740e-01,5.469981e-01,1.797973,287.2704
0.0715333,2.515000e+01,-5.126083e+00,8.743465e-01,2.209771e-01,5.618614e-01,5.472953e-01,1.798811,287.5719
0.0715667,2.515000e+01,-5.125935e+00,8.743465e-01,2.209712e-01,5.616083e-01,5.475275e-01,1.799651,287.8742
0.0716,2.515000e+01,-5.125771e+00,8.743465e-01,2.207072e-01,5.619053e-01,5.465843e-01,1.800488,288.1757
0.0716333,2.515000e+01,-5.125603e+00,8.743465e-01,2.208044e-01,5.623540e-01,5.463885e-01,1.801325,288.4772
0.0716667,2.515000e+01,-5.125434e+00,8.743465e-01,2.207864e-01,5.622812e-01,5.464147e-01,1.802165,288.7795
0.0717,2.515000e+01,-5.125275e+00,8.743465e-01,2.209543e-01,5.621808e-01,5.469279e-01,1.803003,289.0810
0.0717333,2.515000e+01,-5.125135e+00,8.743465e-01,2.209356e-01,5.615691e-01,5.474775e-01,1.803840,289.3824
0.0717667,2.515000e+01,-5.125003e+00,8.743465e-01,2.209828e-01,5.611407e-01,5.480124e-01,1.804680,289.6848
0.0718,2.515000e+01,-5.124867e+00,8.743465e-01,2.209843e-01,5.613778e-01,5.477848e-01,1.805517,289.9862
0.0718333,2.515000e+01,-5.124717e+00,8.743465e-01,2.208736e-01,5.621603e-01,5.467481e-01,1.806355,290.2877
0.0718667,2.515000e+01,-5.124557e+00,8.743465e-01,2.208584e-01,5.628591e-01,5.460319e-01,1.807195,290.5901
0.0719,2.515000e+01,-5.124404e+00,8.743465e-01,2.207845e-01,5.626994e-01,5.460039e-01,1.808032,290.8915
0.0719333,2.515000e+01,-5.124249e+00,8.743465e-01,2.206534e-01,5.627622e-01,5.456187e-01,1.808869,291.1930
0.0719667,2.515000e+01,-5.124116e+00,8.743465e-01,2.208861e-01,5.624122e-01,5.465341e-01,1.809709,291.4953
0.072,2.515000e+01,-5.124035e+00,8.743465e-01,2.215510e-01,5.614772e-01,5.490924e-01,1.810547,291.7968
0.0720333,2.515000e+01,-5.123968e+00,8.743465e-01,2.216945e-01,5.614513e-01,5.494733e-01,1.811384,292.0982
0.0720667,2.515000e+01,-5.123863e+00,8.743465e-01,2.211924e-01,5.625504e-01,5.471577e-01,1.812224,292.4006
0.0721,2.515000e+01,-5.123740e+00,8.743465e-01,2.206741e-01,5.629220e-01,5.455151e-01,1.813061,292.7021
0.0721333,2.515000e+01,-5.123631e+00,8.743465e-01,2.208017e-01,5.627860e-01,5.459625e-01,1.813899,293.0035
0.0721667,2.515000e+01,-5.123548e+00,8.743465e-01,2.209870e-01,5.623890e-01,5.468063e-01,1.814739,293.3059
0.0722,2.515000e+01,-5.123477e+00,8.743465e-01,2.212260e-01,5.625552e-01,5.472360e-01,1.815576,293.6073
0.0722333,2.515000e+01,-5.123407e+00,8.743465e-01,2.213127e-01,5.630825e-01,5.469379e-01,1.816413,293.9088
0.0722667,2.515000e+01,-5.123327e+00,8.743465e-01,2.209147e-01,5.630604e-01,5.459758e-01,1.817253,294.2112
0.0723,2.515000e+01,-5.123246e+00,8.743465e-01,2.208575e-01,5.631850e-01,5.457135e-01,1.818091,294.5126
0.0723333,2.515000e+01,-5.123192e+00,8.743465e-01,2.209382e-01,5.622335e-01,5.468369e-01,1.818928,294.8141
0.0723667,2.515000e+01,-5.123179e+00,8.743465e-01,2.215760e-01,5.617359e-01,5.489012e-01,1.819768,295.1164
0.0724,2.515000e+01,-5.123178e+00,8.743465e-01,2.215774e-01,5.616325e-01,5.490058e-01,1.820605,295.4179
0.0724333,2.515000e+01,-5.123113e+00,8.743465e-01,2.207835e-01,5.635142e-01,5.452121e-01,1.821443,295.7193
0.0724667,2.515000e+01,-5.123025e+00,8.743465e-01,2.203141e-01,5.640670e-01,5.435196e-01,1.822282,296.0217
0.0725,2.515000e+01,-5.122971e+00,8.743465e-01,2.206997e-01,5.635391e-01,5.449811e-01,1.823120,296.3232
0.0725333,2.515000e+01,-5.122947e+00,8.743465e-01,2.210223e-01,5.629930e-01,5.463070e-01,1.823957,296.6246
0.0725667,2.515000e+01,-5.122945e+00,8.743465e-01,2.213768e-01,5.627525e-01,5.474170e-01,1.824797,296.9270
0.0726,2.515000e+01,-5.122937e+00,8.743465e-01,2.212831e-01,5.628438e-01,5.470967e-01,1.825635,297.2284
0.0726333,2.515000e+01,-5.122920e+00,8.743465e-01,2.211636e-01,5.631073e-01,5.465455e-01,1.826472,297.5299
0.0726667,2.515000e+01,-5.122894e+00,8.743465e-01,2.212477e-01,5.639648e-01,5.459218e-01,1.827312,297.8322
0.0727,2.515000e+01,-5.122887e+00,8.743465e-01,2.213226e-01,5.632594e-01,5.467906e-01,1.828149,298.1337
0.0727333,2.515000e+01,-5.122880e+00,8.743465e-01,2.212534e-01,5.628747e-01,5.469932e-01,1.828987,298.4352
0.0727667,2.515000e+01,-5.122863e+00,8.743465e-01,2.208976e-01,5.626986e-01,5.462844e-01,1.829826,298.7375
0.0728,2.515000e+01,-5.122819e+00,8.743465e-01,2.207607e-01,5.635684e-01,5.451034e-01,1.830664,299.0390
0.0728333,2.515000e+01,-5.122768e+00,8.743465e-01,2.209525e-01,5.640133e-01,5.451464e-01,1.831501,299.3404
0.0728667,2.515000e+01,-5.122729e+00,8.743465e-01,2.212388e-01,5.638329e-01,5.460277e-01,1.832341,299.6428
0.0729,2.515000e+01,-5.122707e+00,8.743465e-01,2.215291e-01,5.638487e-01,5.467287e-01,1.833178,299.9442
0.0729333,2.515000e+01,-5.122710e+00,8.743465e-01,2.218295e-01,5.632797e-01,5.480231e-01,1.834016,300.2457
0.0729667,2.515000e+01,-5.122713e+00,8.743465e-01,2.216252e-01,5.630081e-01,5.477826e-01,1.834856,300.5481
0.073,2.515000e+01,-5.122708e+00,8.743465e-01,2.214325e-01,5.630771e-01,5.472393e-01,1.835693,300.8495
0.0730333,2.515000e+01,-5.122665e+00,8.743465e-01,2.208685e-01,5.641173e-01,5.448388e-01,1.836530,301.1510
0.0730667,2.515000e+01,-5.122632e+00,8.743465e-01,2.210581e-01,5.641826e-01,5.452433e-01,1.837370,301.4533
0.0731,2.515000e+01,-5.122604e+00,8.743465e-01,2.211207e-01,5.639124e-01,5.456591e-01,1.838208,301.7548
0.0731333,2.515000e+01,-5.122559e+00,8.743465e-01,2.207121e-01,5.638336e-01,5.447271e-01,1.839045,302.0563
0.0731667,2.515000e+01,-5.122515e+00,8.743465e-01,2.207508e-01,5.640377e-01,5.446253e-01,1.839885,302.3586
0.0732,2.515000e+01,-5.122505e+00,8.743465e-01,2.214446e-01,5.638285e-01,5.465398e-01,1.840722,302.6601
0.0732333,2.515000e+01,-5.122508e+00,8.743465e-01,2.214454e-01,5.633294e-01,5.470260e-01,1.841560,302.9615
0.0732667,2.515000e+01,-5.122474e+00,8.743465e-01,2.206960e-01,5.637556e-01,5.447626e-01,1.842400,303.2639
0.0733,2.515000e+01,-5.122442e+00,8.743465e-01,2.208603e-01,5.638848e-01,5.450432e-01,1.843237,303.5653
0.0733333,2.515000e+01,-5.122455e+00,8.743465e-01,2.217829e-01,5.636299e-01,5.475677e-01,1.844074,303.8668
0.0733667,2.515000e+01,-5.122474e+00,8.743465e-01,2.219180e-01,5.636279e-01,5.479031e-01,1.844914,304.1692
0.0734,2.515000e+01,-5.122454e+00,8.743465e-01,2.211653e-01,5.642317e-01,5.454603e-01,1.845752,304.4706
0.0734333,2.515000e+01,-5.122423e+00,8.743465e-01,2.208351e-01,5.642182e-01,5.446591e-01,1.846589,304.7721
0.0734667,2.515000e+01,-5.122407e+00,8.743465e-01,2.209547e-01,5.636655e-01,5.454883e-01,1.847429,305.0744
0.0735,2.515000e+01,-5.122406e+00,8.743465e-01,2.212026e-01,5.634263e-01,5.463323e-01,1.848266,305.3759
0.0735333,2.515000e+01,-5.122407e+00,8.743465e-01,2.214318e-01,5.638934e-01,5.464452e-01,1.849104,305.6773
0.0735667,2.515000e+01,-5.122431e+00,8.743465e-01,2.217636e-01,5.637184e-01,5.474339e-01,1.849944,305.9797
0.0736,2.515000e+01,-5.122456e+00,8.743465e-01,2.217150e-01,5.635868e-01,5.474418e-01,1.850781,306.2812
0.0736333,2.515000e+01,-5.122424e+00,8.743465e-01,2.203258e-01,5.639293e-01,5.436813e-01,1.851618,306.5826
0.0736667,2.515000e+01,-5.122397e+00,8.743465e-01,2.203258e-01,5.638294e-01,5.437776e-01,1.852458,306.8850
0.0737,2.515000e+01,-5.122398e+00,8.743465e-01,2.209356e-01,5.637543e-01,5.453552e-01,1.853296,307.1864
0.0737333,2.515000e+01,-5.122418e+00,8.743465e-01,2.213249e-01,5.636225e-01,5.464439e-01,1.854133,307.4879
0.0737667,2.515000e+01,-5.122425e+00,8.743465e-01,2.211403e-01,5.640192e-01,5.456042e-01,1.854973,307.7903
0.0738,2.515000e+01,-5.122400e+00,8.743465e-01,2.204880e-01,5.641597e-01,5.438595e-01,1.855810,308.0917
0.0738333,2.515000e+01,-5.122403e+00,8.743465e-01,2.208023e-01,5.636001e-01,5.451755e-01,1.856648,308.3932
0.0738667,2.515000e+01,-5.122427e+00,8.743465e-01,2.212503e-01,5.634712e-01,5.464064e-01,1.857488,308.6955
0.0739,2.515000e+01,-5.122468e+00,8.743465e-01,2.214047e-01,5.631384e-01,5.471108e-01,1.858325,308.9970
0.0739333,2.515000e+01,-5.122492e+00,8.743465e-01,2.211147e-01,5.633651e-01,5.461745e-01,1.859162,309.2984
0.0739667,2.515000e+01,-5.122502e+00,8.743465e-01,2.209767e-01,5.637333e-01,5.454771e-01,1.860002,309.6008
0.074,2.515000e+01,-5.122477e+00,8.743465e-01,2.202411e-01,5.638771e-01,5.435226e-01,1.860840,309.9023
0.0740323,2.515000e+01,-5.122469e+00,8.743465e-01,2.205502e-01,5.642251e-01,5.439498e-01,1.861652,310.1947
0.0740645,2.515000e+01,-5.122481e+00,8.743465e-01,2.208053e-01,5.634527e-01,5.453255e-01,1.862462,310.4862
0.0740968,2.515000e+01,-5.122506e+00,8.743465e-01,2.211373e-01,5.633644e-01,5.462309e-01,1.863274,310.7786
0.074129,2.515000e+01,-5.122525e+00,8.743465e-01,2.210740e-01,5.635389e-01,5.459055e-01,1.864083,311.0701
0.0741613,2.515000e+01,-5.122522e+00,8.743465e-01,2.207070e-01,5.637284e-01,5.448162e-01,1.864896,311.3625
0.0741935,2.515000e+01,-5.122532e+00,8.743465e-01,2.209877e-01,5.634812e-01,5.457485e-01,1.865705,311.6540
0.0742258,2.515000e+01,-5.122542e+00,8.743465e-01,2.208341e-01,5.631872e-01,5.456536e-01,1.866518,311.9464
0.0742581,2.515000e+01,-5.122563e+00,8.743465e-01,2.209373e-01,5.627716e-01,5.463119e-01,1.867330,312.2388
0.0742903,2.515000e+01,-5.122561e+00,8.743465e-01,2.205151e-01,5.631165e-01,5.449337e-01,1.868140,312.5303
0.0743226,2.515000e+01,-5.122526e+00,8.743465e-01,2.198430e-01,5.633993e-01,5.430003e-01,1.868952,312.8227
0.0743548,2.515000e+01,-5.122483e+00,8.743465e-01,2.197179e-01,5.635473e-01,5.425488e-01,1.869762,313.1142
0.0743871,2.515000e+01,-5.122474e+00,8.743465e-01,2.203631e-01,5.633329e-01,5.443490e-01,1.870574,313.4066
0.0744194,2.515000e+01,-5.122482e+00,8.743465e-01,2.206986e-01,5.629760e-01,5.455234e-01,1.871386,313.6990
0.0744516,2.515000e+01,-5.122494e+00,8.743465e-01,2.208108e-01,5.629989e-01,5.457785e-01,1.872196,313.9905
0.0744839,2.515000e+01,-5.122495e+00,8.743465e-01,2.206524e-01,5.629987e-01,5.453873e-01,1.873008,314.2829
0.0745161,2.515000e+01,-5.122491e+00,8.743465e-01,2.204760e-01,5.629017e-01,5.450451e-01,1.873818,314.5744
0.0745484,2.515000e+01,-5.122499e+00,8.743465e-01,2.206327e-01,5.627360e-01,5.455931e-01,1.874630,314.8668
0.0745806,2.515000e+01,-5.122488e+00,8.743465e-01,2.202740e-01,5.630993e-01,5.443548e-01,1.875440,315.1583
0.0746129,2.515000e+01,-5.122490e+00,8.743465e-01,2.203372e-01,5.625802e-01,5.450132e-01,1.876252,315.4507
0.0746452,2.515000e+01,-5.122498e+00,8.743465e-01,2.205247e-01,5.627548e-01,5.453078e-01,1.877064,315.7431
0.0746774,2.515000e+01,-5.122488e+00,8.743465e-01,2.199532e-01,5.624806e-01,5.441599e-01,1.877874,316.0346
0.0747097,2.515000e+01,-5.122475e+00,8.743465e-01,2.198544e-01,5.624762e-01,5.439196e-01,1.878686,316.3270
0.0747419,2.515000e+01,-5.122474e+00,8.743465e-01,2.201467e-01,5.623033e-01,5.448102e-01,1.879496,316.6185
0.0747742,2.515000e+01,-5.122487e+00,8.743465e-01,2.207415e-01,5.625600e-01,5.460331e-01,1.880308,316.9109
0.0748065,2.515000e+01,-5.122484e+00,8.743465e-01,2.205966e-01,5.629997e-01,5.452483e-01,1.881120,317.2033
0.0748387,2.515000e+01,-5.122467e+00,8.743465e-01,2.201053e-01,5.625773e-01,5.444424e-01,1.881930,317.4948
0.074871,2.515000e+01,-5.122456e+00,8.743465e-01,2.201010e-01,5.620196e-01,5.449720e-01,1.882742,317.7872
0.0749032,2.515000e+01,-5.122438e+00,8.743465e-01,2.198715e-01,5.617975e-01,5.446191e-01,1.883552,318.0787
0.0749355,2.515000e+01,-5.122428e+00,8.743465e-01,2.201757e-01,5.619004e-01,5.452727e-01,1.884364,318.3711
0.0749677,2.515000e+01,-5.122398e+00,8.743465e-01,2.200551e-01,5.625278e-01,5.443663e-01,1.885174,318.6626
0.075,2.515000e+01,-5.122368e+00,8.743465e-01,2.200930e-01,5.624364e-01,5.445485e-01,1.885986,318.9550
0.0750323,2.515000e+01,-5.122345e+00,8.743465e-01,2.201190e-01,5.619846e-01,5.450505e-01,1.886798,319.2474
0.0750645,2.515000e+01,-5.122307e+00,8.743465e-01,2.196744e-01,5.615704e-01,5.443509e-01,1.887608,319.5389
0.0750968,2.515000e+01,-5.122274e+00,8.743465e-01,2.199741e-01,5.615950e-01,5.450698e-01,1.888420,319.8313
0.075129,2.515000e+01,-5.122241e+00,8.743465e-01,2.203259e-01,5.620070e-01,5.455410e-01,1.889230,320.1228
0.0751613,2.515000e+01,-5.122195e+00,8.743465e-01,2.202502e-01,5.622459e-01,5.451219e-01,1.890042,320.4152
0.0751935,2.515000e+01,-5.122111e+00,8.743465e-01,2.193283e-01,5.619328e-01,5.431427e-01,1.890852,320.7067
0.0752258,2.515000e+01,-5.122029e+00,8.743465e-01,2.191764e-01,5.612605e-01,5.434168e-01,1.891664,320.9991
0.0752581,2.515000e+01,-5.121957e+00,8.743465e-01,2.192923e-01,5.607088e-01,5.442390e-01,1.892476,321.2915
0.0752903,2.515000e+01,-5.121890e+00,8.743465e-01,2.197725e-01,5.610786e-01,5.450714e-01,1.893286,321.5830
0.0753226,2.515000e+01,-5.121810e+00,8.743465e-01,2.196970e-01,5.615809e-01,5.443967e-01,1.894098,321.8754
0.0753548,2.515000e+01,-5.121744e+00,8.743465e-01,2.202860e-01,5.616997e-01,5.457408e-01,1.894908,322.1669
0.0753871,2.515000e+01,-5.121664e+00,8.743465e-01,2.199694e-01,5.614519e-01,5.451970e-01,1.895720,322.4593
0.0754194,2.515000e+01,-5.121578e+00,8.743465e-01,2.195528e-01,5.606728e-01,5.449205e-01,1.896533,322.7517
0.0754516,2.515000e+01,-5.121486e+00,8.743465e-01,2.196203e-01,5.607763e-01,5.449876e-01,1.897342,323.0432
0.0754839,2.515000e+01,-5.121391e+00,8.743465e-01,2.197244e-01,5.610280e-01,5.450013e-01,1.898154,323.3356
0.0755161,2.515000e+01,-5.121305e+00,8.743465e-01,2.199599e-01,5.610074e-01,5.456055e-01,1.898964,323.6271
0.0755484,2.515000e+01,-5.121188e+00,8.743465e-01,2.192769e-01,5.608854e-01,5.440294e-01,1.899776,323.9195
0.0755806,2.515000e+01,-5.121073e+00,8.743465e-01,2.191010e-01,5.603566e-01,5.441059e-01,1.900586,324.2110
0.0756129,2.515000e+01,-5.120959e+00,8.743465e-01,2.192362e-01,5.603726e-01,5.444264e-01,1.901398,324.5034
0.0756452,2.515000e+01,-5.120844e+00,8.743465e-01,2.193809e-01,5.606298e-01,5.445356e-01,1.902211,324.7958
0.0756774,2.515000e+01,-5.120738e+00,8.743465e-01,2.194356e-01,5.603645e-01,5.449293e-01,1.903020,325.0873
0.0757097,2.515000e+01,-5.120628e+00,8.743465e-01,2.194686e-01,5.604526e-01,5.449258e-01,1.903833,325.3797
0.0757419,2.515000e+01,-5.120520e+00,8.743465e-01,2.194265e-01,5.602165e-01,5.450507e-01,1.904642,325.6712
0.0757742,2.515000e+01,-5.120394e+00,8.743465e-01,2.189576e-01,5.601950e-01,5.439067e-01,1.905454,325.9636
0.0758065,2.515000e+01,-5.120257e+00,8.743465e-01,2.187143e-01,5.600641e-01,5.434294e-01,1.906267,326.2560
0.0758387,2.515000e+01,-5.120127e+00,8.743465e-01,2.189735e-01,5.600875e-01,5.440508e-01,1.907076,326.5475
0.075871,2.515000e+01,-5.120002e+00,8.743465e-01,2.192296e-01,5.601927e-01,5.445848e-01,1.907889,326.8399
0.0759032,2.515000e+01,-5.119876e+00,8.743465e-01,2.188898e-01,5.594778e-01,5.444353e-01,1.908698,327.1314
0.0759355,2.515000e+01,-5.119759e+00,8.743465e-01,2.190402e-01,5.591941e-01,5.450860e-01,1.909511,327.4238
0.0759677,2.515000e+01,-5.119636e+00,8.743465e-01,2.191612e-01,5.595928e-01,5.449986e-01,1.910320,327.7153
0.076,2.515000e+01,-5.119508e+00,8.743465e-01,2.193110e-01,5.601760e-01,5.448033e-01,1.911133,328.0077
0.0760323,2.515000e+01,-5.119386e+00,8.743465e-01,2.193778e-01,5.600154e-01,5.451254e-01,1.911945,328.3001
0.0760645,2.515000e+01,-5.119262e+00,8.743465e-01,2.191949e-01,5.595402e-01,5.451334e-01,1.912755,328.5916
0.0760968,2.515000e+01,-5.119145e+00,8.743465e-01,2.193120e-01,5.593146e-01,5.456446e-01,1.913567,328.8840
0.076129,2.515000e+01,-5.119017e+00,8.743465e-01,2.189495e-01,5.591908e-01,5.448633e-01,1.914376,329.1755
0.0761613,2.515000e+01,-5.118877e+00,8.743465e-01,2.184473e-01,5.588384e-01,5.439566e-01,1.915189,329.4679
0.0761935,2.515000e+01,-5.118746e+00,8.743465e-01,2.185792e-01,5.587403e-01,5.443804e-01,1.915998,329.7594
0.0762258,2.515000e+01,-5.118615e+00,8.743465e-01,2.186938e-01,5.589380e-01,5.444733e-01,1.916811,330.0518
0.0762581,2.515000e+01,-5.118490e+00,8.743465e-01,2.190104e-01,5.592053e-01,5.450007e-01,1.917623,330.3442
0.0762903,2.515000e+01,-5.118365e+00,8.743465e-01,2.190239e-01,5.593164e-01,5.449260e-01,1.918433,330.6357
0.0763226,2.515000e+01,-5.118244e+00,8.743465e-01,2.190417e-01,5.592483e-01,5.450368e-01,1.919245,330.9281
0.0763548,2.515000e+01,-5.118126e+00,8.743465e-01,2.188658e-01,5.588035e-01,5.450326e-01,1.920055,331.2196
0.0763871,2.515000e+01,-5.117999e+00,8.743465e-01,2.183220e-01,5.583128e-01,5.441561e-01,1.920867,331.5120
0.0764194,2.515000e+01,-5.117872e+00,8.743465e-01,2.183406e-01,5.583645e-01,5.441522e-01,1.921679,331.8044
0.0764516,2.515000e+01,-5.117750e+00,8.743465e-01,2.184741e-01,5.585409e-01,5.443130e-01,1.922489,332.0959
0.0764839,2.515000e+01,-5.117627e+00,8.743465e-01,2.187616e-01,5.591844e-01,5.444021e-01,1.923301,332.3883
0.0765161,2.515000e+01,-5.117513e+00,8.743465e-01,2.188352e-01,5.590240e-01,5.447415e-01,1.924111,332.6798
0.0765484,2.515000e+01,-5.117408e+00,8.743465e-01,2.189220e-01,5.590177e-01,5.449638e-01,1.924923,332.9722
0.0765806,2.515000e+01,-5.117316e+00,8.743465e-01,2.188039e-01,5.581828e-01,5.454845e-01,1.925733,333.2637
0.0766129,2.515000e+01,-5.117226e+00,8.743465e-01,2.188376e-01,5.582965e-01,5.454574e-01,1.926545,333.5561
0.0766452,2.515000e+01,-5.117132e+00,8.743465e-01,2.187690e-01,5.585117e-01,5.450762e-01,1.927357,333.8485
0.0766774,2.515000e+01,-5.117047e+00,8.743465e-01,2.191092e-01,5.588337e-01,5.456093e-01,1.928167,334.1400
0.0767097,2.515000e+01,-5.116962e+00,8.743465e-01,2.189639e-01,5.587521e-01,5.453270e-01,1.928979,334.4324
0.0767419,2.515000e+01,-5.116890e+00,8.743465e-01,2.186325e-01,5.577319e-01,5.454977e-01,1.929789,334.7239
0.0767742,2.515000e+01,-5.116828e+00,8.743465e-01,2.184410e-01,5.572002e-01,5.455400e-01,1.930601,335.0163
0.0768065,2.515000e+01,-5.116755e+00,8.743465e-01,2.182572e-01,5.575957e-01,5.446942e-01,1.931413,335.3087
0.0768387,2.515000e+01,-5.116686e+00,8.743465e-01,2.186717e-01,5.582971e-01,5.450431e-01,1.932223,335.6002
0.076871,2.515000e+01,-5.116614e+00,8.743465e-01,2.186766e-01,5.587387e-01,5.446246e-01,1.933035,335.8927
0.0769032,2.515000e+01,-5.116563e+00,8.743465e-01,2.188570e-01,5.583099e-01,5.454925e-01,1.933845,336.1841
0.0769355,2.515000e+01,-5.116521e+00,8.743465e-01,2.190280e-01,5.583039e-01,5.459247e-01,1.934657,336.4766
0.0769677,2.515000e+01,-5.116478e+00,8.743465e-01,2.186616e-01,5.578877e-01,5.454180e-01,1.935467,336.7681
0.077,2.515000e+01,-5.116440e+00,8.743465e-01,2.186986e-01,5.579421e-01,5.454569e-01,1.936279,337.0605
0.0770323,2.515000e+01,-5.116394e+00,8.743465e-01,2.184550e-01,5.580762e-01,5.447185e-01,1.937091,337.3529
0.0770645,2.515000e+01,-5.116359e+00,8.743465e-01,2.186383e-01,5.580883e-01,5.451637e-01,1.937901,337.6444
0.0770968,2.515000e+01,-5.116325e+00,8.743465e-01,2.185576e-01,5.580776e-01,5.449731e-01,1.938713,337.9368
0.077129,2.515000e+01,-5.116299e+00,8.743465e-01,2.183563e-01,5.575794e-01,5.449575e-01,1.939523,338.2283
0.0771613,2.515000e+01,-5.116271e+00,8.743465e-01,2.183535e-01,5.577423e-01,5.447913e-01,1.940335,338.5207
0.0771935,2.515000e+01,-5.116240e+00,8.743465e-01,2.185653e-01,5.584515e-01,5.446274e-01,1.941145,338.8122
0.0772258,2.515000e+01,-5.116223e+00,8.743465e-01,2.189235e-01,5.586217e-01,5.453538e-01,1.941957,339.1046
0.0772581,2.515000e+01,-5.116219e+00,8.743465e-01,2.189591e-01,5.581758e-01,5.458780e-01,1.942769,339.3970
0.0772903,2.515000e+01,-5.116221e+00,8.743465e-01,2.190671e-01,5.582970e-01,5.460288e-01,1.943579,339.6885
0.0773226,2.515000e+01,-5.116235e+00,8.743465e-01,2.189430e-01,5.576671e-01,5.463358e-01,1.944391,339.9809
0.0773548,2.515000e+01,-5.116257e+00,8.743465e-01,2.187372e-01,5.573251e-01,5.461573e-01,1.945201,340.2724
0.0773871,2.515000e+01,-5.116286e+00,8.743465e-01,2.185033e-01,5.568498e-01,5.460390e-01,1.946013,340.5648
0.0774194,2.515000e+01,-5.116313e+00,8.743465e-01,2.185937e-01,5.573084e-01,5.458155e-01,1.946825,340.8572
0.0774516,2.515000e+01,-5.116338e+00,8.743465e-01,2.187468e-01,5.577318e-01,5.457831e-01,1.947635,341.1487
0.0774839,2.515000e+01,-5.116359e+00,8.743465e-01,2.188035e-01,5.581996e-01,5.454670e-01,1.948447,341.4411
0.0775161,2.515000e+01,-5.116371e+00,8.743465e-01,2.187224e-01,5.584778e-01,5.449933e-01,1.949257,341.7326
0.0775484,2.515000e+01,-5.116394e+00,8.743465e-01,2.187474e-01,5.580374e-01,5.454857e-01,1.950069,342.0250
0.0775806,2.515000e+01,-5.116439e+00,8.743465e-01,2.188933e-01,5.573363e-01,5.465362e-01,1.950879,342.3165
0.0776129,2.515000e+01,-5.116485e+00,8.743465e-01,2.190329e-01,5.574457e-01,5.467774e-01,1.951691,342.6089
0.0776452,2.515000e+01,-5.116516e+00,8.743465e-01,2.186880e-01,5.575952e-01,5.457699e-01,1.952504,342.9013
0.0776774,2.515000e+01,-5.116534e+00,8.743465e-01,2.185263e-01,5.579344e-01,5.450349e-01,1.953313,343.1928
0.0777097,2.515000e+01,-5.116552e+00,8.743465e-01,2.184221e-01,5.579275e-01,5.447818e-01,1.954125,343.4852
0.0777419,2.515000e+01,-5.116582e+00,8.743465e-01,2.185692e-01,5.578067e-01,5.452667e-01,1.954935,343.7767
0.0777742,2.515000e+01,-5.116623e+00,8.743465e-01,2.188584e-01,5.577826e-01,5.460118e-01,1.955747,344.0691
0.0778065,2.515000e+01,-5.116653e+00,8.743465e-01,2.188104e-01,5.583120e-01,5.453744e-01,1.956560,344.3615
0.0778387,2.515000e+01,-5.116685e+00,8.743465e-01,2.188279e-01,5.583692e-01,5.453622e-01,1.957369,344.6530
0.077871,2.515000e+01,-5.116718e+00,8.743465e-01,2.190209e-01,5.586938e-01,5.455260e-01,1.958182,344.9454
0.0779032,2.515000e+01,-5.116761e+00,8.743465e-01,2.188771e-01,5.577896e-01,5.460514e-01,1.958991,345.2369
0.0779355,2.515000e+01,-5.116826e+00,8.743465e-01,2.189983e-01,5.568812e-01,5.472453e-01,1.959804,345.5293
0.0779677,2.515000e+01,-5.116894e+00,8.743465e-01,2.190589e-01,5.569350e-01,5.473437e-01,1.960613,345.8208
0.078,2.515000e+01,-5.116940e+00,8.743465e-01,2.188773e-01,5.575936e-01,5.462440e-01,1.961426,346.1132
0.0780323,2.515000e+01,-5.116970e+00,8.743465e-01,2.187920e-01,5.581256e-01,5.455106e-01,1.962238,346.4056
0.0780645,2.515000e+01,-5.116992e+00,8.743465e-01,2.187311e-01,5.582834e-01,5.452045e-01,1.963047,346.6971
0.0780968,2.515000e+01,-5.117036e+00,8.743465e-01,2.192279e-01,5.580773e-01,5.466448e-01,1.963860,346.9895
0.078129,2.515000e+01,-5.117071e+00,8.743465e-01,2.191358e-01,5.582369e-01,5.462588e-01,1.964669,347.2810
0.0781613,2.515000e+01,-5.117104e+00,8.743465e-01,2.189548e-01,5.578348e-01,5.462011e-01,1.965482,347.5734
0.0781935,2.515000e+01,-5.117126e+00,8.743465e-01,2.189875e-01,5.581986e-01,5.459267e-01,1.966291,347.8649
0.0782258,2.515000e+01,-5.117155e+00,8.743465e-01,2.193629e-01,5.581204e-01,5.469392e-01,1.967104,348.1573
0.0782581,2.515000e+01,-5.117186e+00,8.743465e-01,2.193202e-01,5.576721e-01,5.472723e-01,1.967916,348.4497
0.0782903,2.515000e+01,-5.117212e+00,8.743465e-01,2.189978e-01,5.572061e-01,5.469248e-01,1.968726,348.7412
0.0783226,2.515000e+01,-5.117225e+00,8.743465e-01,2.188700e-01,5.575670e-01,5.462517e-01,1.969538,349.0336
0.0783548,2.515000e+01,-5.117217e+00,8.743465e-01,2.188566e-01,5.583986e-01,5.454050e-01,1.970347,349.3251
0.0783871,2.515000e+01,-5.117186e+00,8.743465e-01,2.185997e-01,5.588389e-01,5.443355e-01,1.971160,349.6175
0.0784194,2.515000e+01,-5.117161e+00,8.743465e-01,2.187264e-01,5.586930e-01,5.447933e-01,1.971972,349.9099
0.0784516,2.515000e+01,-5.117167e+00,8.743465e-01,2.193925e-01,5.583411e-01,5.467967e-01,1.972782,350.2014
0.0784839,2.515000e+01,-5.117170e+00,8.743465e-01,2.196430e-01,5.588567e-01,5.469159e-01,1.973594,350.4938
0.0785161,2.515000e+01,-5.117179e+00,8.743465e-01,2.194573e-01,5.580764e-01,5.472177e-01,1.974404,350.7853
0.0785484,2.515000e+01,-5.117182e+00,8.743465e-01,2.194073e-01,5.581697e-01,5.470014e-01,1.975216,351.0777
0.0785806,2.515000e+01,-5.117193e+00,8.743465e-01,2.196929e-01,5.581741e-01,5.477091e-01,1.976026,351.3692
0.0786129,2.515000e+01,-5.117196e+00,8.743465e-01,2.194958e-01,5.582512e-01,5.471422e-01,1.976838,351.6616
0.0786452,2.515000e+01,-5.117197e+00,8.743465e-01,2.193354e-01,5.580721e-01,5.469178e-01,1.977650,351.9540
0.0786774,2.515000e+01,-5.117169e+00,8.743465e-01,2.189994e-01,5.589587e-01,5.452139e-01,1.978460,352.2455
0.0787097,2.515000e+01,-5.117140e+00,8.743465e-01,2.192360e-01,5.594189e-01,5.453538e-01,1.979272,352.5379
0.0787419,2.515000e+01,-5.117133e+00,8.743465e-01,2.196515e-01,5.590534e-01,5.467448e-01,1.980082,352.8294
0.0787742,2.515000e+01,-5.117152e+00,8.743465e-01,2.200279e-01,5.586797e-01,5.480481e-01,1.980894,353.1218
0.0788065,2.515000e+01,-5.117149e+00,8.743465e-01,2.197580e-01,5.593313e-01,5.467380e-01,1.981706,353.4142
0.0788387,2.515000e+01,-5.117116e+00,8.743465e-01,2.193271e-01,5.599700e-01,5.450436e-01,1.982516,353.7057
0.078871,2.515000e+01,-5.117130e+00,8.743465e-01,2.197090e-01,5.583290e-01,5.475973e-01,1.983328,353.9981
0.0789032,2.515000e+01,-5.117141e+00,8.743465e-01,2.198116e-01,5.584329e-01,5.477512e-01,1.984138,354.2896
0.0789355,2.515000e+01,-5.117151e+00,8.743465e-01,2.201083e-01,5.590801e-01,5.478557e-01,1.984950,354.5820
0.0789677,2.515000e+01,-5.117148e+00,8.743465e-01,2.199642e-01,5.594234e-01,5.471610e-01,1.985760,354.8735
0.079,2.515000e+01,-5.117138e+00,8.743465e-01,2.195298e-01,5.589607e-01,5.465323e-01,1.986572,355.1659
0.0790333,2.515000e+01,-5.117106e+00,8.743465e-01,2.192532e-01,5.587687e-01,5.460314e-01,1.987409,355.4674
0.0790667,2.515000e+01,-5.117056e+00,8.743465e-01,2.194430e-01,5.601706e-01,5.451362e-01,1.988249,355.7697
0.0791,2.515000e+01,-5.117042e+00,8.743465e-01,2.202116e-01,5.596698e-01,5.475352e-01,1.989087,356.0712
0.0791333,2.515000e+01,-5.117058e+00,8.743465e-01,2.207594e-01,5.593164e-01,5.492440e-01,1.989924,356.3726
0.0791667,2.515000e+01,-5.117064e+00,8.743465e-01,2.206671e-01,5.596678e-01,5.486697e-01,1.990764,356.6750
0.0792,2.515000e+01,-5.117008e+00,8.743465e-01,2.193568e-01,5.600547e-01,5.450349e-01,1.991601,356.9765
0.0792333,2.515000e+01,-5.116972e+00,8.743465e-01,2.193777e-01,5.590551e-01,5.460616e-01,1.992439,357.2779
0.0792667,2.515000e+01,-5.116962e+00,8.743465e-01,2.199632e-01,5.589341e-01,5.476376e-01,1.993279,357.5803
0.0793,2.515000e+01,-5.116968e+00,8.743465e-01,2.206682e-01,5.594226e-01,5.489130e-01,1.994116,357.8817
0.0793333,2.515000e+01,-5.116942e+00,8.743465e-01,2.203349e-01,5.604522e-01,5.470770e-01,1.994953,358.1832
0.0793667,2.515000e+01,-5.116898e+00,8.743465e-01,2.200254e-01,5.608394e-01,5.459314e-01,1.995793,358.4856
0.0794,2.515000e+01,-5.116860e+00,8.743465e-01,2.200655e-01,5.607055e-01,5.461612e-01,1.996631,358.7870
0.0794333,2.515000e+01,-5.116826e+00,8.743465e-01,2.200892e-01,5.606063e-01,5.463166e-01,1.997468,359.0885
0.0794667,2.515000e+01,-5.116865e+00,8.743465e-01,2.209330e-01,5.586608e-01,5.503210e-01,1.998308,359.3908
0.0795,2.515000e+01,-5.116901e+00,8.743465e-01,2.210036e-01,5.589622e-01,5.501999e-01,1.999145,359.6923
0.0795333,2.515000e+01,-5.116906e+00,8.743465e-01,2.208474e-01,5.601604e-01,5.486351e-01,1.999983,359.9937
0.0795667,2.515000e+01,-5.116846e+00,8.743465e-01,2.194499e-01,5.606396e-01,5.446974e-01,2.000823,0.2961
0.0796,2.515000e+01,-5.116787e+00,8.743465e-01,2.191241e-01,5.599827e-01,5.445268e-01,2.001660,0.5976
0.0796333,2.515000e+01,-5.116762e+00,8.743465e-01,2.198266e-01,5.597852e-01,5.464651e-01,2.002497,0.8990
0.0796667,2.515000e+01,-5.116752e+00,8.743465e-01,2.208046e-01,5.609037e-01,5.478020e-01,2.003337,1.2014
0.0797,2.515000e+01,-5.116749e+00,8.743465e-01,2.209072e-01,5.606100e-01,5.483435e-01,2.004175,1.5028
0.0797333,2.515000e+01,-5.116714e+00,8.743465e-01,2.202892e-01,5.608545e-01,5.465711e-01,2.005012,1.8043
0.0797667,2.515000e+01,-5.116671e+00,8.743465e-01,2.201506e-01,5.608818e-01,5.462007e-01,2.005852,2.1067
0.0798,2.515000e+01,-5.116660e+00,8.743465e-01,2.204118e-01,5.601535e-01,5.475598e-01,2.006689,2.4081
0.0798333,2.515000e+01,-5.116680e+00,8.743465e-01,2.209213e-01,5.595926e-01,5.493756e-01,2.007527,2.7096
0.0798667,2.515000e+01,-5.116688e+00,8.743465e-01,2.208152e-01,5.599345e-01,5.487764e-01,2.008366,3.0119
0.0799,2.515000e+01,-5.116667e+00,8.743465e-01,2.206528e-01,5.608867e-01,5.474418e-01,2.009204,3.3134
0.0799333,2.515000e+01,-5.116617e+00,8.743465e-01,2.201143e-01,5.611288e-01,5.458704e-01,2.010041,3.6148
0.0799667,2.515000e+01,-5.116575e+00,8.743465e-01,2.202029e-01,5.610471e-01,5.461694e-01,2.010881,3.9172
0.08,2.515000e+01,-5.116525e+00,8.743465e-01,2.201882e-01,5.614249e-01,5.457655e-01,2.011718,4.2187
0.0800333,2.515000e+01,-5.116490e+00,8.743465e-01,2.205457e-01,5.613987e-01,5.466772e-01,2.012556,4.5201
0.0800667,2.515000e+01,-5.116510e+00,8.743465e-01,2.212924e-01,5.599513e-01,5.499458e-01,2.013396,4.8225
0.0801,2.515000e+01,-5.116527e+00,8.743465e-01,2.211889e-01,5.597956e-01,5.498414e-01,2.014233,5.1239
0.0801333,2.515000e+01,-5.116496e+00,8.743465e-01,2.206099e-01,5.609771e-01,5.472472e-01,2.015071,5.4254
0.0801667,2.515000e+01,-5.116461e+00,8.743465e-01,2.204974e-01,5.611367e-01,5.468126e-01,2.015910,5.7277
0.0802,2.515000e+01,-5.116431e+00,8.743465e-01,2.205032e-01,5.607674e-01,5.471871e-01,2.016748,6.0292
0.0802333,2.515000e+01,-5.116395e+00,8.743465e-01,2.203534e-01,5.606164e-01,5.469627e-01,2.017585,6.3307
0.0802667,2.515000e+01,-5.116336e+00,8.743465e-01,2.203941e-01,5.615157e-01,5.461874e-01,2.018425,6.6330
0.0803,2.515000e+01,-5.116299e+00,8.743465e-01,2.207517e-01,5.610400e-01,5.475376e-01,2.019262,6.9345
0.0803333,2.515000e+01,-5.116272e+00,8.743465e-01,2.209591e-01,5.609562e-01,5.481340e-01,2.020100,7.2359
0.0803667,2.515000e+01,-5.116213e+00,8.743465e-01,2.206238e-01,5.615625e-01,5.467112e-01,2.020940,7.5383
0.0804,2.515000e+01,-5.116153e+00,8.743465e-01,2.205483e-01,5.612226e-01,5.468550e-01,2.021777,7.8397
0.0804333,2.515000e+01,-5.116107e+00,8.743465e-01,2.207714e-01,5.608526e-01,5.477695e-01,2.022614,8.1412
0.0804667,2.515000e+01,-5.116064e+00,8.743465e-01,2.207564e-01,5.606673e-01,5.479132e-01,2.023454,8.4436
0.0805,2.515000e+01,-5.116008e+00,8.743465e-01,2.208541e-01,5.611753e-01,5.476595e-01,2.024292,8.7450
0.0805333,2.515000e+01,-5.115933e+00,8.743465e-01,2.205681e-01,5.613411e-01,5.467886e-01,2.025129,9.0465
0.0805667,2.515000e+01,-5.115847e+00,8.743465e-01,2.204323e-01,5.613819e-01,5.464124e-01,2.025969,9.3488
0.0806,2.515000e+01,-5.115748e+00,8.743465e-01,2.204075e-01,5.616396e-01,5.461002e-01,2.026806,9.6503
0.0806333,2.515000e+01,-5.115670e+00,8.743465e-01,2.209201e-01,5.614009e-01,5.476030e-01,2.027644,9.9517
0.0806667,2.515000e+01,-5.115615e+00,8.743465e-01,2.213823e-01,5.610568e-01,5.490853e-01,2.028484,10.2541
0.0807,2.515000e+01,-5.115550e+00,8.743465e-01,2.212839e-01,5.614065e-01,5.484993e-01,2.029321,10.5556
0.0807333,2.515000e+01,-5.115455e+00,8.743465e-01,2.207796e-01,5.618307e-01,5.468363e-01,2.030158,10.8570
0.0807667,2.515000e+01,-5.115359e+00,8.743465e-01,2.203901e-01,5.609530e-01,5.467255e-01,2.030998,11.1594
0.0808,2.515000e+01,-5.115278e+00,8.743465e-01,2.206211e-01,5.607423e-01,5.475041e-01,2.031836,11.4608
0.0808333,2.515000e+01,-5.115192e+00,8.743465e-01,2.207849e-01,5.612123e-01,5.474518e-01,2.032673,11.7623
0.0808667,2.515000e+01,-5.115091e+00,8.743465e-01,2.208877e-01,5.619233e-01,5.470135e-01,2.033513,12.0647
0.0809,2.515000e+01,-5.114997e+00,8.743465e-01,2.209308e-01,5.616333e-01,5.474031e-01,2.034350,12.3661
0.0809333,2.515000e+01,-5.114904e+00,8.743465e-01,2.208001e-01,5.613148e-01,5.473895e-01,2.035188,12.6676
0.0809667,2.515000e+01,-5.114799e+00,8.743465e-01,2.207224e-01,5.617067e-01,5.468152e-01,2.036028,12.9699
0.081,2.515000e+01,-5.114701e+00,8.743465e-01,2.208661e-01,5.615740e-01,5.473003e-01,2.036865,13.2714
0.0810333,2.515000e+01,-5.114594e+00,8.743465e-01,2.207954e-01,5.618478e-01,5.468585e-01,2.037702,13.5728
0.0810667,2.515000e+01,-5.114480e+00,8.743465e-01,2.206285e-01,5.618082e-01,5.464837e-01,2.038542,13.8752
0.0811,2.515000e+01,-5.114382e+00,8.743465e-01,2.207264e-01,5.612349e-01,5.472847e-01,2.039380,14.1767
0.0811333,2.515000e+01,-5.114293e+00,8.743465e-01,2.207387e-01,5.606253e-01,5.479105e-01,2.040217,14.4781
0.0811667,2.515000e+01,-5.114202e+00,8.743465e-01,2.208843e-01,5.608436e-01,5.480582e-01,2.041057,14.7805
0.0812,2.515000e+01,-5.114080e+00,8.743465e-01,2.205837e-01,5.617863e-01,5.463941e-01,2.041894,15.0819
0.0812333,2.515000e+01,-5.113949e+00,8.743465e-01,2.206470e-01,5.622298e-01,5.461198e-01,2.042732,15.3834
0.0812667,2.515000e+01,-5.113825e+00,8.743465e-01,2.206733e-01,5.619535e-01,5.464535e-01,2.043572,15.6858
0.0813,2.515000e+01,-5.113708e+00,8.743465e-01,2.207568e-01,5.618211e-01,5.467891e-01,2.044409,15.9872
0.0813333,2.515000e+01,-5.113622e+00,8.743465e-01,2.211164e-01,5.610988e-01,5.483846e-01,2.045246,16.2887
0.0813667,2.515000e+01,-5.113535e+00,8.743465e-01,2.210790e-01,5.611651e-01,5.482270e-01,2.046086,16.5910
0.0814,2.515000e+01,-5.113449e+00,8.743465e-01,2.211317e-01,5.613604e-01,5.481671e-01,2.046924,16.8925
0.0814333,2.515000e+01,-5.113340e+00,8.743465e-01,2.207603e-01,5.619462e-01,5.466760e-01,2.047761,17.1939
0.0814667,2.515000e+01,-5.113236e+00,8.743465e-01,2.207743e-01,5.617745e-01,5.468776e-01,2.048601,17.4963
0.0815,2.515000e+01,-5.113143e+00,8.743465e-01,2.208769e-01,5.615332e-01,5.473669e-01,2.049438,17.7978
0.0815333,2.515000e+01,-5.113037e+00,8.743465e-01,2.205944e-01,5.616663e-01,5.465374e-01,2.050276,18.0992
0.0815667,2.515000e+01,-5.112922e+00,8.743465e-01,2.206232e-01,5.622408e-01,5.460502e-01,2.051115,18.4016
0.0816,2.515000e+01,-5.112806e+00,8.743465e-01,2.206144e-01,5.621858e-01,5.460817e-01,2.051953,18.7030
0.0816333,2.515000e+01,-5.112698e+00,8.743465e-01,2.207839e-01,5.621855e-01,5.465018e-01,2.052790,19.0045
0.0816667,2.515000e+01,-5.112608e+00,8.743465e-01,2.207980e-01,5.616324e-01,5.470747e-01,2.053630,19.3068
0.0817,2.515000e+01,-5.112524e+00,8.743465e-01,2.208104e-01,5.611266e-01,5.475986e-01,2.054467,19.6083
0.0817333,2.515000e+01,-5.112444e+00,8.743465e-01,2.208348e-01,5.611141e-01,5.476713e-01,2.055305,19.9098
0.0817667,2.515000e+01,-5.112352e+00,8.743465e-01,2.207819e-01,5.618862e-01,5.467877e-01,2.056145,20.2121
0.0818,2.515000e+01,-5.112247e+00,8.743465e-01,2.207059e-01,5.626675e-01,5.458404e-01,2.056982,20.5136
0.0818333,2.515000e+01,-5.112146e+00,8.743465e-01,2.206459e-01,5.625756e-01,5.457812e-01,2.057820,20.8150
0.0818667,2.515000e+01,-5.112043e+00,8.743465e-01,2.205078e-01,5.626872e-01,5.453315e-01,2.058659,21.1174
0.0819,2.515000e+01,-5.111952e+00,8.743465e-01,2.206466e-01,5.625310e-01,5.458263e-01,2.059497,21.4188
0.0819333,2.515000e+01,-5.111916e+00,8.743465e-01,2.212644e-01,5.614987e-01,5.483610e-01,2.060334,21.7203
0.0819667,2.515000e+01,-5.111897e+00,8.743465e-01,2.215226e-01,5.613387e-01,5.491574e-01,2.061174,22.0227
0.082,2.515000e+01,-5.111855e+00,8.743465e-01,2.212222e-01,5.621640e-01,5.476074e-01,2.062011,22.3241
0.0820333,2.515000e+01,-5.111786e+00,8.743465e-01,2.206119e-01,5.627901e-01,5.454892e-01,2.062849,22.6256
0.0820667,2.515000e+01,-5.111724e+00,8.743465e-01,2.205719e-01,5.627352e-01,5.454437e-01,2.063689,22.9279
0.0821,2.515000e+01,-5.111687e+00,8.743465e-01,2.208103e-01,5.624273e-01,5.463319e-01,2.064526,23.2294
0.0821333,2.515000e+01,-5.111668e+00,8.743465e-01,2.210433e-01,5.623405e-01,5.469930e-01,2.065363,23.5308
0.0821667,2.515000e+01,-5.111648e+00,8.743465e-01,2.211544e-01,5.629305e-01,5.466943e-01,2.066203,23.8332
0.0822,2.515000e+01,-5.111621e+00,8.743465e-01,2.208470e-01,5.629307e-01,5.459341e-01,2.067041,24.1347
0.0822333,2.515000e+01,-5.111589e+00,8.743465e-01,2.207331e-01,5.631129e-01,5.454760e-01,2.067878,24.4361
0.0822667,2.515000e+01,-5.111574e+00,8.743465e-01,2.206858e-01,5.624706e-01,5.459819e-01,2.068718,24.7385
0.0823,2.515000e+01,-5.111606e+00,8.743465e-01,2.213125e-01,5.616557e-01,5.483268e-01,2.069555,25.0399
0.0823333,2.515000e+01,-5.111654e+00,8.743465e-01,2.214453e-01,5.615512e-01,5.487579e-01,2.070393,25.3414
0.0823667,2.515000e+01,-5.111661e+00,8.743465e-01,2.209276e-01,5.629060e-01,5.461573e-01,2.071233,25.6438
0.0824,2.515000e+01,-5.111623e+00,8.743465e-01,2.202152e-01,5.639582e-01,5.433806e-01,2.072070,25.9452
0.0824333,2.515000e+01,-5.111608e+00,8.743465e-01,2.203930e-01,5.635558e-01,5.442076e-01,2.072907,26.2467
0.0824667,2.515000e+01,-5.111628e+00,8.743465e-01,2.208503e-01,5.630854e-01,5.457923e-01,2.073747,26.5490
0.0825,2.515000e+01,-5.111670e+00,8.743465e-01,2.211294e-01,5.627384e-01,5.468191e-01,2.074585,26.8505
0.0825333,2.515000e+01,-5.111719e+00,8.743465e-01,2.211954e-01,5.625571e-01,5.471584e-01,2.075422,27.1519
0.0825667,2.515000e+01,-5.111749e+00,8.743465e-01,2.209879e-01,5.630591e-01,5.461578e-01,2.076262,27.4543
0.0826,2.515000e+01,-5.111776e+00,8.743465e-01,2.210988e-01,5.636193e-01,5.458887e-01,2.077099,27.7558
0.0826333,2.515000e+01,-5.111810e+00,8.743465e-01,2.211878e-01,5.634974e-01,5.462267e-01,2.077937,28.0572
0.0826667,2.515000e+01,-5.111856e+00,8.743465e-01,2.211794e-01,5.627925e-01,5.468902e-01,2.078777,28.3596
0.0827,2.515000e+01,-5.111891e+00,8.743465e-01,2.208155e-01,5.625818e-01,5.461949e-01,2.079614,28.6610
0.0827333,2.515000e+01,-5.111898e+00,8.743465e-01,2.205922e-01,5.632884e-01,5.449580e-01,2.080451,28.9625
0.0827667,2.515000e+01,-5.111895e+00,8.743465e-01,2.207508e-01,5.638075e-01,5.448476e-01,2.081291,29.2648
0.0828,2.515000e+01,-5.111900e+00,8.743465e-01,2.210418e-01,5.638398e-01,5.455348e-01,2.082129,29.5663
0.0828333,2.515000e+01,-5.111922e+00,8.743465e-01,2.213521e-01,5.637917e-01,5.463471e-01,2.082966,29.8678
0.0828667,2.515000e+01,-5.111965e+00,8.743465e-01,2.215879e-01,5.633504e-01,5.473577e-01,2.083806,30.1701
0.0829,2.515000e+01,-5.112020e+00,8.743465e-01,2.216112e-01,5.629063e-01,5.478470e-01,2.084643,30.4716
0.0829333,2.515000e+01,-5.112061e+00,8.743465e-01,2.212570e-01,5.630002e-01,5.468801e-01,2.085481,30.7730
0.0829667,2.515000e+01,-5.112078e+00,8.743465e-01,2.209161e-01,5.637425e-01,5.453186e-01,2.086321,31.0754
0.083,2.515000e+01,-5.112086e+00,8.743465e-01,2.208218e-01,5.641923e-01,5.446511e-01,2.087158,31.3769
0.0830333,2.515000e+01,-5.112110e+00,8.743465e-01,2.210394e-01,5.637732e-01,5.455933e-01,2.087995,31.6783
0.0830667,2.515000e+01,-5.112114e+00,8.743465e-01,2.206482e-01,5.638511e-01,5.445523e-01,2.088835,31.9807
0.0831,2.515000e+01,-5.112110e+00,8.743465e-01,2.204223e-01,5.638857e-01,5.439614e-01,2.089673,32.2821
0.0831333,2.515000e+01,-5.112142e+00,8.743465e-01,2.212503e-01,5.638528e-01,5.460367e-01,2.090510,32.5836
0.0831667,2.515000e+01,-5.112192e+00,8.743465e-01,2.213565e-01,5.633048e-01,5.468303e-01,2.091350,32.8859
0.0832,2.515000e+01,-5.112218e+00,8.743465e-01,2.208041e-01,5.635251e-01,5.452523e-01,2.092187,33.1874
0.0832333,2.515000e+01,-5.112225e+00,8.743465e-01,2.205560e-01,5.638951e-01,5.442824e-01,2.093025,33.4889
0.0832667,2.515000e+01,-5.112274e+00,8.743465e-01,2.214029e-01,5.634991e-01,5.467564e-01,2.093864,33.7912
0.0833,2.515000e+01,-5.112341e+00,8.743465e-01,2.217923e-01,5.635328e-01,5.476850e-01,2.094702,34.0927
0.0833333,2.515000e+01,-5.112382e+00,8.743465e-01,2.213340e-01,5.640638e-01,5.460389e-01,2.095539,34.3941
0.0833667,2.515000e+01,-5.112395e+00,8.743465e-01,2.206315e-01,5.640735e-01,5.442964e-01,2.096379,34.6965
0.0834,2.515000e+01,-5.112422e+00,8.743465e-01,2.208309e-01,5.638064e-01,5.450465e-01,2.097217,34.9979
0.0834333,2.515000e+01,-5.112464e+00,8.743465e-01,2.210005e-01,5.633352e-01,5.459212e-01,2.098054,35.2994
0.0834667,2.515000e+01,-5.112505e+00,8.743465e-01,2.211491e-01,5.637535e-01,5.458831e-01,2.098894,35.6018
0.0835,2.515000e+01,-5.112573e+00,8.743465e-01,2.216233e-01,5.636320e-01,5.471715e-01,2.099731,35.9032
0.0835333,2.515000e+01,-5.112646e+00,8.743465e-01,2.216482e-01,5.634918e-01,5.473692e-01,2.100569,36.2047
0.0835667,2.515000e+01,-5.112672e+00,8.743465e-01,2.205212e-01,5.638116e-01,5.442772e-01,2.101408,36.5070
0.0836,2.515000e+01,-5.112686e+00,8.743465e-01,2.201498e-01,5.637785e-01,5.433923e-01,2.102246,36.8085
0.0836333,2.515000e+01,-5.112720e+00,8.743465e-01,2.205460e-01,5.636753e-01,5.444699e-01,2.103083,37.1099
0.0836667,2.515000e+01,-5.112781e+00,8.743465e-01,2.211884e-01,5.636832e-01,5.460482e-01,2.103923,37.4123
0.0837,2.515000e+01,-5.112842e+00,8.743465e-01,2.211477e-01,5.636960e-01,5.459354e-01,2.104760,37.7138
0.0837333,2.515000e+01,-5.112864e+00,8.743465e-01,2.203932e-01,5.641120e-01,5.436714e-01,2.105598,38.0152
0.0837667,2.515000e+01,-5.112904e+00,8.743465e-01,2.206052e-01,5.636691e-01,5.446220e-01,2.106438,38.3176
0.0838,2.515000e+01,-5.112968e+00,8.743465e-01,2.210150e-01,5.634259e-01,5.458693e-01,2.107275,38.6190
0.0838333,2.515000e+01,-5.113047e+00,8.743465e-01,2.212001e-01,5.631483e-01,5.465957e-01,2.108112,38.9205
0.0838667,2.515000e+01,-5.113122e+00,8.743465e-01,2.211274e-01,5.632089e-01,5.463572e-01,2.108952,39.2229
0.0839,2.515000e+01,-5.113181e+00,8.743465e-01,2.208596e-01,5.634137e-01,5.454973e-01,2.109790,39.5243
0.0839333,2.515000e+01,-5.113202e+00,8.743465e-01,2.202184e-01,5.639263e-01,5.434191e-01,2.110627,39.8258
0.0839667,2.515000e+01,-5.113236e+00,8.743465e-01,2.204167e-01,5.635355e-01,5.442857e-01,2.111467,40.1281
0.084,2.515000e+01,-5.113283e+00,8.743465e-01,2.206641e-01,5.633383e-01,5.450873e-01,2.112304,40.4296
0.0840323,2.515000e+01,-5.113351e+00,8.743465e-01,2.210692e-01,5.637139e-01,5.457241e-01,2.113117,40.7220
0.0840645,2.515000e+01,-5.113414e+00,8.743465e-01,2.209872e-01,5.635387e-01,5.456915e-01,2.113926,41.0135
0.0840968,2.515000e+01,-5.113457e+00,8.743465e-01,2.205999e-01,5.636496e-01,5.446278e-01,2.114739,41.3059
0.084129,2.515000e+01,-5.113504e+00,8.743465e-01,2.207885e-01,5.634918e-01,5.452460e-01,2.115548,41.5974
0.0841613,2.515000e+01,-5.113553e+00,8.743465e-01,2.207095e-01,5.632176e-01,5.453166e-01,2.116361,41.8898
0.0841935,2.515000e+01,-5.113610e+00,8.743465e-01,2.207092e-01,5.627783e-01,5.457414e-01,2.117170,42.1813
0.0842258,2.515000e+01,-5.113664e+00,8.743465e-01,2.206448e-01,5.628855e-01,5.454782e-01,2.117982,42.4737
0.0842581,2.515000e+01,-5.113673e+00,8.743465e-01,2.197187e-01,5.633106e-01,5.427788e-01,2.118795,42.7661
0.0842903,2.515000e+01,-5.113674e+00,8.743465e-01,2.196377e-01,5.634643e-01,5.424306e-01,2.119604,43.0576
0.0843226,2.515000e+01,-5.113696e+00,8.743465e-01,2.200502e-01,5.633687e-01,5.435416e-01,2.120417,43.3500
0.0843548,2.515000e+01,-5.113741e+00,8.743465e-01,2.204444e-01,5.629491e-01,5.449211e-01,2.121226,43.6415
0.0843871,2.515000e+01,-5.113797e+00,8.743465e-01,2.207673e-01,5.628745e-01,5.457916e-01,2.122039,43.9339
0.0844194,2.515000e+01,-5.113841e+00,8.743465e-01,2.205627e-01,5.629551e-01,5.452077e-01,2.122851,44.2263
0.0844516,2.515000e+01,-5.113878e+00,8.743465e-01,2.203003e-01,5.628101e-01,5.446994e-01,2.123661,44.5178
0.0844839,2.515000e+01,-5.113924e+00,8.743465e-01,2.205383e-01,5.627896e-01,5.453076e-01,2.124473,44.8102
0.0845161,2.515000e+01,-5.113955e+00,8.743465e-01,2.201879e-01,5.630149e-01,5.442234e-01,2.125283,45.1017
0.0845484,2.515000e+01,-5.113998e+00,8.743465e-01,2.201701e-01,5.624867e-01,5.446904e-01,2.126095,45.3941
0.0845806,2.515000e+01,-5.114045e+00,8.743465e-01,2.203699e-01,5.627035e-01,5.449747e-01,2.126904,45.6856
0.0846129,2.515000e+01,-5.114082e+00,8.743465e-01,2.199488e-01,5.624324e-01,5.441955e-01,2.127717,45.9780
0.0846452,2.515000e+01,-5.114111e+00,8.743465e-01,2.197890e-01,5.624330e-01,5.437996e-01,2.128529,46.2704
0.0846774,2.515000e+01,-5.114143e+00,8.743465e-01,2.198410e-01,5.622385e-01,5.441164e-01,2.129339,46.5619
0.0847097,2.515000e+01,-5.114197e+00,8.743465e-01,2.205441e-01,5.623672e-01,5.457316e-01,2.130151,46.8543
0.0847419,2.515000e+01,-5.114240e+00,8.743465e-01,2.206364e-01,5.629366e-01,5.454080e-01,2.130961,47.1458
0.0847742,2.515000e+01,-5.114261e+00,8.743465e-01,2.199845e-01,5.625666e-01,5.441540e-01,2.131773,47.4382
0.0848065,2.515000e+01,-5.114288e+00,8.743465e-01,2.200456e-01,5.621223e-01,5.447354e-01,2.132585,47.7306
0.0848387,2.515000e+01,-5.114307e+00,8.743465e-01,2.196681e-01,5.617448e-01,5.441661e-01,2.133395,48.0221
0.084871,2.515000e+01,-5.114340e+00,8.743465e-01,2.200535e-01,5.616734e-01,5.451902e-01,2.134207,48.3145
0.0849032,2.515000e+01,-5.114349e+00,8.743465e-01,2.199121e-01,5.624101e-01,5.441262e-01,2.135017,48.6060
0.0849355,2.515000e+01,-5.114360e+00,8.743465e-01,2.200169e-01,5.624069e-01,5.443887e-01,2.135829,48.8984
0.0849677,2.515000e+01,-5.114373e+00,8.743465e-01,2.199989e-01,5.620669e-01,5.446734e-01,2.136639,49.1899
0.085,2.515000e+01,-5.114375e+00,8.743465e-01,2.195924e-01,5.615928e-01,5.441262e-01,2.137451,49.4823
0.0850323,2.515000e+01,-5.114379e+00,8.743465e-01,2.197242e-01,5.613902e-01,5.446491e-01,2.138263,49.7747
0.0850645,2.515000e+01,-5.114386e+00,8.743465e-01,2.201964e-01,5.618993e-01,5.453251e-01,2.139073,50.0662
0.0850968,2.515000e+01,-5.114384e+00,8.743465e-01,2.202079e-01,5.620465e-01,5.452107e-01,2.139885,50.3586
0.085129,2.515000e+01,-5.114339e+00,8.743465e-01,2.193209e-01,5.621193e-01,5.429442e-01,2.140695,50.6501
0.0851613,2.515000e+01,-5.114294e+00,8.743465e-01,2.190478e-01,5.613094e-01,5.430505e-01,2.141507,50.9425
0.0851935,2.515000e+01,-5.114258e+00,8.743465e-01,2.191008e-01,5.606518e-01,5.438191e-01,2.142317,51.2340
0.0852258,2.515000e+01,-5.114231e+00,8.743465e-01,2.196099e-01,5.609145e-01,5.448274e-01,2.143129,51.5264
0.0852581,2.515000e+01,-5.114187e+00,8.743465e-01,2.195120e-01,5.614545e-01,5.440607e-01,2.143941,51.8188
0.0852903,2.515000e+01,-5.114156e+00,8.743465e-01,2.200845e-01,5.616355e-01,5.453039e-01,2.144751,52.1103
0.0853226,2.515000e+01,-5.114118e+00,8.743465e-01,2.199644e-01,5.614314e-01,5.452043e-01,2.145563,52.4027
0.0853548,2.515000e+01,-5.114070e+00,8.743465e-01,2.194732e-01,5.607189e-01,5.446782e-01,2.146373,52.6942
0.0853871,2.515000e+01,-5.114017e+00,8.743465e-01,2.194775e-01,5.606389e-01,5.447665e-01,2.147185,52.9866
0.0854194,2.515000e+01,-5.113959e+00,8.743465e-01,2.196020e-01,5.609405e-01,5.447824e-01,2.147997,53.2790
0.0854516,2.515000e+01,-5.113907e+00,8.743465e-01,2.197754e-01,5.609679e-01,5.451860e-01,2.148807,53.5705
0.0854839,2.515000e+01,-5.113835e+00,8.743465e-01,2.193617e-01,5.608822e-01,5.442430e-01,2.149619,53.8629
0.0855161,2.515000e+01,-5.113754e+00,8.743465e-01,2.189157e-01,5.603338e-01,5.436681e-01,2.150429,54.1544
0.0855484,2.515000e+01,-5.113679e+00,8.743465e-01,2.191173e-01,5.602762e-01,5.442246e-01,2.151241,54.4468
0.0855806,2.515000e+01,-5.113599e+00,8.743465e-01,2.192179e-01,5.605718e-01,5.441872e-01,2.152051,54.7383
0.0856129,2.515000e+01,-5.113527e+00,8.743465e-01,2.192839e-01,5.603189e-01,5.445970e-01,2.152863,55.0307
0.0856452,2.515000e+01,-5.113455e+00,8.743465e-01,2.193725e-01,5.603402e-01,5.447961e-01,2.153675,55.3231
0.0856774,2.515000e+01,-5.113382e+00,8.743465e-01,2.193001e-01,5.602201e-01,5.447333e-01,2.154485,55.6146
0.0857097,2.515000e+01,-5.113296e+00,8.743465e-01,2.189862e-01,5.601545e-01,5.440173e-01,2.155297,55.9070
0.0857419,2.515000e+01,-5.113195e+00,8.743465e-01,2.185737e-01,5.599918e-01,5.431502e-01,2.156107,56.1985
0.0857742,2.515000e+01,-5.113097e+00,8.743465e-01,2.187363e-01,5.599821e-01,5.435638e-01,2.156919,56.4909
0.0858065,2.515000e+01,-5.113008e+00,8.743465e-01,2.191785e-01,5.601998e-01,5.444508e-01,2.157732,56.7833
0.0858387,2.515000e+01,-5.112916e+00,8.743465e-01,2.187976e-01,5.595398e-01,5.441458e-01,2.158541,57.0748
0.085871,2.515000e+01,-5.112832e+00,8.743465e-01,2.188645e-01,5.591030e-01,5.447374e-01,2.159353,57.3672
0.0859032,2.515000e+01,-5.112745e+00,8.743465e-01,2.190347e-01,5.594539e-01,5.448189e-01,2.160163,57.6587
0.0859355,2.515000e+01,-5.112651e+00,8.743465e-01,2.191476e-01,5.600369e-01,5.445324e-01,2.160975,57.9512
0.0859677,2.515000e+01,-5.112564e+00,8.743465e-01,2.192829e-01,5.599492e-01,5.449541e-01,2.161785,58.2426
0.086,2.515000e+01,-5.112472e+00,8.743465e-01,2.190736e-01,5.596061e-01,5.447677e-01,2.162597,58.5351
0.0860323,2.515000e+01,-5.112389e+00,8.743465e-01,2.191686e-01,5.592211e-01,5.453791e-01,2.163410,58.8275
0.0860645,2.515000e+01,-5.112298e+00,8.743465e-01,2.189656e-01,5.592223e-01,5.448729e-01,2.164219,59.1190
0.0860968,2.515000e+01,-5.112191e+00,8.743465e-01,2.183316e-01,5.588305e-01,5.436761e-01,2.165032,59.4114
0.086129,2.515000e+01,-5.112096e+00,8.743465e-01,2.185012e-01,5.586292e-01,5.442945e-01,2.165841,59.7029
0.0861613,2.515000e+01,-5.111997e+00,8.743465e-01,2.184744e-01,5.588274e-01,5.440346e-01,2.166653,59.9953
0.0861935,2.515000e+01,-5.111905e+00,8.743465e-01,2.188670e-01,5.591145e-01,5.447324e-01,2.167463,60.2868
0.0862258,2.515000e+01,-5.111814e+00,8.743465e-01,2.189042e-01,5.592657e-01,5.446779e-01,2.168275,60.5792
0.0862581,2.515000e+01,-5.111724e+00,8.743465e-01,2.188736e-01,5.591902e-01,5.446750e-01,2.169088,60.8716
0.0862903,2.515000e+01,-5.111644e+00,8.743465e-01,2.188855e-01,5.587656e-01,5.451185e-01,2.169897,61.1631
0.0863226,2.515000e+01,-5.111550e+00,8.743465e-01,2.182625e-01,5.583996e-01,5.439234e-01,2.170710,61.4555
0.0863548,2.515000e+01,-5.111458e+00,8.743465e-01,2.182039e-01,5.582416e-01,5.439312e-01,2.171519,61.7470
0.0863871,2.515000e+01,-5.111366e+00,8.743465e-01,2.182943e-01,5.584791e-01,5.439252e-01,2.172332,62.0394
0.0864194,2.515000e+01,-5.111278e+00,8.743465e-01,2.186118e-01,5.589731e-01,5.442348e-01,2.173144,62.3318
0.0864516,2.515000e+01,-5.111195e+00,8.743465e-01,2.187054e-01,5.589739e-01,5.444672e-01,2.173954,62.6233
0.0864839,2.515000e+01,-5.111123e+00,8.743465e-01,2.188321e-01,5.590497e-01,5.447088e-01,2.174766,62.9157
0.0865161,2.515000e+01,-5.111063e+00,8.743465e-01,2.186627e-01,5.581919e-01,5.451236e-01,2.175575,63.2072
0.0865484,2.515000e+01,-5.111004e+00,8.743465e-01,2.187224e-01,5.582366e-01,5.452287e-01,2.176388,63.4996
0.0865806,2.515000e+01,-5.110946e+00,8.743465e-01,2.186774e-01,5.583435e-01,5.450120e-01,2.177197,63.7911
0.0866129,2.515000e+01,-5.110892e+00,8.743465e-01,2.189142e-01,5.586457e-01,5.453071e-01,2.178010,64.0835
0.0866452,2.515000e+01,-5.110839e+00,8.743465e-01,2.189174e-01,5.588259e-01,5.451393e-01,2.178822,64.3759
0.0866774,2.515000e+01,-5.110792e+00,8.743465e-01,2.185508e-01,5.579984e-01,5.450334e-01,2.179632,64.6674
0.0867097,2.515000e+01,-5.110764e+00,8.743465e-01,2.183832e-01,5.570714e-01,5.455218e-01,2.180444,64.9598
0.0867419,2.515000e+01,-5.110726e+00,8.743465e-01,2.181542e-01,5.573802e-01,5.446477e-01,2.181254,65.2513
0.0867742,2.515000e+01,-5.110687e+00,8.743465e-01,2.184529e-01,5.581022e-01,5.446880e-01,2.182066,65.5437
0.0868065,2.515000e+01,-5.110644e+00,8.743465e-01,2.185538e-01,5.586930e-01,5.443633e-01,2.182878,65.8361
0.0868387,2.515000e+01,-5.110619e+00,8.743465e-01,2.187006e-01,5.583626e-01,5.450514e-01,2.183688,66.1276
0.086871,2.515000e+01,-5.110606e+00,8.743465e-01,2.188986e-01,5.582926e-01,5.456132e-01,2.184500,66.4200
0.0869032,2.515000e+01,-5.110598e+00,8.743465e-01,2.186617e-01,5.578026e-01,5.455015e-01,2.185310,66.7115
0.0869355,2.515000e+01,-5.110587e+00,8.743465e-01,2.185155e-01,5.577939e-01,5.451451e-01,2.186122,67.0039
0.0869677,2.515000e+01,-5.110569e+00,8.743465e-01,2.183576e-01,5.580518e-01,5.444996e-01,2.186932,67.2954
0.087,2.515000e+01,-5.110561e+00,8.743465e-01,2.184998e-01,5.580971e-01,5.448099e-01,2.187744,67.5878
0.0870323,2.515000e+01,-5.110558e+00,8.743465e-01,2.185020e-01,5.580086e-01,5.449018e-01,2.188556,67.8802
0.0870645,2.515000e+01,-5.110562e+00,8.743465e-01,2.182984e-01,5.575353e-01,5.448563e-01,2.189366,68.1717
0.0870968,2.515000e+01,-5.110561e+00,8.743465e-01,2.181696e-01,5.576637e-01,5.444091e-01,2.190178,68.4641
0.087129,2.515000e+01,-5.110559e+00,8.743465e-01,2.184061e-01,5.582430e-01,5.444339e-01,2.190988,68.7556
0.0871613,2.515000e+01,-5.110567e+00,8.743465e-01,2.187860e-01,5.586460e-01,5.449876e-01,2.191800,69.0480
0.0871935,2.515000e+01,-5.110589e+00,8.743465e-01,2.187980e-01,5.581280e-01,5.455232e-01,2.192610,69.3395
0.0872258,2.515000e+01,-5.110619e+00,8.743465e-01,2.189617e-01,5.582720e-01,5.457905e-01,2.193422,69.6319
0.0872581,2.515000e+01,-5.110661e+00,8.743465e-01,2.188761e-01,5.576909e-01,5.461456e-01,2.194234,69.9243
0.0872903,2.515000e+01,-5.110708e+00,8.743465e-01,2.186060e-01,5.572944e-01,5.458597e-01,2.195044,70.2158
0.0873226,2.515000e+01,-5.110767e+00,8.743465e-01,2.184837e-01,5.568553e-01,5.459846e-01,2.195856,70.5082
0.0873548,2.515000e+01,-5.110820e+00,8.743465e-01,2.184120e-01,5.571693e-01,5.454977e-01,2.196666,70.7997
0.0873871,2.515000e+01,-5.110875e+00,8.743465e-01,2.186177e-01,5.575405e-01,5.456479e-01,2.197478,71.0921
0.0874194,2.515000e+01,-5.110923e+00,8.743465e-01,2.186742e-01,5.581143e-01,5.452280e-01,2.198290,71.3845
0.0874516,2.515000e+01,-5.110969e+00,8.743465e-01,2.186614e-01,5.582601e-01,5.450535e-01,2.199100,71.6760
0.0874839,2.515000e+01,-5.111013e+00,8.743465e-01,2.186004e-01,5.582317e-01,5.449294e-01,2.199912,71.9684
0.0875161,2.515000e+01,-5.111082e+00,8.743465e-01,2.187310e-01,5.573541e-01,5.461132e-01,2.200722,72.2599
0.0875484,2.515000e+01,-5.111157e+00,8.743465e-01,2.189217e-01,5.573630e-01,5.465808e-01,2.201534,72.5523
0.0875806,2.515000e+01,-5.111219e+00,8.743465e-01,2.186426e-01,5.574547e-01,5.457941e-01,2.202344,72.8438
0.0876129,2.515000e+01,-5.111268e+00,8.743465e-01,2.184518e-01,5.577742e-01,5.450055e-01,2.203156,73.1362
0.0876452,2.515000e+01,-5.111310e+00,8.743465e-01,2.182973e-01,5.579196e-01,5.444782e-01,2.203968,73.4286
0.0876774,2.515000e+01,-5.111363e+00,8.743465e-01,2.184140e-01,5.578283e-01,5.448583e-01,2.204778,73.7201
0.0877097,2.515000e+01,-5.111433e+00,8.743465e-01,2.186923e-01,5.575682e-01,5.458071e-01,2.205590,74.0125
0.0877419,2.515000e+01,-5.111491e+00,8.743465e-01,2.187210e-01,5.582286e-01,5.452329e-01,2.206400,74.3040
0.0877742,2.515000e+01,-5.111549e+00,8.743465e-01,2.186977e-01,5.583031e-01,5.451020e-01,2.207212,74.5964
0.0878065,2.515000e+01,-5.111607e+00,8.743465e-01,2.188761e-01,5.585728e-01,5.452833e-01,2.208024,74.8888
0.0878387,2.515000e+01,-5.111672e+00,8.743465e-01,2.187520e-01,5.579719e-01,5.455611e-01,2.208834,75.1803
0.087871,2.515000e+01,-5.111761e+00,8.743465e-01,2.188847e-01,5.569371e-01,5.469065e-01,2.209646,75.4727
0.0879032,2.515000e+01,-5.111853e+00,8.743465e-01,2.189089e-01,5.568582e-01,5.470445e-01,2.210456,75.7642
0.0879355,2.515000e+01,-5.111933e+00,8.743465e-01,2.188670e-01,5.573441e-01,5.464627e-01,2.211268,76.0566
0.0879677,2.515000e+01,-5.111989e+00,8.743465e-01,2.186709e-01,5.580388e-01,5.452933e-01,2.212078,76.3481
0.088,2.515000e+01,-5.112036e+00,8.743465e-01,2.185930e-01,5.581648e-01,5.449763e-01,2.212890,76.6405
0.0880323,2.515000e+01,-5.112102e+00,8.743465e-01,2.190317e-01,5.580658e-01,5.461668e-01,2.213703,76.9329
0.0880645,2.515000e+01,-5.112164e+00,8.743465e-01,2.190320e-01,5.582191e-01,5.460175e-01,2.214512,77.2244
0.0880968,2.515000e+01,-5.112223e+00,8.743465e-01,2.189005e-01,5.577925e-01,5.461071e-01,2.215325,77.5168
0.088129,2.515000e+01,-5.112274e+00,8.743465e-01,2.188799e-01,5.579708e-01,5.458812e-01,2.216134,77.8083
0.0881613,2.515000e+01,-5.112326e+00,8.743465e-01,2.191933e-01,5.581411e-01,5.464958e-01,2.216946,78.1007
0.0881935,2.515000e+01,-5.112379e+00,8.743465e-01,2.192091e-01,5.578100e-01,5.468599e-01,2.217756,78.3922
0.0882258,2.515000e+01,-5.112434e+00,8.743465e-01,2.189860e-01,5.571262e-01,5.469737e-01,2.218568,78.6846
0.0882581,2.515000e+01,-5.112471e+00,8.743465e-01,2.187178e-01,5.574346e-01,5.460016e-01,2.219381,78.9770
0.0882903,2.515000e+01,-5.112494e+00,8.743465e-01,2.187947e-01,5.581311e-01,5.455121e-01,2.220190,79.2685
0.0883226,2.515000e+01,-5.112489e+00,8.743465e-01,2.185194e-01,5.587875e-01,5.441856e-01,2.221003,79.5609
0.0883548,2.515000e+01,-5.112485e+00,8.743465e-01,2.185380e-01,5.586516e-01,5.443642e-01,2.221812,79.8524
0.0883871,2.515000e+01,-5.112512e+00,8.743465e-01,2.191756e-01,5.582546e-01,5.463407e-01,2.222625,80.1448
0.0884194,2.515000e+01,-5.112536e+00,8.743465e-01,2.194692e-01,5.588784e-01,5.464621e-01,2.223437,80.4372
0.0884516,2.515000e+01,-5.112572e+00,8.743465e-01,2.194651e-01,5.580478e-01,5.472650e-01,2.224246,80.7287
0.0884839,2.515000e+01,-5.112598e+00,8.743465e-01,2.192356e-01,5.580569e-01,5.466838e-01,2.225059,81.0211
0.0885161,2.515000e+01,-5.112630e+00,8.743465e-01,2.195137e-01,5.581345e-01,5.473011e-01,2.225868,81.3126
0.0885484,2.515000e+01,-5.112659e+00,8.743465e-01,2.194870e-01,5.582676e-01,5.471043e-01,2.226681,81.6050
0.0885806,2.515000e+01,-5.112686e+00,8.743465e-01,2.192449e-01,5.578990e-01,5.468618e-01,2.227490,81.8965
0.0886129,2.515000e+01,-5.112686e+00,8.743465e-01,2.189058e-01,5.587496e-01,5.451847e-01,2.228303,82.1889
0.0886452,2.515000e+01,-5.112682e+00,8.743465e-01,2.191096e-01,5.592504e-01,5.452039e-01,2.229115,82.4813
0.0886774,2.515000e+01,-5.112689e+00,8.743465e-01,2.193946e-01,5.591868e-01,5.459750e-01,2.229925,82.7728
0.0887097,2.515000e+01,-5.112729e+00,8.743465e-01,2.199043e-01,5.586054e-01,5.478130e-01,2.230737,83.0652
0.0887419,2.515000e+01,-5.112754e+00,8.743465e-01,2.196963e-01,5.591370e-01,5.467744e-01,2.231547,83.3567
0.0887742,2.515000e+01,-5.112750e+00,8.743465e-01,2.193136e-01,5.598359e-01,5.451406e-01,2.232359,83.6491
0.0888065,2.515000e+01,-5.112779e+00,8.743465e-01,2.195082e-01,5.585395e-01,5.468906e-01,2.233171,83.9415
0.0888387,2.515000e+01,-5.112811e+00,8.743465e-01,2.196228e-01,5.583480e-01,5.473638e-01,2.233981,84.2330
0.088871,2.515000e+01,-5.112847e+00,8.743465e-01,2.200179e-01,5.587958e-01,5.479091e-01,2.234793,84.5254
0.0889032,2.515000e+01,-5.112867e+00,8.743465e-01,2.199129e-01,5.594745e-01,5.469833e-01,2.235603,84.8169
0.0889355,2.515000e+01,-5.112881e+00,8.743465e-01,2.194580e-01,5.588512e-01,5.464607e-01,2.236415,85.1094
0.0889677,2.515000e+01,-5.112879e+00,8.743465e-01,2.192356e-01,5.591798e-01,5.455860e-01,2.237225,85.4008
0.089,2.515000e+01,-5.112855e+00,8.743465e-01,2.190862e-01,5.599391e-01,5.444750e-01,2.238037,85.6933
0.0890333,2.515000e+01,-5.112845e+00,8.743465e-01,2.197342e-01,5.595887e-01,5.464273e-01,2.238874,85.9947
0.0890667,2.515000e+01,-5.112882e+00,8.743465e-01,2.206080e-01,5.591591e-01,5.490218e-01,2.239714,86.2971
0.0891,2.515000e+01,-5.112917e+00,8.743465e-01,2.206592e-01,5.594046e-01,5.489083e-01,2.240551,86.5985
0.0891333,2.515000e+01,-5.112895e+00,8.743465e-01,2.196191e-01,5.601018e-01,5.456410e-01,2.241389,86.9000
0.0891667,2.515000e+01,-5.112875e+00,8.743465e-01,2.191799e-01,5.591095e-01,5.455160e-01,2.242229,87.2023
0.0892,2.515000e+01,-5.112874e+00,8.743465e-01,2.195999e-01,5.588824e-01,5.467836e-01,2.243066,87.5038
0.0892333,2.515000e+01,-5.112906e+00,8.743465e-01,2.205304e-01,5.591125e-01,5.488744e-01,2.243903,87.8053
0.0892667,2.515000e+01,-5.112911e+00,8.743465e-01,2.203470e-01,5.601721e-01,5.473806e-01,2.244743,88.1076
0.0893,2.515000e+01,-5.112891e+00,8.743465e-01,2.199765e-01,5.607220e-01,5.459242e-01,2.245581,88.4091
0.0893333,2.515000e+01,-5.112869e+00,8.743465e-01,2.198943e-01,5.606978e-01,5.457438e-01,2.246418,88.7105
0.0893667,2.515000e+01,-5.112854e+00,8.743465e-01,2.200159e-01,5.607515e-01,5.459933e-01,2.247258,89.0129
0.0894,2.515000e+01,-5.112897e+00,8.743465e-01,2.205458e-01,5.589087e-01,5.491129e-01,2.248095,89.3143
0.0894333,2.515000e+01,-5.112956e+00,8.743465e-01,2.209099e-01,5.587883e-01,5.501380e-01,2.248933,89.6158
0.0894667,2.515000e+01,-5.112996e+00,8.743465e-01,2.208602e-01,5.596553e-01,5.491621e-01,2.249773,89.9182
0.0895,2.515000e+01,-5.112968e+00,8.743465e-01,2.197073e-01,5.606761e-01,5.453008e-01,2.250610,90.2196
0.0895333,2.515000e+01,-5.112927e+00,8.743465e-01,2.189936e-01,5.600160e-01,5.441701e-01,2.251447,90.5211
0.0895667,2.515000e+01,-5.112908e+00,8.743465e-01,2.193795e-01,5.597320e-01,5.454057e-01,2.252287,90.8234
0.0896,2.515000e+01,-5.112924e+00,8.743465e-01,2.206231e-01,5.605152e-01,5.477309e-01,2.253125,91.1249
0.0896333,2.515000e+01,-5.112942e+00,8.743465e-01,2.208113e-01,5.606386e-01,5.480775e-01,2.253962,91.4263
0.0896667,2.515000e+01,-5.112933e+00,8.743465e-01,2.202928e-01,5.607437e-01,5.466882e-01,2.254802,91.7287
0.0897,2.515000e+01,-5.112912e+00,8.743465e-01,2.200487e-01,5.608323e-01,5.459960e-01,2.255639,92.0302
0.0897333,2.515000e+01,-5.112911e+00,8.743465e-01,2.201980e-01,5.603597e-01,5.468273e-01,2.256477,92.3316
0.0897667,2.515000e+01,-5.112947e+00,8.743465e-01,2.207083e-01,5.595217e-01,5.489154e-01,2.257317,92.6340
0.0898,2.515000e+01,-5.112979e+00,8.743465e-01,2.207809e-01,5.597795e-01,5.488431e-01,2.258154,92.9354
0.0898333,2.515000e+01,-5.112987e+00,8.743465e-01,2.206038e-01,5.605101e-01,5.476880e-01,2.258991,93.2369
0.0898667,2.515000e+01,-5.112961e+00,8.743465e-01,2.200795e-01,5.611384e-01,5.457745e-01,2.259831,93.5393
0.0899,2.515000e+01,-5.112940e+00,8.743465e-01,2.200809e-01,5.609730e-01,5.459390e-01,2.260669,93.8407
0.0899333,2.515000e+01,-5.112914e+00,8.743465e-01,2.200403e-01,5.611679e-01,5.456488e-01,2.261506,94.1422
0.0899667,2.515000e+01,-5.112889e+00,8.743465e-01,2.203428e-01,5.616179e-01,5.459611e-01,2.262346,94.4445
0.09,2.515000e+01,-5.112920e+00,8.743465e-01,2.210459e-01,5.601024e-01,5.491850e-01,2.263183,94.7460
0.0900333,2.515000e+01,-5.112958e+00,8.743465e-01,2.210826e-01,5.597465e-01,5.496255e-01,2.264021,95.0474
0.0900667,2.515000e+01,-5.112966e+00,8.743465e-01,2.207313e-01,5.604908e-01,5.480234e-01,2.264861,95.3498
0.0901,2.515000e+01,-5.112946e+00,8.743465e-01,2.203586e-01,5.612128e-01,5.463943e-01,2.265698,95.6513
0.0901333,2.515000e+01,-5.112935e+00,8.743465e-01,2.203852e-01,5.607444e-01,5.469167e-01,2.266535,95.9527
0.0901667,2.515000e+01,-5.112924e+00,8.743465e-01,2.203067e-01,5.605053e-01,5.469551e-01,2.267375,96.2551
0.0902,2.515000e+01,-5.112886e+00,8.743465e-01,2.202296e-01,5.613093e-01,5.459805e-01,2.268213,96.5565
0.0902333,2.515000e+01,-5.112861e+00,8.743465e-01,2.205010e-01,5.610870e-01,5.468699e-01,2.269050,96.8580
0.0902667,2.515000e+01,-5.112856e+00,8.743465e-01,2.208898e-01,5.608754e-01,5.480408e-01,2.269890,97.1603
0.0903,2.515000e+01,-5.112822e+00,8.743465e-01,2.205611e-01,5.613606e-01,5.467524e-01,2.270727,97.4618
0.0903333,2.515000e+01,-5.112779e+00,8.743465e-01,2.204298e-01,5.613328e-01,5.464540e-01,2.271565,97.7633
0.0903667,2.515000e+01,-5.112752e+00,8.743465e-01,2.206910e-01,5.608367e-01,5.475854e-01,2.272405,98.0656
0.0904,2.515000e+01,-5.112727e+00,8.743465e-01,2.205923e-01,5.605841e-01,5.475871e-01,2.273242,98.3671
0.0904333,2.515000e+01,-5.112695e+00,8.743465e-01,2.207919e-01,5.610148e-01,5.476620e-01,2.274079,98.6685
0.0904667,2.515000e+01,-5.112642e+00,8.743465e-01,2.204714e-01,5.612381e-01,5.466493e-01,2.274919,98.9709
0.0905,2.515000e+01,-5.112580e+00,8.743465e-01,2.204060e-01,5.612693e-01,5.464568e-01,2.275757,99.2724
0.0905333,2.515000e+01,-5.112501e+00,8.743465e-01,2.202240e-01,5.614874e-01,5.457935e-01,2.276594,99.5738
0.0905667,2.515000e+01,-5.112432e+00,8.743465e-01,2.206320e-01,5.615258e-01,5.467674e-01,2.277434,99.8762
0.0906,2.515000e+01,-5.112397e+00,8.743465e-01,2.212504e-01,5.609422e-01,5.488703e-01,2.278271,100.1776
0.0906333,2.515000e+01,-5.112351e+00,8.743465e-01,2.211895e-01,5.613122e-01,5.483575e-01,2.279109,100.4791
0.0906667,2.515000e+01,-5.112282e+00,8.743465e-01,2.208673e-01,5.617123e-01,5.471686e-01,2.279948,100.7814
0.0907,2.515000e+01,-5.112204e+00,8.743465e-01,2.203265e-01,5.610799e-01,5.464441e-01,2.280786,101.0829
0.0907333,2.515000e+01,-5.112138e+00,8.743465e-01,2.204430e-01,5.607130e-01,5.470908e-01,2.281623,101.3844
0.0907667,2.515000e+01,-5.112072e+00,8.743465e-01,2.205859e-01,5.609524e-01,5.472118e-01,2.282463,101.6867
0.0908,2.515000e+01,-5.111991e+00,8.743465e-01,2.207690e-01,5.618230e-01,5.468173e-01,2.283300,101.9882
0.0908333,2.515000e+01,-5.111918e+00,8.743465e-01,2.208769e-01,5.615932e-01,5.473084e-01,2.284138,102.2896
0.0908667,2.515000e+01,-5.111842e+00,8.743465e-01,2.207011e-01,5.613250e-01,5.471343e-01,2.284978,102.5920
0.0909,2.515000e+01,-5.111759e+00,8.743465e-01,2.206162e-01,5.615190e-01,5.467349e-01,2.285815,102.8934
0.0909333,2.515000e+01,-5.111674e+00,8.743465e-01,2.206961e-01,5.616018e-01,5.468522e-01,2.286653,103.1949
0.0909667,2.515000e+01,-5.111590e+00,8.743465e-01,2.207754e-01,5.617076e-01,5.469455e-01,2.287492,103.4973
0.091,2.515000e+01,-5.111497e+00,8.743465e-01,2.205331e-01,5.616741e-01,5.463780e-01,2.288330,103.7987
0.0910333,2.515000e+01,-5.111409e+00,8.743465e-01,2.205679e-01,5.613802e-01,5.467503e-01,2.289167,104.1002
0.0910667,2.515000e+01,-5.111334e+00,8.743465e-01,2.206226e-01,5.606854e-01,5.475634e-01,2.290007,104.4025
0.0911,2.515000e+01,-5.111264e+00,8.743465e-01,2.207672e-01,5.606606e-01,5.479464e-01,2.290844,104.7040
0.0911333,2.515000e+01,-5.111168e+00,8.743465e-01,2.205516e-01,5.614863e-01,5.466064e-01,2.291682,105.0054
0.0911667,2.515000e+01,-5.111054e+00,8.743465e-01,2.205187e-01,5.621663e-01,5.458640e-01,2.292522,105.3078
0.0912,2.515000e+01,-5.110947e+00,8.743465e-01,2.205578e-01,5.619267e-01,5.461933e-01,2.293359,105.6093
0.0912333,2.515000e+01,-5.110846e+00,8.743465e-01,2.206143e-01,5.617247e-01,5.465298e-01,2.294196,105.9107
0.0912667,2.515000e+01,-5.110766e+00,8.743465e-01,2.209272e-01,5.613266e-01,5.476931e-01,2.295036,106.2131
0.0913,2.515000e+01,-5.110700e+00,8.743465e-01,2.210179e-01,5.609570e-01,5.482788e-01,2.295874,106.5145
0.0913333,2.515000e+01,-5.110631e+00,8.743465e-01,2.209969e-01,5.612248e-01,5.479652e-01,2.296711,106.8160
0.0913667,2.515000e+01,-5.110542e+00,8.743465e-01,2.207545e-01,5.618520e-01,5.467534e-01,2.297551,107.1184
0.0914,2.515000e+01,-5.110453e+00,8.743465e-01,2.206300e-01,5.617002e-01,5.465926e-01,2.298388,107.4198
0.0914333,2.515000e+01,-5.110375e+00,8.743465e-01,2.207779e-01,5.615607e-01,5.470948e-01,2.299226,107.7213
0.0914667,2.515000e+01,-5.110291e+00,8.743465e-01,2.205572e-01,5.614821e-01,5.466245e-01,2.300066,108.0236
0.0915,2.515000e+01,-5.110192e+00,8.743465e-01,2.204967e-01,5.621170e-01,5.458573e-01,2.300903,108.3251
0.0915333,2.515000e+01,-5.110092e+00,8.743465e-01,2.205026e-01,5.620897e-01,5.458984e-01,2.301740,108.6265
0.0915667,2.515000e+01,-5.109997e+00,8.743465e-01,2.206275e-01,5.621493e-01,5.461495e-01,2.302580,108.9289
0.0916,2.515000e+01,-5.109919e+00,8.743465e-01,2.207059e-01,5.617793e-01,5.467037e-01,2.303418,109.2304
0.0916333,2.515000e+01,-5.109849e+00,8.743465e-01,2.207126e-01,5.610952e-01,5.473867e-01,2.304255,109.5318
0.0916667,2.515000e+01,-5.109782e+00,8.743465e-01,2.207012e-01,5.610509e-01,5.474017e-01,2.305095,109.8342
0.0917,2.515000e+01,-5.109713e+00,8.743465e-01,2.207566e-01,5.615822e-01,5.470212e-01,2.305932,110.1356
0.0917333,2.515000e+01,-5.109623e+00,8.743465e-01,2.205666e-01,5.624342e-01,5.457223e-01,2.306770,110.4371
0.0917667,2.515000e+01,-5.109536e+00,8.743465e-01,2.205528e-01,5.625509e-01,5.455750e-01,2.307610,110.7394
0.0918,2.515000e+01,-5.109451e+00,8.743465e-01,2.204682e-01,5.626143e-01,5.453041e-01,2.308447,111.0409
0.0918333,2.515000e+01,-5.109370e+00,8.743465e-01,2.204508e-01,5.625675e-01,5.453066e-01,2.309284,111.3424
0.0918667,2.515000e+01,-5.109334e+00,8.743465e-01,2.209739e-01,5.616601e-01,5.474836e-01,2.310124,111.6447
0.0919,2.515000e+01,-5.109328e+00,8.743465e-01,2.213971e-01,5.613163e-01,5.488681e-01,2.310962,111.9462
0.0919333,2.515000e+01,-5.109314e+00,8.743465e-01,2.212644e-01,5.617026e-01,5.481620e-01,2.311799,112.2476
0.0919667,2.515000e+01,-5.109264e+00,8.743465e-01,2.206493e-01,5.626989e-01,5.456701e-01,2.312639,112.5500
0.092,2.515000e+01,-5.109209e+00,8.743465e-01,2.203936e-01,5.627528e-01,5.449857e-01,2.313476,112.8515
0.0920333,2.515000e+01,-5.109184e+00,8.743465e-01,2.206818e-01,5.624386e-01,5.460030e-01,2.314314,113.1529
0.0920667,2.515000e+01,-5.109177e+00,8.743465e-01,2.208741e-01,5.622069e-01,5.467043e-01,2.315154,113.4553
0.0921,2.515000e+01,-5.109170e+00,8.743465e-01,2.210036e-01,5.627609e-01,5.464860e-01,2.315991,113.7567
0.0921333,2.515000e+01,-5.109161e+00,8.743465e-01,2.208680e-01,5.628745e-01,5.460407e-01,2.316828,114.0582
0.0921667,2.515000e+01,-5.109143e+00,8.743465e-01,2.206313e-01,5.630040e-01,5.453299e-01,2.317668,114.3605
0.0922,2.515000e+01,-5.109135e+00,8.743465e-01,2.205856e-01,5.627106e-01,5.455011e-01,2.318506,114.6620
0.0922333,2.515000e+01,-5.109173e+00,8.743465e-01,2.210314e-01,5.616842e-01,5.476026e-01,2.319343,114.9635
0.0922667,2.515000e+01,-5.109233e+00,8.743465e-01,2.213440e-01,5.615093e-01,5.485477e-01,2.320183,115.2658
0.0923,2.515000e+01,-5.109274e+00,8.743465e-01,2.210743e-01,5.623166e-01,5.470929e-01,2.321020,115.5673
0.0923333,2.515000e+01,-5.109254e+00,8.743465e-01,2.201881e-01,5.637603e-01,5.435045e-01,2.321858,115.8687
0.0923667,2.515000e+01,-5.109243e+00,8.743465e-01,2.201604e-01,5.636627e-01,5.435303e-01,2.322697,116.1711
0.0924,2.515000e+01,-5.109269e+00,8.743465e-01,2.206958e-01,5.632084e-01,5.452913e-01,2.323535,116.4725
0.0924333,2.515000e+01,-5.109320e+00,8.743465e-01,2.209513e-01,5.626791e-01,5.464362e-01,2.324372,116.7740
0.0924667,2.515000e+01,-5.109386e+00,8.743465e-01,2.211408e-01,5.624684e-01,5.471098e-01,2.325212,117.0764
0.0925,2.515000e+01,-5.109430e+00,8.743465e-01,2.208840e-01,5.629623e-01,5.459949e-01,2.326049,117.3778
0.0925333,2.515000e+01,-5.109475e+00,8.743465e-01,2.209871e-01,5.633052e-01,5.459173e-01,2.326887,117.6793
0.0925667,2.515000e+01,-5.109515e+00,8.743465e-01,2.210492e-01,5.636541e-01,5.457328e-01,2.327727,117.9816
0.0926,2.515000e+01,-5.109576e+00,8.743465e-01,2.211084e-01,5.628007e-01,5.467065e-01,2.328564,118.2831
0.0926333,2.515000e+01,-5.109625e+00,8.743465e-01,2.208195e-01,5.626010e-01,5.461861e-01,2.329402,118.5845
0.0926667,2.515000e+01,-5.109651e+00,8.743465e-01,2.205307e-01,5.629987e-01,5.450866e-01,2.330241,118.8869
0.0927,2.515000e+01,-5.109660e+00,8.743465e-01,2.205793e-01,5.636468e-01,5.445797e-01,2.331079,119.1884
0.0927333,2.515000e+01,-5.109671e+00,8.743465e-01,2.208375e-01,5.638056e-01,5.450636e-01,2.331916,119.4898
0.0927667,2.515000e+01,-5.109705e+00,8.743465e-01,2.211933e-01,5.637116e-01,5.460328e-01,2.332756,119.7922
0.0928,2.515000e+01,-5.109753e+00,8.743465e-01,2.214068e-01,5.634864e-01,5.467782e-01,2.333593,120.0936
0.0928333,2.515000e+01,-5.109822e+00,8.743465e-01,2.215852e-01,5.628801e-01,5.478084e-01,2.334431,120.3951
0.0928667,2.515000e+01,-5.109874e+00,8.743465e-01,2.211746e-01,5.629153e-01,5.467588e-01,2.335271,120.6975
0.0929,2.515000e+01,-5.109915e+00,8.743465e-01,2.210064e-01,5.634203e-01,5.458535e-01,2.336108,120.9989
0.0929333,2.515000e+01,-5.109931e+00,8.743465e-01,2.206534e-01,5.641717e-01,5.442556e-01,2.336945,121.3004
0.0929667,2.515000e+01,-5.109969e+00,8.743465e-01,2.209458e-01,5.636723e-01,5.454599e-01,2.337785,121.6027
0.093,2.515000e+01,-5.109986e+00,8.743465e-01,2.206206e-01,5.638754e-01,5.444608e-01,2.338623,121.9042
0.0930333,2.515000e+01,-5.109992e+00,8.743465e-01,2.202578e-01,5.637913e-01,5.436466e-01,2.339460,122.2056
0.0930667,2.515000e+01,-5.110029e+00,8.743465e-01,2.210303e-01,5.638020e-01,5.455429e-01,2.340300,122.5080
0.0931,2.515000e+01,-5.110087e+00,8.743465e-01,2.212466e-01,5.634093e-01,5.464573e-01,2.341137,122.8095
0.0931333,2.515000e+01,-5.110137e+00,8.743465e-01,2.209567e-01,5.632918e-01,5.458553e-01,2.341975,123.1109
0.0931667,2.515000e+01,-5.110152e+00,8.743465e-01,2.203352e-01,5.638203e-01,5.438095e-01,2.342815,123.4133
0.0932,2.515000e+01,-5.110200e+00,8.743465e-01,2.210420e-01,5.634821e-01,5.458816e-01,2.343652,123.7147
0.0932333,2.515000e+01,-5.110276e+00,8.743465e-01,2.216960e-01,5.635394e-01,5.474410e-01,2.344489,124.0162
0.0932667,2.515000e+01,-5.110339e+00,8.743465e-01,2.214604e-01,5.638402e-01,5.465675e-01,2.345329,124.3185
0.0933,2.515000e+01,-5.110365e+00,8.743465e-01,2.205658e-01,5.639736e-01,5.442308e-01,2.346167,124.6200
0.0933333,2.515000e+01,-5.110399e+00,8.743465e-01,2.207364e-01,5.639291e-01,5.446946e-01,2.347004,124.9215
0.0933667,2.515000e+01,-5.110449e+00,8.743465e-01,2.208300e-01,5.633221e-01,5.455129e-01,2.347844,125.2238
0.0934,2.515000e+01,-5.110497e+00,8.743465e-01,2.209699e-01,5.636486e-01,5.455423e-01,2.348681,125.5253
0.0934333,2.515000e+01,-5.110571e+00,8.743465e-01,2.214682e-01,5.635699e-01,5.468489e-01,2.349519,125.8267
0.0934667,2.515000e+01,-5.110655e+00,8.743465e-01,2.215556e-01,5.634308e-01,5.471997e-01,2.350359,126.1291
0.0935,2.515000e+01,-5.110708e+00,8.743465e-01,2.208143e-01,5.636844e-01,5.451235e-01,2.351196,126.4306
0.0935333,2.515000e+01,-5.110726e+00,8.743465e-01,2.199721e-01,5.637916e-01,5.429409e-01,2.352033,126.7320
0.0935667,2.515000e+01,-5.110763e+00,8.743465e-01,2.202574e-01,5.635616e-01,5.438671e-01,2.352873,127.0344
0.0936,2.515000e+01,-5.110831e+00,8.743465e-01,2.210863e-01,5.636764e-01,5.458027e-01,2.353711,127.3358
0.0936333,2.515000e+01,-5.110906e+00,8.743465e-01,2.210880e-01,5.634791e-01,5.459979e-01,2.354548,127.6373
0.0936667,2.515000e+01,-5.110946e+00,8.743465e-01,2.204816e-01,5.640386e-01,5.439604e-01,2.355388,127.9396
0.0937,2.515000e+01,-5.110989e+00,8.743465e-01,2.204148e-01,5.637916e-01,5.440338e-01,2.356225,128.2411
0.0937333,2.515000e+01,-5.111054e+00,8.743465e-01,2.207636e-01,5.634190e-01,5.452550e-01,2.357063,128.5426
0.0937667,2.515000e+01,-5.111143e+00,8.743465e-01,2.211218e-01,5.630867e-01,5.464621e-01,2.357903,128.8449
0.0938,2.515000e+01,-5.111232e+00,8.743465e-01,2.211194e-01,5.631307e-01,5.464133e-01,2.358740,129.1464
0.0938333,2.515000e+01,-5.111302e+00,8.743465e-01,2.206975e-01,5.632007e-01,5.453030e-01,2.359577,129.4478
0.0938667,2.515000e+01,-5.111339e+00,8.743465e-01,2.203430e-01,5.639686e-01,5.436860e-01,2.360417,129.7502
0.0939,2.515000e+01,-5.111380e+00,8.743465e-01,2.202436e-01,5.635020e-01,5.438906e-01,2.361255,130.0516
0.0939333,2.515000e+01,-5.111428e+00,8.743465e-01,2.204498e-01,5.634255e-01,5.444738e-01,2.362092,130.3531
0.0939667,2.515000e+01,-5.111508e+00,8.743465e-01,2.209295e-01,5.629646e-01,5.461051e-01,2.362932,130.6555
0.094,2.515000e+01,-5.111583e+00,8.743465e-01,2.210419e-01,5.632993e-01,5.460584e-01,2.363769,130.9569
0.0940323,2.515000e+01,-5.111641e+00,8.743465e-01,2.207006e-01,5.640147e-01,5.445238e-01,2.364581,131.2493
0.0940645,2.515000e+01,-5.111694e+00,8.743465e-01,2.205840e-01,5.635970e-01,5.446392e-01,2.365391,131.5408
0.0940968,2.515000e+01,-5.111752e+00,8.743465e-01,2.206506e-01,5.632813e-01,5.451091e-01,2.366203,131.8332
0.094129,2.515000e+01,-5.111817e+00,8.743465e-01,2.205451e-01,5.627556e-01,5.453575e-01,2.367013,132.1247
0.0941613,2.515000e+01,-5.111889e+00,8.743465e-01,2.207149e-01,5.627613e-01,5.457718e-01,2.367825,132.4171
0.0941935,2.515000e+01,-5.111909e+00,8.743465e-01,2.196556e-01,5.632239e-01,5.427063e-01,2.368635,132.7086
0.0942258,2.515000e+01,-5.111925e+00,8.743465e-01,2.196016e-01,5.633605e-01,5.424413e-01,2.369447,133.0010
0.0942581,2.515000e+01,-5.111946e+00,8.743465e-01,2.197660e-01,5.634267e-01,5.427838e-01,2.370260,133.2934
0.0942903,2.515000e+01,-5.111997e+00,8.743465e-01,2.202696e-01,5.629480e-01,5.444901e-01,2.371069,133.5849
0.0943226,2.515000e+01,-5.112065e+00,8.743465e-01,2.206952e-01,5.627727e-01,5.457121e-01,2.371881,133.8773
0.0943548,2.515000e+01,-5.112116e+00,8.743465e-01,2.204307e-01,5.629665e-01,5.448705e-01,2.372691,134.1688
0.0943871,2.515000e+01,-5.112165e+00,8.743465e-01,2.202617e-01,5.627134e-01,5.446976e-01,2.373503,134.4612
0.0944194,2.515000e+01,-5.112218e+00,8.743465e-01,2.204361e-01,5.628481e-01,5.449984e-01,2.374316,134.7536
0.0944516,2.515000e+01,-5.112262e+00,8.743465e-01,2.201280e-01,5.628577e-01,5.442272e-01,2.375125,135.0451
0.0944839,2.515000e+01,-5.112311e+00,8.743465e-01,2.200926e-01,5.625170e-01,5.444695e-01,2.375938,135.3375
0.0945161,2.515000e+01,-5.112367e+00,8.743465e-01,2.202282e-01,5.626173e-01,5.447076e-01,2.376747,135.6290
0.0945484,2.515000e+01,-5.112418e+00,8.743465e-01,2.199793e-01,5.624257e-01,5.442774e-01,2.377560,135.9214
0.0945806,2.515000e+01,-5.112458e+00,8.743465e-01,2.197357e-01,5.624118e-01,5.436881e-01,2.378369,136.2129
0.0946129,2.515000e+01,-5.112494e+00,8.743465e-01,2.196110e-01,5.622069e-01,5.435776e-01,2.379181,136.5053
0.0946452,2.515000e+01,-5.112557e+00,8.743465e-01,2.203907e-01,5.622440e-01,5.454716e-01,2.379994,136.7977
0.0946774,2.515000e+01,-5.112615e+00,8.743465e-01,2.206412e-01,5.628341e-01,5.455191e-01,2.380803,137.0892
0.0947097,2.515000e+01,-5.112644e+00,8.743465e-01,2.199243e-01,5.625859e-01,5.439865e-01,2.381616,137.3816
0.0947419,2.515000e+01,-5.112678e+00,8.743465e-01,2.199563e-01,5.621847e-01,5.444540e-01,2.382425,137.6731
0.0947742,2.515000e+01,-5.112706e+00,8.743465e-01,2.195730e-01,5.617228e-01,5.439520e-01,2.383238,137.9655
0.0948065,2.515000e+01,-5.112748e+00,8.743465e-01,2.199281e-01,5.615849e-01,5.449654e-01,2.384050,138.2579
0.0948387,2.515000e+01,-5.112770e+00,8.743465e-01,2.198392e-01,5.622208e-01,5.441290e-01,2.384860,138.5494
0.094871,2.515000e+01,-5.112790e+00,8.743465e-01,2.199524e-01,5.623873e-01,5.442482e-01,2.385672,138.8418
0.0949032,2.515000e+01,-5.112809e+00,8.743465e-01,2.198861e-01,5.621009e-01,5.443612e-01,2.386482,139.1333
0.0949355,2.515000e+01,-5.112822e+00,8.743465e-01,2.195950e-01,5.616419e-01,5.440849e-01,2.387294,139.4257
0.0949677,2.515000e+01,-5.112834e+00,8.743465e-01,2.195381e-01,5.613042e-01,5.442712e-01,2.388103,139.7172
0.095,2.515000e+01,-5.112850e+00,8.743465e-01,2.200620e-01,5.617751e-01,5.451127e-01,2.388916,140.0097
0.0950323,2.515000e+01,-5.112861e+00,8.743465e-01,2.201543e-01,5.618802e-01,5.452392e-01,2.389728,140.3021
0.0950645,2.515000e+01,-5.112827e+00,8.743465e-01,2.193876e-01,5.622896e-01,5.429448e-01,2.390538,140.5936
0.0950968,2.515000e+01,-5.112791e+00,8.743465e-01,2.189734e-01,5.613068e-01,5.428686e-01,2.391350,140.8860
0.095129,2.515000e+01,-5.112761e+00,8.743465e-01,2.189855e-01,5.607478e-01,5.434400e-01,2.392160,141.1775
0.0951613,2.515000e+01,-5.112742e+00,8.743465e-01,2.194259e-01,5.607373e-01,5.445430e-01,2.392972,141.4699
0.0951935,2.515000e+01,-5.112706e+00,8.743465e-01,2.193895e-01,5.613455e-01,5.438626e-01,2.393782,141.7614
0.0952258,2.515000e+01,-5.112682e+00,8.743465e-01,2.198908e-01,5.615487e-01,5.449081e-01,2.394594,142.0538
0.0952581,2.515000e+01,-5.112656e+00,8.743465e-01,2.199727e-01,5.614052e-01,5.452504e-01,2.395406,142.3462
0.0952903,2.515000e+01,-5.112617e+00,8.743465e-01,2.194534e-01,5.608255e-01,5.445255e-01,2.396216,142.6377
0.0953226,2.515000e+01,-5.112573e+00,8.743465e-01,2.193611e-01,5.605406e-01,5.445731e-01,2.397028,142.9301
0.0953548,2.515000e+01,-5.112525e+00,8.743465e-01,2.195148e-01,5.608483e-01,5.446557e-01,2.397838,143.2216
0.0953871,2.515000e+01,-5.112477e+00,8.743465e-01,2.196112e-01,5.609284e-01,5.448172e-01,2.398650,143.5140
0.0954194,2.515000e+01,-5.112421e+00,8.743465e-01,2.194560e-01,5.608765e-01,5.444826e-01,2.399462,143.8064
0.0954516,2.515000e+01,-5.112346e+00,8.743465e-01,2.188071e-01,5.603496e-01,5.433830e-01,2.400272,144.0979
0.0954839,2.515000e+01,-5.112280e+00,8.743465e-01,2.190277e-01,5.602154e-01,5.440612e-01,2.401084,144.3903
0.0955161,2.515000e+01,-5.112206e+00,8.743465e-01,2.190946e-01,5.605228e-01,5.439289e-01,2.401894,144.6818
0.0955484,2.515000e+01,-5.112140e+00,8.743465e-01,2.191634e-01,5.602494e-01,5.443651e-01,2.402706,144.9742
0.0955806,2.515000e+01,-5.112078e+00,8.743465e-01,2.192950e-01,5.602572e-01,5.446844e-01,2.403516,145.2657
0.0956129,2.515000e+01,-5.112011e+00,8.743465e-01,2.191997e-01,5.602208e-01,5.444831e-01,2.404328,145.5581
0.0956452,2.515000e+01,-5.111938e+00,8.743465e-01,2.190581e-01,5.601558e-01,5.441946e-01,2.405140,145.8505
0.0956774,2.515000e+01,-5.111843e+00,8.743465e-01,2.184541e-01,5.599463e-01,5.428971e-01,2.405950,146.1420
0.0957097,2.515000e+01,-5.111752e+00,8.743465e-01,2.185843e-01,5.599177e-01,5.432485e-01,2.406762,146.4344
0.0957419,2.515000e+01,-5.111671e+00,8.743465e-01,2.190823e-01,5.601217e-01,5.442878e-01,2.407572,146.7259
0.0957742,2.515000e+01,-5.111586e+00,8.743465e-01,2.187758e-01,5.596425e-01,5.439918e-01,2.408384,147.0183
0.0958065,2.515000e+01,-5.111508e+00,8.743465e-01,2.187375e-01,5.590778e-01,5.444460e-01,2.409196,147.3107
0.0958387,2.515000e+01,-5.111427e+00,8.743465e-01,2.189068e-01,5.593547e-01,5.445975e-01,2.410006,147.6022
0.095871,2.515000e+01,-5.111343e+00,8.743465e-01,2.190506e-01,5.598486e-01,5.444744e-01,2.410818,147.8946
0.0959032,2.515000e+01,-5.111262e+00,8.743465e-01,2.191870e-01,5.599127e-01,5.447512e-01,2.411628,148.1861
0.0959355,2.515000e+01,-5.111176e+00,8.743465e-01,2.189923e-01,5.596854e-01,5.444884e-01,2.412440,148.4785
0.0959677,2.515000e+01,-5.111100e+00,8.743465e-01,2.190517e-01,5.591380e-01,5.451693e-01,2.413250,148.7700
0.096,2.515000e+01,-5.111018e+00,8.743465e-01,2.189711e-01,5.592204e-01,5.448883e-01,2.414062,149.0624
0.0960323,2.515000e+01,-5.110919e+00,8.743465e-01,2.183069e-01,5.588560e-01,5.435897e-01,2.414874,149.3548
0.0960645,2.515000e+01,-5.110830e+00,8.743465e-01,2.184159e-01,5.585642e-01,5.441453e-01,2.415684,149.6463
0.0960968,2.515000e+01,-5.110737e+00,8.743465e-01,2.183206e-01,5.587458e-01,5.437310e-01,2.416496,149.9387
0.096129,2.515000e+01,-5.110653e+00,8.743465e-01,2.187531e-01,5.590085e-01,5.445522e-01,2.417306,150.2302
0.0961613,2.515000e+01,-5.110567e+00,8.743465e-01,2.188077e-01,5.592177e-01,5.444844e-01,2.418118,150.5226
0.0961935,2.515000e+01,-5.110486e+00,8.743465e-01,2.187939e-01,5.591273e-01,5.445380e-01,2.418928,150.8141
0.0962258,2.515000e+01,-5.110413e+00,8.743465e-01,2.188388e-01,5.587915e-01,5.449769e-01,2.419740,151.1065
0.0962581,2.515000e+01,-5.110325e+00,8.743465e-01,2.182736e-01,5.584947e-01,5.438583e-01,2.420552,151.3989
0.0962903,2.515000e+01,-5.110241e+00,8.743465e-01,2.180948e-01,5.581349e-01,5.437633e-01,2.421362,151.6904
0.0963226,2.515000e+01,-5.110156e+00,8.743465e-01,2.181732e-01,5.583762e-01,5.437238e-01,2.422174,151.9828
0.0963548,2.515000e+01,-5.110076e+00,8.743465e-01,2.184807e-01,5.587722e-01,5.441041e-01,2.422984,152.2743
0.0963871,2.515000e+01,-5.109998e+00,8.743465e-01,2.186112e-01,5.589649e-01,5.442413e-01,2.423796,152.5667
0.0964194,2.515000e+01,-5.109929e+00,8.743465e-01,2.187331e-01,5.590920e-01,5.444210e-01,2.424609,152.8591
0.0964516,2.515000e+01,-5.109872e+00,8.743465e-01,2.185452e-01,5.582559e-01,5.447680e-01,2.425418,153.1506
0.0964839,2.515000e+01,-5.109821e+00,8.743465e-01,2.186531e-01,5.581515e-01,5.451390e-01,2.426231,153.4430
0.0965161,2.515000e+01,-5.109772e+00,8.743465e-01,2.186222e-01,5.581976e-01,5.450168e-01,2.427040,153.7345
0.0965484,2.515000e+01,-5.109721e+00,8.743465e-01,2.187270e-01,5.585287e-01,5.449549e-01,2.427853,154.0269
0.0965806,2.515000e+01,-5.109674e+00,8.743465e-01,2.188945e-01,5.588747e-01,5.450347e-01,2.428662,154.3184
0.0966129,2.515000e+01,-5.109628e+00,8.743465e-01,2.184994e-01,5.582630e-01,5.446471e-01,2.429474,154.6108
0.0966452,2.515000e+01,-5.109609e+00,8.743465e-01,2.183395e-01,5.569210e-01,5.455598e-01,2.430287,154.9032
0.0966774,2.515000e+01,-5.109577e+00,8.743465e-01,2.180881e-01,5.572510e-01,5.446088e-01,2.431096,155.1947
0.0967097,2.515000e+01,-5.109543e+00,8.743465e-01,2.182773e-01,5.579266e-01,5.444214e-01,2.431909,155.4871
0.0967419,2.515000e+01,-5.109507e+00,8.743465e-01,2.184811e-01,5.586080e-01,5.442649e-01,2.432718,155.7786
0.0967742,2.515000e+01,-5.109483e+00,8.743465e-01,2.185695e-01,5.584228e-01,5.446659e-01,2.433531,156.0710
0.0968065,2.515000e+01,-5.109473e+00,8.743465e-01,2.187792e-01,5.582426e-01,5.453643e-01,2.434343,156.3634
0.0968387,2.515000e+01,-5.109472e+00,8.743465e-01,2.186969e-01,5.577919e-01,5.455998e-01,2.435153,156.6549
0.096871,2.515000e+01,-5.109463e+00,8.743465e-01,2.183613e-01,5.577175e-01,5.448351e-01,2.435965,156.9473
0.0969032,2.515000e+01,-5.109452e+00,8.743465e-01,2.183130e-01,5.579744e-01,5.444639e-01,2.436774,157.2388
0.0969355,2.515000e+01,-5.109446e+00,8.743465e-01,2.183960e-01,5.581070e-01,5.445414e-01,2.437587,157.5312
0.0969677,2.515000e+01,-5.109450e+00,8.743465e-01,2.184711e-01,5.579168e-01,5.449145e-01,2.438396,157.8227
0.097,2.515000e+01,-5.109457e+00,8.743465e-01,2.182213e-01,5.575672e-01,5.446325e-01,2.439209,158.1151
0.0970323,2.515000e+01,-5.109459e+00,8.743465e-01,2.180649e-01,5.576302e-01,5.441808e-01,2.440021,158.4075
0.0970645,2.515000e+01,-5.109465e+00,8.743465e-01,2.182786e-01,5.579881e-01,5.443646e-01,2.440831,158.6990
0.0970968,2.515000e+01,-5.109474e+00,8.743465e-01,2.186528e-01,5.586132e-01,5.446876e-01,2.441643,158.9914
0.097129,2.515000e+01,-5.109498e+00,8.743465e-01,2.187024e-01,5.581517e-01,5.452617e-01,2.442453,159.2829
0.0971613,2.515000e+01,-5.109534e+00,8.743465e-01,2.188545e-01,5.581274e-01,5.456646e-01,2.443265,159.5753
0.0971935,2.515000e+01,-5.109577e+00,8.743465e-01,2.188100e-01,5.578210e-01,5.458533e-01,2.444075,159.8668
0.0972258,2.515000e+01,-5.109628e+00,8.743465e-01,2.185583e-01,5.573042e-01,5.457313e-01,2.444887,160.1592
0.0972581,2.515000e+01,-5.109691e+00,8.743465e-01,2.184596e-01,5.568453e-01,5.459343e-01,2.445699,160.4516
0.0972903,2.515000e+01,-5.109748e+00,8.743465e-01,2.182450e-01,5.570129e-01,5.452338e-01,2.446509,160.7431
0.0973226,2.515000e+01,-5.109810e+00,8.743465e-01,2.185411e-01,5.573989e-01,5.455954e-01,2.447321,161.0355
0.0973548,2.515000e+01,-5.109862e+00,8.743465e-01,2.185731e-01,5.580451e-01,5.450435e-01,2.448131,161.3270
0.0973871,2.515000e+01,-5.109913e+00,8.743465e-01,2.185897e-01,5.581671e-01,5.449657e-01,2.448943,161.6194
0.0974194,2.515000e+01,-5.109959e+00,8.743465e-01,2.185012e-01,5.582927e-01,5.446225e-01,2.449755,161.9118
0.0974516,2.515000e+01,-5.110029e+00,8.743465e-01,2.186143e-01,5.574144e-01,5.457629e-01,2.450565,162.2033
0.0974839,2.515000e+01,-5.110109e+00,8.743465e-01,2.188376e-01,5.573081e-01,5.464247e-01,2.451377,162.4957
0.0975161,2.515000e+01,-5.110181e+00,8.743465e-01,2.186540e-01,5.573373e-01,5.459377e-01,2.452187,162.7872
0.0975484,2.515000e+01,-5.110235e+00,8.743465e-01,2.183720e-01,5.576736e-01,5.449047e-01,2.452999,163.0796
0.0975806,2.515000e+01,-5.110283e+00,8.743465e-01,2.182329e-01,5.578488e-01,5.443865e-01,2.453809,163.3711
0.0976129,2.515000e+01,-5.110336e+00,8.743465e-01,2.182711e-01,5.578163e-01,5.445137e-01,2.454621,163.6635
0.0976452,2.515000e+01,-5.110410e+00,8.743465e-01,2.185514e-01,5.574624e-01,5.455589e-01,2.455433,163.9559
0.0976774,2.515000e+01,-5.110474e+00,8.743465e-01,2.186503e-01,5.581347e-01,5.451486e-01,2.456243,164.2474
0.0977097,2.515000e+01,-5.110535e+00,8.743465e-01,2.186115e-01,5.582605e-01,5.449289e-01,2.457055,164.5398
0.0977419,2.515000e+01,-5.110598e+00,8.743465e-01,2.187482e-01,5.584269e-01,5.451071e-01,2.457865,164.8313
0.0977742,2.515000e+01,-5.110666e+00,8.743465e-01,2.186836e-01,5.581420e-01,5.452243e-01,2.458677,165.1237
0.0978065,2.515000e+01,-5.110755e+00,8.743465e-01,2.187935e-01,5.570510e-01,5.465668e-01,2.459489,165.4161
0.0978387,2.515000e+01,-5.110850e+00,8.743465e-01,2.187802e-01,5.567999e-01,5.467799e-01,2.460299,165.7076
0.097871,2.515000e+01,-5.110941e+00,8.743465e-01,2.188537e-01,5.571089e-01,5.466602e-01,2.461111,166.0000
0.0979032,2.515000e+01,-5.111003e+00,8.743465e-01,2.186010e-01,5.579393e-01,5.452165e-01,2.461921,166.2915
0.0979355,2.515000e+01,-5.111056e+00,8.743465e-01,2.184919e-01,5.580398e-01,5.448462e-01,2.462733,166.5839
0.0979677,2.515000e+01,-5.111122e+00,8.743465e-01,2.188630e-01,5.580636e-01,5.457482e-01,2.463543,166.8754
0.098,2.515000e+01,-5.111188e+00,8.743465e-01,2.189575e-01,5.581876e-01,5.458628e-01,2.464355,167.1678
0.0980323,2.515000e+01,-5.111253e+00,8.743465e-01,2.188848e-01,5.577954e-01,5.460650e-01,2.465167,167.4603
0.0980645,2.515000e+01,-5.111310e+00,8.743465e-01,2.187554e-01,5.578188e-01,5.457194e-01,2.465977,167.7518
0.0980968,2.515000e+01,-5.111365e+00,8.743465e-01,2.190359e-01,5.581190e-01,5.461253e-01,2.466789,168.0442
0.098129,2.515000e+01,-5.111420e+00,8.743465e-01,2.191603e-01,5.579204e-01,5.466299e-01,2.467599,168.3357
0.0981613,2.515000e+01,-5.111482e+00,8.743465e-01,2.189801e-01,5.570901e-01,5.469943e-01,2.468411,168.6281
0.0981935,2.515000e+01,-5.111525e+00,8.743465e-01,2.186185e-01,5.572989e-01,5.458867e-01,2.469221,168.9196
0.0982258,2.515000e+01,-5.111558e+00,8.743465e-01,2.187710e-01,5.578975e-01,5.456814e-01,2.470033,169.2120
0.0982581,2.515000e+01,-5.111558e+00,8.743465e-01,2.184271e-01,5.587206e-01,5.440208e-01,2.470845,169.5044
0.0982903,2.515000e+01,-5.111557e+00,8.743465e-01,2.184246e-01,5.585965e-01,5.441355e-01,2.471655,169.7959
0.0983226,2.515000e+01,-5.111584e+00,8.743465e-01,2.189778e-01,5.582144e-01,5.458871e-01,2.472467,170.0883
0.0983548,2.515000e+01,-5.111612e+00,8.743465e-01,2.193178e-01,5.587348e-01,5.462253e-01,2.473277,170.3798
0.0983871,2.515000e+01,-5.111651e+00,8.743465e-01,2.194498e-01,5.581907e-01,5.470869e-01,2.474089,170.6722
0.0984194,2.515000e+01,-5.111681e+00,8.743465e-01,2.191416e-01,5.579713e-01,5.465335e-01,2.474902,170.9646
0.0984516,2.515000e+01,-5.111714e+00,8.743465e-01,2.193496e-01,5.580867e-01,5.469390e-01,2.475711,171.2561
0.0984839,2.515000e+01,-5.111748e+00,8.743465e-01,2.194757e-01,5.582415e-01,5.471017e-01,2.476524,171.5485
0.0985161,2.515000e+01,-5.111780e+00,8.743465e-01,2.191723e-01,5.578405e-01,5.467380e-01,2.477333,171.8400
0.0985484,2.515000e+01,-5.111790e+00,8.743465e-01,2.188954e-01,5.585054e-01,5.453972e-01,2.478145,172.1324
0.0985806,2.515000e+01,-5.111790e+00,8.743465e-01,2.190113e-01,5.591274e-01,5.450791e-01,2.478955,172.4239
0.0986129,2.515000e+01,-5.111795e+00,8.743465e-01,2.192058e-01,5.592209e-01,5.454719e-01,2.479767,172.7163
0.0986452,2.515000e+01,-5.111835e+00,8.743465e-01,2.197485e-01,5.586125e-01,5.474180e-01,2.480580,173.0087
0.0986774,2.515000e+01,-5.111867e+00,8.743465e-01,2.196578e-01,5.589831e-01,5.468292e-01,2.481389,173.3002
0.0987097,2.515000e+01,-5.111876e+00,8.743465e-01,2.193294e-01,5.595811e-01,5.454282e-01,2.482202,173.5926
0.0987419,2.515000e+01,-5.111897e+00,8.743465e-01,2.193312e-01,5.589017e-01,5.460955e-01,2.483011,173.8841
0.0987742,2.515000e+01,-5.111931e+00,8.743465e-01,2.194685e-01,5.582620e-01,5.470636e-01,2.483824,174.1765
0.0988065,2.515000e+01,-5.111974e+00,8.743465e-01,2.199129e-01,5.585648e-01,5.478742e-01,2.484636,174.4689
0.0988387,2.515000e+01,-5.112000e+00,8.743465e-01,2.198979e-01,5.593840e-01,5.470346e-01,2.485445,174.7604
0.098871,2.515000e+01,-5.112018e+00,8.743465e-01,2.194274e-01,5.588848e-01,5.463518e-01,2.486258,175.0528
0.0989032,2.515000e+01,-5.112024e+00,8.743465e-01,2.192323e-01,5.590669e-01,5.456879e-01,2.487067,175.3443
0.0989355,2.515000e+01,-5.112008e+00,8.743465e-01,2.189476e-01,5.596373e-01,5.444240e-01,2.487880,175.6367
0.0989677,2.515000e+01,-5.111987e+00,8.743465e-01,2.194058e-01,5.604169e-01,5.448044e-01,2.488689,175.9282
0.099,2.515000e+01,-5.112024e+00,8.743465e-01,2.203536e-01,5.592597e-01,5.482901e-01,2.489502,176.2206
0.0990333,2.515000e+01,-5.112065e+00,8.743465e-01,2.204955e-01,5.588226e-01,5.490723e-01,2.490339,176.5220
0.0990667,2.515000e+01,-5.112065e+00,8.743465e-01,2.199233e-01,5.598222e-01,5.466696e-01,2.491179,176.8244
0.0991,2.515000e+01,-5.112040e+00,8.743465e-01,2.190647e-01,5.593300e-01,5.450143e-01,2.492016,177.1259
0.0991333,2.515000e+01,-5.112035e+00,8.743465e-01,2.193970e-01,5.588551e-01,5.463051e-01,2.492854,177.4273
0.0991667,2.515000e+01,-5.112066e+00,8.743465e-01,2.203080e-01,5.589279e-01,5.485020e-01,2.493694,177.7297
0.0992,2.515000e+01,-5.112084e+00,8.743465e-01,2.203705e-01,5.597884e-01,5.478142e-01,2.494531,178.0311
0.0992333,2.515000e+01,-5.112071e+00,8.743465e-01,2.199519e-01,5.606193e-01,5.459633e-01,2.495368,178.3326
0.0992667,2.515000e+01,-5.112050e+00,8.743465e-01,2.197985e-01,5.606973e-01,5.455066e-01,2.496208,178.6349
0.0993,2.515000e+01,-5.112037e+00,8.743465e-01,2.199264e-01,5.606699e-01,5.458506e-01,2.497046,178.9364
0.0993333,2.515000e+01,-5.112063e+00,8.743465e-01,2.202084e-01,5.594320e-01,5.477600e-01,2.497883,179.2379
0.0993667,2.515000e+01,-5.112129e+00,8.743465e-01,2.208592e-01,5.585907e-01,5.502063e-01,2.498723,179.5402
0.0994,2.515000e+01,-5.112182e+00,8.743465e-01,2.208592e-01,5.592185e-01,5.495885e-01,2.499560,179.8417
0.0994333,2.515000e+01,-5.112173e+00,8.743465e-01,2.200002e-01,5.606218e-01,5.460806e-01,2.500398,180.1431
0.0994667,2.515000e+01,-5.112132e+00,8.743465e-01,2.189125e-01,5.601053e-01,5.438818e-01,2.501237,180.4455
0.0995,2.515000e+01,-5.112107e+00,8.743465e-01,2.191042e-01,5.597470e-01,5.447067e-01,2.502075,180.7469
0.0995333,2.515000e+01,-5.112125e+00,8.743465e-01,2.203117e-01,5.600702e-01,5.473924e-01,2.502912,181.0484
0.0995667,2.515000e+01,-5.112143e+00,8.743465e-01,2.206881e-01,5.607073e-01,5.477046e-01,2.503752,181.3508
0.0996,2.515000e+01,-5.112147e+00,8.743465e-01,2.203957e-01,5.606365e-01,5.470480e-01,2.504590,181.6522
0.0996333,2.515000e+01,-5.112128e+00,8.743465e-01,2.199922e-01,5.607889e-01,5.458980e-01,2.505427,181.9537
0.0996667,2.515000e+01,-5.112123e+00,8.743465e-01,2.200804e-01,5.605220e-01,5.463770e-01,2.506267,182.2560
0.0997,2.515000e+01,-5.112153e+00,8.743465e-01,2.204405e-01,5.595815e-01,5.481909e-01,2.507104,182.5575
0.0997333,2.515000e+01,-5.112194e+00,8.743465e-01,2.207686e-01,5.596187e-01,5.489703e-01,2.507942,182.8590
0.0997667,2.515000e+01,-5.112211e+00,8.743465e-01,2.205309e-01,5.601879e-01,5.478220e-01,2.508781,183.1613
0.0998,2.515000e+01,-5.112193e+00,8.743465e-01,2.201289e-01,5.610954e-01,5.459390e-01,2.509619,183.4628
0.0998333,2.515000e+01,-5.112175e+00,8.743465e-01,2.199850e-01,5.609134e-01,5.457592e-01,2.510456,183.7642
0.0998667,2.515000e+01,-5.112155e+00,8.743465e-01,2.199806e-01,5.610279e-01,5.456368e-01,2.511296,184.0666
0.0999,2.515000e+01,-5.112127e+00,8.743465e-01,2.201486e-01,5.616710e-01,5.454283e-01,2.512133,184.3680
0.0999333,2.515000e+01,-5.112150e+00,8.743465e-01,2.207720e-01,5.603060e-01,5.483053e-01,2.512971,184.6695
0.0999667,2.515000e+01,-5.112191e+00,8.743465e-01,2.210102e-01,5.597322e-01,5.494596e-01,2.513811,184.9719
0.1,2.515000e+01,-5.112218e+00,8.743465e-01,2.208646e-01,5.600495e-01,5.487864e-01,2.514648,185.2733
0.100033,2.515000e+01,-5.112197e+00,8.743465e-01,2.202392e-01,5.612406e-01,5.460711e-01,2.515478,185.5721
0.100067,2.515000e+01,-5.112189e+00,8.743465e-01,2.203050e-01,5.607703e-01,5.466923e-01,2.516333,185.8798
0.1001,2.515000e+01,-5.112182e+00,8.743465e-01,2.202727e-01,5.605115e-01,5.468647e-01,2.517163,186.1786
0.100133,2.515000e+01,-5.112152e+00,8.743465e-01,2.201192e-01,5.610491e-01,5.459600e-01,2.517993,186.4773
0.100167,2.515000e+01,-5.112126e+00,8.743465e-01,2.203477e-01,5.611100e-01,5.464675e-01,2.518848,186.7851
0.1002,2.515000e+01,-5.112121e+00,8.743465e-01,2.207375e-01,5.608397e-01,5.476978e-01,2.519677,187.0839
0.100233,2.515000e+01,-5.112098e+00,8.743465e-01,2.205740e-01,5.611785e-01,5.469617e-01,2.520507,187.3826
0.100267,2.515000e+01,-5.112058e+00,8.743465e-01,2.203621e-01,5.613813e-01,5.462391e-01,2.521362,187.6904
0.1003,2.515000e+01,-5.112032e+00,8.743465e-01,2.205281e-01,5.608121e-01,5.472052e-01,2.522192,187.9891
0.100333,2.515000e+01,-5.112009e+00,8.743465e-01,2.205260e-01,5.605974e-01,5.474097e-01,2.523022,188.2879
0.100367,2.515000e+01,-5.111983e+00,8.743465e-01,2.207234e-01,5.608499e-01,5.476529e-01,2.523877,188.5957
0.1004,2.515000e+01,-5.111938e+00,8.743465e-01,2.204284e-01,5.611137e-01,5.466638e-01,2.524707,188.8944
0.100433,2.515000e+01,-5.111881e+00,8.743465e-01,2.203648e-01,5.612554e-01,5.463682e-01,2.525537,189.1931
0.100467,2.515000e+01,-5.111808e+00,8.743465e-01,2.201535e-01,5.613903e-01,5.457130e-01,2.526392,189.5009
0.1005,2.515000e+01,-5.111734e+00,8.743465e-01,2.203871e-01,5.615647e-01,5.461226e-01,2.527221,189.7997
0.100533,2.515000e+01,-5.111698e+00,8.743465e-01,2.210813e-01,5.608834e-01,5.485082e-01,2.528051,190.0984
0.100567,2.515000e+01,-5.111660e+00,8.743465e-01,2.211407e-01,5.611926e-01,5.483532e-01,2.528906,190.4062
0.1006,2.515000e+01,-5.111600e+00,8.743465e-01,2.209441e-01,5.615917e-01,5.474764e-01,2.529736,190.7050
0.100633,2.515000e+01,-5.111524e+00,8.743465e-01,2.203272e-01,5.612428e-01,5.462871e-01,2.530566,191.0037
0.100667,2.515000e+01,-5.111456e+00,8.743465e-01,2.202684e-01,5.607108e-01,5.466595e-01,2.531421,191.3115
0.1007,2.515000e+01,-5.111395e+00,8.743465e-01,2.204470e-01,5.607346e-01,5.470795e-01,2.532251,191.6102
0.100733,2.515000e+01,-5.111322e+00,8.743465e-01,2.206924e-01,5.615675e-01,5.468762e-01,2.533080,191.9090
0.100767,2.515000e+01,-5.111250e+00,8.743465e-01,2.208055e-01,5.616242e-01,5.471014e-01,2.533935,192.2168
0.1008,2.515000e+01,-5.111176e+00,8.743465e-01,2.206385e-01,5.613656e-01,5.469393e-01,2.534765,192.5155
0.100833,2.515000e+01,-5.111097e+00,8.743465e-01,2.205228e-01,5.613823e-01,5.466362e-01,2.535595,192.8142
0.100867,2.515000e+01,-5.111013e+00,8.743465e-01,2.205807e-01,5.616045e-01,5.465635e-01,2.536450,193.1220
0.1009,2.515000e+01,-5.110937e+00,8.743465e-01,2.207321e-01,5.615080e-01,5.470327e-01,2.537280,193.4208
0.100933,2.515000e+01,-5.110847e+00,8.743465e-01,2.204966e-01,5.616773e-01,5.462842e-01,2.538110,193.7195
0.100967,2.515000e+01,-5.110758e+00,8.743465e-01,2.204647e-01,5.614893e-01,5.463883e-01,2.538965,194.0273
0.101,2.515000e+01,-5.110682e+00,8.743465e-01,2.205317e-01,5.607941e-01,5.472317e-01,2.539795,194.3260
0.101033,2.515000e+01,-5.110618e+00,8.743465e-01,2.206418e-01,5.604270e-01,5.478636e-01,2.540624,194.6248
0.101067,2.515000e+01,-5.110531e+00,8.743465e-01,2.205281e-01,5.612603e-01,5.467681e-01,2.541479,194.9326
0.1011,2.515000e+01,-5.110424e+00,8.743465e-01,2.204713e-01,5.619959e-01,5.459119e-01,2.542309,195.2313
0.101133,2.515000e+01,-5.110317e+00,8.743465e-01,2.204536e-01,5.619591e-01,5.459038e-01,2.543139,195.5301
0.101167,2.515000e+01,-5.110216e+00,8.743465e-01,2.205178e-01,5.617311e-01,5.462846e-01,2.543994,195.8379
0.1012,2.515000e+01,-5.110128e+00,8.743465e-01,2.207207e-01,5.615489e-01,5.469645e-01,2.544824,196.1366
0.101233,2.515000e+01,-5.110068e+00,8.743465e-01,2.209816e-01,5.607972e-01,5.483451e-01,2.545654,196.4353
0.101267,2.515000e+01,-5.110003e+00,8.743465e-01,2.209159e-01,5.610657e-01,5.479198e-01,2.546509,196.7431
0.1013,2.515000e+01,-5.109920e+00,8.743465e-01,2.207331e-01,5.617099e-01,5.468384e-01,2.547339,197.0419
0.101333,2.515000e+01,-5.109832e+00,8.743465e-01,2.205466e-01,5.617123e-01,5.463741e-01,2.548168,197.3406
0.101367,2.515000e+01,-5.109752e+00,8.743465e-01,2.206893e-01,5.616278e-01,5.468098e-01,2.549023,197.6484
0.1014,2.515000e+01,-5.109674e+00,8.743465e-01,2.205401e-01,5.613483e-01,5.467124e-01,2.549853,197.9471
0.101433,2.515000e+01,-5.109581e+00,8.743465e-01,2.204022e-01,5.618852e-01,5.458485e-01,2.550683,198.2459
0.101467,2.515000e+01,-5.109482e+00,8.743465e-01,2.204329e-01,5.620908e-01,5.457248e-01,2.551538,198.5537
0.1015,2.515000e+01,-5.109388e+00,8.743465e-01,2.204835e-01,5.620497e-01,5.458899e-01,2.552368,198.8524
0.101533,2.515000e+01,-5.109308e+00,8.743465e-01,2.206355e-01,5.618863e-01,5.464252e-01,2.553198,199.1512
0.101567,2.515000e+01,-5.109237e+00,8.743465e-01,2.206295e-01,5.612121e-01,5.470666e-01,2.554053,199.4589
0.1016,2.515000e+01,-5.109172e+00,8.743465e-01,2.206201e-01,5.609552e-01,5.472939e-01,2.554882,199.7577
0.101633,2.515000e+01,-5.109107e+00,8.743465e-01,2.206754e-01,5.613560e-01,5.470403e-01,2.555712,200.0564
0.101667,2.515000e+01,-5.109023e+00,8.743465e-01,2.204760e-01,5.621296e-01,5.457937e-01,2.556567,200.3642
0.1017,2.515000e+01,-5.108937e+00,8.743465e-01,2.205184e-01,5.626022e-01,5.454400e-01,2.557397,200.6630
0.101733,2.515000e+01,-5.108856e+00,8.743465e-01,2.204274e-01,5.625401e-01,5.452751e-01,2.558227,200.9617
0.101767,2.515000e+01,-5.108773e+00,8.743465e-01,2.203203e-01,5.625479e-01,5.450028e-01,2.559082,201.2695
0.1018,2.515000e+01,-5.108721e+00,8.743465e-01,2.206853e-01,5.619717e-01,5.464653e-01,2.559912,201.5682
0.101833,2.515000e+01,-5.108715e+00,8.743465e-01,2.213079e-01,5.612431e-01,5.487187e-01,2.560742,201.8670
0.101867,2.515000e+01,-5.108713e+00,8.743465e-01,2.213039e-01,5.613911e-01,5.485640e-01,2.561597,202.1748
0.1019,2.515000e+01,-5.108672e+00,8.743465e-01,2.207115e-01,5.625017e-01,5.460152e-01,2.562426,202.4735
0.101933,2.515000e+01,-5.108615e+00,8.743465e-01,2.202952e-01,5.627535e-01,5.447415e-01,2.563256,202.7722
0.101967,2.515000e+01,-5.108585e+00,8.743465e-01,2.205459e-01,5.624957e-01,5.456114e-01,2.564111,203.0800
0.102,2.515000e+01,-5.108575e+00,8.743465e-01,2.207117e-01,5.621538e-01,5.463536e-01,2.564941,203.3788
0.102033,2.515000e+01,-5.108571e+00,8.743465e-01,2.208942e-01,5.625039e-01,5.464651e-01,2.565771,203.6775
0.102067,2.515000e+01,-5.108568e+00,8.743465e-01,2.209174e-01,5.628780e-01,5.461593e-01,2.566626,203.9853
0.1021,2.515000e+01,-5.108554e+00,8.743465e-01,2.205865e-01,5.628960e-01,5.453237e-01,2.567456,204.2841
0.102133,2.515000e+01,-5.108542e+00,8.743465e-01,2.205111e-01,5.628809e-01,5.451521e-01,2.568286,204.5828
0.102167,2.515000e+01,-5.108569e+00,8.743465e-01,2.207452e-01,5.618054e-01,5.467757e-01,2.569141,204.8906
0.1022,2.515000e+01,-5.108630e+00,8.743465e-01,2.212927e-01,5.614864e-01,5.484431e-01,2.569970,205.1893
0.102233,2.515000e+01,-5.108687e+00,8.743465e-01,2.211561e-01,5.617999e-01,5.477985e-01,2.570800,205.4881
0.102267,2.515000e+01,-5.108679e+00,8.743465e-01,2.202384e-01,5.635009e-01,5.438788e-01,2.571655,205.7959
0.1023,2.515000e+01,-5.108659e+00,8.743465e-01,2.200067e-01,5.638302e-01,5.429894e-01,2.572485,206.0946
0.102333,2.515000e+01,-5.108679e+00,8.743465e-01,2.205260e-01,5.632690e-01,5.448132e-01,2.573315,206.3933
0.102367,2.515000e+01,-5.108727e+00,8.743465e-01,2.207651e-01,5.626875e-01,5.459677e-01,2.574170,206.7011
0.1024,2.515000e+01,-5.108795e+00,8.743465e-01,2.211079e-01,5.624553e-01,5.470410e-01,2.575000,206.9999
0.102433,2.515000e+01,-5.108846e+00,8.743465e-01,2.208735e-01,5.628153e-01,5.461116e-01,2.575829,207.2986
0.102467,2.515000e+01,-5.108895e+00,8.743465e-01,2.208714e-01,5.630387e-01,5.458897e-01,2.576684,207.6064
0.1025,2.515000e+01,-5.108932e+00,8.743465e-01,2.209436e-01,5.637821e-01,5.453480e-01,2.577514,207.9051
0.102533,2.515000e+01,-5.108993e+00,8.743465e-01,2.210196e-01,5.628402e-01,5.464486e-01,2.578344,208.2039
0.102567,2.515000e+01,-5.109046e+00,8.743465e-01,2.208257e-01,5.626422e-01,5.461615e-01,2.579199,208.5117
0.1026,2.515000e+01,-5.109082e+00,8.743465e-01,2.205085e-01,5.626884e-01,5.453322e-01,2.580029,208.8104
0.102633,2.515000e+01,-5.109093e+00,8.743465e-01,2.204779e-01,5.635096e-01,5.444619e-01,2.580859,209.1092
0.102667,2.515000e+01,-5.109103e+00,8.743465e-01,2.206954e-01,5.638383e-01,5.446813e-01,2.581714,209.4170
0.1027,2.515000e+01,-5.109133e+00,8.743465e-01,2.210012e-01,5.636025e-01,5.456642e-01,2.582544,209.7157
0.102733,2.515000e+01,-5.109175e+00,8.743465e-01,2.212341e-01,5.636364e-01,5.462063e-01,2.583373,210.0144
0.102767,2.515000e+01,-5.109245e+00,8.743465e-01,2.215576e-01,5.628872e-01,5.477330e-01,2.584228,210.3222
0.1028,2.515000e+01,-5.109303e+00,8.743465e-01,2.211878e-01,5.628384e-01,5.468663e-01,2.585058,210.6210
0.102833,2.515000e+01,-5.109353e+00,8.743465e-01,2.210280e-01,5.631065e-01,5.462111e-01,2.585888,210.9197
0.102867,2.515000e+01,-5.109372e+00,8.743465e-01,2.205680e-01,5.640515e-01,5.441612e-01,2.586743,211.2275
0.1029,2.515000e+01,-5.109404e+00,8.743465e-01,2.208034e-01,5.638135e-01,5.449716e-01,2.587573,211.5262
0.102933,2.515000e+01,-5.109430e+00,8.743465e-01,2.206804e-01,5.637744e-01,5.447059e-01,2.588403,211.8250
0.102967,2.515000e+01,-5.109442e+00,8.743465e-01,2.202898e-01,5.636301e-01,5.438809e-01,2.589258,212.1328
0.103,2.515000e+01,-5.109467e+00,8.743465e-01,2.206754e-01,5.638372e-01,5.446330e-01,2.590088,212.4315
0.103033,2.515000e+01,-5.109521e+00,8.743465e-01,2.211482e-01,5.635342e-01,5.460931e-01,2.590917,212.7303
0.103067,2.515000e+01,-5.109583e+00,8.743465e-01,2.210795e-01,5.631527e-01,5.462936e-01,2.591772,213.0380
0.1031,2.515000e+01,-5.109599e+00,8.743465e-01,2.201989e-01,5.636933e-01,5.435957e-01,2.592602,213.3368
0.103133,2.515000e+01,-5.109637e+00,8.743465e-01,2.207442e-01,5.635375e-01,5.450924e-01,2.593432,213.6355
0.103167,2.515000e+01,-5.109713e+00,8.743465e-01,2.215944e-01,5.634927e-01,5.472353e-01,2.594287,213.9433
0.1032,2.515000e+01,-5.109786e+00,8.743465e-01,2.215284e-01,5.636062e-01,5.469621e-01,2.595117,214.2421
0.103233,2.515000e+01,-5.109818e+00,8.743465e-01,2.206373e-01,5.639813e-01,5.443998e-01,2.595947,214.5408
0.103267,2.515000e+01,-5.109852e+00,8.743465e-01,2.206402e-01,5.639411e-01,5.444458e-01,2.596802,214.8486
0.1033,2.515000e+01,-5.109895e+00,8.743465e-01,2.206389e-01,5.634022e-01,5.449631e-01,2.597631,215.1473
0.103333,2.515000e+01,-5.109949e+00,8.743465e-01,2.208934e-01,5.633817e-01,5.456117e-01,2.598461,215.4461
0.103367,2.515000e+01,-5.110017e+00,8.743465e-01,2.212665e-01,5.636122e-01,5.463099e-01,2.599316,215.7539
0.1034,2.515000e+01,-5.110097e+00,8.743465e-01,2.214538e-01,5.634753e-01,5.469051e-01,2.600146,216.0526
0.103433,2.515000e+01,-5.110169e+00,8.743465e-01,2.211415e-01,5.635539e-01,5.460575e-01,2.600976,216.3513
0.103467,2.515000e+01,-5.110188e+00,8.743465e-01,2.198985e-01,5.637363e-01,5.428127e-01,2.601831,216.6591
0.1035,2.515000e+01,-5.110218e+00,8.743465e-01,2.200513e-01,5.635847e-01,5.433361e-01,2.602661,216.9579
0.103533,2.515000e+01,-5.110282e+00,8.743465e-01,2.208743e-01,5.636145e-01,5.453393e-01,2.603491,217.2566
0.103567,2.515000e+01,-5.110361e+00,8.743465e-01,2.210491e-01,5.633376e-01,5.460391e-01,2.604346,217.5644
0.1036,2.515000e+01,-5.110408e+00,8.743465e-01,2.205761e-01,5.639628e-01,5.442667e-01,2.605175,217.8632
0.103633,2.515000e+01,-5.110446e+00,8.743465e-01,2.202642e-01,5.639370e-01,5.435217e-01,2.606005,218.1619
0.103667,2.515000e+01,-5.110506e+00,8.743465e-01,2.205614e-01,5.633682e-01,5.448046e-01,2.606860,218.4697
0.1037,2.515000e+01,-5.110591e+00,8.743465e-01,2.210089e-01,5.631649e-01,5.461073e-01,2.607690,218.7684
0.103733,2.515000e+01,-5.110686e+00,8.743465e-01,2.211153e-01,5.629927e-01,5.465372e-01,2.608520,219.0672
0.103767,2.515000e+01,-5.110758e+00,8.743465e-01,2.206600e-01,5.631892e-01,5.452216e-01,2.609375,219.3750
0.1038,2.515000e+01,-5.110811e+00,8.743465e-01,2.205424e-01,5.637881e-01,5.443520e-01,2.610205,219.6737
0.103833,2.515000e+01,-5.110844e+00,8.743465e-01,2.199858e-01,5.635475e-01,5.432101e-01,2.611035,219.9724
0.103867,2.515000e+01,-5.110888e+00,8.743465e-01,2.202954e-01,5.634705e-01,5.440490e-01,2.611890,220.2802
0.1039,2.515000e+01,-5.110966e+00,8.743465e-01,2.207889e-01,5.629247e-01,5.457962e-01,2.612719,220.5790
0.103933,2.515000e+01,-5.111045e+00,8.743465e-01,2.209757e-01,5.631782e-01,5.460122e-01,2.613549,220.8777
0.103967,2.515000e+01,-5.111111e+00,8.743465e-01,2.207356e-01,5.633049e-01,5.452964e-01,2.614404,221.1855
0.104,2.515000e+01,-5.111163e+00,8.743465e-01,2.205521e-01,5.634201e-01,5.447316e-01,2.615234,221.4842
0.104032,2.515000e+01,-5.111224e+00,8.743465e-01,2.207455e-01,5.637836e-01,5.448578e-01,2.616039,221.7739
0.104065,2.515000e+01,-5.111289e+00,8.743465e-01,2.204449e-01,5.628710e-01,5.449981e-01,2.616869,222.0727
0.104097,2.515000e+01,-5.111366e+00,8.743465e-01,2.206771e-01,5.626454e-01,5.457908e-01,2.617673,222.3624
0.104129,2.515000e+01,-5.111394e+00,8.743465e-01,2.196841e-01,5.631739e-01,5.428249e-01,2.618478,222.6521
0.104161,2.515000e+01,-5.111413e+00,8.743465e-01,2.195639e-01,5.632839e-01,5.424220e-01,2.619283,222.9417
0.104194,2.515000e+01,-5.111428e+00,8.743465e-01,2.195105e-01,5.634266e-01,5.421527e-01,2.620112,223.2405
0.104226,2.515000e+01,-5.111478e+00,8.743465e-01,2.201619e-01,5.629863e-01,5.441867e-01,2.620917,223.5302
0.104258,2.515000e+01,-5.111547e+00,8.743465e-01,2.205963e-01,5.627291e-01,5.455097e-01,2.621722,223.8199
0.10429,2.515000e+01,-5.111599e+00,8.743465e-01,2.203546e-01,5.629342e-01,5.447136e-01,2.622527,224.1095
0.104323,2.515000e+01,-5.111652e+00,8.743465e-01,2.202621e-01,5.627305e-01,5.446819e-01,2.623356,224.4083
0.104355,2.515000e+01,-5.111703e+00,8.743465e-01,2.202813e-01,5.627954e-01,5.446668e-01,2.624161,224.6980
0.104387,2.515000e+01,-5.111754e+00,8.743465e-01,2.201396e-01,5.626892e-01,5.444190e-01,2.624966,224.9877
0.104419,2.515000e+01,-5.111801e+00,8.743465e-01,2.200027e-01,5.626546e-01,5.441139e-01,2.625770,225.2773
0.104452,2.515000e+01,-5.111856e+00,8.743465e-01,2.200816e-01,5.625666e-01,5.443941e-01,2.626600,225.5761
0.104484,2.515000e+01,-5.111914e+00,8.743465e-01,2.200537e-01,5.624241e-01,5.444630e-01,2.627405,225.8658
0.104516,2.515000e+01,-5.111956e+00,8.743465e-01,2.196639e-01,5.623156e-01,5.436036e-01,2.628210,226.1555
0.104548,2.515000e+01,-5.111992e+00,8.743465e-01,2.194990e-01,5.622379e-01,5.432703e-01,2.629014,226.4451
0.104581,2.515000e+01,-5.112052e+00,8.743465e-01,2.201957e-01,5.621913e-01,5.450400e-01,2.629844,226.7439
0.104613,2.515000e+01,-5.112114e+00,8.743465e-01,2.205761e-01,5.627068e-01,5.454815e-01,2.630649,227.0336
0.104645,2.515000e+01,-5.112149e+00,8.743465e-01,2.199702e-01,5.626316e-01,5.440559e-01,2.631454,227.3233
0.104677,2.515000e+01,-5.112182e+00,8.743465e-01,2.198745e-01,5.622409e-01,5.441968e-01,2.632258,227.6129
0.10471,2.515000e+01,-5.112212e+00,8.743465e-01,2.195395e-01,5.617189e-01,5.438727e-01,2.633088,227.9117
0.104742,2.515000e+01,-5.112254e+00,8.743465e-01,2.198058e-01,5.615716e-01,5.446753e-01,2.633893,228.2014
0.104774,2.515000e+01,-5.112282e+00,8.743465e-01,2.197953e-01,5.620454e-01,5.441903e-01,2.634697,228.4911
0.104806,2.515000e+01,-5.112302e+00,8.743465e-01,2.198557e-01,5.623808e-01,5.440152e-01,2.635502,228.7808
0.104839,2.515000e+01,-5.112322e+00,8.743465e-01,2.198090e-01,5.621369e-01,5.441356e-01,2.636332,229.0795
0.104871,2.515000e+01,-5.112340e+00,8.743465e-01,2.196328e-01,5.616718e-01,5.441497e-01,2.637137,229.3692
0.104903,2.515000e+01,-5.112352e+00,8.743465e-01,2.194131e-01,5.612894e-01,5.439757e-01,2.637941,229.6589
0.104935,2.515000e+01,-5.112371e+00,8.743465e-01,2.199187e-01,5.616262e-01,5.449021e-01,2.638746,229.9486
0.104968,2.515000e+01,-5.112382e+00,8.743465e-01,2.200237e-01,5.618485e-01,5.449468e-01,2.639576,230.2473
0.105,2.515000e+01,-5.112359e+00,8.743465e-01,2.195433e-01,5.622936e-01,5.433264e-01,2.640381,230.5370
0.105032,2.515000e+01,-5.112325e+00,8.743465e-01,2.189426e-01,5.613426e-01,5.427575e-01,2.641185,230.8267
0.105065,2.515000e+01,-5.112295e+00,8.743465e-01,2.188847e-01,5.608123e-01,5.431273e-01,2.642015,231.1254
0.105097,2.515000e+01,-5.112275e+00,8.743465e-01,2.192598e-01,5.606582e-01,5.442076e-01,2.642820,231.4151
0.105129,2.515000e+01,-5.112244e+00,8.743465e-01,2.193489e-01,5.612266e-01,5.438773e-01,2.643624,231.7048
0.105161,2.515000e+01,-5.112216e+00,8.743465e-01,2.196639e-01,5.614760e-01,5.444162e-01,2.644429,231.9945
0.105194,2.515000e+01,-5.112197e+00,8.743465e-01,2.200006e-01,5.614044e-01,5.453204e-01,2.645259,232.2932
0.105226,2.515000e+01,-5.112160e+00,8.743465e-01,2.194785e-01,5.609362e-01,5.444804e-01,2.646064,232.5829
0.105258,2.515000e+01,-5.112118e+00,8.743465e-01,2.192625e-01,5.604857e-01,5.443816e-01,2.646868,232.8726
0.10529,2.515000e+01,-5.112071e+00,8.743465e-01,2.193917e-01,5.607779e-01,5.444186e-01,2.647673,233.1623
0.105323,2.515000e+01,-5.112021e+00,8.743465e-01,2.194973e-01,5.608832e-01,5.445785e-01,2.648503,233.4610
0.105355,2.515000e+01,-5.111975e+00,8.743465e-01,2.195790e-01,5.608280e-01,5.448347e-01,2.649308,233.7507
0.105387,2.515000e+01,-5.111900e+00,8.743465e-01,2.187172e-01,5.604012e-01,5.431097e-01,2.650112,234.0404
0.105419,2.515000e+01,-5.111834e+00,8.743465e-01,2.189420e-01,5.601901e-01,5.438728e-01,2.650917,234.3301
0.105452,2.515000e+01,-5.111762e+00,8.743465e-01,2.190096e-01,5.604659e-01,5.437730e-01,2.651747,234.6288
0.105484,2.515000e+01,-5.111696e+00,8.743465e-01,2.190667e-01,5.602055e-01,5.441678e-01,2.652551,234.9185
0.105516,2.515000e+01,-5.111636e+00,8.743465e-01,2.192317e-01,5.601783e-01,5.446038e-01,2.653356,235.2082
0.105548,2.515000e+01,-5.111569e+00,8.743465e-01,2.191288e-01,5.602559e-01,5.442730e-01,2.654161,235.4979
0.105581,2.515000e+01,-5.111503e+00,8.743465e-01,2.190964e-01,5.600954e-01,5.443483e-01,2.654991,235.7966
0.105613,2.515000e+01,-5.111411e+00,8.743465e-01,2.184254e-01,5.599544e-01,5.428179e-01,2.655795,236.0863
0.105645,2.515000e+01,-5.111320e+00,8.743465e-01,2.184719e-01,5.598739e-01,5.430115e-01,2.656600,236.3760
0.105677,2.515000e+01,-5.111239e+00,8.743465e-01,2.189490e-01,5.600472e-01,5.440288e-01,2.657405,236.6657
0.10571,2.515000e+01,-5.111155e+00,8.743465e-01,2.187647e-01,5.597630e-01,5.438471e-01,2.658235,236.9644
0.105742,2.515000e+01,-5.111076e+00,8.743465e-01,2.186371e-01,5.590764e-01,5.441972e-01,2.659039,237.2541
0.105774,2.515000e+01,-5.110999e+00,8.743465e-01,2.188247e-01,5.592194e-01,5.445250e-01,2.659844,237.5438
0.105806,2.515000e+01,-5.110917e+00,8.743465e-01,2.189501e-01,5.596739e-01,5.443947e-01,2.660649,237.8335
0.105839,2.515000e+01,-5.110835e+00,8.743465e-01,2.190910e-01,5.599398e-01,5.444862e-01,2.661478,238.1322
0.105871,2.515000e+01,-5.110750e+00,8.743465e-01,2.189601e-01,5.597658e-01,5.443301e-01,2.662283,238.4219
0.105903,2.515000e+01,-5.110674e+00,8.743465e-01,2.189563e-01,5.590866e-01,5.449820e-01,2.663088,238.7116
0.105935,2.515000e+01,-5.110597e+00,8.743465e-01,2.189868e-01,5.592008e-01,5.449465e-01,2.663892,239.0013
0.105968,2.515000e+01,-5.110501e+00,8.743465e-01,2.183426e-01,5.588799e-01,5.436555e-01,2.664722,239.3000
0.106,2.515000e+01,-5.110412e+00,8.743465e-01,2.183096e-01,5.585789e-01,5.438660e-01,2.665527,239.5897
0.106032,2.515000e+01,-5.110319e+00,8.743465e-01,2.182264e-01,5.586821e-01,5.435584e-01,2.666332,239.8794
0.106065,2.515000e+01,-5.110236e+00,8.743465e-01,2.186196e-01,5.588824e-01,5.443427e-01,2.667162,240.1781
0.106097,2.515000e+01,-5.110151e+00,8.743465e-01,2.187244e-01,5.591555e-01,5.443376e-01,2.667966,240.4678
0.106129,2.515000e+01,-5.110072e+00,8.743465e-01,2.187733e-01,5.591158e-01,5.444981e-01,2.668771,240.7575
0.106161,2.515000e+01,-5.109998e+00,8.743465e-01,2.187786e-01,5.588773e-01,5.447436e-01,2.669576,241.0472
0.106194,2.515000e+01,-5.109914e+00,8.743465e-01,2.183184e-01,5.585498e-01,5.439163e-01,2.670405,241.3459
0.106226,2.515000e+01,-5.109831e+00,8.743465e-01,2.180053e-01,5.580312e-01,5.436411e-01,2.671210,241.6356
0.106258,2.515000e+01,-5.109748e+00,8.743465e-01,2.180958e-01,5.582924e-01,5.436124e-01,2.672015,241.9253
0.10629,2.515000e+01,-5.109669e+00,8.743465e-01,2.183590e-01,5.585971e-01,5.439716e-01,2.672819,242.2150
0.106323,2.515000e+01,-5.109590e+00,8.743465e-01,2.185365e-01,5.590248e-01,5.439972e-01,2.673649,242.5137
0.106355,2.515000e+01,-5.109520e+00,8.743465e-01,2.186329e-01,5.590132e-01,5.442484e-01,2.674454,242.8034
0.106387,2.515000e+01,-5.109461e+00,8.743465e-01,2.184898e-01,5.584003e-01,5.444890e-01,2.675259,243.0931
0.106419,2.515000e+01,-5.109413e+00,8.743465e-01,2.186137e-01,5.580852e-01,5.451055e-01,2.676063,243.3828
0.106452,2.515000e+01,-5.109366e+00,8.743465e-01,2.185668e-01,5.581067e-01,5.449675e-01,2.676893,243.6816
0.106484,2.515000e+01,-5.109313e+00,8.743465e-01,2.185727e-01,5.584395e-01,5.446575e-01,2.677698,243.9712
0.106516,2.515000e+01,-5.109265e+00,8.743465e-01,2.188474e-01,5.588972e-01,5.448955e-01,2.678503,244.2609
0.106548,2.515000e+01,-5.109220e+00,8.743465e-01,2.185241e-01,5.583729e-01,5.446014e-01,2.679307,244.5506
0.106581,2.515000e+01,-5.109199e+00,8.743465e-01,2.182950e-01,5.569724e-01,5.453985e-01,2.680137,244.8494
0.106613,2.515000e+01,-5.109171e+00,8.743465e-01,2.180821e-01,5.571560e-01,5.446869e-01,2.680942,245.1390
0.106645,2.515000e+01,-5.109136e+00,8.743465e-01,2.181032e-01,5.577442e-01,5.441651e-01,2.681746,245.4287
0.106677,2.515000e+01,-5.109103e+00,8.743465e-01,2.184438e-01,5.584901e-01,5.442870e-01,2.682551,245.7184
0.10671,2.515000e+01,-5.109075e+00,8.743465e-01,2.184671e-01,5.584781e-01,5.443568e-01,2.683381,246.0172
0.106742,2.515000e+01,-5.109066e+00,8.743465e-01,2.186893e-01,5.581102e-01,5.452696e-01,2.684186,246.3068
0.106774,2.515000e+01,-5.109065e+00,8.743465e-01,2.186947e-01,5.578955e-01,5.454929e-01,2.684990,246.5965
0.106806,2.515000e+01,-5.109055e+00,8.743465e-01,2.182903e-01,5.577054e-01,5.446697e-01,2.685795,246.8862
0.106839,2.515000e+01,-5.109047e+00,8.743465e-01,2.183279e-01,5.578594e-01,5.446134e-01,2.686625,247.1850
0.106871,2.515000e+01,-5.109038e+00,8.743465e-01,2.182730e-01,5.580796e-01,5.442615e-01,2.687430,247.4746
0.106903,2.515000e+01,-5.109043e+00,8.743465e-01,2.184355e-01,5.578737e-01,5.448675e-01,2.688234,247.7643
0.106935,2.515000e+01,-5.109047e+00,8.743465e-01,2.181794e-01,5.576319e-01,5.444647e-01,2.689039,248.0540
0.106968,2.515000e+01,-5.109051e+00,8.743465e-01,2.180095e-01,5.575783e-01,5.440932e-01,2.689869,248.3528
0.107,2.515000e+01,-5.109058e+00,8.743465e-01,2.181674e-01,5.577759e-01,5.442942e-01,2.690673,248.6424
0.107032,2.515000e+01,-5.109065e+00,8.743465e-01,2.185221e-01,5.585262e-01,5.444470e-01,2.691478,248.9321
0.107065,2.515000e+01,-5.109086e+00,8.743465e-01,2.186330e-01,5.582354e-01,5.450069e-01,2.692308,249.2309
0.107097,2.515000e+01,-5.109121e+00,8.743465e-01,2.187647e-01,5.580246e-01,5.455413e-01,2.693113,249.5206
0.107129,2.515000e+01,-5.109164e+00,8.743465e-01,2.187897e-01,5.579151e-01,5.457108e-01,2.693917,249.8103
0.107161,2.515000e+01,-5.109212e+00,8.743465e-01,2.185207e-01,5.573699e-01,5.455728e-01,2.694722,250.0999
0.107194,2.515000e+01,-5.109276e+00,8.743465e-01,2.184522e-01,5.568389e-01,5.459220e-01,2.695552,250.3987
0.107226,2.515000e+01,-5.109332e+00,8.743465e-01,2.181442e-01,5.569471e-01,5.450463e-01,2.696357,250.6884
0.107258,2.515000e+01,-5.109394e+00,8.743465e-01,2.184583e-01,5.572754e-01,5.455095e-01,2.697161,250.9781
0.10729,2.515000e+01,-5.109448e+00,8.743465e-01,2.185014e-01,5.578914e-01,5.450147e-01,2.697966,251.2677
0.107323,2.515000e+01,-5.109501e+00,8.743465e-01,2.185347e-01,5.581210e-01,5.448735e-01,2.698796,251.5665
0.107355,2.515000e+01,-5.109544e+00,8.743465e-01,2.183978e-01,5.583482e-01,5.443105e-01,2.699600,251.8562
0.107387,2.515000e+01,-5.109612e+00,8.743465e-01,2.185444e-01,5.574741e-01,5.455301e-01,2.700405,252.1459
0.107419,2.515000e+01,-5.109692e+00,8.743465e-01,2.187595e-01,5.572583e-01,5.462784e-01,2.701210,252.4355
0.107452,2.515000e+01,-5.109769e+00,8.743465e-01,2.186823e-01,5.572615e-01,5.460827e-01,2.702040,252.7343
0.107484,2.515000e+01,-5.109826e+00,8.743465e-01,2.183183e-01,5.575792e-01,5.448630e-01,2.702844,253.0240
0.107516,2.515000e+01,-5.109874e+00,8.743465e-01,2.181918e-01,5.578325e-01,5.443000e-01,2.703649,253.3137
0.107548,2.515000e+01,-5.109927e+00,8.743465e-01,2.181831e-01,5.577609e-01,5.443481e-01,2.704454,253.6033
0.107581,2.515000e+01,-5.109999e+00,8.743465e-01,2.184259e-01,5.574469e-01,5.452609e-01,2.705284,253.9021
0.107613,2.515000e+01,-5.110066e+00,8.743465e-01,2.186023e-01,5.580012e-01,5.451591e-01,2.706088,254.1918
0.107645,2.515000e+01,-5.110128e+00,8.743465e-01,2.185434e-01,5.582230e-01,5.447958e-01,2.706893,254.4815
0.107677,2.515000e+01,-5.110191e+00,8.743465e-01,2.186450e-01,5.582961e-01,5.449776e-01,2.707698,254.7711
0.10771,2.515000e+01,-5.110257e+00,8.743465e-01,2.186802e-01,5.583101e-01,5.450516e-01,2.708527,255.0699
0.107742,2.515000e+01,-5.110343e+00,8.743465e-01,2.187081e-01,5.572066e-01,5.462007e-01,2.709332,255.3596
0.107774,2.515000e+01,-5.110441e+00,8.743465e-01,2.187328e-01,5.566893e-01,5.467700e-01,2.710137,255.6493
0.107806,2.515000e+01,-5.110534e+00,8.743465e-01,2.187856e-01,5.569603e-01,5.466360e-01,2.710942,255.9390
0.107839,2.515000e+01,-5.110601e+00,8.743465e-01,2.185775e-01,5.578345e-01,5.452602e-01,2.711771,256.2377
0.107871,2.515000e+01,-5.110659e+00,8.743465e-01,2.184623e-01,5.578849e-01,5.449237e-01,2.712576,256.5274
0.107903,2.515000e+01,-5.110718e+00,8.743465e-01,2.186618e-01,5.581276e-01,5.451839e-01,2.713381,256.8171
0.107935,2.515000e+01,-5.110787e+00,8.743465e-01,2.189393e-01,5.580743e-01,5.459280e-01,2.714185,257.1068
0.107968,2.515000e+01,-5.110853e+00,8.743465e-01,2.188537e-01,5.578547e-01,5.459295e-01,2.715015,257.4055
0.108,2.515000e+01,-5.110911e+00,8.743465e-01,2.186642e-01,5.577425e-01,5.455664e-01,2.715820,257.6952
0.108032,2.515000e+01,-5.110964e+00,8.743465e-01,2.188762e-01,5.581225e-01,5.457237e-01,2.716625,257.9849
0.108065,2.515000e+01,-5.111021e+00,8.743465e-01,2.191096e-01,5.579360e-01,5.464881e-01,2.717454,258.2836
0.108097,2.515000e+01,-5.111084e+00,8.743465e-01,2.190011e-01,5.571728e-01,5.469657e-01,2.718259,258.5733
0.108129,2.515000e+01,-5.111131e+00,8.743465e-01,2.185779e-01,5.571497e-01,5.459313e-01,2.719064,258.8630
0.108161,2.515000e+01,-5.111171e+00,8.743465e-01,2.187098e-01,5.576888e-01,5.457327e-01,2.719869,259.1527
0.108194,2.515000e+01,-5.111175e+00,8.743465e-01,2.184276e-01,5.586397e-01,5.441009e-01,2.720698,259.4514
0.108226,2.515000e+01,-5.111174e+00,8.743465e-01,2.183218e-01,5.585498e-01,5.439248e-01,2.721503,259.7411
0.108258,2.515000e+01,-5.111197e+00,8.743465e-01,2.188082e-01,5.582360e-01,5.454431e-01,2.722308,260.0308
0.10829,2.515000e+01,-5.111229e+00,8.743465e-01,2.192156e-01,5.584691e-01,5.462306e-01,2.723112,260.3205
0.108323,2.515000e+01,-5.111264e+00,8.743465e-01,2.193685e-01,5.584041e-01,5.466753e-01,2.723942,260.6192
0.108355,2.515000e+01,-5.111295e+00,8.743465e-01,2.191055e-01,5.579626e-01,5.464517e-01,2.724747,260.9089
0.108387,2.515000e+01,-5.111328e+00,8.743465e-01,2.192314e-01,5.580608e-01,5.466695e-01,2.725552,261.1986
0.108419,2.515000e+01,-5.111365e+00,8.743465e-01,2.194337e-01,5.581090e-01,5.471267e-01,2.726356,261.4883
0.108452,2.515000e+01,-5.111397e+00,8.743465e-01,2.191483e-01,5.579036e-01,5.466165e-01,2.727186,261.7870
0.108484,2.515000e+01,-5.111415e+00,8.743465e-01,2.189249e-01,5.582715e-01,5.456993e-01,2.727991,262.0767
0.108516,2.515000e+01,-5.111415e+00,8.743465e-01,2.188647e-01,5.590215e-01,5.448175e-01,2.728796,262.3664
0.108548,2.515000e+01,-5.111418e+00,8.743465e-01,2.190997e-01,5.592261e-01,5.452027e-01,2.729600,262.6561
0.108581,2.515000e+01,-5.111453e+00,8.743465e-01,2.195849e-01,5.586596e-01,5.469641e-01,2.730430,262.9548
0.108613,2.515000e+01,-5.111490e+00,8.743465e-01,2.196509e-01,5.588025e-01,5.469886e-01,2.731235,263.2445
0.108645,2.515000e+01,-5.111506e+00,8.743465e-01,2.193524e-01,5.593854e-01,5.456761e-01,2.732039,263.5342
0.108677,2.515000e+01,-5.111517e+00,8.743465e-01,2.191702e-01,5.592715e-01,5.453340e-01,2.732844,263.8239
0.10871,2.515000e+01,-5.111553e+00,8.743465e-01,2.194155e-01,5.581816e-01,5.470102e-01,2.733674,264.1226
0.108742,2.515000e+01,-5.111598e+00,8.743465e-01,2.197603e-01,5.583634e-01,5.476915e-01,2.734479,264.4123
0.108774,2.515000e+01,-5.111627e+00,8.743465e-01,2.198676e-01,5.592626e-01,5.470779e-01,2.735283,264.7020
0.108806,2.515000e+01,-5.111646e+00,8.743465e-01,2.194523e-01,5.589936e-01,5.463074e-01,2.736088,264.9917
0.108839,2.515000e+01,-5.111656e+00,8.743465e-01,2.192078e-01,5.589721e-01,5.457195e-01,2.736918,265.2904
0.108871,2.515000e+01,-5.111644e+00,8.743465e-01,2.188823e-01,5.594540e-01,5.444399e-01,2.737723,265.5801
0.108903,2.515000e+01,-5.111617e+00,8.743465e-01,2.191851e-01,5.604884e-01,5.441870e-01,2.738527,265.8698
0.108935,2.515000e+01,-5.111651e+00,8.743465e-01,2.201929e-01,5.592296e-01,5.479196e-01,2.739332,266.1595
0.108968,2.515000e+01,-5.111693e+00,8.743465e-01,2.204312e-01,5.592947e-01,5.484489e-01,2.740162,266.4582
0.109,2.515000e+01,-5.111709e+00,8.743465e-01,2.200545e-01,5.598066e-01,5.470109e-01,2.740966,266.7479
0.109033,2.515000e+01,-5.111677e+00,8.743465e-01,2.188805e-01,5.591919e-01,5.446906e-01,2.741796,267.0467
0.109067,2.515000e+01,-5.111671e+00,8.743465e-01,2.192773e-01,5.587439e-01,5.461155e-01,2.742651,267.3544
0.1091,2.515000e+01,-5.111693e+00,8.743465e-01,2.200116e-01,5.587713e-01,5.479177e-01,2.743481,267.6532
0.109133,2.515000e+01,-5.111722e+00,8.743465e-01,2.204234e-01,5.594506e-01,5.482765e-01,2.744311,267.9519
0.109167,2.515000e+01,-5.111714e+00,8.743465e-01,2.199837e-01,5.604603e-01,5.461972e-01,2.745166,268.2597
0.1092,2.515000e+01,-5.111692e+00,8.743465e-01,2.197522e-01,5.606967e-01,5.453921e-01,2.745996,268.5585
0.109233,2.515000e+01,-5.111680e+00,8.743465e-01,2.198492e-01,5.605483e-01,5.457774e-01,2.746826,268.8572
0.109267,2.515000e+01,-5.111685e+00,8.743465e-01,2.199096e-01,5.600308e-01,5.464317e-01,2.747681,269.1650
0.1093,2.515000e+01,-5.111754e+00,8.743465e-01,2.208095e-01,5.584256e-01,5.502450e-01,2.748510,269.4637
0.109333,2.515000e+01,-5.111812e+00,8.743465e-01,2.207753e-01,5.589440e-01,5.496495e-01,2.749340,269.7625
0.109367,2.515000e+01,-5.111824e+00,8.743465e-01,2.203298e-01,5.603374e-01,5.471763e-01,2.750195,270.0703
0.1094,2.515000e+01,-5.111783e+00,8.743465e-01,2.189621e-01,5.602686e-01,5.438465e-01,2.751025,270.3690
0.109433,2.515000e+01,-5.111753e+00,8.743465e-01,2.189420e-01,5.597757e-01,5.442754e-01,2.751855,270.6677
0.109467,2.515000e+01,-5.111764e+00,8.743465e-01,2.198962e-01,5.597124e-01,5.467093e-01,2.752710,270.9755
0.1095,2.515000e+01,-5.111779e+00,8.743465e-01,2.205996e-01,5.607581e-01,5.474354e-01,2.753540,271.2743
0.109533,2.515000e+01,-5.111794e+00,8.743465e-01,2.204945e-01,5.605372e-01,5.473903e-01,2.754370,271.5730
0.109567,2.515000e+01,-5.111777e+00,8.743465e-01,2.199831e-01,5.607201e-01,5.459425e-01,2.755224,271.8808
0.1096,2.515000e+01,-5.111766e+00,8.743465e-01,2.199423e-01,5.606451e-01,5.459143e-01,2.756054,272.1796
0.109633,2.515000e+01,-5.111786e+00,8.743465e-01,2.202169e-01,5.597549e-01,5.474650e-01,2.756884,272.4783
0.109667,2.515000e+01,-5.111832e+00,8.743465e-01,2.207398e-01,5.594628e-01,5.490515e-01,2.757739,272.7861
0.1097,2.515000e+01,-5.111856e+00,8.743465e-01,2.204964e-01,5.598994e-01,5.480185e-01,2.758569,273.0848
0.109733,2.515000e+01,-5.111850e+00,8.743465e-01,2.202687e-01,5.609807e-01,5.463974e-01,2.759399,273.3836
0.109767,2.515000e+01,-5.111828e+00,8.743465e-01,2.198470e-01,5.609006e-01,5.454291e-01,2.760254,273.6914
0.1098,2.515000e+01,-5.111810e+00,8.743465e-01,2.199288e-01,5.609304e-01,5.456030e-01,2.761084,273.9901
0.109833,2.515000e+01,-5.111783e+00,8.743465e-01,2.199990e-01,5.614760e-01,5.452470e-01,2.761913,274.2888
0.109867,2.515000e+01,-5.111789e+00,8.743465e-01,2.204785e-01,5.607039e-01,5.471878e-01,2.762768,274.5966
0.1099,2.515000e+01,-5.111832e+00,8.743465e-01,2.209957e-01,5.597404e-01,5.494155e-01,2.763598,274.8954
0.109933,2.515000e+01,-5.111870e+00,8.743465e-01,2.209118e-01,5.597185e-01,5.492283e-01,2.764428,275.1941
0.109967,2.515000e+01,-5.111852e+00,8.743465e-01,2.201923e-01,5.611227e-01,5.460697e-01,2.765283,275.5019
0.11,2.515000e+01,-5.111843e+00,8.743465e-01,2.202438e-01,5.608821e-01,5.464316e-01,2.766113,275.8006
0.110033,2.515000e+01,-5.111836e+00,8.743465e-01,2.202352e-01,5.605591e-01,5.467250e-01,2.766943,276.0994
0.110067,2.515000e+01,-5.111816e+00,8.743465e-01,2.200768e-01,5.606861e-01,5.462081e-01,2.767798,276.4072
0.1101,2.515000e+01,-5.111785e+00,8.743465e-01,2.201945e-01,5.612440e-01,5.459570e-01,2.768628,276.7059
0.110133,2.515000e+01,-5.111777e+00,8.743465e-01,2.205951e-01,5.608317e-01,5.473524e-01,2.769457,277.0047
0.110167,2.515000e+01,-5.111763e+00,8.743465e-01,2.206120e-01,5.609711e-01,5.472583e-01,2.770312,277.3125
0.1102,2.515000e+01,-5.111726e+00,8.743465e-01,2.203282e-01,5.613990e-01,5.461376e-01,2.771142,277.6112
0.110233,2.515000e+01,-5.111695e+00,8.743465e-01,2.203516e-01,5.608617e-01,5.467190e-01,2.771972,277.9099
0.110267,2.515000e+01,-5.111672e+00,8.743465e-01,2.204681e-01,5.606495e-01,5.472149e-01,2.772827,278.2177
0.1103,2.515000e+01,-5.111650e+00,8.743465e-01,2.206174e-01,5.606325e-01,5.476021e-01,2.773657,278.5165
0.110333,2.515000e+01,-5.111610e+00,8.743465e-01,2.204507e-01,5.610596e-01,5.467719e-01,2.774487,278.8152
0.110367,2.515000e+01,-5.111557e+00,8.743465e-01,2.203281e-01,5.612185e-01,5.463130e-01,2.775342,279.1230
0.1104,2.515000e+01,-5.111487e+00,8.743465e-01,2.201107e-01,5.613123e-01,5.456828e-01,2.776172,279.4217
0.110433,2.515000e+01,-5.111413e+00,8.743465e-01,2.202437e-01,5.615079e-01,5.458225e-01,2.777001,279.7205
0.110467,2.515000e+01,-5.111368e+00,8.743465e-01,2.208439e-01,5.610144e-01,5.477913e-01,2.777856,280.0283
0.1105,2.515000e+01,-5.111334e+00,8.743465e-01,2.210943e-01,5.610381e-01,5.483891e-01,2.778686,280.3270
0.110533,2.515000e+01,-5.111285e+00,8.743465e-01,2.210187e-01,5.613397e-01,5.479071e-01,2.779516,280.6258
0.110567,2.515000e+01,-5.111206e+00,8.743465e-01,2.203489e-01,5.615658e-01,5.460266e-01,2.780371,280.9335
0.1106,2.515000e+01,-5.111137e+00,8.743465e-01,2.201383e-01,5.606827e-01,5.463640e-01,2.781201,281.2323
0.110633,2.515000e+01,-5.111076e+00,8.743465e-01,2.203489e-01,5.606317e-01,5.469366e-01,2.782031,281.5310
0.110667,2.515000e+01,-5.111009e+00,8.743465e-01,2.206133e-01,5.612962e-01,5.469446e-01,2.782886,281.8388
0.1107,2.515000e+01,-5.110934e+00,8.743465e-01,2.206855e-01,5.616730e-01,5.467565e-01,2.783715,282.1376
0.110733,2.515000e+01,-5.110862e+00,8.743465e-01,2.206209e-01,5.614088e-01,5.468538e-01,2.784545,282.4363
0.110767,2.515000e+01,-5.110787e+00,8.743465e-01,2.204962e-01,5.612650e-01,5.466847e-01,2.785400,282.7441
0.1108,2.515000e+01,-5.110703e+00,8.743465e-01,2.204799e-01,5.615635e-01,5.463536e-01,2.786230,283.0428
0.110833,2.515000e+01,-5.110629e+00,8.743465e-01,2.206614e-01,5.614195e-01,5.469436e-01,2.787060,283.3416
0.110867,2.515000e+01,-5.110541e+00,8.743465e-01,2.204763e-01,5.616723e-01,5.462389e-01,2.787915,283.6494
0.1109,2.515000e+01,-5.110449e+00,8.743465e-01,2.203893e-01,5.615988e-01,5.460948e-01,2.788745,283.9481
0.110933,2.515000e+01,-5.110372e+00,8.743465e-01,2.204576e-01,5.609075e-01,5.469372e-01,2.789575,284.2468
0.110967,2.515000e+01,-5.110307e+00,8.743465e-01,2.205354e-01,5.603845e-01,5.476409e-01,2.790430,284.5546
0.111,2.515000e+01,-5.110230e+00,8.743465e-01,2.205507e-01,5.609393e-01,5.471373e-01,2.791259,284.8534
0.111033,2.515000e+01,-5.110126e+00,8.743465e-01,2.203597e-01,5.618373e-01,5.457897e-01,2.792089,285.1521
0.111067,2.515000e+01,-5.110018e+00,8.743465e-01,2.203906e-01,5.619890e-01,5.457188e-01,2.792944,285.4599
0.1111,2.515000e+01,-5.109915e+00,8.743465e-01,2.204292e-01,5.617577e-01,5.460392e-01,2.793774,285.7587
0.111133,2.515000e+01,-5.109821e+00,8.743465e-01,2.205720e-01,5.616703e-01,5.464778e-01,2.794604,286.0574
0.111167,2.515000e+01,-5.109762e+00,8.743465e-01,2.209153e-01,5.607492e-01,5.482276e-01,2.795459,286.3652
0.1112,2.515000e+01,-5.109695e+00,8.743465e-01,2.208183e-01,5.610453e-01,5.476976e-01,2.796289,286.6639
0.111233,2.515000e+01,-5.109621e+00,8.743465e-01,2.207679e-01,5.614237e-01,5.472036e-01,2.797119,286.9627
0.111267,2.515000e+01,-5.109532e+00,8.743465e-01,2.204905e-01,5.617281e-01,5.462199e-01,2.797974,287.2705
0.1113,2.515000e+01,-5.109450e+00,8.743465e-01,2.205619e-01,5.616129e-01,5.465087e-01,2.798803,287.5692
0.111333,2.515000e+01,-5.109375e+00,8.743465e-01,2.205654e-01,5.613583e-01,5.467653e-01,2.799633,287.8679
0.111367,2.515000e+01,-5.109285e+00,8.743465e-01,2.202998e-01,5.616495e-01,5.458238e-01,2.800488,288.1757
0.1114,2.515000e+01,-5.109189e+00,8.743465e-01,2.204010e-01,5.621130e-01,5.456244e-01,2.801318,288.4745
0.111433,2.515000e+01,-5.109092e+00,8.743465e-01,2.203772e-01,5.620331e-01,5.456427e-01,2.802148,288.7732
0.111467,2.515000e+01,-5.109009e+00,8.743465e-01,2.205484e-01,5.619395e-01,5.461577e-01,2.803003,289.0810
0.1115,2.515000e+01,-5.108935e+00,8.743465e-01,2.205332e-01,5.613332e-01,5.467100e-01,2.803833,289.3797
0.111533,2.515000e+01,-5.108871e+00,8.743465e-01,2.205791e-01,5.608970e-01,5.472490e-01,2.804662,289.6785
0.111567,2.515000e+01,-5.108808e+00,8.743465e-01,2.205823e-01,5.611231e-01,5.470364e-01,2.805517,289.9863
0.1116,2.515000e+01,-5.108730e+00,8.743465e-01,2.204804e-01,5.619255e-01,5.460029e-01,2.806347,290.2850
0.111633,2.515000e+01,-5.108641e+00,8.743465e-01,2.204454e-01,5.626090e-01,5.452529e-01,2.807177,290.5838
0.111667,2.515000e+01,-5.108562e+00,8.743465e-01,2.203765e-01,5.624537e-01,5.452331e-01,2.808032,290.8916
0.1117,2.515000e+01,-5.108478e+00,8.743465e-01,2.202525e-01,5.625269e-01,5.448554e-01,2.808862,291.1903
0.111733,2.515000e+01,-5.108414e+00,8.743465e-01,2.204781e-01,5.621833e-01,5.457468e-01,2.809692,291.4890
0.111767,2.515000e+01,-5.108403e+00,8.743465e-01,2.211437e-01,5.612410e-01,5.483135e-01,2.810547,291.7968
0.1118,2.515000e+01,-5.108405e+00,8.743465e-01,2.212977e-01,5.612097e-01,5.487258e-01,2.811377,292.0956
0.111833,2.515000e+01,-5.108372e+00,8.743465e-01,2.208057e-01,5.623109e-01,5.464336e-01,2.812206,292.3943
0.111867,2.515000e+01,-5.108317e+00,8.743465e-01,2.202662e-01,5.626820e-01,5.447392e-01,2.813061,292.7021
0.1119,2.515000e+01,-5.108279e+00,8.743465e-01,2.203876e-01,5.625409e-01,5.451760e-01,2.813891,293.0008
0.111933,2.515000e+01,-5.108265e+00,8.743465e-01,2.205826e-01,5.621512e-01,5.460366e-01,2.814721,293.2996
0.111967,2.515000e+01,-5.108263e+00,8.743465e-01,2.208241e-01,5.623118e-01,5.464783e-01,2.815576,293.6074
0.112,2.515000e+01,-5.108262e+00,8.743465e-01,2.209139e-01,5.628473e-01,5.461806e-01,2.816406,293.9061
0.112033,2.515000e+01,-5.108248e+00,8.743465e-01,2.205178e-01,5.628258e-01,5.452221e-01,2.817236,294.2049
0.112067,2.515000e+01,-5.108233e+00,8.743465e-01,2.204613e-01,5.629530e-01,5.449591e-01,2.818091,294.5126
0.1121,2.515000e+01,-5.108250e+00,8.743465e-01,2.205368e-01,5.620149e-01,5.460556e-01,2.818921,294.8114
0.112133,2.515000e+01,-5.108308e+00,8.743465e-01,2.211850e-01,5.615041e-01,5.481590e-01,2.819750,295.1101
0.112167,2.515000e+01,-5.108376e+00,8.743465e-01,2.211909e-01,5.613870e-01,5.482880e-01,2.820605,295.4179
0.1122,2.515000e+01,-5.108379e+00,8.743465e-01,2.203928e-01,5.632664e-01,5.444868e-01,2.821435,295.7167
0.112233,2.515000e+01,-5.108357e+00,8.743465e-01,2.199263e-01,5.638422e-01,5.427794e-01,2.822265,296.0154
0.112267,2.515000e+01,-5.108368e+00,8.743465e-01,2.203053e-01,5.633172e-01,5.442215e-01,2.823120,296.3232
0.1123,2.515000e+01,-5.108410e+00,8.743465e-01,2.206259e-01,5.627705e-01,5.455430e-01,2.823950,296.6219
0.112333,2.515000e+01,-5.108473e+00,8.743465e-01,2.209779e-01,5.625264e-01,5.466504e-01,2.824780,296.9207
0.112367,2.515000e+01,-5.108533e+00,8.743465e-01,2.208957e-01,5.626035e-01,5.463720e-01,2.825635,297.2285
0.1124,2.515000e+01,-5.108583e+00,8.743465e-01,2.207751e-01,5.628766e-01,5.458090e-01,2.826464,297.5272
0.112433,2.515000e+01,-5.108621e+00,8.743465e-01,2.208521e-01,5.637277e-01,5.451751e-01,2.827294,297.8259
0.112467,2.515000e+01,-5.108676e+00,8.743465e-01,2.209205e-01,5.630374e-01,5.460124e-01,2.828149,298.1337
0.1125,2.515000e+01,-5.108734e+00,8.743465e-01,2.208711e-01,5.626489e-01,5.462673e-01,2.828979,298.4325
0.112533,2.515000e+01,-5.108779e+00,8.743465e-01,2.205099e-01,5.624632e-01,5.455540e-01,2.829809,298.7312
0.112567,2.515000e+01,-5.108792e+00,8.743465e-01,2.203795e-01,5.633417e-01,5.443809e-01,2.830664,299.0390
0.1126,2.515000e+01,-5.108800e+00,8.743465e-01,2.205670e-01,5.637826e-01,5.444182e-01,2.831494,299.3378
0.112633,2.515000e+01,-5.108826e+00,8.743465e-01,2.208476e-01,5.636109e-01,5.452767e-01,2.832324,299.6365
0.112667,2.515000e+01,-5.108867e+00,8.743465e-01,2.211393e-01,5.636215e-01,5.459867e-01,2.833179,299.9443
0.1127,2.515000e+01,-5.108931e+00,8.743465e-01,2.214422e-01,5.630580e-01,5.472817e-01,2.834008,300.2430
0.112733,2.515000e+01,-5.108994e+00,8.743465e-01,2.212466e-01,5.627785e-01,5.470699e-01,2.834838,300.5418
0.112767,2.515000e+01,-5.109051e+00,8.743465e-01,2.210530e-01,5.628418e-01,5.465298e-01,2.835693,300.8496
0.1128,2.515000e+01,-5.109072e+00,8.743465e-01,2.204910e-01,5.638845e-01,5.441321e-01,2.836523,301.1483
0.112833,2.515000e+01,-5.109097e+00,8.743465e-01,2.206737e-01,5.639585e-01,5.445116e-01,2.837353,301.4470
0.112867,2.515000e+01,-5.109131e+00,8.743465e-01,2.207487e-01,5.636897e-01,5.449564e-01,2.838208,301.7548
0.1129,2.515000e+01,-5.109148e+00,8.743465e-01,2.203391e-01,5.636118e-01,5.440203e-01,2.839038,302.0536
0.112933,2.515000e+01,-5.109161e+00,8.743465e-01,2.203579e-01,5.638082e-01,5.438772e-01,2.839868,302.3523
0.112967,2.515000e+01,-5.109212e+00,8.743465e-01,2.210609e-01,5.636059e-01,5.458083e-01,2.840723,302.6601
0.113,2.515000e+01,-5.109276e+00,8.743465e-01,2.210715e-01,5.631065e-01,5.463184e-01,2.841552,302.9588
0.113033,2.515000e+01,-5.109303e+00,8.743465e-01,2.203277e-01,5.635256e-01,5.440755e-01,2.842382,303.2576
0.113067,2.515000e+01,-5.109331e+00,8.743465e-01,2.204828e-01,5.636729e-01,5.443162e-01,2.843237,303.5654
0.1131,2.515000e+01,-5.109402e+00,8.743465e-01,2.214033e-01,5.634072e-01,5.468463e-01,2.844067,303.8641
0.113133,2.515000e+01,-5.109481e+00,8.743465e-01,2.215490e-01,5.633982e-01,5.472150e-01,2.844897,304.1629
0.113167,2.515000e+01,-5.109521e+00,8.743465e-01,2.208029e-01,5.640173e-01,5.447734e-01,2.845752,304.4707
0.1132,2.515000e+01,-5.109549e+00,8.743465e-01,2.204620e-01,5.639921e-01,5.439567e-01,2.846582,304.7694
0.113233,2.515000e+01,-5.109591e+00,8.743465e-01,2.205813e-01,5.634486e-01,5.447762e-01,2.847411,305.0681
0.113267,2.515000e+01,-5.109649e+00,8.743465e-01,2.208278e-01,5.632035e-01,5.456222e-01,2.848266,305.3759
0.1133,2.515000e+01,-5.109707e+00,8.743465e-01,2.210675e-01,5.636817e-01,5.457512e-01,2.849096,305.6747
0.113333,2.515000e+01,-5.109786e+00,8.743465e-01,2.213947e-01,5.635020e-01,5.467332e-01,2.849926,305.9734
0.113367,2.515000e+01,-5.109871e+00,8.743465e-01,2.213534e-01,5.633649e-01,5.467642e-01,2.850781,306.2812
0.1134,2.515000e+01,-5.109895e+00,8.743465e-01,2.199685e-01,5.637102e-01,5.430107e-01,2.851611,306.5799
0.113433,2.515000e+01,-5.109923e+00,8.743465e-01,2.199631e-01,5.636119e-01,5.430918e-01,2.852441,306.8787
0.113467,2.515000e+01,-5.109976e+00,8.743465e-01,2.205719e-01,5.635466e-01,5.446582e-01,2.853296,307.1865
0.1135,2.515000e+01,-5.110052e+00,8.743465e-01,2.209569e-01,5.634124e-01,5.457390e-01,2.854126,307.4852
0.113533,2.515000e+01,-5.110111e+00,8.743465e-01,2.207864e-01,5.637993e-01,5.449435e-01,2.854955,307.7840
0.113567,2.515000e+01,-5.110146e+00,8.743465e-01,2.201277e-01,5.639484e-01,5.431742e-01,2.855810,308.0917
0.1136,2.515000e+01,-5.110203e+00,8.743465e-01,2.204422e-01,5.633866e-01,5.444925e-01,2.856640,308.3905
0.113633,2.515000e+01,-5.110282e+00,8.743465e-01,2.208880e-01,5.632644e-01,5.457121e-01,2.857470,308.6892
0.113667,2.515000e+01,-5.110377e+00,8.743465e-01,2.210372e-01,5.629246e-01,5.464104e-01,2.858325,308.9970
0.1137,2.515000e+01,-5.110455e+00,8.743465e-01,2.207625e-01,5.631503e-01,5.455124e-01,2.859155,309.2958
0.113733,2.515000e+01,-5.110519e+00,8.743465e-01,2.206226e-01,5.635041e-01,5.448245e-01,2.859985,309.5945
0.113767,2.515000e+01,-5.110549e+00,8.743465e-01,2.198930e-01,5.636758e-01,5.428573e-01,2.860840,309.9023
0.1138,2.515000e+01,-5.110592e+00,8.743465e-01,2.202085e-01,5.633946e-01,5.439075e-01,2.861670,310.2010
0.113833,2.515000e+01,-5.110663e+00,8.743465e-01,2.206139e-01,5.630333e-01,5.452586e-01,2.862499,310.4998
0.113867,2.515000e+01,-5.110744e+00,8.743465e-01,2.209179e-01,5.630383e-01,5.460050e-01,2.863354,310.8076
0.1139,2.515000e+01,-5.110815e+00,8.743465e-01,2.207771e-01,5.632660e-01,5.454365e-01,2.864184,311.1063
0.113933,2.515000e+01,-5.110865e+00,8.743465e-01,2.204478e-01,5.634431e-01,5.444518e-01,2.865014,311.4050
0.113967,2.515000e+01,-5.110930e+00,8.743465e-01,2.207462e-01,5.631296e-01,5.454923e-01,2.865869,311.7128
0.114,2.515000e+01,-5.110996e+00,8.743465e-01,2.205506e-01,5.627719e-01,5.453552e-01,2.866699,312.0116
0.114032,2.515000e+01,-5.111072e+00,8.743465e-01,2.207048e-01,5.630758e-01,5.454419e-01,2.867504,312.3013
0.114065,2.515000e+01,-5.111110e+00,8.743465e-01,2.198377e-01,5.631698e-01,5.432084e-01,2.868333,312.6000
0.114097,2.515000e+01,-5.111130e+00,8.743465e-01,2.194727e-01,5.632911e-01,5.421899e-01,2.869138,312.8897
0.114129,2.515000e+01,-5.111141e+00,8.743465e-01,2.193375e-01,5.633698e-01,5.417801e-01,2.869943,313.1794
0.114161,2.515000e+01,-5.111190e+00,8.743465e-01,2.201130e-01,5.630480e-01,5.440063e-01,2.870747,313.4691
0.114194,2.515000e+01,-5.111257e+00,8.743465e-01,2.204824e-01,5.627512e-01,5.452067e-01,2.871577,313.7678
0.114226,2.515000e+01,-5.111312e+00,8.743465e-01,2.203398e-01,5.628851e-01,5.447245e-01,2.872382,314.0575
0.114258,2.515000e+01,-5.111366e+00,8.743465e-01,2.202663e-01,5.627620e-01,5.446618e-01,2.873187,314.3472
0.11429,2.515000e+01,-5.111417e+00,8.743465e-01,2.201873e-01,5.627361e-01,5.444916e-01,2.873991,314.6369
0.114323,2.515000e+01,-5.111473e+00,8.743465e-01,2.201849e-01,5.625682e-01,5.446482e-01,2.874821,314.9356
0.114355,2.515000e+01,-5.111516e+00,8.743465e-01,2.199367e-01,5.628054e-01,5.438049e-01,2.875626,315.2253
0.114387,2.515000e+01,-5.111574e+00,8.743465e-01,2.200681e-01,5.624377e-01,5.444857e-01,2.876431,315.5150
0.114419,2.515000e+01,-5.111635e+00,8.743465e-01,2.200987e-01,5.624846e-01,5.445159e-01,2.877235,315.8047
0.114452,2.515000e+01,-5.111676e+00,8.743465e-01,2.196207e-01,5.623272e-01,5.434856e-01,2.878065,316.1034
0.114484,2.515000e+01,-5.111714e+00,8.743465e-01,2.194746e-01,5.622328e-01,5.432152e-01,2.878870,316.3931
0.114516,2.515000e+01,-5.111770e+00,8.743465e-01,2.200122e-01,5.621724e-01,5.446042e-01,2.879674,316.6828
0.114548,2.515000e+01,-5.111834e+00,8.743465e-01,2.204903e-01,5.625369e-01,5.454340e-01,2.880479,316.9725
0.114581,2.515000e+01,-5.111874e+00,8.743465e-01,2.201059e-01,5.627098e-01,5.443158e-01,2.881309,317.2712
0.114613,2.515000e+01,-5.111907e+00,8.743465e-01,2.198144e-01,5.623206e-01,5.439711e-01,2.882114,317.5609
0.114645,2.515000e+01,-5.111940e+00,8.743465e-01,2.196018e-01,5.617291e-01,5.440172e-01,2.882918,317.8506
0.114677,2.515000e+01,-5.111979e+00,8.743465e-01,2.197022e-01,5.615947e-01,5.443962e-01,2.883723,318.1403
0.11471,2.515000e+01,-5.112013e+00,8.743465e-01,2.198160e-01,5.618693e-01,5.444122e-01,2.884553,318.4390
0.114742,2.515000e+01,-5.112032e+00,8.743465e-01,2.197904e-01,5.623678e-01,5.438661e-01,2.885358,318.7287
0.114774,2.515000e+01,-5.112052e+00,8.743465e-01,2.197626e-01,5.621886e-01,5.439706e-01,2.886162,319.0184
0.114806,2.515000e+01,-5.112075e+00,8.743465e-01,2.197375e-01,5.617063e-01,5.443755e-01,2.886967,319.3081
0.114839,2.515000e+01,-5.112087e+00,8.743465e-01,2.193448e-01,5.612830e-01,5.438125e-01,2.887797,319.6068
0.114871,2.515000e+01,-5.112106e+00,8.743465e-01,2.198068e-01,5.615161e-01,5.447317e-01,2.888601,319.8965
0.114903,2.515000e+01,-5.112118e+00,8.743465e-01,2.199777e-01,5.618600e-01,5.448216e-01,2.889406,320.1862
0.114935,2.515000e+01,-5.112106e+00,8.743465e-01,2.197108e-01,5.621623e-01,5.438679e-01,2.890211,320.4759
0.114968,2.515000e+01,-5.112073e+00,8.743465e-01,2.189865e-01,5.614795e-01,5.427341e-01,2.891041,320.7746
0.115,2.515000e+01,-5.112042e+00,8.743465e-01,2.188623e-01,5.609129e-01,5.429743e-01,2.891845,321.0643
0.115032,2.515000e+01,-5.112021e+00,8.743465e-01,2.191236e-01,5.605881e-01,5.439375e-01,2.892650,321.3540
0.115065,2.515000e+01,-5.111996e+00,8.743465e-01,2.193887e-01,5.610678e-01,5.441300e-01,2.893480,321.6527
0.115097,2.515000e+01,-5.111967e+00,8.743465e-01,2.195111e-01,5.613934e-01,5.441179e-01,2.894285,321.9424
0.115129,2.515000e+01,-5.111949e+00,8.743465e-01,2.200244e-01,5.614527e-01,5.453325e-01,2.895089,322.2321
0.115161,2.515000e+01,-5.111914e+00,8.743465e-01,2.195609e-01,5.611111e-01,5.445151e-01,2.895894,322.5218
0.115194,2.515000e+01,-5.111874e+00,8.743465e-01,2.192159e-01,5.604252e-01,5.443247e-01,2.896724,322.8205
0.115226,2.515000e+01,-5.111829e+00,8.743465e-01,2.193424e-01,5.606759e-01,5.443955e-01,2.897528,323.1102
0.115258,2.515000e+01,-5.111779e+00,8.743465e-01,2.194466e-01,5.608448e-01,5.444899e-01,2.898333,323.3999
0.11529,2.515000e+01,-5.111739e+00,8.743465e-01,2.196881e-01,5.607967e-01,5.451359e-01,2.899138,323.6896
0.115323,2.515000e+01,-5.111664e+00,8.743465e-01,2.187363e-01,5.605236e-01,5.430384e-01,2.899968,323.9883
0.115355,2.515000e+01,-5.111597e+00,8.743465e-01,2.188803e-01,5.601635e-01,5.437453e-01,2.900772,324.2780
0.115387,2.515000e+01,-5.111529e+00,8.743465e-01,2.189677e-01,5.602989e-01,5.438312e-01,2.901577,324.5677
0.115419,2.515000e+01,-5.111461e+00,8.743465e-01,2.190728e-01,5.603036e-01,5.440875e-01,2.902382,324.8574
0.115452,2.515000e+01,-5.111401e+00,8.743465e-01,2.191863e-01,5.601605e-01,5.445084e-01,2.903212,325.1561
0.115484,2.515000e+01,-5.111335e+00,8.743465e-01,2.191265e-01,5.602587e-01,5.442645e-01,2.904016,325.4458
0.115516,2.515000e+01,-5.111273e+00,8.743465e-01,2.191405e-01,5.600316e-01,5.445200e-01,2.904821,325.7355
0.115548,2.515000e+01,-5.111184e+00,8.743465e-01,2.184940e-01,5.599490e-01,5.429937e-01,2.905626,326.0252
0.115581,2.515000e+01,-5.111093e+00,8.743465e-01,2.184419e-01,5.598712e-01,5.429396e-01,2.906455,326.3240
0.115613,2.515000e+01,-5.111011e+00,8.743465e-01,2.188405e-01,5.599662e-01,5.438380e-01,2.907260,326.6136
0.115645,2.515000e+01,-5.110927e+00,8.743465e-01,2.188156e-01,5.598760e-01,5.438638e-01,2.908065,326.9033
0.115677,2.515000e+01,-5.110848e+00,8.743465e-01,2.186218e-01,5.591420e-01,5.440955e-01,2.908869,327.1930
0.11571,2.515000e+01,-5.110774e+00,8.743465e-01,2.187860e-01,5.590891e-01,5.445556e-01,2.909699,327.4918
0.115742,2.515000e+01,-5.110693e+00,8.743465e-01,2.188882e-01,5.594949e-01,5.444148e-01,2.910504,327.7814
0.115774,2.515000e+01,-5.110610e+00,8.743465e-01,2.190658e-01,5.599879e-01,5.443767e-01,2.911309,328.0711
0.115806,2.515000e+01,-5.110527e+00,8.743465e-01,2.190045e-01,5.598034e-01,5.444040e-01,2.912113,328.3608
0.115839,2.515000e+01,-5.110449e+00,8.743465e-01,2.189269e-01,5.591770e-01,5.448206e-01,2.912943,328.6596
0.115871,2.515000e+01,-5.110374e+00,8.743465e-01,2.190030e-01,5.591327e-01,5.450532e-01,2.913748,328.9492
0.115903,2.515000e+01,-5.110284e+00,8.743465e-01,2.185020e-01,5.589269e-01,5.440065e-01,2.914553,329.2389
0.115935,2.515000e+01,-5.110192e+00,8.743465e-01,2.182259e-01,5.585970e-01,5.436400e-01,2.915357,329.5286
0.115968,2.515000e+01,-5.110102e+00,8.743465e-01,2.182451e-01,5.586175e-01,5.436678e-01,2.916187,329.8274
0.116,2.515000e+01,-5.110017e+00,8.743465e-01,2.185109e-01,5.587782e-01,5.441735e-01,2.916992,330.1170
0.116032,2.515000e+01,-5.109934e+00,8.743465e-01,2.187432e-01,5.590876e-01,5.444504e-01,2.917796,330.4067
0.116065,2.515000e+01,-5.109854e+00,8.743465e-01,2.187673e-01,5.591434e-01,5.444562e-01,2.918626,330.7055
0.116097,2.515000e+01,-5.109780e+00,8.743465e-01,2.187728e-01,5.589762e-01,5.446327e-01,2.919431,330.9952
0.116129,2.515000e+01,-5.109700e+00,8.743465e-01,2.184362e-01,5.585647e-01,5.441952e-01,2.920236,331.2848
0.116161,2.515000e+01,-5.109617e+00,8.743465e-01,2.179884e-01,5.579853e-01,5.436436e-01,2.921040,331.5745
0.116194,2.515000e+01,-5.109535e+00,8.743465e-01,2.180885e-01,5.582362e-01,5.436490e-01,2.921870,331.8733
0.116226,2.515000e+01,-5.109456e+00,8.743465e-01,2.182711e-01,5.584462e-01,5.438995e-01,2.922675,332.1630
0.116258,2.515000e+01,-5.109376e+00,8.743465e-01,2.185199e-01,5.590455e-01,5.439356e-01,2.923480,332.4527
0.11629,2.515000e+01,-5.109306e+00,8.743465e-01,2.185797e-01,5.588836e-01,5.442421e-01,2.924284,332.7423
0.116323,2.515000e+01,-5.109245e+00,8.743465e-01,2.185591e-01,5.586132e-01,5.444543e-01,2.925114,333.0411
0.116355,2.515000e+01,-5.109198e+00,8.743465e-01,2.185771e-01,5.580234e-01,5.450746e-01,2.925919,333.3308
0.116387,2.515000e+01,-5.109150e+00,8.743465e-01,2.185694e-01,5.580743e-01,5.450057e-01,2.926723,333.6205
0.116419,2.515000e+01,-5.109097e+00,8.743465e-01,2.185073e-01,5.583691e-01,5.445631e-01,2.927528,333.9101
0.116452,2.515000e+01,-5.109049e+00,8.743465e-01,2.188617e-01,5.588700e-01,5.449574e-01,2.928358,334.2089
0.116484,2.515000e+01,-5.109006e+00,8.743465e-01,2.185906e-01,5.583865e-01,5.447539e-01,2.929163,334.4986
0.116516,2.515000e+01,-5.108980e+00,8.743465e-01,2.183049e-01,5.571945e-01,5.452058e-01,2.929967,334.7883
0.116548,2.515000e+01,-5.108955e+00,8.743465e-01,2.181302e-01,5.570668e-01,5.448942e-01,2.930772,335.0779
0.116581,2.515000e+01,-5.108920e+00,8.743465e-01,2.180450e-01,5.576121e-01,5.441489e-01,2.931602,335.3767
0.116613,2.515000e+01,-5.108889e+00,8.743465e-01,2.184147e-01,5.582861e-01,5.444134e-01,2.932407,335.6664
0.116645,2.515000e+01,-5.108858e+00,8.743465e-01,2.184283e-01,5.585040e-01,5.442348e-01,2.933211,335.9561
0.116677,2.515000e+01,-5.108848e+00,8.743465e-01,2.186369e-01,5.580713e-01,5.451768e-01,2.934016,336.2457
0.11671,2.515000e+01,-5.108845e+00,8.743465e-01,2.187364e-01,5.580128e-01,5.454822e-01,2.934846,336.5445
0.116742,2.515000e+01,-5.108835e+00,8.743465e-01,2.183088e-01,5.577098e-01,5.447117e-01,2.935650,336.8342
0.116774,2.515000e+01,-5.108831e+00,8.743465e-01,2.183939e-01,5.577698e-01,5.448653e-01,2.936455,337.1239
0.116806,2.515000e+01,-5.108821e+00,8.743465e-01,2.182147e-01,5.579773e-01,5.442158e-01,2.937260,337.4135
0.116839,2.515000e+01,-5.108824e+00,8.743465e-01,2.184121e-01,5.578775e-01,5.448056e-01,2.938090,337.7123
0.116871,2.515000e+01,-5.108827e+00,8.743465e-01,2.182255e-01,5.577463e-01,5.444682e-01,2.938894,338.0020
0.116903,2.515000e+01,-5.108831e+00,8.743465e-01,2.180119e-01,5.575169e-01,5.441590e-01,2.939699,338.2917
0.116935,2.515000e+01,-5.108840e+00,8.743465e-01,2.181428e-01,5.576036e-01,5.444011e-01,2.940504,338.5814
0.116968,2.515000e+01,-5.108845e+00,8.743465e-01,2.184097e-01,5.584167e-01,5.442737e-01,2.941334,338.8801
0.117,2.515000e+01,-5.108863e+00,8.743465e-01,2.186279e-01,5.583271e-01,5.449047e-01,2.942138,339.1698
0.117032,2.515000e+01,-5.108897e+00,8.743465e-01,2.187352e-01,5.579816e-01,5.455097e-01,2.942943,339.4595
0.117065,2.515000e+01,-5.108937e+00,8.743465e-01,2.187841e-01,5.579942e-01,5.456195e-01,2.943773,339.7582
0.117097,2.515000e+01,-5.108984e+00,8.743465e-01,2.185775e-01,5.574562e-01,5.456303e-01,2.944577,340.0479
0.117129,2.515000e+01,-5.109046e+00,8.743465e-01,2.184678e-01,5.569191e-01,5.458825e-01,2.945382,340.3376
0.117161,2.515000e+01,-5.109104e+00,8.743465e-01,2.181478e-01,5.567979e-01,5.452014e-01,2.946187,340.6273
0.117194,2.515000e+01,-5.109166e+00,8.743465e-01,2.184119e-01,5.572111e-01,5.454566e-01,2.947017,340.9260
0.117226,2.515000e+01,-5.109223e+00,8.743465e-01,2.184941e-01,5.577197e-01,5.451642e-01,2.947821,341.2157
0.117258,2.515000e+01,-5.109276e+00,8.743465e-01,2.185307e-01,5.580663e-01,5.449170e-01,2.948626,341.5054
0.11729,2.515000e+01,-5.109319e+00,8.743465e-01,2.183922e-01,5.583457e-01,5.442990e-01,2.949431,341.7951
0.117323,2.515000e+01,-5.109384e+00,8.743465e-01,2.185238e-01,5.576087e-01,5.453469e-01,2.950261,342.0938
0.117355,2.515000e+01,-5.109464e+00,8.743465e-01,2.187056e-01,5.571708e-01,5.462298e-01,2.951065,342.3835
0.117387,2.515000e+01,-5.109542e+00,8.743465e-01,2.187295e-01,5.572751e-01,5.461872e-01,2.951870,342.6732
0.117419,2.515000e+01,-5.109602e+00,8.743465e-01,2.183549e-01,5.575058e-01,5.450261e-01,2.952675,342.9629
0.117452,2.515000e+01,-5.109650e+00,8.743465e-01,2.182113e-01,5.578265e-01,5.443546e-01,2.953504,343.2616
0.117484,2.515000e+01,-5.109703e+00,8.743465e-01,2.181659e-01,5.576869e-01,5.443774e-01,2.954309,343.5513
0.117516,2.515000e+01,-5.109770e+00,8.743465e-01,2.183519e-01,5.575638e-01,5.449620e-01,2.955114,343.8410
0.117548,2.515000e+01,-5.109842e+00,8.743465e-01,2.186323e-01,5.577844e-01,5.454459e-01,2.955919,344.1307
0.117581,2.515000e+01,-5.109906e+00,8.743465e-01,2.185411e-01,5.581361e-01,5.448747e-01,2.956748,344.4294
0.117613,2.515000e+01,-5.109969e+00,8.743465e-01,2.186068e-01,5.582259e-01,5.449510e-01,2.957553,344.7191
0.117645,2.515000e+01,-5.110034e+00,8.743465e-01,2.187271e-01,5.584254e-01,5.450560e-01,2.958358,345.0088
0.117677,2.515000e+01,-5.110115e+00,8.743465e-01,2.186484e-01,5.573654e-01,5.458960e-01,2.959162,345.2985
0.11771,2.515000e+01,-5.110213e+00,8.743465e-01,2.187409e-01,5.566666e-01,5.468127e-01,2.959992,345.5972
0.117742,2.515000e+01,-5.110310e+00,8.743465e-01,2.187919e-01,5.568323e-01,5.467774e-01,2.960797,345.8869
0.117774,2.515000e+01,-5.110381e+00,8.743465e-01,2.185755e-01,5.576483e-01,5.454371e-01,2.961602,346.1766
0.117806,2.515000e+01,-5.110441e+00,8.743465e-01,2.185037e-01,5.578927e-01,5.450192e-01,2.962406,346.4663
0.117839,2.515000e+01,-5.110496e+00,8.743465e-01,2.185438e-01,5.581332e-01,5.448845e-01,2.963236,346.7650
0.117871,2.515000e+01,-5.110570e+00,8.743465e-01,2.189834e-01,5.578943e-01,5.462142e-01,2.964041,347.0547
0.117903,2.515000e+01,-5.110637e+00,8.743465e-01,2.188671e-01,5.579838e-01,5.458366e-01,2.964846,347.3444
0.117935,2.515000e+01,-5.110696e+00,8.743465e-01,2.186480e-01,5.576776e-01,5.455895e-01,2.965650,347.6341
0.117968,2.515000e+01,-5.110746e+00,8.743465e-01,2.187750e-01,5.581376e-01,5.454566e-01,2.966480,347.9328
0.118,2.515000e+01,-5.110804e+00,8.743465e-01,2.191231e-01,5.579089e-01,5.465484e-01,2.967285,348.2225
0.118032,2.515000e+01,-5.110867e+00,8.743465e-01,2.190450e-01,5.572879e-01,5.469623e-01,2.968089,348.5122
0.118065,2.515000e+01,-5.110919e+00,8.743465e-01,2.186646e-01,5.570665e-01,5.462294e-01,2.968919,348.8109
0.118097,2.515000e+01,-5.110961e+00,8.743465e-01,2.186497e-01,5.574803e-01,5.457867e-01,2.969724,349.1006
0.118129,2.515000e+01,-5.110972e+00,8.743465e-01,2.185381e-01,5.585227e-01,5.444902e-01,2.970529,349.3903
0.118161,2.515000e+01,-5.110970e+00,8.743465e-01,2.182920e-01,5.585566e-01,5.438440e-01,2.971333,349.6800
0.118194,2.515000e+01,-5.110986e+00,8.743465e-01,2.186612e-01,5.583190e-01,5.449957e-01,2.972163,349.9787
0.118226,2.515000e+01,-5.111020e+00,8.743465e-01,2.191772e-01,5.583176e-01,5.462832e-01,2.972968,350.2684
0.118258,2.515000e+01,-5.111053e+00,8.743465e-01,2.193783e-01,5.585253e-01,5.465809e-01,2.973773,350.5581
0.11829,2.515000e+01,-5.111087e+00,8.743465e-01,2.191413e-01,5.579233e-01,5.465797e-01,2.974577,350.8478
0.118323,2.515000e+01,-5.111118e+00,8.743465e-01,2.191793e-01,5.580658e-01,5.465347e-01,2.975407,351.1465
0.118355,2.515000e+01,-5.111158e+00,8.743465e-01,2.194538e-01,5.579834e-01,5.473001e-01,2.976212,351.4362
0.118387,2.515000e+01,-5.111190e+00,8.743465e-01,2.191919e-01,5.579700e-01,5.466602e-01,2.977016,351.7259
0.118419,2.515000e+01,-5.111214e+00,8.743465e-01,2.190151e-01,5.580892e-01,5.461026e-01,2.977821,352.0156
0.118452,2.515000e+01,-5.111214e+00,8.743465e-01,2.187941e-01,5.588991e-01,5.447609e-01,2.978651,352.3143
0.118484,2.515000e+01,-5.111215e+00,8.743465e-01,2.190458e-01,5.592497e-01,5.450456e-01,2.979456,352.6040
0.118516,2.515000e+01,-5.111244e+00,8.743465e-01,2.194933e-01,5.587135e-01,5.466833e-01,2.980260,352.8937
0.118548,2.515000e+01,-5.111289e+00,8.743465e-01,2.197542e-01,5.585557e-01,5.474877e-01,2.981065,353.1834
0.118581,2.515000e+01,-5.111308e+00,8.743465e-01,2.193975e-01,5.593161e-01,5.458560e-01,2.981895,353.4822
0.118613,2.515000e+01,-5.111310e+00,8.743465e-01,2.191031e-01,5.595790e-01,5.448674e-01,2.982700,353.7718
0.118645,2.515000e+01,-5.111350e+00,8.743465e-01,2.194514e-01,5.581048e-01,5.471751e-01,2.983504,354.0615
0.118677,2.515000e+01,-5.111392e+00,8.743465e-01,2.196697e-01,5.582814e-01,5.475461e-01,2.984309,354.3512
0.11871,2.515000e+01,-5.111425e+00,8.743465e-01,2.198715e-01,5.590723e-01,5.472737e-01,2.985139,354.6500
0.118742,2.515000e+01,-5.111446e+00,8.743465e-01,2.195717e-01,5.591231e-01,5.464780e-01,2.985943,354.9396
0.118774,2.515000e+01,-5.111458e+00,8.743465e-01,2.192368e-01,5.588940e-01,5.458681e-01,2.986748,355.2293
0.118806,2.515000e+01,-5.111452e+00,8.743465e-01,2.189268e-01,5.592687e-01,5.447309e-01,2.987553,355.5190
0.118839,2.515000e+01,-5.111425e+00,8.743465e-01,2.191186e-01,5.603804e-01,5.441268e-01,2.988383,355.8178
0.118871,2.515000e+01,-5.111449e+00,8.743465e-01,2.200177e-01,5.593876e-01,5.473290e-01,2.989187,356.1074
0.118903,2.515000e+01,-5.111492e+00,8.743465e-01,2.204325e-01,5.592408e-01,5.485049e-01,2.989992,356.3971
0.118935,2.515000e+01,-5.111520e+00,8.743465e-01,2.202815e-01,5.596398e-01,5.477383e-01,2.990797,356.6868
0.118968,2.515000e+01,-5.111489e+00,8.743465e-01,2.189586e-01,5.599387e-01,5.441583e-01,2.991627,356.9856
0.119,2.515000e+01,-5.111479e+00,8.743465e-01,2.190606e-01,5.589640e-01,5.453611e-01,2.992431,357.2752
0.119033,2.515000e+01,-5.111491e+00,8.743465e-01,2.196543e-01,5.582684e-01,5.475205e-01,2.993261,357.5740
0.119067,2.515000e+01,-5.111525e+00,8.743465e-01,2.204705e-01,5.591441e-01,5.486944e-01,2.994116,357.8818
0.1191,2.515000e+01,-5.111525e+00,8.743465e-01,2.201378e-01,5.602071e-01,5.468267e-01,2.994946,358.1805
0.119133,2.515000e+01,-5.111505e+00,8.743465e-01,2.198237e-01,5.606549e-01,5.456104e-01,2.995776,358.4793
0.119167,2.515000e+01,-5.111492e+00,8.743465e-01,2.198388e-01,5.604993e-01,5.457995e-01,2.996631,358.7871
0.1192,2.515000e+01,-5.111485e+00,8.743465e-01,2.198540e-01,5.604254e-01,5.459090e-01,2.997461,359.0858
0.119233,2.515000e+01,-5.111548e+00,8.743465e-01,2.206806e-01,5.584662e-01,5.498837e-01,2.998290,359.3845
0.119267,2.515000e+01,-5.111609e+00,8.743465e-01,2.207620e-01,5.587722e-01,5.497855e-01,2.999145,359.6923
0.1193,2.515000e+01,-5.111639e+00,8.743465e-01,2.206010e-01,5.599380e-01,5.482407e-01,2.999975,359.9911
0.119333,2.515000e+01,-5.111604e+00,8.743465e-01,2.192192e-01,5.604582e-01,5.443009e-01,3.000805,0.2898
0.119367,2.515000e+01,-5.111570e+00,8.743465e-01,2.188735e-01,5.597832e-01,5.440979e-01,3.001660,0.5976
0.1194,2.515000e+01,-5.111569e+00,8.743465e-01,2.195646e-01,5.595924e-01,5.460020e-01,3.002490,0.8963
0.119433,2.515000e+01,-5.111583e+00,8.743465e-01,2.205410e-01,5.606958e-01,5.473508e-01,3.003320,1.1951
0.119467,2.515000e+01,-5.111607e+00,8.743465e-01,2.206528e-01,5.604096e-01,5.479079e-01,3.004175,1.5029
0.1195,2.515000e+01,-5.111594e+00,8.743465e-01,2.200378e-01,5.606569e-01,5.461399e-01,3.005004,1.8016
0.119533,2.515000e+01,-5.111578e+00,8.743465e-01,2.198953e-01,5.606909e-01,5.457531e-01,3.005834,2.1004
0.119567,2.515000e+01,-5.111592e+00,8.743465e-01,2.201468e-01,5.599652e-01,5.470853e-01,3.006689,2.4081
0.1196,2.515000e+01,-5.111636e+00,8.743465e-01,2.206568e-01,5.593997e-01,5.489071e-01,3.007519,2.7069
0.119633,2.515000e+01,-5.111666e+00,8.743465e-01,2.205571e-01,5.597348e-01,5.483307e-01,3.008349,3.0056
0.119667,2.515000e+01,-5.111671e+00,8.743465e-01,2.203997e-01,5.606897e-01,5.470062e-01,3.009204,3.3134
0.1197,2.515000e+01,-5.111649e+00,8.743465e-01,2.198602e-01,5.609399e-01,5.454236e-01,3.010034,3.6122
0.119733,2.515000e+01,-5.111632e+00,8.743465e-01,2.199475e-01,5.608558e-01,5.457219e-01,3.010864,3.9109
0.119767,2.515000e+01,-5.111608e+00,8.743465e-01,2.199267e-01,5.612243e-01,5.453121e-01,3.011719,4.2187
0.1198,2.515000e+01,-5.111596e+00,8.743465e-01,2.202687e-01,5.612251e-01,5.461593e-01,3.012548,4.5174
0.119833,2.515000e+01,-5.111641e+00,8.743465e-01,2.210146e-01,5.597573e-01,5.494458e-01,3.013378,4.8162
0.119867,2.515000e+01,-5.111683e+00,8.743465e-01,2.209259e-01,5.596099e-01,5.493700e-01,3.014233,5.1240
0.1199,2.515000e+01,-5.111678e+00,8.743465e-01,2.203559e-01,5.607735e-01,5.468156e-01,3.015063,5.4227
0.119933,2.515000e+01,-5.111666e+00,8.743465e-01,2.202396e-01,5.609627e-01,5.463427e-01,3.015893,5.7214
0.119967,2.515000e+01,-5.111661e+00,8.743465e-01,2.202297e-01,5.605772e-01,5.466938e-01,3.016748,6.0292
0.12,2.515000e+01,-5.111649e+00,8.743465e-01,2.200873e-01,5.604259e-01,5.464878e-01,3.017578,6.3280
0.120033,2.515000e+01,-5.111613e+00,8.743465e-01,2.201300e-01,5.613310e-01,5.457124e-01,3.018408,6.6267
0.120067,2.515000e+01,-5.111601e+00,8.743465e-01,2.204836e-01,5.608641e-01,5.470441e-01,3.019263,6.9345
0.1201,2.515000e+01,-5.111596e+00,8.743465e-01,2.206942e-01,5.607705e-01,5.476580e-01,3.020092,7.2333
0.120133,2.515000e+01,-5.111562e+00,8.743465e-01,2.203562e-01,5.613734e-01,5.462320e-01,3.020922,7.5320
0.120167,2.515000e+01,-5.111526e+00,8.743465e-01,2.202762e-01,5.610489e-01,5.463496e-01,3.021777,7.8398
0.1202,2.515000e+01,-5.111505e+00,8.743465e-01,2.205014e-01,5.606679e-01,5.472796e-01,3.022607,8.1385
0.120233,2.515000e+01,-5.111482e+00,8.743465e-01,2.204765e-01,5.604753e-01,5.474058e-01,3.023437,8.4373
0.120267,2.515000e+01,-5.111450e+00,8.743465e-01,2.205847e-01,5.609904e-01,5.471716e-01,3.024292,8.7451
0.1203,2.515000e+01,-5.111399e+00,8.743465e-01,2.202926e-01,5.611585e-01,5.462835e-01,3.025122,9.0438
0.120333,2.515000e+01,-5.111336e+00,8.743465e-01,2.201675e-01,5.611976e-01,5.459353e-01,3.025951,9.3425
0.120367,2.515000e+01,-5.111260e+00,8.743465e-01,2.201288e-01,5.614562e-01,5.455878e-01,3.026806,9.6503
0.1204,2.515000e+01,-5.111205e+00,8.743465e-01,2.206330e-01,5.612265e-01,5.470613e-01,3.027636,9.9491
0.120433,2.515000e+01,-5.111175e+00,8.743465e-01,2.211060e-01,5.608714e-01,5.485813e-01,3.028466,10.2478
0.120467,2.515000e+01,-5.111130e+00,8.743465e-01,2.210104e-01,5.612310e-01,5.479928e-01,3.029321,10.5556
0.1205,2.515000e+01,-5.111056e+00,8.743465e-01,2.205120e-01,5.616499e-01,5.463492e-01,3.030151,10.8543
0.120533,2.515000e+01,-5.110985e+00,8.743465e-01,2.201049e-01,5.607694e-01,5.461967e-01,3.030981,11.1531
0.120567,2.515000e+01,-5.110926e+00,8.743465e-01,2.203436e-01,5.605617e-01,5.469917e-01,3.031836,11.4609
0.1206,2.515000e+01,-5.110863e+00,8.743465e-01,2.205069e-01,5.610279e-01,5.469421e-01,3.032666,11.7596
0.120633,2.515000e+01,-5.110786e+00,8.743465e-01,2.206052e-01,5.617437e-01,5.464887e-01,3.033495,12.0584
0.120667,2.515000e+01,-5.110715e+00,8.743465e-01,2.206498e-01,5.614507e-01,5.468845e-01,3.034350,12.3662
0.1207,2.515000e+01,-5.110645e+00,8.743465e-01,2.205183e-01,5.611352e-01,5.468660e-01,3.035180,12.6649
0.120733,2.515000e+01,-5.110562e+00,8.743465e-01,2.204453e-01,5.615192e-01,5.463110e-01,3.036010,12.9636
0.120767,2.515000e+01,-5.110487e+00,8.743465e-01,2.205836e-01,5.613971e-01,5.467725e-01,3.036865,13.2714
0.1208,2.515000e+01,-5.110402e+00,8.743465e-01,2.205096e-01,5.616598e-01,5.463335e-01,3.037695,13.5702
0.120833,2.515000e+01,-5.110309e+00,8.743465e-01,2.203381e-01,5.616211e-01,5.459463e-01,3.038525,13.8689
0.120867,2.515000e+01,-5.110230e+00,8.743465e-01,2.204369e-01,5.610630e-01,5.467343e-01,3.039380,14.1767
0.1209,2.515000e+01,-5.110161e+00,8.743465e-01,2.204517e-01,5.604498e-01,5.473693e-01,3.040210,14.4754
0.120933,2.515000e+01,-5.110095e+00,8.743465e-01,2.205994e-01,5.606518e-01,5.475386e-01,3.041039,14.7742
0.120967,2.515000e+01,-5.109995e+00,8.743465e-01,2.202986e-01,5.615997e-01,5.458692e-01,3.041894,15.0820
0.121,2.515000e+01,-5.109886e+00,8.743465e-01,2.203600e-01,5.620571e-01,5.455771e-01,3.042724,15.3807
0.121033,2.515000e+01,-5.109783e+00,8.743465e-01,2.203911e-01,5.617821e-01,5.459213e-01,3.043554,15.6795
0.121067,2.515000e+01,-5.109686e+00,8.743465e-01,2.204670e-01,5.616401e-01,5.462473e-01,3.044409,15.9872
0.1211,2.515000e+01,-5.109620e+00,8.743465e-01,2.208135e-01,5.609255e-01,5.478028e-01,3.045239,16.2860
0.121133,2.515000e+01,-5.109555e+00,8.743465e-01,2.207848e-01,5.609769e-01,5.476814e-01,3.046069,16.5847
0.121167,2.515000e+01,-5.109489e+00,8.743465e-01,2.208362e-01,5.611820e-01,5.476085e-01,3.046924,16.8925
0.1212,2.515000e+01,-5.109400e+00,8.743465e-01,2.204683e-01,5.617626e-01,5.461312e-01,3.047753,17.1913
0.121233,2.515000e+01,-5.109316e+00,8.743465e-01,2.204708e-01,5.615907e-01,5.463047e-01,3.048583,17.4900
0.121267,2.515000e+01,-5.109243e+00,8.743465e-01,2.205829e-01,5.613603e-01,5.468067e-01,3.049438,17.7978
0.1213,2.515000e+01,-5.109157e+00,8.743465e-01,2.203020e-01,5.614833e-01,5.459908e-01,3.050268,18.0965
0.121333,2.515000e+01,-5.109061e+00,8.743465e-01,2.203250e-01,5.620616e-01,5.454859e-01,3.051098,18.3953
0.121367,2.515000e+01,-5.108964e+00,8.743465e-01,2.203176e-01,5.620085e-01,5.455192e-01,3.051953,18.7031
0.1214,2.515000e+01,-5.108877e+00,8.743465e-01,2.204812e-01,5.620080e-01,5.459247e-01,3.052783,19.0018
0.121433,2.515000e+01,-5.108803e+00,8.743465e-01,2.205021e-01,5.614680e-01,5.465015e-01,3.053613,19.3005
0.121467,2.515000e+01,-5.108736e+00,8.743465e-01,2.205058e-01,5.609510e-01,5.470145e-01,3.054468,19.6083
0.1215,2.515000e+01,-5.108675e+00,8.743465e-01,2.205295e-01,5.609367e-01,5.470872e-01,3.055297,19.9071
0.121533,2.515000e+01,-5.108602e+00,8.743465e-01,2.204852e-01,5.617050e-01,5.462292e-01,3.056127,20.2058
0.121567,2.515000e+01,-5.108514e+00,8.743465e-01,2.203958e-01,5.624816e-01,5.452538e-01,3.056982,20.5136
0.1216,2.515000e+01,-5.108436e+00,8.743465e-01,2.203470e-01,5.624015e-01,5.452106e-01,3.057812,20.8124
0.121633,2.515000e+01,-5.108351e+00,8.743465e-01,2.202116e-01,5.625224e-01,5.447586e-01,3.058642,21.1111
0.121667,2.515000e+01,-5.108279e+00,8.743465e-01,2.203345e-01,5.623621e-01,5.452179e-01,3.059497,21.4189
0.1217,2.515000e+01,-5.108258e+00,8.743465e-01,2.209458e-01,5.613300e-01,5.477358e-01,3.060327,21.7176
0.121733,2.515000e+01,-5.108259e+00,8.743465e-01,2.212180e-01,5.611719e-01,5.485653e-01,3.061157,22.0164
0.121767,2.515000e+01,-5.108238e+00,8.743465e-01,2.209273e-01,5.619802e-01,5.470564e-01,3.062012,22.3242
0.1218,2.515000e+01,-5.108186e+00,8.743465e-01,2.203013e-01,5.626159e-01,5.448899e-01,3.062841,22.6229
0.121833,2.515000e+01,-5.108142e+00,8.743465e-01,2.202488e-01,5.625560e-01,5.448182e-01,3.063671,22.9216
0.121867,2.515000e+01,-5.108124e+00,8.743465e-01,2.204976e-01,5.622557e-01,5.457248e-01,3.064526,23.2294
0.1219,2.515000e+01,-5.108122e+00,8.743465e-01,2.207307e-01,5.621639e-01,5.463909e-01,3.065356,23.5282
0.121933,2.515000e+01,-5.108120e+00,8.743465e-01,2.208431e-01,5.627568e-01,5.460934e-01,3.066186,23.8269
0.121967,2.515000e+01,-5.108110e+00,8.743465e-01,2.205430e-01,5.627639e-01,5.453443e-01,3.067041,24.1347
0.122,2.515000e+01,-5.108095e+00,8.743465e-01,2.204196e-01,5.629403e-01,5.448684e-01,3.067871,24.4334
0.122033,2.515000e+01,-5.108100e+00,8.743465e-01,2.203741e-01,5.623160e-01,5.453606e-01,3.068701,24.7322
0.122067,2.515000e+01,-5.108152e+00,8.743465e-01,2.209954e-01,5.614856e-01,5.477070e-01,3.069555,25.0400
0.1221,2.515000e+01,-5.108218e+00,8.743465e-01,2.211297e-01,5.613818e-01,5.481412e-01,3.070385,25.3387
0.122133,2.515000e+01,-5.108243e+00,8.743465e-01,2.206226e-01,5.627104e-01,5.455930e-01,3.071215,25.6375
0.122167,2.515000e+01,-5.108222e+00,8.743465e-01,2.199073e-01,5.637908e-01,5.427820e-01,3.072070,25.9453
0.1222,2.515000e+01,-5.108223e+00,8.743465e-01,2.200738e-01,5.633950e-01,5.435745e-01,3.072900,26.2440
0.122233,2.515000e+01,-5.108259e+00,8.743465e-01,2.205315e-01,5.629215e-01,5.451632e-01,3.073730,26.5427
0.122267,2.515000e+01,-5.108317e+00,8.743465e-01,2.208074e-01,5.625705e-01,5.461858e-01,3.074585,26.8505
0.1223,2.515000e+01,-5.108383e+00,8.743465e-01,2.208756e-01,5.623820e-01,5.465375e-01,3.075415,27.1493
0.122333,2.515000e+01,-5.108429e+00,8.743465e-01,2.206693e-01,5.628889e-01,5.455354e-01,3.076244,27.4480
0.122367,2.515000e+01,-5.108473e+00,8.743465e-01,2.207802e-01,5.634405e-01,5.452753e-01,3.077099,27.7558
0.1224,2.515000e+01,-5.108521e+00,8.743465e-01,2.208571e-01,5.633314e-01,5.455709e-01,3.077929,28.0545
0.122433,2.515000e+01,-5.108584e+00,8.743465e-01,2.208588e-01,5.626263e-01,5.462586e-01,3.078759,28.3533
0.122467,2.515000e+01,-5.108634e+00,8.743465e-01,2.204957e-01,5.624171e-01,5.455635e-01,3.079614,28.6611
0.1225,2.515000e+01,-5.108651e+00,8.743465e-01,2.202786e-01,5.631169e-01,5.443489e-01,3.080444,28.9598
0.122533,2.515000e+01,-5.108660e+00,8.743465e-01,2.204259e-01,5.636384e-01,5.442089e-01,3.081274,29.2586
0.122567,2.515000e+01,-5.108681e+00,8.743465e-01,2.207142e-01,5.636726e-01,5.448877e-01,3.082129,29.5663
0.1226,2.515000e+01,-5.108719e+00,8.743465e-01,2.210206e-01,5.636222e-01,5.456931e-01,3.082959,29.8651
0.122633,2.515000e+01,-5.108777e+00,8.743465e-01,2.212606e-01,5.631921e-01,5.467027e-01,3.083788,30.1638
0.122667,2.515000e+01,-5.108845e+00,8.743465e-01,2.212837e-01,5.627376e-01,5.472013e-01,3.084643,30.4716
0.1227,2.515000e+01,-5.108899e+00,8.743465e-01,2.209329e-01,5.628320e-01,5.462422e-01,3.085473,30.7704
0.122733,2.515000e+01,-5.108932e+00,8.743465e-01,2.206009e-01,5.635675e-01,5.447097e-01,3.086303,31.0691
0.122767,2.515000e+01,-5.108952e+00,8.743465e-01,2.204923e-01,5.640240e-01,5.440008e-01,3.087158,31.3769
0.1228,2.515000e+01,-5.108990e+00,8.743465e-01,2.207182e-01,5.636059e-01,5.449619e-01,3.087988,31.6756
0.122833,2.515000e+01,-5.109008e+00,8.743465e-01,2.203234e-01,5.636891e-01,5.439069e-01,3.088818,31.9744
0.122867,2.515000e+01,-5.109016e+00,8.743465e-01,2.200955e-01,5.637224e-01,5.433123e-01,3.089673,32.2822
0.1229,2.515000e+01,-5.109061e+00,8.743465e-01,2.209167e-01,5.636858e-01,5.453747e-01,3.090503,32.5809
0.122933,2.515000e+01,-5.109126e+00,8.743465e-01,2.210240e-01,5.631429e-01,5.461659e-01,3.091332,32.8796
0.122967,2.515000e+01,-5.109166e+00,8.743465e-01,2.204845e-01,5.633514e-01,5.446311e-01,3.092187,33.1874
0.123,2.515000e+01,-5.109187e+00,8.743465e-01,2.202228e-01,5.637360e-01,5.436135e-01,3.093017,33.4862
0.123033,2.515000e+01,-5.109249e+00,8.743465e-01,2.210642e-01,5.633327e-01,5.460812e-01,3.093847,33.7849
0.123067,2.515000e+01,-5.109328e+00,8.743465e-01,2.214620e-01,5.633710e-01,5.470265e-01,3.094702,34.0927
0.1231,2.515000e+01,-5.109383e+00,8.743465e-01,2.210190e-01,5.638955e-01,5.454246e-01,3.095532,34.3915
0.123133,2.515000e+01,-5.109409e+00,8.743465e-01,2.203006e-01,5.639067e-01,5.436408e-01,3.096362,34.6902
0.123167,2.515000e+01,-5.109449e+00,8.743465e-01,2.204992e-01,5.636487e-01,5.443801e-01,3.097217,34.9980
0.1232,2.515000e+01,-5.109504e+00,8.743465e-01,2.206668e-01,5.631738e-01,5.452532e-01,3.098046,35.2967
0.123233,2.515000e+01,-5.109557e+00,8.743465e-01,2.208154e-01,5.635910e-01,5.452165e-01,3.098876,35.5955
0.123267,2.515000e+01,-5.109636e+00,8.743465e-01,2.212920e-01,5.634700e-01,5.465107e-01,3.099731,35.9033
0.1233,2.515000e+01,-5.109722e+00,8.743465e-01,2.213142e-01,5.633267e-01,5.467044e-01,3.100561,36.2020
0.123333,2.515000e+01,-5.109761e+00,8.743465e-01,2.202030e-01,5.636460e-01,5.436514e-01,3.101391,36.5007
0.123367,2.515000e+01,-5.109787e+00,8.743465e-01,2.198154e-01,5.636141e-01,5.427252e-01,3.102246,36.8085
0.1234,2.515000e+01,-5.109829e+00,8.743465e-01,2.202098e-01,5.635171e-01,5.437925e-01,3.103076,37.1073
0.123433,2.515000e+01,-5.109901e+00,8.743465e-01,2.208570e-01,5.635265e-01,5.453816e-01,3.103906,37.4060
0.123467,2.515000e+01,-5.109971e+00,8.743465e-01,2.208189e-01,5.635294e-01,5.452848e-01,3.104761,37.7138
0.1235,2.515000e+01,-5.110008e+00,8.743465e-01,2.200668e-01,5.639505e-01,5.430219e-01,3.105590,38.0125
0.123533,2.515000e+01,-5.110059e+00,8.743465e-01,2.202688e-01,5.635137e-01,5.439415e-01,3.106420,38.3113
0.123567,2.515000e+01,-5.110133e+00,8.743465e-01,2.206777e-01,5.632705e-01,5.451865e-01,3.107275,38.6191
0.1236,2.515000e+01,-5.110223e+00,8.743465e-01,2.208643e-01,5.629838e-01,5.459255e-01,3.108105,38.9178
0.123633,2.515000e+01,-5.110309e+00,8.743465e-01,2.207936e-01,5.630478e-01,5.456887e-01,3.108935,39.2166
0.123667,2.515000e+01,-5.110380e+00,8.743465e-01,2.205248e-01,5.632480e-01,5.448307e-01,3.109790,39.5244
0.1237,2.515000e+01,-5.110412e+00,8.743465e-01,2.198930e-01,5.637714e-01,5.427653e-01,3.110620,39.8231
0.123733,2.515000e+01,-5.110456e+00,8.743465e-01,2.200864e-01,5.633789e-01,5.436213e-01,3.111450,40.1218
0.123767,2.515000e+01,-5.110515e+00,8.743465e-01,2.203233e-01,5.631844e-01,5.443941e-01,3.112305,40.4296
0.1238,2.515000e+01,-5.110597e+00,8.743465e-01,2.207515e-01,5.629398e-01,5.456894e-01,3.113134,40.7284
0.123833,2.515000e+01,-5.110674e+00,8.743465e-01,2.207824e-01,5.631889e-01,5.455242e-01,3.113964,41.0271
0.123867,2.515000e+01,-5.110728e+00,8.743465e-01,2.203614e-01,5.633766e-01,5.443025e-01,3.114819,41.3349
0.1239,2.515000e+01,-5.110791e+00,8.743465e-01,2.205937e-01,5.631943e-01,5.450526e-01,3.115649,41.6336
0.123933,2.515000e+01,-5.110854e+00,8.743465e-01,2.204459e-01,5.628970e-01,5.449752e-01,3.116479,41.9324
0.123967,2.515000e+01,-5.110930e+00,8.743465e-01,2.205419e-01,5.624668e-01,5.456296e-01,3.117334,42.2402
0.124,2.515000e+01,-5.110983e+00,8.743465e-01,2.201097e-01,5.628206e-01,5.442180e-01,3.118164,42.5389
0.124032,2.515000e+01,-5.111003e+00,8.743465e-01,2.194336e-01,5.637329e-01,5.416682e-01,3.118968,42.8286
0.124065,2.515000e+01,-5.111014e+00,8.743465e-01,2.191826e-01,5.634404e-01,5.413295e-01,3.119798,43.1273
0.124097,2.515000e+01,-5.111058e+00,8.743465e-01,2.198777e-01,5.631711e-01,5.433059e-01,3.120603,43.4170
0.124129,2.515000e+01,-5.111120e+00,8.743465e-01,2.202095e-01,5.627754e-01,5.445085e-01,3.121408,43.7067
0.124161,2.515000e+01,-5.111181e+00,8.743465e-01,2.202966e-01,5.628087e-01,5.446915e-01,3.122212,43.9964
0.124194,2.515000e+01,-5.111236e+00,8.743465e-01,2.201577e-01,5.627877e-01,5.443685e-01,3.123042,44.2951
0.124226,2.515000e+01,-5.111287e+00,8.743465e-01,2.200075e-01,5.627082e-01,5.440739e-01,3.123847,44.5848
0.124258,2.515000e+01,-5.111346e+00,8.743465e-01,2.201495e-01,5.625215e-01,5.446058e-01,3.124651,44.8745
0.12429,2.515000e+01,-5.111387e+00,8.743465e-01,2.197957e-01,5.629050e-01,5.433603e-01,3.125456,45.1642
0.124323,2.515000e+01,-5.111443e+00,8.743465e-01,2.198873e-01,5.623922e-01,5.440821e-01,3.126286,45.4629
0.124355,2.515000e+01,-5.111507e+00,8.743465e-01,2.200599e-01,5.625386e-01,5.443676e-01,3.127091,45.7526
0.124387,2.515000e+01,-5.111550e+00,8.743465e-01,2.194804e-01,5.622875e-01,5.431767e-01,3.127895,46.0423
0.124419,2.515000e+01,-5.111590e+00,8.743465e-01,2.193876e-01,5.622772e-01,5.429568e-01,3.128700,46.3320
0.124452,2.515000e+01,-5.111641e+00,8.743465e-01,2.197164e-01,5.621087e-01,5.439335e-01,3.129530,46.6307
0.124484,2.515000e+01,-5.111707e+00,8.743465e-01,2.202950e-01,5.623780e-01,5.451047e-01,3.130335,46.9204
0.124516,2.515000e+01,-5.111753e+00,8.743465e-01,2.201095e-01,5.627939e-01,5.442433e-01,3.131139,47.2101
0.124548,2.515000e+01,-5.111784e+00,8.743465e-01,2.196483e-01,5.623757e-01,5.435068e-01,3.131944,47.4998
0.124581,2.515000e+01,-5.111821e+00,8.743465e-01,2.196248e-01,5.617910e-01,5.440142e-01,3.132774,47.7986
0.124613,2.515000e+01,-5.111857e+00,8.743465e-01,2.194388e-01,5.615965e-01,5.437420e-01,3.133578,48.0882
0.124645,2.515000e+01,-5.111896e+00,8.743465e-01,2.197217e-01,5.617195e-01,5.443236e-01,3.134383,48.3779
0.124677,2.515000e+01,-5.111915e+00,8.743465e-01,2.196053e-01,5.623358e-01,5.434391e-01,3.135188,48.6676
0.12471,2.515000e+01,-5.111935e+00,8.743465e-01,2.196283e-01,5.622206e-01,5.436072e-01,3.136018,48.9664
0.124742,2.515000e+01,-5.111961e+00,8.743465e-01,2.196590e-01,5.617618e-01,5.441272e-01,3.136822,49.2560
0.124774,2.515000e+01,-5.111973e+00,8.743465e-01,2.192220e-01,5.613510e-01,5.434422e-01,3.137627,49.5457
0.124806,2.515000e+01,-5.111990e+00,8.743465e-01,2.195321e-01,5.613925e-01,5.441706e-01,3.138432,49.8354
0.124839,2.515000e+01,-5.112006e+00,8.743465e-01,2.198645e-01,5.618054e-01,5.445939e-01,3.139262,50.1342
0.124871,2.515000e+01,-5.112006e+00,8.743465e-01,2.197688e-01,5.620470e-01,5.441229e-01,3.140066,50.4238
0.124903,2.515000e+01,-5.111971e+00,8.743465e-01,2.188571e-01,5.616801e-01,5.422196e-01,3.140871,50.7135
0.124935,2.515000e+01,-5.111939e+00,8.743465e-01,2.187176e-01,5.610277e-01,5.425043e-01,3.141676,51.0032
0.124968,2.515000e+01,-5.111916e+00,8.743465e-01,2.188607e-01,5.605030e-01,5.433673e-01,3.142505,51.3020
0.125,2.515000e+01,-5.111897e+00,8.743465e-01,2.193063e-01,5.608841e-01,5.441037e-01,3.143310,51.5916
0.125032,2.515000e+01,-5.111866e+00,8.743465e-01,2.192660e-01,5.613722e-01,5.435308e-01,3.144115,51.8813
0.125065,2.515000e+01,-5.111848e+00,8.743465e-01,2.198420e-01,5.614845e-01,5.448496e-01,3.144945,52.1801
0.125097,2.515000e+01,-5.111815e+00,8.743465e-01,2.194944e-01,5.612137e-01,5.442505e-01,3.145749,52.4698
0.125129,2.515000e+01,-5.111777e+00,8.743465e-01,2.190975e-01,5.604539e-01,5.440028e-01,3.146554,52.7594
0.125161,2.515000e+01,-5.111733e+00,8.743465e-01,2.191748e-01,5.605721e-01,5.440801e-01,3.147359,53.0491
0.125194,2.515000e+01,-5.111684e+00,8.743465e-01,2.192838e-01,5.608261e-01,5.441041e-01,3.148189,53.3479
0.125226,2.515000e+01,-5.111644e+00,8.743465e-01,2.195178e-01,5.607883e-01,5.447214e-01,3.148993,53.6376
0.125258,2.515000e+01,-5.111575e+00,8.743465e-01,2.187828e-01,5.606447e-01,5.430366e-01,3.149798,53.9273
0.12529,2.515000e+01,-5.111507e+00,8.743465e-01,2.186629e-01,5.601340e-01,5.432339e-01,3.150603,54.2169
0.125323,2.515000e+01,-5.111441e+00,8.743465e-01,2.187964e-01,5.601691e-01,5.435315e-01,3.151432,54.5157
0.125355,2.515000e+01,-5.111372e+00,8.743465e-01,2.189353e-01,5.603984e-01,5.436540e-01,3.152237,54.8054
0.125387,2.515000e+01,-5.111311e+00,8.743465e-01,2.189968e-01,5.601445e-01,5.440534e-01,3.153042,55.0951
0.125419,2.515000e+01,-5.111247e+00,8.743465e-01,2.190209e-01,5.602534e-01,5.440073e-01,3.153847,55.3847
0.125452,2.515000e+01,-5.111187e+00,8.743465e-01,2.189817e-01,5.599958e-01,5.441600e-01,3.154676,55.6835
0.125484,2.515000e+01,-5.111103e+00,8.743465e-01,2.184944e-01,5.599689e-01,5.429753e-01,3.155481,55.9732
0.125516,2.515000e+01,-5.111012e+00,8.743465e-01,2.182781e-01,5.598479e-01,5.425551e-01,3.156286,56.2629
0.125548,2.515000e+01,-5.110928e+00,8.743465e-01,2.185506e-01,5.598786e-01,5.432025e-01,3.157090,56.5525
0.125581,2.515000e+01,-5.110846e+00,8.743465e-01,2.187716e-01,5.599635e-01,5.436694e-01,3.157920,56.8513
0.125613,2.515000e+01,-5.110765e+00,8.743465e-01,2.184578e-01,5.592499e-01,5.435824e-01,3.158725,57.1410
0.125645,2.515000e+01,-5.110691e+00,8.743465e-01,2.186114e-01,5.589900e-01,5.442175e-01,3.159530,57.4307
0.125677,2.515000e+01,-5.110612e+00,8.743465e-01,2.187307e-01,5.593942e-01,5.441210e-01,3.160334,57.7203
0.12571,2.515000e+01,-5.110528e+00,8.743465e-01,2.188810e-01,5.599694e-01,5.439357e-01,3.161164,58.0191
0.125742,2.515000e+01,-5.110448e+00,8.743465e-01,2.189271e-01,5.597968e-01,5.442178e-01,3.161969,58.3088
0.125774,2.515000e+01,-5.110367e+00,8.743465e-01,2.187676e-01,5.593046e-01,5.443000e-01,3.162774,58.5985
0.125806,2.515000e+01,-5.110294e+00,8.743465e-01,2.188746e-01,5.591020e-01,5.447635e-01,3.163578,58.8881
0.125839,2.515000e+01,-5.110209e+00,8.743465e-01,2.185037e-01,5.589707e-01,5.439681e-01,3.164408,59.1869
0.125871,2.515000e+01,-5.110114e+00,8.743465e-01,2.180259e-01,5.586214e-01,5.431179e-01,3.165213,59.4766
0.125903,2.515000e+01,-5.110026e+00,8.743465e-01,2.181475e-01,5.585390e-01,5.435011e-01,3.166017,59.7663
0.125935,2.515000e+01,-5.109940e+00,8.743465e-01,2.182795e-01,5.587314e-01,5.436428e-01,3.166822,60.0560
0.125968,2.515000e+01,-5.109858e+00,8.743465e-01,2.185887e-01,5.589992e-01,5.441520e-01,3.167652,60.3547
0.126,2.515000e+01,-5.109777e+00,8.743465e-01,2.185970e-01,5.591070e-01,5.440677e-01,3.168457,60.6444
0.126032,2.515000e+01,-5.109701e+00,8.743465e-01,2.186237e-01,5.590317e-01,5.442075e-01,3.169261,60.9341
0.126065,2.515000e+01,-5.109626e+00,8.743465e-01,2.184295e-01,5.585936e-01,5.441505e-01,3.170091,61.2328
0.126097,2.515000e+01,-5.109542e+00,8.743465e-01,2.178929e-01,5.580853e-01,5.433081e-01,3.170896,61.5225
0.126129,2.515000e+01,-5.109461e+00,8.743465e-01,2.179341e-01,5.581680e-01,5.433302e-01,3.171701,61.8122
0.126161,2.515000e+01,-5.109381e+00,8.743465e-01,2.180654e-01,5.583336e-01,5.434965e-01,3.172505,62.1019
0.126194,2.515000e+01,-5.109301e+00,8.743465e-01,2.183497e-01,5.589915e-01,5.435646e-01,3.173335,62.4006
0.126226,2.515000e+01,-5.109231e+00,8.743465e-01,2.184244e-01,5.588237e-01,5.439137e-01,3.174140,62.6903
0.126258,2.515000e+01,-5.109168e+00,8.743465e-01,2.184984e-01,5.587848e-01,5.441360e-01,3.174944,62.9800
0.12629,2.515000e+01,-5.109120e+00,8.743465e-01,2.183999e-01,5.579831e-01,5.446721e-01,3.175749,63.2697
0.126323,2.515000e+01,-5.109072e+00,8.743465e-01,2.184264e-01,5.580836e-01,5.446401e-01,3.176579,63.5684
0.126355,2.515000e+01,-5.109019e+00,8.743465e-01,2.183517e-01,5.583048e-01,5.442381e-01,3.177384,63.8581
0.126387,2.515000e+01,-5.108973e+00,8.743465e-01,2.186975e-01,5.586607e-01,5.447527e-01,3.178188,64.1478
0.126419,2.515000e+01,-5.108929e+00,8.743465e-01,2.185395e-01,5.585210e-01,5.444951e-01,3.178993,64.4375
0.126452,2.515000e+01,-5.108898e+00,8.743465e-01,2.182219e-01,5.574828e-01,5.447164e-01,3.179823,64.7362
0.126484,2.515000e+01,-5.108875e+00,8.743465e-01,2.180340e-01,5.570039e-01,5.447154e-01,3.180628,65.0259
0.126516,2.515000e+01,-5.108840e+00,8.743465e-01,2.178535e-01,5.574228e-01,5.438553e-01,3.181432,65.3156
0.126548,2.515000e+01,-5.108812e+00,8.743465e-01,2.182761e-01,5.581098e-01,5.442396e-01,3.182237,65.6053
0.126581,2.515000e+01,-5.108779e+00,8.743465e-01,2.182739e-01,5.585306e-01,5.438241e-01,3.183067,65.9040
0.126613,2.515000e+01,-5.108766e+00,8.743465e-01,2.184643e-01,5.580962e-01,5.447224e-01,3.183871,66.1937
0.126645,2.515000e+01,-5.108762e+00,8.743465e-01,2.186341e-01,5.580952e-01,5.451468e-01,3.184676,66.4834
0.126677,2.515000e+01,-5.108754e+00,8.743465e-01,2.182496e-01,5.576919e-01,5.445814e-01,3.185481,66.7731
0.12671,2.515000e+01,-5.108750e+00,8.743465e-01,2.183033e-01,5.577411e-01,5.446673e-01,3.186311,67.0718
0.126742,2.515000e+01,-5.108740e+00,8.743465e-01,2.180623e-01,5.578843e-01,5.439265e-01,3.187115,67.3615
0.126774,2.515000e+01,-5.108741e+00,8.743465e-01,2.182550e-01,5.578859e-01,5.444056e-01,3.187920,67.6512
0.126806,2.515000e+01,-5.108741e+00,8.743465e-01,2.181513e-01,5.578649e-01,5.441673e-01,3.188725,67.9409
0.126839,2.515000e+01,-5.108750e+00,8.743465e-01,2.179554e-01,5.573898e-01,5.441419e-01,3.189555,68.2396
0.126871,2.515000e+01,-5.108758e+00,8.743465e-01,2.179732e-01,5.575441e-01,5.440359e-01,3.190359,68.5293
0.126903,2.515000e+01,-5.108760e+00,8.743465e-01,2.181854e-01,5.582761e-01,5.438515e-01,3.191164,68.8190
0.126935,2.515000e+01,-5.108777e+00,8.743465e-01,2.185291e-01,5.584002e-01,5.445873e-01,3.191969,69.1087
0.126968,2.515000e+01,-5.108808e+00,8.743465e-01,2.185804e-01,5.579754e-01,5.451297e-01,3.192798,69.4074
0.127,2.515000e+01,-5.108846e+00,8.743465e-01,2.186739e-01,5.580775e-01,5.452632e-01,3.193603,69.6971
0.127032,2.515000e+01,-5.108894e+00,8.743465e-01,2.185403e-01,5.574611e-01,5.455325e-01,3.194408,69.9868
0.127065,2.515000e+01,-5.108950e+00,8.743465e-01,2.183533e-01,5.571042e-01,5.454149e-01,3.195238,70.2855
0.127097,2.515000e+01,-5.109013e+00,8.743465e-01,2.181025e-01,5.566528e-01,5.452303e-01,3.196042,70.5752
0.127129,2.515000e+01,-5.109073e+00,8.743465e-01,2.182275e-01,5.571272e-01,5.450783e-01,3.196847,70.8649
0.127161,2.515000e+01,-5.109133e+00,8.743465e-01,2.183756e-01,5.575582e-01,5.450264e-01,3.197652,71.1546
0.127194,2.515000e+01,-5.109187e+00,8.743465e-01,2.184210e-01,5.580070e-01,5.447014e-01,3.198482,71.4533
0.127226,2.515000e+01,-5.109232e+00,8.743465e-01,2.183346e-01,5.582894e-01,5.442104e-01,3.199286,71.7430
0.127258,2.515000e+01,-5.109292e+00,8.743465e-01,2.183806e-01,5.578034e-01,5.447994e-01,3.200091,72.0327
0.12729,2.515000e+01,-5.109370e+00,8.743465e-01,2.185267e-01,5.571386e-01,5.458144e-01,3.200896,72.3224
0.127323,2.515000e+01,-5.109450e+00,8.743465e-01,2.186579e-01,5.572518e-01,5.460311e-01,3.201725,72.6211
0.127355,2.515000e+01,-5.109513e+00,8.743465e-01,2.183056e-01,5.574191e-01,5.449877e-01,3.202530,72.9108
0.127387,2.515000e+01,-5.109565e+00,8.743465e-01,2.181514e-01,5.577383e-01,5.442911e-01,3.203335,73.2005
0.127419,2.515000e+01,-5.109616e+00,8.743465e-01,2.180532e-01,5.577191e-01,5.440647e-01,3.204139,73.4902
0.127452,2.515000e+01,-5.109679e+00,8.743465e-01,2.181998e-01,5.575931e-01,5.445535e-01,3.204969,73.7889
0.127484,2.515000e+01,-5.109754e+00,8.743465e-01,2.184941e-01,5.576060e-01,5.452756e-01,3.205774,74.0786
0.127516,2.515000e+01,-5.109818e+00,8.743465e-01,2.184379e-01,5.581101e-01,5.446429e-01,3.206579,74.3683
0.127548,2.515000e+01,-5.109880e+00,8.743465e-01,2.184695e-01,5.581760e-01,5.446574e-01,3.207383,74.6580
0.127581,2.515000e+01,-5.109946e+00,8.743465e-01,2.186542e-01,5.584861e-01,5.448153e-01,3.208213,74.9567
0.127613,2.515000e+01,-5.110022e+00,8.743465e-01,2.185083e-01,5.575584e-01,5.453575e-01,3.209018,75.2464
0.127645,2.515000e+01,-5.110119e+00,8.743465e-01,2.186348e-01,5.566798e-01,5.465345e-01,3.209823,75.5361
0.127677,2.515000e+01,-5.110218e+00,8.743465e-01,2.186955e-01,5.567416e-01,5.466255e-01,3.210627,75.8258
0.12771,2.515000e+01,-5.110295e+00,8.743465e-01,2.185085e-01,5.574304e-01,5.454832e-01,3.211457,76.1246
0.127742,2.515000e+01,-5.110356e+00,8.743465e-01,2.184317e-01,5.579255e-01,5.448076e-01,3.212262,76.4142
0.127774,2.515000e+01,-5.110409e+00,8.743465e-01,2.183793e-01,5.580936e-01,5.445128e-01,3.213066,76.7039
0.127806,2.515000e+01,-5.110483e+00,8.743465e-01,2.188770e-01,5.578689e-01,5.459736e-01,3.213871,76.9936
0.127839,2.515000e+01,-5.110549e+00,8.743465e-01,2.187767e-01,5.580405e-01,5.455557e-01,3.214701,77.2924
0.127871,2.515000e+01,-5.110611e+00,8.743465e-01,2.185860e-01,5.576289e-01,5.454825e-01,3.215506,77.5820
0.127903,2.515000e+01,-5.110662e+00,8.743465e-01,2.186350e-01,5.580281e-01,5.452144e-01,3.216310,77.8717
0.127935,2.515000e+01,-5.110722e+00,8.743465e-01,2.190212e-01,5.579144e-01,5.462887e-01,3.217115,78.1614
0.127968,2.515000e+01,-5.110784e+00,8.743465e-01,2.189701e-01,5.574522e-01,5.466142e-01,3.217945,78.4602
0.128,2.515000e+01,-5.110839e+00,8.743465e-01,2.186363e-01,5.570132e-01,5.462112e-01,3.218750,78.7498
0.128032,2.515000e+01,-5.110882e+00,8.743465e-01,2.185252e-01,5.573772e-01,5.455770e-01,3.219554,79.0395
0.128065,2.515000e+01,-5.110901e+00,8.743465e-01,2.185061e-01,5.582400e-01,5.446861e-01,3.220384,79.3383
0.128097,2.515000e+01,-5.110900e+00,8.743465e-01,2.182412e-01,5.586327e-01,5.436434e-01,3.221189,79.6280
0.128129,2.515000e+01,-5.110907e+00,8.743465e-01,2.184020e-01,5.584528e-01,5.442192e-01,3.221993,79.9176
0.128161,2.515000e+01,-5.110942e+00,8.743465e-01,2.190511e-01,5.581727e-01,5.461105e-01,3.222798,80.2073
0.128194,2.515000e+01,-5.110975e+00,8.743465e-01,2.193096e-01,5.586445e-01,5.462932e-01,3.223628,80.5061
0.128226,2.515000e+01,-5.111011e+00,8.743465e-01,2.191083e-01,5.578909e-01,5.465291e-01,3.224433,80.7958
0.128258,2.515000e+01,-5.111043e+00,8.743465e-01,2.190729e-01,5.579792e-01,5.463543e-01,3.225237,81.0855
0.12829,2.515000e+01,-5.111083e+00,8.743465e-01,2.193571e-01,5.579673e-01,5.470747e-01,3.226042,81.3751
0.128323,2.515000e+01,-5.111115e+00,8.743465e-01,2.191476e-01,5.580421e-01,5.464790e-01,3.226872,81.6739
0.128355,2.515000e+01,-5.111144e+00,8.743465e-01,2.189960e-01,5.578999e-01,5.462403e-01,3.227677,81.9636
0.128387,2.515000e+01,-5.111145e+00,8.743465e-01,2.186646e-01,5.587762e-01,5.445582e-01,3.228481,82.2533
0.128419,2.515000e+01,-5.111144e+00,8.743465e-01,2.188985e-01,5.592233e-01,5.447049e-01,3.229286,82.5429
0.128452,2.515000e+01,-5.111167e+00,8.743465e-01,2.193323e-01,5.588219e-01,5.461763e-01,3.230116,82.8417
0.128484,2.515000e+01,-5.111214e+00,8.743465e-01,2.196957e-01,5.584872e-01,5.474091e-01,3.230920,83.1314
0.128516,2.515000e+01,-5.111239e+00,8.743465e-01,2.194172e-01,5.591602e-01,5.460572e-01,3.231725,83.4211
0.128548,2.515000e+01,-5.111237e+00,8.743465e-01,2.190017e-01,5.597587e-01,5.444404e-01,3.232530,83.7107
0.128581,2.515000e+01,-5.111278e+00,8.743465e-01,2.193798e-01,5.581088e-01,5.469926e-01,3.233360,84.0095
0.128613,2.515000e+01,-5.111317e+00,8.743465e-01,2.194959e-01,5.582369e-01,5.471565e-01,3.234164,84.2992
0.128645,2.515000e+01,-5.111353e+00,8.743465e-01,2.197907e-01,5.589015e-01,5.472399e-01,3.234969,84.5889
0.128677,2.515000e+01,-5.111376e+00,8.743465e-01,2.196246e-01,5.592095e-01,5.465252e-01,3.235774,84.8785
0.12871,2.515000e+01,-5.111392e+00,8.743465e-01,2.192024e-01,5.587783e-01,5.458953e-01,3.236604,85.1773
0.128742,2.515000e+01,-5.111391e+00,8.743465e-01,2.189111e-01,5.591388e-01,5.448185e-01,3.237408,85.4670
0.128774,2.515000e+01,-5.111367e+00,8.743465e-01,2.190029e-01,5.601239e-01,5.440885e-01,3.238213,85.7567
0.128806,2.515000e+01,-5.111378e+00,8.743465e-01,2.197331e-01,5.596797e-01,5.463356e-01,3.239018,86.0463
0.128839,2.515000e+01,-5.111420e+00,8.743465e-01,2.203181e-01,5.592054e-01,5.482548e-01,3.239847,86.3451
0.128871,2.515000e+01,-5.111455e+00,8.743465e-01,2.203216e-01,5.594638e-01,5.480104e-01,3.240652,86.6348
0.128903,2.515000e+01,-5.111431e+00,8.743465e-01,2.191420e-01,5.600661e-01,5.444900e-01,3.241457,86.9245
0.128935,2.515000e+01,-5.111417e+00,8.743465e-01,2.189210e-01,5.590187e-01,5.449603e-01,3.242262,87.2142
0.128968,2.515000e+01,-5.111420e+00,8.743465e-01,2.193485e-01,5.588289e-01,5.462097e-01,3.243091,87.5129
0.129,2.515000e+01,-5.111455e+00,8.743465e-01,2.202687e-01,5.590604e-01,5.482741e-01,3.243896,87.8026
0.129033,2.515000e+01,-5.111465e+00,8.743465e-01,2.201057e-01,5.595321e-01,5.474067e-01,3.244726,88.1013
0.129067,2.515000e+01,-5.111449e+00,8.743465e-01,2.198519e-01,5.604973e-01,5.458339e-01,3.245581,88.4091
0.1291,2.515000e+01,-5.111431e+00,8.743465e-01,2.197525e-01,5.605088e-01,5.455758e-01,3.246411,88.7079
0.129133,2.515000e+01,-5.111421e+00,8.743465e-01,2.198669e-01,5.606038e-01,5.457673e-01,3.247241,89.0066
0.129167,2.515000e+01,-5.111467e+00,8.743465e-01,2.203784e-01,5.587658e-01,5.488363e-01,3.248096,89.3144
0.1292,2.515000e+01,-5.111531e+00,8.743465e-01,2.207510e-01,5.586362e-01,5.498919e-01,3.248925,89.6131
0.129233,2.515000e+01,-5.111575e+00,8.743465e-01,2.206903e-01,5.594785e-01,5.489131e-01,3.249755,89.9119
0.129267,2.515000e+01,-5.111553e+00,8.743465e-01,2.195526e-01,5.605278e-01,5.450609e-01,3.250610,90.2197
0.1293,2.515000e+01,-5.111517e+00,8.743465e-01,2.188208e-01,5.598652e-01,5.438874e-01,3.251440,90.5184
0.129333,2.515000e+01,-5.111502e+00,8.743465e-01,2.191999e-01,5.595877e-01,5.450995e-01,3.252270,90.8171
0.129367,2.515000e+01,-5.111521e+00,8.743465e-01,2.204399e-01,5.603377e-01,5.474495e-01,3.253125,91.1249
0.1294,2.515000e+01,-5.111545e+00,8.743465e-01,2.206341e-01,5.604923e-01,5.477808e-01,3.253955,91.4237
0.129433,2.515000e+01,-5.111537e+00,8.743465e-01,2.201263e-01,5.605843e-01,5.464302e-01,3.254784,91.7224
0.129467,2.515000e+01,-5.111522e+00,8.743465e-01,2.198762e-01,5.606818e-01,5.457146e-01,3.255639,92.0302
0.1295,2.515000e+01,-5.111525e+00,8.743465e-01,2.200225e-01,5.602074e-01,5.465399e-01,3.256469,92.3289
0.129533,2.515000e+01,-5.111565e+00,8.743465e-01,2.205318e-01,5.593742e-01,5.486211e-01,3.257299,92.6277
0.129567,2.515000e+01,-5.111602e+00,8.743465e-01,2.206150e-01,5.596207e-01,5.485863e-01,3.258154,92.9355
0.1296,2.515000e+01,-5.111616e+00,8.743465e-01,2.204454e-01,5.603541e-01,5.474472e-01,3.258984,93.2342
0.129633,2.515000e+01,-5.111595e+00,8.743465e-01,2.199178e-01,5.609865e-01,5.455212e-01,3.259814,93.5330
0.129667,2.515000e+01,-5.111578e+00,8.743465e-01,2.199204e-01,5.608248e-01,5.456849e-01,3.260669,93.8408
0.1297,2.515000e+01,-5.111556e+00,8.743465e-01,2.198785e-01,5.610121e-01,5.453988e-01,3.261499,94.1395
0.129733,2.515000e+01,-5.111537e+00,8.743465e-01,2.201778e-01,5.614741e-01,5.456919e-01,3.262328,94.4382
0.129767,2.515000e+01,-5.111572e+00,8.743465e-01,2.208720e-01,5.599553e-01,5.488973e-01,3.263183,94.7460
0.1298,2.515000e+01,-5.111614e+00,8.743465e-01,2.209283e-01,5.596021e-01,5.493838e-01,3.264013,95.0448
0.129833,2.515000e+01,-5.111627e+00,8.743465e-01,2.205896e-01,5.603288e-01,5.478299e-01,3.264843,95.3435
0.129867,2.515000e+01,-5.111611e+00,8.743465e-01,2.202123e-01,5.610774e-01,5.461633e-01,3.265698,95.6513
0.1299,2.515000e+01,-5.111606e+00,8.743465e-01,2.202339e-01,5.606012e-01,5.466808e-01,3.266528,95.9500
0.129933,2.515000e+01,-5.111599e+00,8.743465e-01,2.201626e-01,5.603608e-01,5.467384e-01,3.267358,96.2488
0.129967,2.515000e+01,-5.111565e+00,8.743465e-01,2.200884e-01,5.611616e-01,5.457740e-01,3.268213,96.5566
0.13,2.515000e+01,-5.111546e+00,8.743465e-01,2.203558e-01,5.609481e-01,5.466451e-01,3.269043,96.8553
0.130033,2.515000e+01,-5.111544e+00,8.743465e-01,2.207523e-01,5.607351e-01,5.478369e-01,3.269872,97.1541
0.130067,2.515000e+01,-5.111515e+00,8.743465e-01,2.204235e-01,5.612120e-01,5.465560e-01,3.270727,97.4618
0.1301,2.515000e+01,-5.111477e+00,8.743465e-01,2.202964e-01,5.611978e-01,5.462547e-01,3.271557,97.7606
0.130133,2.515000e+01,-5.111457e+00,8.743465e-01,2.205515e-01,5.606933e-01,5.473793e-01,3.272387,98.0593
0.130167,2.515000e+01,-5.111433e+00,8.743465e-01,2.204584e-01,5.604425e-01,5.473931e-01,3.273242,98.3671
0.1302,2.515000e+01,-5.111406e+00,8.743465e-01,2.206604e-01,5.608690e-01,5.474780e-01,3.274072,98.6659
0.130233,2.515000e+01,-5.111358e+00,8.743465e-01,2.203480e-01,5.610971e-01,5.464806e-01,3.274902,98.9646
0.130267,2.515000e+01,-5.111301e+00,8.743465e-01,2.202811e-01,5.611350e-01,5.462779e-01,3.275757,99.2724
0.1303,2.515000e+01,-5.111227e+00,8.743465e-01,2.200955e-01,5.613422e-01,5.456162e-01,3.276586,99.5711
0.130333,2.515000e+01,-5.111161e+00,8.743465e-01,2.205002e-01,5.613945e-01,5.465684e-01,3.277416,99.8699
0.130367,2.515000e+01,-5.111132e+00,8.743465e-01,2.211293e-01,5.608024e-01,5.487065e-01,3.278271,100.1777
0.1304,2.515000e+01,-5.111090e+00,8.743465e-01,2.210753e-01,5.611771e-01,5.482063e-01,3.279101,100.4764
0.130433,2.515000e+01,-5.111024e+00,8.743465e-01,2.207573e-01,5.615732e-01,5.470317e-01,3.279931,100.7751
0.130467,2.515000e+01,-5.110952e+00,8.743465e-01,2.202118e-01,5.609479e-01,5.462882e-01,3.280786,101.0829
0.1305,2.515000e+01,-5.110890e+00,8.743465e-01,2.203258e-01,5.605795e-01,5.469302e-01,3.281616,101.3817
0.130533,2.515000e+01,-5.110829e+00,8.743465e-01,2.204722e-01,5.608085e-01,5.470701e-01,3.282446,101.6804
0.130567,2.515000e+01,-5.110753e+00,8.743465e-01,2.206583e-01,5.616785e-01,5.466838e-01,3.283301,101.9882
0.1306,2.515000e+01,-5.110685e+00,8.743465e-01,2.207633e-01,5.614545e-01,5.471620e-01,3.284130,102.2870
0.130633,2.515000e+01,-5.110614e+00,8.743465e-01,2.205949e-01,5.611928e-01,5.469998e-01,3.284960,102.5857
0.130667,2.515000e+01,-5.110535e+00,8.743465e-01,2.205150e-01,5.613784e-01,5.466209e-01,3.285815,102.8935
0.1307,2.515000e+01,-5.110455e+00,8.743465e-01,2.205941e-01,5.614730e-01,5.467247e-01,3.286645,103.1922
0.130733,2.515000e+01,-5.110376e+00,8.743465e-01,2.206746e-01,5.615629e-01,5.468368e-01,3.287475,103.4910
0.130767,2.515000e+01,-5.110286e+00,8.743465e-01,2.204304e-01,5.615324e-01,5.462612e-01,3.288330,103.7988
0.1308,2.515000e+01,-5.110201e+00,8.743465e-01,2.204676e-01,5.612519e-01,5.466263e-01,3.289160,104.0975
0.130833,2.515000e+01,-5.110130e+00,8.743465e-01,2.205205e-01,5.605524e-01,5.474399e-01,3.289990,104.3962
0.130867,2.515000e+01,-5.110066e+00,8.743465e-01,2.206715e-01,5.605213e-01,5.478452e-01,3.290845,104.7040
0.1309,2.515000e+01,-5.109975e+00,8.743465e-01,2.204635e-01,5.613427e-01,5.465278e-01,3.291674,105.0028
0.130933,2.515000e+01,-5.109866e+00,8.743465e-01,2.204259e-01,5.620300e-01,5.457665e-01,3.292504,105.3015
0.130967,2.515000e+01,-5.109763e+00,8.743465e-01,2.204716e-01,5.617964e-01,5.461065e-01,3.293359,105.6093
0.131,2.515000e+01,-5.109664e+00,8.743465e-01,2.205269e-01,5.615923e-01,5.464421e-01,3.294189,105.9080
0.131033,2.515000e+01,-5.109590e+00,8.743465e-01,2.208303e-01,5.611984e-01,5.475780e-01,3.295019,106.2068
0.131067,2.515000e+01,-5.109529e+00,8.743465e-01,2.209332e-01,5.608184e-01,5.482042e-01,3.295874,106.5146
0.1311,2.515000e+01,-5.109463e+00,8.743465e-01,2.209093e-01,5.610849e-01,5.478848e-01,3.296704,106.8133
0.131133,2.515000e+01,-5.109378e+00,8.743465e-01,2.206728e-01,5.617143e-01,5.466848e-01,3.297533,107.1121
0.131167,2.515000e+01,-5.109293e+00,8.743465e-01,2.205466e-01,5.615666e-01,5.465159e-01,3.298388,107.4199
0.1312,2.515000e+01,-5.109217e+00,8.743465e-01,2.206970e-01,5.614313e-01,5.470203e-01,3.299218,107.7186
0.131233,2.515000e+01,-5.109137e+00,8.743465e-01,2.204820e-01,5.613464e-01,5.465700e-01,3.300048,108.0173
0.131267,2.515000e+01,-5.109042e+00,8.743465e-01,2.204170e-01,5.619799e-01,5.457931e-01,3.300903,108.3251
0.1313,2.515000e+01,-5.108946e+00,8.743465e-01,2.204259e-01,5.619547e-01,5.458396e-01,3.301733,108.6239
0.131333,2.515000e+01,-5.108856e+00,8.743465e-01,2.205508e-01,5.620130e-01,5.460924e-01,3.302563,108.9226
0.131367,2.515000e+01,-5.108779e+00,8.743465e-01,2.206309e-01,5.616528e-01,5.466409e-01,3.303418,109.2304
0.1314,2.515000e+01,-5.108711e+00,8.743465e-01,2.206374e-01,5.609717e-01,5.473207e-01,3.304248,109.5291
0.131433,2.515000e+01,-5.108647e+00,8.743465e-01,2.206252e-01,5.609169e-01,5.473438e-01,3.305077,109.8279
0.131467,2.515000e+01,-5.108582e+00,8.743465e-01,2.206836e-01,5.614403e-01,5.469783e-01,3.305932,110.1357
0.1315,2.515000e+01,-5.108495e+00,8.743465e-01,2.204925e-01,5.622900e-01,5.456788e-01,3.306762,110.4344
0.131533,2.515000e+01,-5.108415e+00,8.743465e-01,2.204874e-01,5.624228e-01,5.455374e-01,3.307592,110.7332
0.131567,2.515000e+01,-5.108332e+00,8.743465e-01,2.204114e-01,5.624904e-01,5.452839e-01,3.308447,111.0409
0.1316,2.515000e+01,-5.108254e+00,8.743465e-01,2.203798e-01,5.624379e-01,5.452566e-01,3.309277,111.3397
0.131633,2.515000e+01,-5.108220e+00,8.743465e-01,2.209018e-01,5.615453e-01,5.474168e-01,3.310107,111.6384
0.131667,2.515000e+01,-5.108217e+00,8.743465e-01,2.213302e-01,5.611873e-01,5.488282e-01,3.310962,111.9462
0.1317,2.515000e+01,-5.108209e+00,8.743465e-01,2.212122e-01,5.615628e-01,5.481691e-01,3.311792,112.2450
0.131733,2.515000e+01,-5.108162e+00,8.743465e-01,2.205909e-01,5.625612e-01,5.456593e-01,3.312621,112.5437
0.131767,2.515000e+01,-5.108111e+00,8.743465e-01,2.203285e-01,5.626256e-01,5.449477e-01,3.313476,112.8515
0.1318,2.515000e+01,-5.108088e+00,8.743465e-01,2.206210e-01,5.623086e-01,5.459788e-01,3.314306,113.1502
0.131833,2.515000e+01,-5.108084e+00,8.743465e-01,2.208168e-01,5.620795e-01,5.466862e-01,3.315136,113.4490
0.131867,2.515000e+01,-5.108081e+00,8.743465e-01,2.209446e-01,5.626232e-01,5.464738e-01,3.315991,113.7568
0.1319,2.515000e+01,-5.108076e+00,8.743465e-01,2.208227e-01,5.627500e-01,5.460495e-01,3.316821,114.0555
0.131933,2.515000e+01,-5.108061e+00,8.743465e-01,2.205789e-01,5.628736e-01,5.453268e-01,3.317651,114.3542
0.131967,2.515000e+01,-5.108058e+00,8.743465e-01,2.205348e-01,5.625913e-01,5.454912e-01,3.318506,114.6620
0.132,2.515000e+01,-5.108100e+00,8.743465e-01,2.209702e-01,5.615607e-01,5.475713e-01,3.319335,114.9608
0.132033,2.515000e+01,-5.108165e+00,8.743465e-01,2.212952e-01,5.613805e-01,5.485527e-01,3.320165,115.2595
0.132067,2.515000e+01,-5.108209e+00,8.743465e-01,2.210331e-01,5.621676e-01,5.471358e-01,3.321020,115.5673
0.1321,2.515000e+01,-5.108194e+00,8.743465e-01,2.201473e-01,5.636282e-01,5.435310e-01,3.321850,115.8661
0.132133,2.515000e+01,-5.108184e+00,8.743465e-01,2.201123e-01,5.635427e-01,5.435269e-01,3.322680,116.1648
0.132167,2.515000e+01,-5.108212e+00,8.743465e-01,2.206517e-01,5.630890e-01,5.452980e-01,3.323535,116.4726
0.1322,2.515000e+01,-5.108267e+00,8.743465e-01,2.209021e-01,5.625510e-01,5.464389e-01,3.324365,116.7713
0.132233,2.515000e+01,-5.108336e+00,8.743465e-01,2.210985e-01,5.623405e-01,5.471294e-01,3.325195,117.0701
0.132267,2.515000e+01,-5.108383e+00,8.743465e-01,2.208475e-01,5.628301e-01,5.460331e-01,3.326050,117.3779
0.1323,2.515000e+01,-5.108431e+00,8.743465e-01,2.209495e-01,5.631719e-01,5.459538e-01,3.326879,117.6766
0.132333,2.515000e+01,-5.108473e+00,8.743465e-01,2.210098e-01,5.635350e-01,5.457508e-01,3.327709,117.9753
0.132367,2.515000e+01,-5.108537e+00,8.743465e-01,2.210691e-01,5.626780e-01,5.467286e-01,3.328564,118.2831
0.1324,2.515000e+01,-5.108590e+00,8.743465e-01,2.207899e-01,5.624779e-01,5.462325e-01,3.329394,118.5819
0.132433,2.515000e+01,-5.108615e+00,8.743465e-01,2.205032e-01,5.628688e-01,5.451443e-01,3.330224,118.8806
0.132467,2.515000e+01,-5.108625e+00,8.743465e-01,2.205470e-01,5.635169e-01,5.446254e-01,3.331079,119.1884
0.1325,2.515000e+01,-5.108640e+00,8.743465e-01,2.208048e-01,5.636824e-01,5.451020e-01,3.331909,119.4871
0.132533,2.515000e+01,-5.108676e+00,8.743465e-01,2.211566e-01,5.635812e-01,5.460685e-01,3.332739,119.7859
0.132567,2.515000e+01,-5.108726e+00,8.743465e-01,2.213738e-01,5.633720e-01,5.468079e-01,3.333594,120.0937
0.1326,2.515000e+01,-5.108796e+00,8.743465e-01,2.215574e-01,5.627536e-01,5.478625e-01,3.334423,120.3924
0.132633,2.515000e+01,-5.108851e+00,8.743465e-01,2.211509e-01,5.627909e-01,5.468212e-01,3.335253,120.6912
0.132667,2.515000e+01,-5.108894e+00,8.743465e-01,2.209873e-01,5.632845e-01,5.459379e-01,3.336108,120.9990
0.1327,2.515000e+01,-5.108912e+00,8.743465e-01,2.206302e-01,5.640482e-01,5.443177e-01,3.336938,121.2977
0.132733,2.515000e+01,-5.108952e+00,8.743465e-01,2.209228e-01,5.635450e-01,5.455261e-01,3.337768,121.5964
0.132767,2.515000e+01,-5.108971e+00,8.743465e-01,2.206050e-01,5.637539e-01,5.445396e-01,3.338623,121.9042
0.1328,2.515000e+01,-5.108977e+00,8.743465e-01,2.202425e-01,5.636682e-01,5.437275e-01,3.339453,122.2030
0.132833,2.515000e+01,-5.109016e+00,8.743465e-01,2.210026e-01,5.636770e-01,5.455955e-01,3.340283,122.5017
0.132867,2.515000e+01,-5.109076e+00,8.743465e-01,2.212217e-01,5.632889e-01,5.465126e-01,3.341137,122.8095
0.1329,2.515000e+01,-5.109130e+00,8.743465e-01,2.209505e-01,5.631619e-01,5.459659e-01,3.341967,123.1082
0.132933,2.515000e+01,-5.109147e+00,8.743465e-01,2.203189e-01,5.636954e-01,5.438899e-01,3.342797,123.4070
0.132967,2.515000e+01,-5.109197e+00,8.743465e-01,2.210141e-01,5.633600e-01,5.459309e-01,3.343652,123.7148
0.133,2.515000e+01,-5.109275e+00,8.743465e-01,2.216843e-01,5.634217e-01,5.475263e-01,3.344482,124.0135
0.133033,2.515000e+01,-5.109341e+00,8.743465e-01,2.214538e-01,5.637086e-01,5.466787e-01,3.345312,124.3123
0.133067,2.515000e+01,-5.109370e+00,8.743465e-01,2.205632e-01,5.638523e-01,5.443415e-01,3.346167,124.6200
0.1331,2.515000e+01,-5.109406e+00,8.743465e-01,2.207241e-01,5.638086e-01,5.447807e-01,3.346997,124.9188
0.133133,2.515000e+01,-5.109458e+00,8.743465e-01,2.208195e-01,5.632039e-01,5.456012e-01,3.347826,125.2175
0.133167,2.515000e+01,-5.109509e+00,8.743465e-01,2.209608e-01,5.635242e-01,5.456401e-01,3.348681,125.5253
0.1332,2.515000e+01,-5.109585e+00,8.743465e-01,2.214563e-01,5.634451e-01,5.469405e-01,3.349511,125.8241
0.133233,2.515000e+01,-5.109670e+00,8.743465e-01,2.215481e-01,5.633135e-01,5.472950e-01,3.350341,126.1228
0.133267,2.515000e+01,-5.109725e+00,8.743465e-01,2.208291e-01,5.635588e-01,5.452815e-01,3.351196,126.4306
0.1333,2.515000e+01,-5.109746e+00,8.743465e-01,2.199709e-01,5.636687e-01,5.430564e-01,3.352026,126.7293
0.133333,2.515000e+01,-5.109782e+00,8.743465e-01,2.202527e-01,5.634453e-01,5.439678e-01,3.352856,127.0281
0.133367,2.515000e+01,-5.109852e+00,8.743465e-01,2.210839e-01,5.635593e-01,5.459101e-01,3.353711,127.3359
0.1334,2.515000e+01,-5.109926e+00,8.743465e-01,2.210899e-01,5.633526e-01,5.461252e-01,3.354541,127.6346
0.133433,2.515000e+01,-5.109970e+00,8.743465e-01,2.204897e-01,5.639152e-01,5.440993e-01,3.355370,127.9333
0.133467,2.515000e+01,-5.110014e+00,8.743465e-01,2.204180e-01,5.636790e-01,5.441502e-01,3.356225,128.2411
0.1335,2.515000e+01,-5.110081e+00,8.743465e-01,2.207649e-01,5.633033e-01,5.453704e-01,3.357055,128.5399
0.133533,2.515000e+01,-5.110171e+00,8.743465e-01,2.211244e-01,5.629669e-01,5.465849e-01,3.357885,128.8386
0.133567,2.515000e+01,-5.110261e+00,8.743465e-01,2.211290e-01,5.630077e-01,5.465565e-01,3.358740,129.1464
0.1336,2.515000e+01,-5.110333e+00,8.743465e-01,2.207054e-01,5.630783e-01,5.454411e-01,3.359570,129.4452
0.133633,2.515000e+01,-5.110372e+00,8.743465e-01,2.203636e-01,5.638487e-01,5.438523e-01,3.360400,129.7439
0.133667,2.515000e+01,-5.110414e+00,8.743465e-01,2.202544e-01,5.633889e-01,5.440265e-01,3.361255,130.0517
0.1337,2.515000e+01,-5.110464e+00,8.743465e-01,2.204601e-01,5.633107e-01,5.446102e-01,3.362085,130.3504
0.133733,2.515000e+01,-5.110545e+00,8.743465e-01,2.209399e-01,5.628456e-01,5.462463e-01,3.362914,130.6492
0.133767,2.515000e+01,-5.110623e+00,8.743465e-01,2.210561e-01,5.631786e-01,5.462106e-01,3.363769,130.9570
0.1338,2.515000e+01,-5.110684e+00,8.743465e-01,2.207265e-01,5.632662e-01,5.453111e-01,3.364599,131.2557
0.133833,2.515000e+01,-5.110743e+00,8.743465e-01,2.207595e-01,5.632775e-01,5.453818e-01,3.365429,131.5544
0.133867,2.515000e+01,-5.110806e+00,8.743465e-01,2.207682e-01,5.629851e-01,5.456867e-01,3.366284,131.8622
0.1339,2.515000e+01,-5.110876e+00,8.743465e-01,2.206931e-01,5.625294e-01,5.459429e-01,3.367114,132.1610
0.133933,2.515000e+01,-5.110947e+00,8.743465e-01,2.207030e-01,5.626044e-01,5.458945e-01,3.367944,132.4597
0.133967,2.515000e+01,-5.110969e+00,8.743465e-01,2.197211e-01,5.630636e-01,5.430228e-01,3.368799,132.7675
0.134,2.515000e+01,-5.110983e+00,8.743465e-01,2.196292e-01,5.632201e-01,5.426449e-01,3.369628,133.0662
0.134032,2.515000e+01,-5.111018e+00,8.743465e-01,2.200667e-01,5.637395e-01,5.432247e-01,3.370433,133.3559
0.134065,2.515000e+01,-5.111076e+00,8.743465e-01,2.203192e-01,5.628864e-01,5.446723e-01,3.371263,133.6547
0.134097,2.515000e+01,-5.111142e+00,8.743465e-01,2.206324e-01,5.627869e-01,5.455430e-01,3.372068,133.9444
0.134129,2.515000e+01,-5.111198e+00,8.743465e-01,2.204486e-01,5.628098e-01,5.450664e-01,3.372872,134.2340
0.134161,2.515000e+01,-5.111248e+00,8.743465e-01,2.202012e-01,5.626884e-01,5.445720e-01,3.373677,134.5237
0.134194,2.515000e+01,-5.111307e+00,8.743465e-01,2.204452e-01,5.626313e-01,5.452308e-01,3.374507,134.8225
0.134226,2.515000e+01,-5.111350e+00,8.743465e-01,2.201065e-01,5.628824e-01,5.441504e-01,3.375312,135.1122
0.134258,2.515000e+01,-5.111405e+00,8.743465e-01,2.201056e-01,5.623538e-01,5.446595e-01,3.376116,135.4018
0.13429,2.515000e+01,-5.111467e+00,8.743465e-01,2.202928e-01,5.625656e-01,5.449176e-01,3.376921,135.6915
0.134323,2.515000e+01,-5.111515e+00,8.743465e-01,2.198686e-01,5.622826e-01,5.441420e-01,3.377751,135.9903
0.134355,2.515000e+01,-5.111557e+00,8.743465e-01,2.197203e-01,5.622906e-01,5.437672e-01,3.378555,136.2800
0.134387,2.515000e+01,-5.111602e+00,8.743465e-01,2.198047e-01,5.620972e-01,5.441632e-01,3.379360,136.5697
0.134419,2.515000e+01,-5.111668e+00,8.743465e-01,2.204912e-01,5.622483e-01,5.457161e-01,3.380165,136.8593
0.134452,2.515000e+01,-5.111722e+00,8.743465e-01,2.205509e-01,5.627883e-01,5.453402e-01,3.380995,137.1581
0.134484,2.515000e+01,-5.111753e+00,8.743465e-01,2.199254e-01,5.624175e-01,5.441521e-01,3.381799,137.4478
0.134516,2.515000e+01,-5.111791e+00,8.743465e-01,2.199807e-01,5.619525e-01,5.447393e-01,3.382604,137.7375
0.134548,2.515000e+01,-5.111824e+00,8.743465e-01,2.196175e-01,5.615995e-01,5.441817e-01,3.383409,138.0271
0.134581,2.515000e+01,-5.111867e+00,8.743465e-01,2.200043e-01,5.615540e-01,5.451842e-01,3.384239,138.3259
0.134613,2.515000e+01,-5.111887e+00,8.743465e-01,2.198583e-01,5.622807e-01,5.441184e-01,3.385043,138.6156
0.134645,2.515000e+01,-5.111909e+00,8.743465e-01,2.199532e-01,5.622462e-01,5.443867e-01,3.385848,138.9053
0.134677,2.515000e+01,-5.111933e+00,8.743465e-01,2.199508e-01,5.619011e-01,5.447151e-01,3.386653,139.1949
0.13471,2.515000e+01,-5.111947e+00,8.743465e-01,2.195346e-01,5.614323e-01,5.441383e-01,3.387482,139.4937
0.134742,2.515000e+01,-5.111964e+00,8.743465e-01,2.196873e-01,5.612560e-01,5.446879e-01,3.388287,139.7834
0.134774,2.515000e+01,-5.111982e+00,8.743465e-01,2.201480e-01,5.617520e-01,5.453481e-01,3.389092,140.0731
0.134806,2.515000e+01,-5.111990e+00,8.743465e-01,2.201432e-01,5.619162e-01,5.451768e-01,3.389897,140.3627
0.134839,2.515000e+01,-5.111955e+00,8.743465e-01,2.192466e-01,5.619214e-01,5.429516e-01,3.390726,140.6615
0.134871,2.515000e+01,-5.111922e+00,8.743465e-01,2.189967e-01,5.611431e-01,5.430849e-01,3.391531,140.9512
0.134903,2.515000e+01,-5.111898e+00,8.743465e-01,2.190587e-01,5.604817e-01,5.438795e-01,3.392336,141.2409
0.134935,2.515000e+01,-5.111882e+00,8.743465e-01,2.195681e-01,5.607685e-01,5.448656e-01,3.393140,141.5305
0.134968,2.515000e+01,-5.111848e+00,8.743465e-01,2.194702e-01,5.613127e-01,5.440946e-01,3.393970,141.8293
0.135,2.515000e+01,-5.111829e+00,8.743465e-01,2.200501e-01,5.614839e-01,5.453658e-01,3.394775,142.1190
0.135032,2.515000e+01,-5.111801e+00,8.743465e-01,2.198955e-01,5.612680e-01,5.451923e-01,3.395580,142.4087
0.135065,2.515000e+01,-5.111764e+00,8.743465e-01,2.194178e-01,5.605395e-01,5.447150e-01,3.396409,142.7074
0.135097,2.515000e+01,-5.111722e+00,8.743465e-01,2.194340e-01,5.604896e-01,5.448037e-01,3.397214,142.9971
0.135129,2.515000e+01,-5.111674e+00,8.743465e-01,2.195579e-01,5.607926e-01,5.448169e-01,3.398019,143.2868
0.135161,2.515000e+01,-5.111632e+00,8.743465e-01,2.197395e-01,5.608028e-01,5.452574e-01,3.398824,143.5765
0.135194,2.515000e+01,-5.111570e+00,8.743465e-01,2.192840e-01,5.607097e-01,5.442176e-01,3.399653,143.8752
0.135226,2.515000e+01,-5.111500e+00,8.743465e-01,2.188786e-01,5.601576e-01,5.437468e-01,3.400458,144.1649
0.135258,2.515000e+01,-5.111436e+00,8.743465e-01,2.190723e-01,5.601212e-01,5.442635e-01,3.401263,144.4546
0.13529,2.515000e+01,-5.111366e+00,8.743465e-01,2.191822e-01,5.604093e-01,5.442565e-01,3.402067,144.7443
0.135323,2.515000e+01,-5.111304e+00,8.743465e-01,2.192428e-01,5.601569e-01,5.446524e-01,3.402897,145.0430
0.135355,2.515000e+01,-5.111242e+00,8.743465e-01,2.193293e-01,5.601880e-01,5.448370e-01,3.403702,145.3327
0.135387,2.515000e+01,-5.111181e+00,8.743465e-01,2.192557e-01,5.600547e-01,5.447837e-01,3.404507,145.6224
0.135419,2.515000e+01,-5.111104e+00,8.743465e-01,2.189238e-01,5.599801e-01,5.440316e-01,3.405311,145.9121
0.135452,2.515000e+01,-5.111012e+00,8.743465e-01,2.185376e-01,5.598267e-01,5.432207e-01,3.406141,146.2108
0.135484,2.515000e+01,-5.110925e+00,8.743465e-01,2.187091e-01,5.598254e-01,5.436482e-01,3.406946,146.5005
0.135516,2.515000e+01,-5.110846e+00,8.743465e-01,2.191311e-01,5.600292e-01,5.444989e-01,3.407751,146.7902
0.135548,2.515000e+01,-5.110764e+00,8.743465e-01,2.187528e-01,5.593612e-01,5.442082e-01,3.408555,147.0799
0.135581,2.515000e+01,-5.110690e+00,8.743465e-01,2.188392e-01,5.589444e-01,5.448290e-01,3.409385,147.3786
0.135613,2.515000e+01,-5.110613e+00,8.743465e-01,2.190043e-01,5.593047e-01,5.448889e-01,3.410190,147.6683
0.135645,2.515000e+01,-5.110528e+00,8.743465e-01,2.191192e-01,5.598990e-01,5.445959e-01,3.410994,147.9580
0.135677,2.515000e+01,-5.110450e+00,8.743465e-01,2.192408e-01,5.597879e-01,5.450064e-01,3.411799,148.2477
0.13571,2.515000e+01,-5.110368e+00,8.743465e-01,2.190386e-01,5.594258e-01,5.448561e-01,3.412629,148.5464
0.135742,2.515000e+01,-5.110295e+00,8.743465e-01,2.191368e-01,5.590664e-01,5.454511e-01,3.413434,148.8361
0.135774,2.515000e+01,-5.110213e+00,8.743465e-01,2.189141e-01,5.590510e-01,5.449115e-01,3.414238,149.1258
0.135806,2.515000e+01,-5.110117e+00,8.743465e-01,2.182969e-01,5.586558e-01,5.437597e-01,3.415043,149.4155
0.135839,2.515000e+01,-5.110032e+00,8.743465e-01,2.184677e-01,5.584788e-01,5.443575e-01,3.415873,149.7142
0.135871,2.515000e+01,-5.109943e+00,8.743465e-01,2.184533e-01,5.586739e-01,5.441316e-01,3.416678,150.0039
0.135903,2.515000e+01,-5.109861e+00,8.743465e-01,2.188394e-01,5.589600e-01,5.448143e-01,3.417482,150.2936
0.135935,2.515000e+01,-5.109780e+00,8.743465e-01,2.188714e-01,5.590984e-01,5.447590e-01,3.418287,150.5833
0.135968,2.515000e+01,-5.109702e+00,8.743465e-01,2.188553e-01,5.590398e-01,5.447760e-01,3.419117,150.8820
0.136,2.515000e+01,-5.109632e+00,8.743465e-01,2.188423e-01,5.586068e-01,5.451660e-01,3.419921,151.1717
0.136032,2.515000e+01,-5.109547e+00,8.743465e-01,2.182229e-01,5.582193e-01,5.440004e-01,3.420726,151.4614
0.136065,2.515000e+01,-5.109466e+00,8.743465e-01,2.181807e-01,5.580967e-01,5.440148e-01,3.421556,151.7601
0.136097,2.515000e+01,-5.109384e+00,8.743465e-01,2.182747e-01,5.583234e-01,5.440280e-01,3.422361,152.0498
0.136129,2.515000e+01,-5.109305e+00,8.743465e-01,2.185829e-01,5.588358e-01,5.442967e-01,3.423165,152.3395
0.136161,2.515000e+01,-5.109233e+00,8.743465e-01,2.186796e-01,5.588087e-01,5.445640e-01,3.423970,152.6292
0.136194,2.515000e+01,-5.109170e+00,8.743465e-01,2.188068e-01,5.588812e-01,5.448099e-01,3.424800,152.9279
0.136226,2.515000e+01,-5.109120e+00,8.743465e-01,2.186432e-01,5.580228e-01,5.452399e-01,3.425605,153.2176
0.136258,2.515000e+01,-5.109071e+00,8.743465e-01,2.186904e-01,5.580817e-01,5.453001e-01,3.426409,153.5073
0.13629,2.515000e+01,-5.109021e+00,8.743465e-01,2.186438e-01,5.581981e-01,5.450703e-01,3.427214,153.7970
0.136323,2.515000e+01,-5.108975e+00,8.743465e-01,2.188954e-01,5.585068e-01,5.453960e-01,3.428044,154.0957
0.136355,2.515000e+01,-5.108930e+00,8.743465e-01,2.188816e-01,5.586465e-01,5.452251e-01,3.428848,154.3854
0.136387,2.515000e+01,-5.108893e+00,8.743465e-01,2.185205e-01,5.577945e-01,5.451571e-01,3.429653,154.6751
0.136419,2.515000e+01,-5.108873e+00,8.743465e-01,2.183515e-01,5.569285e-01,5.455825e-01,3.430458,154.9648
0.136452,2.515000e+01,-5.108841e+00,8.743465e-01,2.181253e-01,5.572454e-01,5.447074e-01,3.431288,155.2635
0.136484,2.515000e+01,-5.108811e+00,8.743465e-01,2.184467e-01,5.579640e-01,5.448074e-01,3.432092,155.5532
0.136516,2.515000e+01,-5.108777e+00,8.743465e-01,2.185256e-01,5.585373e-01,5.444447e-01,3.432897,155.8429
0.136548,2.515000e+01,-5.108759e+00,8.743465e-01,2.186801e-01,5.581931e-01,5.451658e-01,3.433702,156.1326
0.136581,2.515000e+01,-5.108753e+00,8.743465e-01,2.188851e-01,5.581391e-01,5.457296e-01,3.434532,156.4313
0.136613,2.515000e+01,-5.108748e+00,8.743465e-01,2.186212e-01,5.576532e-01,5.455464e-01,3.435336,156.7210
0.136645,2.515000e+01,-5.108744e+00,8.743465e-01,2.185022e-01,5.576483e-01,5.452543e-01,3.436141,157.0107
0.136677,2.515000e+01,-5.108732e+00,8.743465e-01,2.183274e-01,5.578960e-01,5.445763e-01,3.436946,157.3004
0.13671,2.515000e+01,-5.108730e+00,8.743465e-01,2.184808e-01,5.579397e-01,5.449163e-01,3.437775,157.5992
0.136742,2.515000e+01,-5.108732e+00,8.743465e-01,2.184678e-01,5.578618e-01,5.449600e-01,3.438580,157.8888
0.136774,2.515000e+01,-5.108742e+00,8.743465e-01,2.182703e-01,5.573696e-01,5.449482e-01,3.439385,158.1785
0.136806,2.515000e+01,-5.108747e+00,8.743465e-01,2.181515e-01,5.575118e-01,5.445126e-01,3.440189,158.4682
0.136839,2.515000e+01,-5.108751e+00,8.743465e-01,2.183823e-01,5.581149e-01,5.444994e-01,3.441019,158.7670
0.136871,2.515000e+01,-5.108764e+00,8.743465e-01,2.187611e-01,5.584812e-01,5.450863e-01,3.441824,159.0566
0.136903,2.515000e+01,-5.108792e+00,8.743465e-01,2.187719e-01,5.579747e-01,5.456080e-01,3.442629,159.3463
0.136935,2.515000e+01,-5.108829e+00,8.743465e-01,2.189241e-01,5.581218e-01,5.458436e-01,3.443433,159.6360
0.136968,2.515000e+01,-5.108877e+00,8.743465e-01,2.188386e-01,5.575075e-01,5.462318e-01,3.444263,159.9348
0.137,2.515000e+01,-5.108930e+00,8.743465e-01,2.185735e-01,5.571394e-01,5.459305e-01,3.445068,160.2244
0.137032,2.515000e+01,-5.108995e+00,8.743465e-01,2.184371e-01,5.566925e-01,5.460277e-01,3.445873,160.5141
0.137065,2.515000e+01,-5.109054e+00,8.743465e-01,2.183960e-01,5.570358e-01,5.455886e-01,3.446702,160.8129
0.137097,2.515000e+01,-5.109115e+00,8.743465e-01,2.185896e-01,5.574168e-01,5.456989e-01,3.447507,161.1026
0.137129,2.515000e+01,-5.109168e+00,8.743465e-01,2.186456e-01,5.579586e-01,5.453088e-01,3.448312,161.3922
0.137161,2.515000e+01,-5.109219e+00,8.743465e-01,2.186232e-01,5.581300e-01,5.450855e-01,3.449116,161.6819
0.137194,2.515000e+01,-5.109271e+00,8.743465e-01,2.185745e-01,5.580514e-01,5.450406e-01,3.449946,161.9807
0.137226,2.515000e+01,-5.109346e+00,8.743465e-01,2.187013e-01,5.571880e-01,5.462020e-01,3.450751,162.2704
0.137258,2.515000e+01,-5.109427e+00,8.743465e-01,2.188890e-01,5.572158e-01,5.466436e-01,3.451556,162.5600
0.13729,2.515000e+01,-5.109495e+00,8.743465e-01,2.185984e-01,5.573128e-01,5.458228e-01,3.452360,162.8497
0.137323,2.515000e+01,-5.109550e+00,8.743465e-01,2.184102e-01,5.576369e-01,5.450360e-01,3.453190,163.1485
0.137355,2.515000e+01,-5.109598e+00,8.743465e-01,2.182609e-01,5.577598e-01,5.445433e-01,3.453995,163.4382
0.137387,2.515000e+01,-5.109658e+00,8.743465e-01,2.183905e-01,5.576635e-01,5.449609e-01,3.454800,163.7279
0.137419,2.515000e+01,-5.109734e+00,8.743465e-01,2.186596e-01,5.574319e-01,5.458589e-01,3.455604,164.0175
0.137452,2.515000e+01,-5.109799e+00,8.743465e-01,2.186816e-01,5.580799e-01,5.452801e-01,3.456434,164.3163
0.137484,2.515000e+01,-5.109861e+00,8.743465e-01,2.186648e-01,5.581530e-01,5.451666e-01,3.457239,164.6060
0.137516,2.515000e+01,-5.109926e+00,8.743465e-01,2.188471e-01,5.584339e-01,5.453468e-01,3.458043,164.8957
0.137548,2.515000e+01,-5.109998e+00,8.743465e-01,2.187053e-01,5.577823e-01,5.456300e-01,3.458848,165.1853
0.137581,2.515000e+01,-5.110093e+00,8.743465e-01,2.188550e-01,5.567631e-01,5.470029e-01,3.459678,165.4841
0.137613,2.515000e+01,-5.110192e+00,8.743465e-01,2.188784e-01,5.567066e-01,5.471172e-01,3.460483,165.7738
0.137645,2.515000e+01,-5.110276e+00,8.743465e-01,2.188132e-01,5.572185e-01,5.464516e-01,3.461287,166.0635
0.137677,2.515000e+01,-5.110338e+00,8.743465e-01,2.186434e-01,5.579022e-01,5.453583e-01,3.462092,166.3531
0.13771,2.515000e+01,-5.110391e+00,8.743465e-01,2.185598e-01,5.580231e-01,5.450319e-01,3.462922,166.6519
0.137742,2.515000e+01,-5.110462e+00,8.743465e-01,2.190104e-01,5.579054e-01,5.462708e-01,3.463727,166.9416
0.137774,2.515000e+01,-5.110528e+00,8.743465e-01,2.189917e-01,5.580585e-01,5.460741e-01,3.464531,167.2313
0.137806,2.515000e+01,-5.110592e+00,8.743465e-01,2.188515e-01,5.576395e-01,5.461345e-01,3.465336,167.5209
0.137839,2.515000e+01,-5.110648e+00,8.743465e-01,2.188391e-01,5.578417e-01,5.459057e-01,3.466166,167.8197
0.137871,2.515000e+01,-5.110706e+00,8.743465e-01,2.191706e-01,5.579837e-01,5.465936e-01,3.466970,168.1094
0.137903,2.515000e+01,-5.110764e+00,8.743465e-01,2.191735e-01,5.576305e-01,5.469468e-01,3.467775,168.3991
0.137935,2.515000e+01,-5.110824e+00,8.743465e-01,2.189301e-01,5.569782e-01,5.469793e-01,3.468580,168.6887
0.137968,2.515000e+01,-5.110867e+00,8.743465e-01,2.186881e-01,5.572943e-01,5.460648e-01,3.469410,168.9875
0.138,2.515000e+01,-5.110894e+00,8.743465e-01,2.187516e-01,5.580084e-01,5.455244e-01,3.470214,169.2772
0.138032,2.515000e+01,-5.110894e+00,8.743465e-01,2.184732e-01,5.586349e-01,5.442192e-01,3.471019,169.5669
0.138065,2.515000e+01,-5.110897e+00,8.743465e-01,2.184993e-01,5.584970e-01,5.444186e-01,3.471849,169.8656
0.138097,2.515000e+01,-5.110930e+00,8.743465e-01,2.191501e-01,5.581026e-01,5.464260e-01,3.472654,170.1553
0.138129,2.515000e+01,-5.110960e+00,8.743465e-01,2.194481e-01,5.587340e-01,5.465507e-01,3.473458,170.4450
0.138161,2.515000e+01,-5.111000e+00,8.743465e-01,2.194120e-01,5.578895e-01,5.472880e-01,3.474263,170.7347
0.138194,2.515000e+01,-5.111031e+00,8.743465e-01,2.192041e-01,5.579109e-01,5.467483e-01,3.475093,171.0334
0.138226,2.515000e+01,-5.111069e+00,8.743465e-01,2.194797e-01,5.579742e-01,5.473736e-01,3.475897,171.3231
0.138258,2.515000e+01,-5.111102e+00,8.743465e-01,2.194323e-01,5.581074e-01,5.471249e-01,3.476702,171.6128
0.13829,2.515000e+01,-5.111135e+00,8.743465e-01,2.192057e-01,5.577587e-01,5.469016e-01,3.477507,171.9025
0.138323,2.515000e+01,-5.111139e+00,8.743465e-01,2.188564e-01,5.586222e-01,5.451862e-01,3.478337,172.2012
0.138355,2.515000e+01,-5.111140e+00,8.743465e-01,2.190664e-01,5.591135e-01,5.452296e-01,3.479141,172.4909
0.138387,2.515000e+01,-5.111153e+00,8.743465e-01,2.193678e-01,5.590053e-01,5.460857e-01,3.479946,172.7806
0.138419,2.515000e+01,-5.111200e+00,8.743465e-01,2.198701e-01,5.584529e-01,5.478774e-01,3.480751,173.0703
0.138452,2.515000e+01,-5.111230e+00,8.743465e-01,2.196466e-01,5.590065e-01,5.467784e-01,3.481581,173.3690
0.138484,2.515000e+01,-5.111232e+00,8.743465e-01,2.192620e-01,5.597168e-01,5.451285e-01,3.482385,173.6587
0.138516,2.515000e+01,-5.111266e+00,8.743465e-01,2.194742e-01,5.583245e-01,5.470166e-01,3.483190,173.9484
0.138548,2.515000e+01,-5.111304e+00,8.743465e-01,2.195866e-01,5.581972e-01,5.474216e-01,3.483995,174.2381
0.138581,2.515000e+01,-5.111344e+00,8.743465e-01,2.199671e-01,5.586685e-01,5.479076e-01,3.484824,174.5368
0.138613,2.515000e+01,-5.111368e+00,8.743465e-01,2.198613e-01,5.593189e-01,5.470070e-01,3.485629,174.8265
0.138645,2.515000e+01,-5.111387e+00,8.743465e-01,2.194082e-01,5.586933e-01,5.464911e-01,3.486434,175.1162
0.138677,2.515000e+01,-5.111392e+00,8.743465e-01,2.191760e-01,5.590414e-01,5.455729e-01,3.487239,175.4059
0.13871,2.515000e+01,-5.111371e+00,8.743465e-01,2.190633e-01,5.598376e-01,5.445167e-01,3.488068,175.7046
0.138742,2.515000e+01,-5.111367e+00,8.743465e-01,2.196806e-01,5.599902e-01,5.459025e-01,3.488873,175.9943
0.138774,2.515000e+01,-5.111408e+00,8.743465e-01,2.204275e-01,5.591806e-01,5.485514e-01,3.489678,176.2840
0.138806,2.515000e+01,-5.111447e+00,8.743465e-01,2.205099e-01,5.593622e-01,5.485783e-01,3.490482,176.5737
0.138839,2.515000e+01,-5.111435e+00,8.743465e-01,2.195832e-01,5.600238e-01,5.456276e-01,3.491312,176.8724
0.138871,2.515000e+01,-5.111415e+00,8.743465e-01,2.190084e-01,5.591697e-01,5.450305e-01,3.492117,177.1621
0.138903,2.515000e+01,-5.111413e+00,8.743465e-01,2.193796e-01,5.588381e-01,5.462783e-01,3.492922,177.4518
0.138935,2.515000e+01,-5.111446e+00,8.743465e-01,2.203174e-01,5.589487e-01,5.485049e-01,3.493726,177.7415
0.138968,2.515000e+01,-5.111464e+00,8.743465e-01,2.203105e-01,5.598317e-01,5.476228e-01,3.494556,178.0402
0.139,2.515000e+01,-5.111451e+00,8.743465e-01,2.199199e-01,5.606106e-01,5.458921e-01,3.495361,178.3299
0.139033,2.515000e+01,-5.111431e+00,8.743465e-01,2.197818e-01,5.601051e-01,5.460419e-01,3.496191,178.6286
0.139067,2.515000e+01,-5.111420e+00,8.743465e-01,2.200191e-01,5.604723e-01,5.462733e-01,3.497046,178.9364
0.1391,2.515000e+01,-5.111445e+00,8.743465e-01,2.202808e-01,5.593038e-01,5.480656e-01,3.497876,179.2352
0.139133,2.515000e+01,-5.111512e+00,8.743465e-01,2.209398e-01,5.584717e-01,5.505241e-01,3.498705,179.5339
0.139167,2.515000e+01,-5.111568e+00,8.743465e-01,2.209189e-01,5.590804e-01,5.498730e-01,3.499560,179.8417
0.1392,2.515000e+01,-5.111561e+00,8.743465e-01,2.200753e-01,5.605018e-01,5.463841e-01,3.500390,180.1405
0.139233,2.515000e+01,-5.111522e+00,8.743465e-01,2.189631e-01,5.599909e-01,5.441187e-01,3.501220,180.4392
0.139267,2.515000e+01,-5.111498e+00,8.743465e-01,2.191531e-01,5.596405e-01,5.449318e-01,3.502075,180.7470
0.1393,2.515000e+01,-5.111516e+00,8.743465e-01,2.203306e-01,5.599295e-01,5.475771e-01,3.502905,181.0457
0.139333,2.515000e+01,-5.111535e+00,8.743465e-01,2.207218e-01,5.605949e-01,5.478981e-01,3.503735,181.3445
0.139367,2.515000e+01,-5.111539e+00,8.743465e-01,2.204369e-01,5.605093e-01,5.472744e-01,3.504590,181.6523
0.1394,2.515000e+01,-5.111523e+00,8.743465e-01,2.200288e-01,5.606708e-01,5.461039e-01,3.505419,181.9510
0.139433,2.515000e+01,-5.111520e+00,8.743465e-01,2.201072e-01,5.604060e-01,5.465568e-01,3.506249,182.2497
0.139467,2.515000e+01,-5.111551e+00,8.743465e-01,2.204631e-01,5.594685e-01,5.483577e-01,3.507104,182.5575
0.1395,2.515000e+01,-5.111593e+00,8.743465e-01,2.207974e-01,5.594919e-01,5.491664e-01,3.507934,182.8563
0.139533,2.515000e+01,-5.111613e+00,8.743465e-01,2.205622e-01,5.600636e-01,5.480213e-01,3.508764,183.1550
0.139567,2.515000e+01,-5.111598e+00,8.743465e-01,2.201648e-01,5.609743e-01,5.461458e-01,3.509619,183.4628
0.1396,2.515000e+01,-5.111581e+00,8.743465e-01,2.200179e-01,5.608002e-01,5.459508e-01,3.510449,183.7615
0.139633,2.515000e+01,-5.111562e+00,8.743465e-01,2.200081e-01,5.609069e-01,5.458228e-01,3.511279,184.0603
0.139667,2.515000e+01,-5.111536e+00,8.743465e-01,2.201749e-01,5.615541e-01,5.456070e-01,3.512134,184.3681
0.1397,2.515000e+01,-5.111560e+00,8.743465e-01,2.207802e-01,5.601991e-01,5.484304e-01,3.512963,184.6668
0.139733,2.515000e+01,-5.111603e+00,8.743465e-01,2.210340e-01,5.596220e-01,5.496270e-01,3.513793,184.9656
0.139767,2.515000e+01,-5.111632e+00,8.743465e-01,2.208983e-01,5.599223e-01,5.489948e-01,3.514648,185.2734
0.1398,2.515000e+01,-5.111613e+00,8.743465e-01,2.202663e-01,5.611298e-01,5.462462e-01,3.515478,185.5721
0.139833,2.515000e+01,-5.111607e+00,8.743465e-01,2.203316e-01,5.606666e-01,5.468595e-01,3.516308,185.8708
0.139867,2.515000e+01,-5.111602e+00,8.743465e-01,2.203012e-01,5.604038e-01,5.470406e-01,3.517163,186.1786
0.1399,2.515000e+01,-5.111573e+00,8.743465e-01,2.201506e-01,5.609333e-01,5.461505e-01,3.517993,186.4774
0.139933,2.515000e+01,-5.111549e+00,8.743465e-01,2.203722e-01,5.610047e-01,5.466306e-01,3.518823,186.7761
0.139967,2.515000e+01,-5.111545e+00,8.743465e-01,2.207604e-01,5.607327e-01,5.478592e-01,3.519678,187.0839
0.14,2.515000e+01,-5.111524e+00,8.743465e-01,2.206042e-01,5.610658e-01,5.471466e-01,3.520507,187.3826
0.140033,2.515000e+01,-5.111487e+00,8.743465e-01,2.203858e-01,5.612771e-01,5.463991e-01,3.521337,187.6814
0.140067,2.515000e+01,-5.111463e+00,8.743465e-01,2.205507e-01,5.607066e-01,5.473644e-01,3.522192,187.9892
0.1401,2.515000e+01,-5.111440e+00,8.743465e-01,2.205486e-01,5.604920e-01,5.475688e-01,3.523022,188.2879
0.140133,2.515000e+01,-5.111417e+00,8.743465e-01,2.207426e-01,5.607367e-01,5.478113e-01,3.523852,188.5867
0.140167,2.515000e+01,-5.111374e+00,8.743465e-01,2.204605e-01,5.610083e-01,5.468464e-01,3.524707,188.8944
0.1402,2.515000e+01,-5.111319e+00,8.743465e-01,2.203913e-01,5.611529e-01,5.465336e-01,3.525537,189.1932
0.140233,2.515000e+01,-5.111247e+00,8.743465e-01,2.201786e-01,5.612840e-01,5.458786e-01,3.526366,189.4919
0.140267,2.515000e+01,-5.111175e+00,8.743465e-01,2.204030e-01,5.614594e-01,5.462643e-01,3.527221,189.7997
0.1403,2.515000e+01,-5.111142e+00,8.743465e-01,2.210995e-01,5.607859e-01,5.486488e-01,3.528051,190.0985
0.140333,2.515000e+01,-5.111104e+00,8.743465e-01,2.211669e-01,5.610884e-01,5.485201e-01,3.528881,190.3972
0.140367,2.515000e+01,-5.111046e+00,8.743465e-01,2.209741e-01,5.614876e-01,5.476523e-01,3.529736,190.7050
0.1404,2.515000e+01,-5.110972e+00,8.743465e-01,2.203513e-01,5.611464e-01,5.464408e-01,3.530566,191.0037
0.140433,2.515000e+01,-5.110906e+00,8.743465e-01,2.202916e-01,5.606126e-01,5.468131e-01,3.531396,191.3025
0.140467,2.515000e+01,-5.110846e+00,8.743465e-01,2.204661e-01,5.606271e-01,5.472320e-01,3.532251,191.6103
0.1405,2.515000e+01,-5.110776e+00,8.743465e-01,2.207173e-01,5.614549e-01,5.470477e-01,3.533081,191.9090
0.140533,2.515000e+01,-5.110707e+00,8.743465e-01,2.208228e-01,5.615234e-01,5.472423e-01,3.533910,192.2077
0.140567,2.515000e+01,-5.110635e+00,8.743465e-01,2.206624e-01,5.612673e-01,5.470944e-01,3.534765,192.5155
0.1406,2.515000e+01,-5.110558e+00,8.743465e-01,2.205493e-01,5.612806e-01,5.468011e-01,3.535595,192.8143
0.140633,2.515000e+01,-5.110476e+00,8.743465e-01,2.206028e-01,5.615041e-01,5.467159e-01,3.536425,193.1130
0.140667,2.515000e+01,-5.110402e+00,8.743465e-01,2.207531e-01,5.614023e-01,5.471876e-01,3.537280,193.4208
0.1407,2.515000e+01,-5.110314e+00,8.743465e-01,2.205186e-01,5.615744e-01,5.464389e-01,3.538110,193.7196
0.140733,2.515000e+01,-5.110225e+00,8.743465e-01,2.204838e-01,5.613927e-01,5.465295e-01,3.538940,194.0183
0.140767,2.515000e+01,-5.110151e+00,8.743465e-01,2.205500e-01,5.606989e-01,5.473700e-01,3.539795,194.3261
0.1408,2.515000e+01,-5.110089e+00,8.743465e-01,2.206606e-01,5.603264e-01,5.480088e-01,3.540625,194.6248
0.140833,2.515000e+01,-5.110005e+00,8.743465e-01,2.205531e-01,5.611497e-01,5.469380e-01,3.541454,194.9236
0.140867,2.515000e+01,-5.109901e+00,8.743465e-01,2.204912e-01,5.618910e-01,5.460632e-01,3.542309,195.2314
0.1409,2.515000e+01,-5.109795e+00,8.743465e-01,2.204757e-01,5.618607e-01,5.460542e-01,3.543139,195.5301
0.140933,2.515000e+01,-5.109695e+00,8.743465e-01,2.205409e-01,5.616383e-01,5.464320e-01,3.543969,195.8288
0.140967,2.515000e+01,-5.109609e+00,8.743465e-01,2.207337e-01,5.614572e-01,5.470862e-01,3.544824,196.1366
0.141,2.515000e+01,-5.109552e+00,8.743465e-01,2.209998e-01,5.606925e-01,5.484928e-01,3.545654,196.4354
0.141033,2.515000e+01,-5.109488e+00,8.743465e-01,2.209331e-01,5.609682e-01,5.480575e-01,3.546484,196.7341
0.141067,2.515000e+01,-5.109407e+00,8.743465e-01,2.207550e-01,5.616009e-01,5.469989e-01,3.547339,197.0419
0.1411,2.515000e+01,-5.109320e+00,8.743465e-01,2.205645e-01,5.616136e-01,5.465146e-01,3.548168,197.3406
0.141133,2.515000e+01,-5.109241e+00,8.743465e-01,2.207049e-01,5.615317e-01,5.469422e-01,3.548998,197.6394
0.141167,2.515000e+01,-5.109165e+00,8.743465e-01,2.205630e-01,5.612502e-01,5.468646e-01,3.549853,197.9472
0.1412,2.515000e+01,-5.109073e+00,8.743465e-01,2.204215e-01,5.617808e-01,5.459977e-01,3.550683,198.2459
0.141233,2.515000e+01,-5.108976e+00,8.743465e-01,2.204528e-01,5.619949e-01,5.458672e-01,3.551513,198.5447
0.141267,2.515000e+01,-5.108884e+00,8.743465e-01,2.205002e-01,5.619500e-01,5.460280e-01,3.552368,198.8525
0.1413,2.515000e+01,-5.108805e+00,8.743465e-01,2.206551e-01,5.617931e-01,5.465642e-01,3.553198,199.1512
0.141333,2.515000e+01,-5.108734e+00,8.743465e-01,2.206455e-01,5.611217e-01,5.471947e-01,3.554028,199.4499
0.141367,2.515000e+01,-5.108670e+00,8.743465e-01,2.206363e-01,5.608522e-01,5.474346e-01,3.554883,199.7577
0.1414,2.515000e+01,-5.108607e+00,8.743465e-01,2.206906e-01,5.612553e-01,5.471759e-01,3.555712,200.0565
0.141433,2.515000e+01,-5.108524e+00,8.743465e-01,2.204954e-01,5.620191e-01,5.459490e-01,3.556542,200.3552
0.141467,2.515000e+01,-5.108441e+00,8.743465e-01,2.205395e-01,5.625077e-01,5.455840e-01,3.557397,200.6630
0.1415,2.515000e+01,-5.108361e+00,8.743465e-01,2.204547e-01,5.624483e-01,5.454319e-01,3.558227,200.9617
0.141533,2.515000e+01,-5.108279e+00,8.743465e-01,2.203383e-01,5.624536e-01,5.451386e-01,3.559057,201.2605
0.141567,2.515000e+01,-5.108227e+00,8.743465e-01,2.206945e-01,5.618893e-01,5.465684e-01,3.559912,201.5683
0.1416,2.515000e+01,-5.108223e+00,8.743465e-01,2.213212e-01,5.611448e-01,5.488476e-01,3.560742,201.8670
0.141633,2.515000e+01,-5.108224e+00,8.743465e-01,2.213271e-01,5.612926e-01,5.487176e-01,3.561572,202.1658
0.141667,2.515000e+01,-5.108184e+00,8.743465e-01,2.207368e-01,5.623996e-01,5.461772e-01,3.562427,202.4735
0.1417,2.515000e+01,-5.108129e+00,8.743465e-01,2.203146e-01,5.626543e-01,5.448854e-01,3.563256,202.7723
0.141733,2.515000e+01,-5.108099e+00,8.743465e-01,2.205601e-01,5.624023e-01,5.457373e-01,3.564086,203.0710
0.141767,2.515000e+01,-5.108091e+00,8.743465e-01,2.207287e-01,5.620602e-01,5.464866e-01,3.564941,203.3788
0.1418,2.515000e+01,-5.108089e+00,8.743465e-01,2.209106e-01,5.624010e-01,5.466056e-01,3.565771,203.6776
0.141833,2.515000e+01,-5.108088e+00,8.743465e-01,2.209429e-01,5.627867e-01,5.463109e-01,3.566601,203.9763
0.141867,2.515000e+01,-5.108075e+00,8.743465e-01,2.206086e-01,5.628011e-01,5.454704e-01,3.567456,204.2841
0.1419,2.515000e+01,-5.108066e+00,8.743465e-01,2.205292e-01,5.627923e-01,5.452824e-01,3.568286,204.5828
0.141933,2.515000e+01,-5.108094e+00,8.743465e-01,2.207559e-01,5.617173e-01,5.468878e-01,3.569115,204.8816
0.141967,2.515000e+01,-5.108158e+00,8.743465e-01,2.213082e-01,5.613935e-01,5.485722e-01,3.569970,205.1894
0.142,2.515000e+01,-5.108217e+00,8.743465e-01,2.211728e-01,5.616884e-01,5.479488e-01,3.570800,205.4881
0.142033,2.515000e+01,-5.108211e+00,8.743465e-01,2.202697e-01,5.634002e-01,5.440534e-01,3.571630,205.7868
0.142067,2.515000e+01,-5.108192e+00,8.743465e-01,2.200265e-01,5.637396e-01,5.431254e-01,3.572485,206.0946
0.1421,2.515000e+01,-5.108212e+00,8.743465e-01,2.205428e-01,5.631807e-01,5.449402e-01,3.573315,206.3934
0.142133,2.515000e+01,-5.108261e+00,8.743465e-01,2.207795e-01,5.625967e-01,5.460914e-01,3.574145,206.6921
0.142167,2.515000e+01,-5.108331e+00,8.743465e-01,2.211251e-01,5.623633e-01,5.471732e-01,3.575000,206.9999
0.1422,2.515000e+01,-5.108384e+00,8.743465e-01,2.208946e-01,5.627185e-01,5.462579e-01,3.575830,207.2987
0.142233,2.515000e+01,-5.108433e+00,8.743465e-01,2.208926e-01,5.629389e-01,5.460388e-01,3.576659,207.5974
0.142267,2.515000e+01,-5.108471e+00,8.743465e-01,2.209628e-01,5.636925e-01,5.454821e-01,3.577514,207.9052
0.1423,2.515000e+01,-5.108533e+00,8.743465e-01,2.210370e-01,5.627500e-01,5.465794e-01,3.578344,208.2039
0.142333,2.515000e+01,-5.108588e+00,8.743465e-01,2.208495e-01,5.625535e-01,5.463064e-01,3.579174,208.5027
0.142367,2.515000e+01,-5.108625e+00,8.743465e-01,2.205336e-01,5.625895e-01,5.454901e-01,3.580029,208.8105
0.1424,2.515000e+01,-5.108635e+00,8.743465e-01,2.204968e-01,5.634094e-01,5.446053e-01,3.580859,209.1092
0.142433,2.515000e+01,-5.108646e+00,8.743465e-01,2.207200e-01,5.637516e-01,5.448256e-01,3.581689,209.4079
0.142467,2.515000e+01,-5.108677e+00,8.743465e-01,2.210183e-01,5.635075e-01,5.457984e-01,3.582544,209.7157
0.1425,2.515000e+01,-5.108720e+00,8.743465e-01,2.212519e-01,5.635467e-01,5.463372e-01,3.583374,210.0145
0.142533,2.515000e+01,-5.108790e+00,8.743465e-01,2.215764e-01,5.628022e-01,5.478622e-01,3.584203,210.3132
0.142567,2.515000e+01,-5.108849e+00,8.743465e-01,2.212134e-01,5.627447e-01,5.470207e-01,3.585058,210.6210
0.1426,2.515000e+01,-5.108900e+00,8.743465e-01,2.210559e-01,5.630059e-01,5.463776e-01,3.585888,210.9197
0.142633,2.515000e+01,-5.108920e+00,8.743465e-01,2.205944e-01,5.639561e-01,5.443182e-01,3.586718,211.2185
0.142667,2.515000e+01,-5.108953e+00,8.743465e-01,2.208245e-01,5.637268e-01,5.451077e-01,3.587573,211.5263
0.1427,2.515000e+01,-5.108979e+00,8.743465e-01,2.207135e-01,5.636826e-01,5.448764e-01,3.588403,211.8250
0.142733,2.515000e+01,-5.108993e+00,8.743465e-01,2.203275e-01,5.635366e-01,5.440643e-01,3.589233,212.1238
0.142767,2.515000e+01,-5.109018e+00,8.743465e-01,2.206902e-01,5.637482e-01,5.447555e-01,3.590088,212.4316
0.1428,2.515000e+01,-5.109073e+00,8.743465e-01,2.211685e-01,5.634463e-01,5.462286e-01,3.590917,212.7303
0.142833,2.515000e+01,-5.109136e+00,8.743465e-01,2.211047e-01,5.630596e-01,5.464460e-01,3.591747,213.0290
0.142867,2.515000e+01,-5.109154e+00,8.743465e-01,2.202322e-01,5.635996e-01,5.437682e-01,3.592602,213.3368
0.1429,2.515000e+01,-5.109192e+00,8.743465e-01,2.207675e-01,5.634528e-01,5.452320e-01,3.593432,213.6356
0.142933,2.515000e+01,-5.109269e+00,8.743465e-01,2.216168e-01,5.634005e-01,5.473803e-01,3.594262,213.9343
0.142967,2.515000e+01,-5.109343e+00,8.743465e-01,2.215573e-01,5.635107e-01,5.471263e-01,3.595117,214.2421
0.143,2.515000e+01,-5.109377e+00,8.743465e-01,2.206768e-01,5.638932e-01,5.445823e-01,3.595947,214.5408
0.143033,2.515000e+01,-5.109411e+00,8.743465e-01,2.206663e-01,5.638537e-01,5.445944e-01,3.596777,214.8396
0.143067,2.515000e+01,-5.109456e+00,8.743465e-01,2.206692e-01,5.633154e-01,5.451221e-01,3.597632,215.1474
0.1431,2.515000e+01,-5.109512e+00,8.743465e-01,2.209242e-01,5.632827e-01,5.457838e-01,3.598461,215.4461
0.143133,2.515000e+01,-5.109580e+00,8.743465e-01,2.212882e-01,5.635260e-01,5.464469e-01,3.599291,215.7449
0.143167,2.515000e+01,-5.109661e+00,8.743465e-01,2.214825e-01,5.633910e-01,5.470577e-01,3.600146,216.0526
0.1432,2.515000e+01,-5.109733e+00,8.743465e-01,2.211876e-01,5.634591e-01,5.462633e-01,3.600976,216.3514
0.143233,2.515000e+01,-5.109754e+00,8.743465e-01,2.199350e-01,5.636471e-01,5.429888e-01,3.601806,216.6501
0.143267,2.515000e+01,-5.109785e+00,8.743465e-01,2.200847e-01,5.635002e-01,5.434998e-01,3.602661,216.9579
0.1433,2.515000e+01,-5.109848e+00,8.743465e-01,2.209017e-01,5.635239e-01,5.454946e-01,3.603491,217.2567
0.143333,2.515000e+01,-5.109927e+00,8.743465e-01,2.210808e-01,5.632509e-01,5.462014e-01,3.604321,217.5554
0.143367,2.515000e+01,-5.109976e+00,8.743465e-01,2.206222e-01,5.638704e-01,5.444695e-01,3.605176,217.8632
0.1434,2.515000e+01,-5.110014e+00,8.743465e-01,2.202979e-01,5.638548e-01,5.436843e-01,3.606005,218.1619
0.143433,2.515000e+01,-5.110075e+00,8.743465e-01,2.205958e-01,5.632786e-01,5.449763e-01,3.606835,218.4607
0.143467,2.515000e+01,-5.110160e+00,8.743465e-01,2.210396e-01,5.630836e-01,5.462618e-01,3.607690,218.7685
0.1435,2.515000e+01,-5.110256e+00,8.743465e-01,2.211487e-01,5.628942e-01,5.467154e-01,3.608520,219.0672
0.143533,2.515000e+01,-5.110327e+00,8.743465e-01,2.207036e-01,5.631083e-01,5.454075e-01,3.609350,219.3659
0.143567,2.515000e+01,-5.110382e+00,8.743465e-01,2.205873e-01,5.636900e-01,5.445577e-01,3.610205,219.6737
0.1436,2.515000e+01,-5.110415e+00,8.743465e-01,2.200269e-01,5.634687e-01,5.433874e-01,3.611035,219.9725
0.143633,2.515000e+01,-5.110460e+00,8.743465e-01,2.203313e-01,5.633823e-01,5.442229e-01,3.611865,220.2712
0.143667,2.515000e+01,-5.110538e+00,8.743465e-01,2.208257e-01,5.628416e-01,5.459679e-01,3.612719,220.5790
0.1437,2.515000e+01,-5.110619e+00,8.743465e-01,2.210142e-01,5.630848e-01,5.461981e-01,3.613549,220.8778
0.143733,2.515000e+01,-5.110685e+00,8.743465e-01,2.207791e-01,5.632170e-01,5.454889e-01,3.614379,221.1765
0.143767,2.515000e+01,-5.110738e+00,8.743465e-01,2.205931e-01,5.633383e-01,5.449119e-01,3.615234,221.4843
0.1438,2.515000e+01,-5.110803e+00,8.743465e-01,2.207995e-01,5.630597e-01,5.456917e-01,3.616064,221.7830
0.143833,2.515000e+01,-5.110871e+00,8.743465e-01,2.206201e-01,5.625752e-01,5.457179e-01,3.616894,222.0818
0.143867,2.515000e+01,-5.110951e+00,8.743465e-01,2.208196e-01,5.624732e-01,5.463104e-01,3.617749,222.3896
0.1439,2.515000e+01,-5.110978e+00,8.743465e-01,2.197745e-01,5.630162e-01,5.432003e-01,3.618579,222.6883
0.143933,2.515000e+01,-5.110997e+00,8.743465e-01,2.196653e-01,5.631367e-01,5.428143e-01,3.619408,222.9870
0.143967,2.515000e+01,-5.111021e+00,8.743465e-01,2.197980e-01,5.632174e-01,5.430644e-01,3.620263,223.2948
0.144,2.515000e+01,-5.111077e+00,8.743465e-01,2.203164e-01,5.627458e-01,5.448014e-01,3.621093,223.5936
0.144032,2.515000e+01,-5.111146e+00,8.743465e-01,2.207234e-01,5.632115e-01,5.453567e-01,3.621898,223.8833
0.144065,2.515000e+01,-5.111200e+00,8.743465e-01,2.203458e-01,5.629537e-01,5.446731e-01,3.622728,224.1820
0.144097,2.515000e+01,-5.111252e+00,8.743465e-01,2.201712e-01,5.626638e-01,5.445217e-01,3.623532,224.4717
0.144129,2.515000e+01,-5.111310e+00,8.743465e-01,2.203704e-01,5.627470e-01,5.449338e-01,3.624337,224.7614
0.144161,2.515000e+01,-5.111355e+00,8.743465e-01,2.200637e-01,5.627941e-01,5.441298e-01,3.625142,225.0511
0.144194,2.515000e+01,-5.111409e+00,8.743465e-01,2.200545e-01,5.624035e-01,5.444849e-01,3.625972,225.3498
0.144226,2.515000e+01,-5.111470e+00,8.743465e-01,2.201981e-01,5.625296e-01,5.447181e-01,3.626776,225.6395
0.144258,2.515000e+01,-5.111522e+00,8.743465e-01,2.199314e-01,5.623218e-01,5.442593e-01,3.627581,225.9292
0.14429,2.515000e+01,-5.111565e+00,8.743465e-01,2.197102e-01,5.623172e-01,5.437165e-01,3.628386,226.2189
0.144323,2.515000e+01,-5.111606e+00,8.743465e-01,2.196065e-01,5.621090e-01,5.436613e-01,3.629216,226.5176
0.144355,2.515000e+01,-5.111672e+00,8.743465e-01,2.203837e-01,5.621535e-01,5.455419e-01,3.630020,226.8073
0.144387,2.515000e+01,-5.111732e+00,8.743465e-01,2.206076e-01,5.627494e-01,5.455181e-01,3.630825,227.0970
0.144419,2.515000e+01,-5.111763e+00,8.743465e-01,2.199070e-01,5.624776e-01,5.440484e-01,3.631630,227.3867
0.144452,2.515000e+01,-5.111800e+00,8.743465e-01,2.199396e-01,5.620718e-01,5.445218e-01,3.632459,227.6854
0.144484,2.515000e+01,-5.111832e+00,8.743465e-01,2.195624e-01,5.616262e-01,5.440193e-01,3.633264,227.9751
0.144516,2.515000e+01,-5.111876e+00,8.743465e-01,2.199210e-01,5.614851e-01,5.450447e-01,3.634069,228.2648
0.144548,2.515000e+01,-5.111900e+00,8.743465e-01,2.198270e-01,5.621411e-01,5.441760e-01,3.634874,228.5545
0.144581,2.515000e+01,-5.111922e+00,8.743465e-01,2.199401e-01,5.622822e-01,5.443193e-01,3.635703,228.8532
0.144613,2.515000e+01,-5.111945e+00,8.743465e-01,2.198793e-01,5.619917e-01,5.444501e-01,3.636508,229.1429
0.144645,2.515000e+01,-5.111961e+00,8.743465e-01,2.195746e-01,5.615265e-01,5.441460e-01,3.637313,229.4326
0.144677,2.515000e+01,-5.111977e+00,8.743465e-01,2.195439e-01,5.611956e-01,5.443910e-01,3.638117,229.7223
0.14471,2.515000e+01,-5.111996e+00,8.743465e-01,2.200585e-01,5.616856e-01,5.451909e-01,3.638947,230.0210
0.144742,2.515000e+01,-5.112010e+00,8.743465e-01,2.201516e-01,5.617717e-01,5.453379e-01,3.639752,230.3107
0.144774,2.515000e+01,-5.111978e+00,8.743465e-01,2.193502e-01,5.621670e-01,5.429707e-01,3.640557,230.6004
0.144806,2.515000e+01,-5.111946e+00,8.743465e-01,2.189592e-01,5.611888e-01,5.429476e-01,3.641361,230.8901
0.144839,2.515000e+01,-5.111920e+00,8.743465e-01,2.189853e-01,5.606068e-01,5.435760e-01,3.642191,231.1888
0.144871,2.515000e+01,-5.111904e+00,8.743465e-01,2.194379e-01,5.606510e-01,5.446565e-01,3.642996,231.4785
0.144903,2.515000e+01,-5.111870e+00,8.743465e-01,2.193862e-01,5.612484e-01,5.439486e-01,3.643801,231.7682
0.144935,2.515000e+01,-5.111849e+00,8.743465e-01,2.199099e-01,5.614436e-01,5.450575e-01,3.644605,232.0579
0.144968,2.515000e+01,-5.111826e+00,8.743465e-01,2.199554e-01,5.612886e-01,5.453207e-01,3.645435,232.3566
0.145,2.515000e+01,-5.111790e+00,8.743465e-01,2.194389e-01,5.606909e-01,5.446204e-01,3.646240,232.6463
0.145032,2.515000e+01,-5.111749e+00,8.743465e-01,2.193613e-01,5.604280e-01,5.446832e-01,3.647044,232.9360
0.145065,2.515000e+01,-5.111703e+00,8.743465e-01,2.195215e-01,5.607405e-01,5.447773e-01,3.647874,233.2347
0.145097,2.515000e+01,-5.111657e+00,8.743465e-01,2.196196e-01,5.608178e-01,5.449454e-01,3.648679,233.5244
0.145129,2.515000e+01,-5.111603e+00,8.743465e-01,2.194283e-01,5.607561e-01,5.445308e-01,3.649484,233.8141
0.145161,2.515000e+01,-5.111532e+00,8.743465e-01,2.188114e-01,5.602196e-01,5.435199e-01,3.650288,234.1038
0.145194,2.515000e+01,-5.111468e+00,8.743465e-01,2.190337e-01,5.600957e-01,5.441923e-01,3.651118,234.4025
0.145226,2.515000e+01,-5.111397e+00,8.743465e-01,2.190970e-01,5.604049e-01,5.440492e-01,3.651923,234.6922
0.145258,2.515000e+01,-5.111334e+00,8.743465e-01,2.191737e-01,5.601378e-01,5.444992e-01,3.652728,234.9819
0.14529,2.515000e+01,-5.111273e+00,8.743465e-01,2.192985e-01,5.601483e-01,5.447992e-01,3.653532,235.2716
0.145323,2.515000e+01,-5.111211e+00,8.743465e-01,2.192042e-01,5.600926e-01,5.446191e-01,3.654362,235.5703
0.145355,2.515000e+01,-5.111140e+00,8.743465e-01,2.190430e-01,5.600284e-01,5.442807e-01,3.655167,235.8600
0.145387,2.515000e+01,-5.111048e+00,8.743465e-01,2.184652e-01,5.598240e-01,5.430435e-01,3.655971,236.1497
0.145419,2.515000e+01,-5.110959e+00,8.743465e-01,2.186047e-01,5.597983e-01,5.434149e-01,3.656776,236.4394
0.145452,2.515000e+01,-5.110882e+00,8.743465e-01,2.190954e-01,5.600133e-01,5.444256e-01,3.657606,236.7381
0.145484,2.515000e+01,-5.110799e+00,8.743465e-01,2.187742e-01,5.594980e-01,5.441282e-01,3.658411,237.0278
0.145516,2.515000e+01,-5.110724e+00,8.743465e-01,2.187500e-01,5.589548e-01,5.445969e-01,3.659215,237.3175
0.145548,2.515000e+01,-5.110647e+00,8.743465e-01,2.189266e-01,5.592451e-01,5.447535e-01,3.660020,237.6072
0.145581,2.515000e+01,-5.110565e+00,8.743465e-01,2.190616e-01,5.597690e-01,5.445793e-01,3.660850,237.9059
0.145613,2.515000e+01,-5.110487e+00,8.743465e-01,2.192073e-01,5.597828e-01,5.449279e-01,3.661655,238.1956
0.145645,2.515000e+01,-5.110403e+00,8.743465e-01,2.189993e-01,5.595483e-01,5.446391e-01,3.662459,238.4853
0.145677,2.515000e+01,-5.110330e+00,8.743465e-01,2.190729e-01,5.590258e-01,5.453314e-01,3.663264,238.7750
0.14571,2.515000e+01,-5.110251e+00,8.743465e-01,2.189714e-01,5.590972e-01,5.450090e-01,3.664094,239.0737
0.145742,2.515000e+01,-5.110155e+00,8.743465e-01,2.183157e-01,5.587271e-01,5.437371e-01,3.664898,239.3634
0.145774,2.515000e+01,-5.110071e+00,8.743465e-01,2.184385e-01,5.584429e-01,5.443197e-01,3.665703,239.6531
0.145806,2.515000e+01,-5.109981e+00,8.743465e-01,2.183472e-01,5.586332e-01,5.439070e-01,3.666508,239.9428
0.145839,2.515000e+01,-5.109899e+00,8.743465e-01,2.187773e-01,5.589039e-01,5.447145e-01,3.667338,240.2416
0.145871,2.515000e+01,-5.109818e+00,8.743465e-01,2.188283e-01,5.591013e-01,5.446489e-01,3.668142,240.5312
0.145903,2.515000e+01,-5.109740e+00,8.743465e-01,2.188126e-01,5.590121e-01,5.446968e-01,3.668947,240.8209
0.145935,2.515000e+01,-5.109669e+00,8.743465e-01,2.188573e-01,5.586683e-01,5.451434e-01,3.669752,241.1106
0.145968,2.515000e+01,-5.109585e+00,8.743465e-01,2.182842e-01,5.583569e-01,5.440191e-01,3.670582,241.4094
0.146,2.515000e+01,-5.109505e+00,8.743465e-01,2.181238e-01,5.580276e-01,5.439401e-01,3.671386,241.6990
0.146032,2.515000e+01,-5.109423e+00,8.743465e-01,2.182025e-01,5.582656e-01,5.439045e-01,3.672191,241.9887
0.146065,2.515000e+01,-5.109345e+00,8.743465e-01,2.185051e-01,5.586738e-01,5.442608e-01,3.673021,242.2875
0.146097,2.515000e+01,-5.109272e+00,8.743465e-01,2.186414e-01,5.588281e-01,5.444499e-01,3.673825,242.5772
0.146129,2.515000e+01,-5.109206e+00,8.743465e-01,2.187660e-01,5.589764e-01,5.446156e-01,3.674630,242.8668
0.146161,2.515000e+01,-5.109152e+00,8.743465e-01,2.185764e-01,5.581251e-01,5.449734e-01,3.675435,243.1565
0.146194,2.515000e+01,-5.109104e+00,8.743465e-01,2.186695e-01,5.580358e-01,5.452930e-01,3.676265,243.4553
0.146226,2.515000e+01,-5.109056e+00,8.743465e-01,2.186428e-01,5.580955e-01,5.451681e-01,3.677069,243.7450
0.146258,2.515000e+01,-5.109008e+00,8.743465e-01,2.187715e-01,5.584180e-01,5.451739e-01,3.677874,244.0346
0.14629,2.515000e+01,-5.108963e+00,8.743465e-01,2.189156e-01,5.587459e-01,5.452128e-01,3.678679,244.3243
0.146323,2.515000e+01,-5.108920e+00,8.743465e-01,2.185198e-01,5.581052e-01,5.448519e-01,3.679509,244.6231
0.146355,2.515000e+01,-5.108902e+00,8.743465e-01,2.183671e-01,5.568146e-01,5.457330e-01,3.680313,244.9128
0.146387,2.515000e+01,-5.108872e+00,8.743465e-01,2.181205e-01,5.571502e-01,5.447885e-01,3.681118,245.2024
0.146419,2.515000e+01,-5.108840e+00,8.743465e-01,2.183189e-01,5.578335e-01,5.446160e-01,3.681923,245.4921
0.146452,2.515000e+01,-5.108806e+00,8.743465e-01,2.185108e-01,5.584976e-01,5.444465e-01,3.682752,245.7909
0.146484,2.515000e+01,-5.108784e+00,8.743465e-01,2.186121e-01,5.582940e-01,5.448977e-01,3.683557,246.0806
0.146516,2.515000e+01,-5.108776e+00,8.743465e-01,2.188200e-01,5.581456e-01,5.455608e-01,3.684362,246.3703
0.146548,2.515000e+01,-5.108775e+00,8.743465e-01,2.187269e-01,5.576599e-01,5.458037e-01,3.685166,246.6599
0.146581,2.515000e+01,-5.108768e+00,8.743465e-01,2.184033e-01,5.575992e-01,5.450556e-01,3.685996,246.9587
0.146613,2.515000e+01,-5.108756e+00,8.743465e-01,2.183400e-01,5.578734e-01,5.446299e-01,3.686801,247.2484
0.146645,2.515000e+01,-5.108752e+00,8.743465e-01,2.184461e-01,5.579889e-01,5.447817e-01,3.687606,247.5381
0.146677,2.515000e+01,-5.108756e+00,8.743465e-01,2.185062e-01,5.578101e-01,5.451062e-01,3.688410,247.8277
0.14671,2.515000e+01,-5.108764e+00,8.743465e-01,2.182595e-01,5.574424e-01,5.448498e-01,3.689240,248.1265
0.146742,2.515000e+01,-5.108768e+00,8.743465e-01,2.181117e-01,5.575200e-01,5.444052e-01,3.690045,248.4162
0.146774,2.515000e+01,-5.108773e+00,8.743465e-01,2.183232e-01,5.578981e-01,5.445637e-01,3.690850,248.7059
0.146806,2.515000e+01,-5.108784e+00,8.743465e-01,2.187070e-01,5.585060e-01,5.449273e-01,3.691654,248.9955
0.146839,2.515000e+01,-5.108809e+00,8.743465e-01,2.187422e-01,5.580193e-01,5.454902e-01,3.692484,249.2943
0.146871,2.515000e+01,-5.108846e+00,8.743465e-01,2.189027e-01,5.580318e-01,5.458785e-01,3.693289,249.5840
0.146903,2.515000e+01,-5.108890e+00,8.743465e-01,2.188442e-01,5.576801e-01,5.460767e-01,3.694093,249.8737
0.146935,2.515000e+01,-5.108942e+00,8.743465e-01,2.185973e-01,5.571739e-01,5.459562e-01,3.694898,250.1633
0.146968,2.515000e+01,-5.109007e+00,8.743465e-01,2.184946e-01,5.567320e-01,5.461327e-01,3.695728,250.4621
0.147,2.515000e+01,-5.109065e+00,8.743465e-01,2.183054e-01,5.569086e-01,5.454867e-01,3.696533,250.7518
0.147032,2.515000e+01,-5.109128e+00,8.743465e-01,2.185926e-01,5.572996e-01,5.458213e-01,3.697337,251.0415
0.147065,2.515000e+01,-5.109180e+00,8.743465e-01,2.186213e-01,5.579470e-01,5.452596e-01,3.698167,251.3402
0.147097,2.515000e+01,-5.109233e+00,8.743465e-01,2.186370e-01,5.580542e-01,5.451938e-01,3.698972,251.6299
0.147129,2.515000e+01,-5.109282e+00,8.743465e-01,2.185570e-01,5.581652e-01,5.448861e-01,3.699777,251.9196
0.147161,2.515000e+01,-5.109353e+00,8.743465e-01,2.186691e-01,5.572899e-01,5.460217e-01,3.700581,252.2093
0.147194,2.515000e+01,-5.109435e+00,8.743465e-01,2.188905e-01,5.571981e-01,5.466646e-01,3.701411,252.5080
0.147226,2.515000e+01,-5.109508e+00,8.743465e-01,2.186879e-01,5.572317e-01,5.461258e-01,3.702216,252.7977
0.147258,2.515000e+01,-5.109564e+00,8.743465e-01,2.184263e-01,5.575703e-01,5.451411e-01,3.703021,253.0874
0.14729,2.515000e+01,-5.109613e+00,8.743465e-01,2.182815e-01,5.577365e-01,5.446175e-01,3.703825,253.3771
0.147323,2.515000e+01,-5.109669e+00,8.743465e-01,2.183378e-01,5.577058e-01,5.447880e-01,3.704655,253.6758
0.147355,2.515000e+01,-5.109745e+00,8.743465e-01,2.186120e-01,5.573467e-01,5.458235e-01,3.705460,253.9655
0.147387,2.515000e+01,-5.109811e+00,8.743465e-01,2.187050e-01,5.580328e-01,5.453843e-01,3.706264,254.2552
0.147419,2.515000e+01,-5.109873e+00,8.743465e-01,2.186718e-01,5.581484e-01,5.451886e-01,3.707069,254.5449
0.147452,2.515000e+01,-5.109938e+00,8.743465e-01,2.188151e-01,5.583289e-01,5.453697e-01,3.707899,254.8436
0.147484,2.515000e+01,-5.110007e+00,8.743465e-01,2.187376e-01,5.579942e-01,5.455034e-01,3.708704,255.1333
0.147516,2.515000e+01,-5.110099e+00,8.743465e-01,2.188461e-01,5.569131e-01,5.468335e-01,3.709508,255.4230
0.147548,2.515000e+01,-5.110195e+00,8.743465e-01,2.188397e-01,5.567011e-01,5.470258e-01,3.710313,255.7127
0.147581,2.515000e+01,-5.110287e+00,8.743465e-01,2.189137e-01,5.570155e-01,5.469019e-01,3.711143,256.0114
0.147613,2.515000e+01,-5.110350e+00,8.743465e-01,2.186569e-01,5.578350e-01,5.454578e-01,3.711948,256.3011
0.147645,2.515000e+01,-5.110405e+00,8.743465e-01,2.185608e-01,5.579417e-01,5.451138e-01,3.712752,256.5908
0.147677,2.515000e+01,-5.110473e+00,8.743465e-01,2.189392e-01,5.579424e-01,5.460569e-01,3.713557,256.8805
0.14771,2.515000e+01,-5.110538e+00,8.743465e-01,2.190155e-01,5.580873e-01,5.461052e-01,3.714387,257.1792
0.147742,2.515000e+01,-5.110606e+00,8.743465e-01,2.189408e-01,5.576689e-01,5.463285e-01,3.715191,257.4689
0.147774,2.515000e+01,-5.110664e+00,8.743465e-01,2.188283e-01,5.577151e-01,5.460028e-01,3.715996,257.7586
0.147806,2.515000e+01,-5.110720e+00,8.743465e-01,2.191129e-01,5.580049e-01,5.464287e-01,3.716801,258.0483
0.147839,2.515000e+01,-5.110777e+00,8.743465e-01,2.192297e-01,5.578038e-01,5.469173e-01,3.717631,258.3470
0.147871,2.515000e+01,-5.110841e+00,8.743465e-01,2.190276e-01,5.569576e-01,5.472432e-01,3.718435,258.6367
0.147903,2.515000e+01,-5.110885e+00,8.743465e-01,2.186872e-01,5.572045e-01,5.461506e-01,3.719240,258.9264
0.147935,2.515000e+01,-5.110919e+00,8.743465e-01,2.188338e-01,5.578106e-01,5.459230e-01,3.720045,259.2161
0.147968,2.515000e+01,-5.110919e+00,8.743465e-01,2.184997e-01,5.586115e-01,5.443080e-01,3.720875,259.5148
0.148,2.515000e+01,-5.110921e+00,8.743465e-01,2.184988e-01,5.584824e-01,5.444315e-01,3.721679,259.8045
0.148033,2.515000e+01,-5.110951e+00,8.743465e-01,2.190787e-01,5.575244e-01,5.468145e-01,3.722509,260.1032
0.148067,2.515000e+01,-5.110981e+00,8.743465e-01,2.195499e-01,5.585295e-01,5.470045e-01,3.723364,260.4110
0.1481,2.515000e+01,-5.111024e+00,8.743465e-01,2.196143e-01,5.578346e-01,5.478465e-01,3.724194,260.7098
0.148133,2.515000e+01,-5.111056e+00,8.743465e-01,2.193170e-01,5.577873e-01,5.471512e-01,3.725024,261.0085
0.148167,2.515000e+01,-5.111095e+00,8.743465e-01,2.195822e-01,5.578755e-01,5.477262e-01,3.725879,261.3163
0.1482,2.515000e+01,-5.111130e+00,8.743465e-01,2.195601e-01,5.580041e-01,5.475449e-01,3.726708,261.6151
0.148233,2.515000e+01,-5.111163e+00,8.743465e-01,2.193077e-01,5.576644e-01,5.472487e-01,3.727538,261.9138
0.148267,2.515000e+01,-5.111166e+00,8.743465e-01,2.189492e-01,5.585649e-01,5.454731e-01,3.728393,262.2216
0.1483,2.515000e+01,-5.111167e+00,8.743465e-01,2.191624e-01,5.590680e-01,5.455131e-01,3.729223,262.5203
0.148333,2.515000e+01,-5.111187e+00,8.743465e-01,2.195610e-01,5.587858e-01,5.467812e-01,3.730053,262.8191
0.148367,2.515000e+01,-5.111236e+00,8.743465e-01,2.199652e-01,5.583813e-01,5.481845e-01,3.730908,263.1269
0.1484,2.515000e+01,-5.111263e+00,8.743465e-01,2.196913e-01,5.590473e-01,5.468497e-01,3.731738,263.4256
0.148433,2.515000e+01,-5.111262e+00,8.743465e-01,2.192800e-01,5.596066e-01,5.452804e-01,3.732568,263.7243
0.148467,2.515000e+01,-5.111304e+00,8.743465e-01,2.196496e-01,5.579925e-01,5.477794e-01,3.733423,264.0321
0.1485,2.515000e+01,-5.111347e+00,8.743465e-01,2.198143e-01,5.581485e-01,5.480370e-01,3.734252,264.3309
0.148533,2.515000e+01,-5.111382e+00,8.743465e-01,2.200690e-01,5.588912e-01,5.479429e-01,3.735082,264.6296
0.148567,2.515000e+01,-5.111404e+00,8.743465e-01,2.197899e-01,5.590228e-01,5.471192e-01,3.735937,264.9374
0.1486,2.515000e+01,-5.111419e+00,8.743465e-01,2.194374e-01,5.587902e-01,5.464690e-01,3.736767,265.2361
0.148633,2.515000e+01,-5.111412e+00,8.743465e-01,2.191307e-01,5.591924e-01,5.453129e-01,3.737597,265.5349
0.148667,2.515000e+01,-5.111385e+00,8.743465e-01,2.193356e-01,5.603079e-01,5.447360e-01,3.738452,265.8427
0.1487,2.515000e+01,-5.111417e+00,8.743465e-01,2.203147e-01,5.591861e-01,5.482653e-01,3.739282,266.1414
0.148733,2.515000e+01,-5.111461e+00,8.743465e-01,2.206345e-01,5.591580e-01,5.490887e-01,3.740112,266.4402
0.148767,2.515000e+01,-5.111480e+00,8.743465e-01,2.202883e-01,5.596633e-01,5.477323e-01,3.740967,266.7480
0.1488,2.515000e+01,-5.111448e+00,8.743465e-01,2.190817e-01,5.596549e-01,5.447404e-01,3.741796,267.0467
0.148833,2.515000e+01,-5.111442e+00,8.743465e-01,2.193680e-01,5.588021e-01,5.462846e-01,3.742626,267.3454
0.148867,2.515000e+01,-5.111463e+00,8.743465e-01,2.201028e-01,5.587893e-01,5.481270e-01,3.743481,267.6532
0.1489,2.515000e+01,-5.111493e+00,8.743465e-01,2.205330e-01,5.594216e-01,5.485776e-01,3.744311,267.9520
0.148933,2.515000e+01,-5.111486e+00,8.743465e-01,2.201261e-01,5.604427e-01,5.465679e-01,3.745141,268.2507
0.148967,2.515000e+01,-5.111465e+00,8.743465e-01,2.198940e-01,5.606751e-01,5.457652e-01,3.745996,268.5585
0.149,2.515000e+01,-5.111454e+00,8.743465e-01,2.199981e-01,5.605281e-01,5.461669e-01,3.746826,268.8572
0.149033,2.515000e+01,-5.111458e+00,8.743465e-01,2.200576e-01,5.600290e-01,5.468014e-01,3.747656,269.1560
0.149067,2.515000e+01,-5.111527e+00,8.743465e-01,2.209637e-01,5.584097e-01,5.506450e-01,3.748510,269.4638
0.1491,2.515000e+01,-5.111587e+00,8.743465e-01,2.209320e-01,5.589113e-01,5.500719e-01,3.749340,269.7625
0.149133,2.515000e+01,-5.111600e+00,8.743465e-01,2.205123e-01,5.603096e-01,5.476568e-01,3.750170,270.0613
0.149167,2.515000e+01,-5.111561e+00,8.743465e-01,2.191378e-01,5.602494e-01,5.443016e-01,3.751025,270.3690
0.1492,2.515000e+01,-5.111531e+00,8.743465e-01,2.191140e-01,5.597589e-01,5.447194e-01,3.751855,270.6678
0.149233,2.515000e+01,-5.111542e+00,8.743465e-01,2.200553e-01,5.596750e-01,5.471415e-01,3.752685,270.9665
0.149267,2.515000e+01,-5.111558e+00,8.743465e-01,2.207730e-01,5.607275e-01,5.478955e-01,3.753540,271.2743
0.1493,2.515000e+01,-5.111572e+00,8.743465e-01,2.206749e-01,5.605067e-01,5.478680e-01,3.754370,271.5731
0.149333,2.515000e+01,-5.111558e+00,8.743465e-01,2.201616e-01,5.606875e-01,5.464172e-01,3.755199,271.8718
0.149367,2.515000e+01,-5.111548e+00,8.743465e-01,2.201155e-01,5.606128e-01,5.463756e-01,3.756054,272.1796
0.1494,2.515000e+01,-5.111569e+00,8.743465e-01,2.203899e-01,5.597299e-01,5.479197e-01,3.756884,272.4783
0.149433,2.515000e+01,-5.111615e+00,8.743465e-01,2.209104e-01,5.594186e-01,5.495193e-01,3.757714,272.7771
0.149467,2.515000e+01,-5.111641e+00,8.743465e-01,2.206778e-01,5.598527e-01,5.485152e-01,3.758569,273.0849
0.1495,2.515000e+01,-5.111636e+00,8.743465e-01,2.204550e-01,5.609319e-01,5.469069e-01,3.759399,273.3836
0.149533,2.515000e+01,-5.111615e+00,8.743465e-01,2.200277e-01,5.608595e-01,5.459175e-01,3.760229,273.6823
0.149567,2.515000e+01,-5.111597e+00,8.743465e-01,2.201089e-01,5.608818e-01,5.460973e-01,3.761084,273.9901
0.1496,2.515000e+01,-5.111572e+00,8.743465e-01,2.201750e-01,5.614190e-01,5.457385e-01,3.761914,274.2889
0.149633,2.515000e+01,-5.111579e+00,8.743465e-01,2.206477e-01,5.606709e-01,5.476400e-01,3.762743,274.5876
0.149667,2.515000e+01,-5.111623e+00,8.743465e-01,2.211694e-01,5.596912e-01,5.498955e-01,3.763598,274.8954
0.1497,2.515000e+01,-5.111663e+00,8.743465e-01,2.210940e-01,5.596569e-01,5.497419e-01,3.764428,275.1942
0.149733,2.515000e+01,-5.111645e+00,8.743465e-01,2.203779e-01,5.610666e-01,5.465844e-01,3.765258,275.4929
0.149767,2.515000e+01,-5.111637e+00,8.743465e-01,2.204289e-01,5.608334e-01,5.469383e-01,3.766113,275.8007
0.1498,2.515000e+01,-5.111632e+00,8.743465e-01,2.204175e-01,5.605059e-01,5.472296e-01,3.766943,276.0994
0.149833,2.515000e+01,-5.111612e+00,8.743465e-01,2.202631e-01,5.606213e-01,5.467338e-01,3.767773,276.3982
0.149867,2.515000e+01,-5.111582e+00,8.743465e-01,2.203772e-01,5.611950e-01,5.464577e-01,3.768628,276.7060
0.1499,2.515000e+01,-5.111575e+00,8.743465e-01,2.207758e-01,5.607743e-01,5.478568e-01,3.769458,277.0047
0.149933,2.515000e+01,-5.111562e+00,8.743465e-01,2.208000e-01,5.609053e-01,5.477890e-01,3.770287,277.3034
0.149967,2.515000e+01,-5.111526e+00,8.743465e-01,2.205147e-01,5.613396e-01,5.466579e-01,3.771142,277.6112
0.15,2.515000e+01,-5.111496e+00,8.743465e-01,2.205356e-01,5.608119e-01,5.472240e-01,3.771972,277.9100
0.150033,2.515000e+01,-5.111474e+00,8.743465e-01,2.206540e-01,5.605913e-01,5.477334e-01,3.772802,278.2087
0.150067,2.515000e+01,-5.111454e+00,8.743465e-01,2.207988e-01,5.605656e-01,5.481180e-01,3.773657,278.5165
0.1501,2.515000e+01,-5.111415e+00,8.743465e-01,2.206492e-01,5.609982e-01,5.473240e-01,3.774487,278.8152
0.150133,2.515000e+01,-5.111363e+00,8.743465e-01,2.205156e-01,5.611534e-01,5.468415e-01,3.775317,279.1140
0.150167,2.515000e+01,-5.111294e+00,8.743465e-01,2.203027e-01,5.612500e-01,5.462194e-01,3.776172,279.4218
0.1502,2.515000e+01,-5.111221e+00,8.743465e-01,2.204274e-01,5.614414e-01,5.463425e-01,3.777001,279.7205
0.150233,2.515000e+01,-5.111177e+00,8.743465e-01,2.210272e-01,5.609604e-01,5.482988e-01,3.777831,280.0193
0.150267,2.515000e+01,-5.111143e+00,8.743465e-01,2.212840e-01,5.609713e-01,5.489250e-01,3.778686,280.3271
0.1503,2.515000e+01,-5.111096e+00,8.743465e-01,2.212169e-01,5.612682e-01,5.484684e-01,3.779516,280.6258
0.150333,2.515000e+01,-5.111018e+00,8.743465e-01,2.205438e-01,5.615162e-01,5.465582e-01,3.780346,280.9245
0.150367,2.515000e+01,-5.110950e+00,8.743465e-01,2.203301e-01,5.606195e-01,5.469017e-01,3.781201,281.2323
0.1504,2.515000e+01,-5.110890e+00,8.743465e-01,2.205430e-01,5.605658e-01,5.474828e-01,3.782031,281.5311
0.150433,2.515000e+01,-5.110825e+00,8.743465e-01,2.208083e-01,5.612276e-01,5.474948e-01,3.782861,281.8298
0.150467,2.515000e+01,-5.110752e+00,8.743465e-01,2.208730e-01,5.616066e-01,5.472857e-01,3.783716,282.1376
0.1505,2.515000e+01,-5.110681e+00,8.743465e-01,2.208215e-01,5.613494e-01,5.474088e-01,3.784545,282.4363
0.150533,2.515000e+01,-5.110607e+00,8.743465e-01,2.206971e-01,5.611964e-01,5.472496e-01,3.785375,282.7351
0.150567,2.515000e+01,-5.110524e+00,8.743465e-01,2.206777e-01,5.614989e-01,5.469067e-01,3.786230,283.0429
0.1506,2.515000e+01,-5.110451e+00,8.743465e-01,2.208568e-01,5.613528e-01,5.474930e-01,3.787060,283.3416
0.150633,2.515000e+01,-5.110364e+00,8.743465e-01,2.206739e-01,5.616057e-01,5.467934e-01,3.787890,283.6404
0.150667,2.515000e+01,-5.110273e+00,8.743465e-01,2.205842e-01,5.615409e-01,5.466340e-01,3.788745,283.9481
0.1507,2.515000e+01,-5.110196e+00,8.743465e-01,2.206596e-01,5.608488e-01,5.474957e-01,3.789575,284.2469
0.150733,2.515000e+01,-5.110133e+00,8.743465e-01,2.207339e-01,5.603202e-01,5.481968e-01,3.790405,284.5456
0.150767,2.515000e+01,-5.110059e+00,8.743465e-01,2.207565e-01,5.608633e-01,5.477220e-01,3.791260,284.8534
0.1508,2.515000e+01,-5.109956e+00,8.743465e-01,2.205603e-01,5.617649e-01,5.463570e-01,3.792089,285.1522
0.150833,2.515000e+01,-5.109848e+00,8.743465e-01,2.205914e-01,5.619281e-01,5.462753e-01,3.792919,285.4509
0.150867,2.515000e+01,-5.109747e+00,8.743465e-01,2.206339e-01,5.616956e-01,5.466068e-01,3.793774,285.7587
0.1509,2.515000e+01,-5.109653e+00,8.743465e-01,2.207718e-01,5.616070e-01,5.470346e-01,3.794604,286.0574
0.150933,2.515000e+01,-5.109596e+00,8.743465e-01,2.211148e-01,5.606862e-01,5.487844e-01,3.795434,286.3562
0.150967,2.515000e+01,-5.109530e+00,8.743465e-01,2.210230e-01,5.609810e-01,5.482683e-01,3.796289,286.6640
0.151,2.515000e+01,-5.109457e+00,8.743465e-01,2.209781e-01,5.613477e-01,5.477987e-01,3.797119,286.9627
0.151033,2.515000e+01,-5.109369e+00,8.743465e-01,2.206978e-01,5.616668e-01,5.467931e-01,3.797948,287.2614
0.151067,2.515000e+01,-5.109288e+00,8.743465e-01,2.207649e-01,5.615479e-01,5.470751e-01,3.798803,287.5692
0.1511,2.515000e+01,-5.109214e+00,8.743465e-01,2.207789e-01,5.612970e-01,5.473545e-01,3.799633,287.8680
0.151133,2.515000e+01,-5.109125e+00,8.743465e-01,2.205083e-01,5.615772e-01,5.464107e-01,3.800463,288.1667
0.151167,2.515000e+01,-5.109029e+00,8.743465e-01,2.206092e-01,5.620498e-01,5.462011e-01,3.801318,288.4745
0.1512,2.515000e+01,-5.108934e+00,8.743465e-01,2.205864e-01,5.619687e-01,5.462233e-01,3.802148,288.7733
0.151233,2.515000e+01,-5.108851e+00,8.743465e-01,2.207581e-01,5.618778e-01,5.467372e-01,3.802978,289.0720
0.151267,2.515000e+01,-5.108777e+00,8.743465e-01,2.207444e-01,5.612757e-01,5.472895e-01,3.803833,289.3798
0.1513,2.515000e+01,-5.108714e+00,8.743465e-01,2.207879e-01,5.608328e-01,5.478296e-01,3.804663,289.6785
0.151333,2.515000e+01,-5.108652e+00,8.743465e-01,2.207934e-01,5.610458e-01,5.476355e-01,3.805492,289.9773
0.151367,2.515000e+01,-5.108574e+00,8.743465e-01,2.206939e-01,5.618555e-01,5.465998e-01,3.806347,290.2851
0.1514,2.515000e+01,-5.108487e+00,8.743465e-01,2.206608e-01,5.625436e-01,5.458493e-01,3.807177,290.5838
0.151433,2.515000e+01,-5.108409e+00,8.743465e-01,2.205947e-01,5.623952e-01,5.458297e-01,3.808007,290.8825
0.151467,2.515000e+01,-5.108326e+00,8.743465e-01,2.204701e-01,5.624645e-01,5.454541e-01,3.808862,291.1903
0.1515,2.515000e+01,-5.108262e+00,8.743465e-01,2.206873e-01,5.621253e-01,5.463211e-01,3.809692,291.4891
0.151533,2.515000e+01,-5.108251e+00,8.743465e-01,2.213531e-01,5.611823e-01,5.488899e-01,3.810522,291.7878
0.151567,2.515000e+01,-5.108255e+00,8.743465e-01,2.215083e-01,5.611426e-01,5.493138e-01,3.811377,292.0956
0.1516,2.515000e+01,-5.108223e+00,8.743465e-01,2.210290e-01,5.622398e-01,5.470556e-01,3.812207,292.3943
0.151633,2.515000e+01,-5.108169e+00,8.743465e-01,2.204896e-01,5.626199e-01,5.453519e-01,3.813036,292.6931
0.151667,2.515000e+01,-5.108131e+00,8.743465e-01,2.206018e-01,5.624766e-01,5.457681e-01,3.813891,293.0009
0.1517,2.515000e+01,-5.108119e+00,8.743465e-01,2.207982e-01,5.620888e-01,5.466311e-01,3.814721,293.2996
0.151733,2.515000e+01,-5.108119e+00,8.743465e-01,2.210424e-01,5.622426e-01,5.470861e-01,3.815551,293.5984
0.151767,2.515000e+01,-5.108118e+00,8.743465e-01,2.211365e-01,5.627843e-01,5.467920e-01,3.816406,293.9062
0.1518,2.515000e+01,-5.108105e+00,8.743465e-01,2.207413e-01,5.627619e-01,5.458365e-01,3.817236,294.2049
0.151833,2.515000e+01,-5.108092e+00,8.743465e-01,2.206839e-01,5.628905e-01,5.455699e-01,3.818066,294.5036
0.151867,2.515000e+01,-5.108109e+00,8.743465e-01,2.207524e-01,5.619670e-01,5.466362e-01,3.818921,294.8114
0.1519,2.515000e+01,-5.108169e+00,8.743465e-01,2.214027e-01,5.614430e-01,5.487581e-01,3.819750,295.1102
0.151933,2.515000e+01,-5.108238e+00,8.743465e-01,2.214099e-01,5.613112e-01,5.489049e-01,3.820580,295.4089
0.151967,2.515000e+01,-5.108243e+00,8.743465e-01,2.206249e-01,5.631918e-01,5.451322e-01,3.821435,295.7167
0.152,2.515000e+01,-5.108221e+00,8.743465e-01,2.201483e-01,5.637811e-01,5.433860e-01,3.822265,296.0154
0.152033,2.515000e+01,-5.108233e+00,8.743465e-01,2.205261e-01,5.632600e-01,5.448221e-01,3.823095,296.3142
0.152067,2.515000e+01,-5.108275e+00,8.743465e-01,2.208501e-01,5.627170e-01,5.461493e-01,3.823950,296.6220
0.1521,2.515000e+01,-5.108339e+00,8.743465e-01,2.211961e-01,5.624682e-01,5.472466e-01,3.824780,296.9207
0.152133,2.515000e+01,-5.108400e+00,8.743465e-01,2.211235e-01,5.625309e-01,5.470061e-01,3.825610,297.2195
0.152167,2.515000e+01,-5.108451e+00,8.743465e-01,2.210023e-01,5.628164e-01,5.464290e-01,3.826465,297.5272
0.1522,2.515000e+01,-5.108488e+00,8.743465e-01,2.210777e-01,5.636591e-01,5.457981e-01,3.827294,297.8260
0.152233,2.515000e+01,-5.108544e+00,8.743465e-01,2.211443e-01,5.629870e-01,5.466145e-01,3.828124,298.1247
0.152267,2.515000e+01,-5.108603e+00,8.743465e-01,2.211032e-01,5.625898e-01,5.468988e-01,3.828979,298.4325
0.1523,2.515000e+01,-5.108649e+00,8.743465e-01,2.207375e-01,5.623950e-01,5.461830e-01,3.829809,298.7313
0.152333,2.515000e+01,-5.108661e+00,8.743465e-01,2.206049e-01,5.632742e-01,5.450033e-01,3.830639,299.0300
0.152367,2.515000e+01,-5.108670e+00,8.743465e-01,2.207935e-01,5.637199e-01,5.450380e-01,3.831494,299.3378
0.1524,2.515000e+01,-5.108697e+00,8.743465e-01,2.210717e-01,5.635531e-01,5.458860e-01,3.832324,299.6365
0.152433,2.515000e+01,-5.108737e+00,8.743465e-01,2.213659e-01,5.635619e-01,5.466041e-01,3.833154,299.9353
0.152467,2.515000e+01,-5.108802e+00,8.743465e-01,2.216650e-01,5.630019e-01,5.478870e-01,3.834009,300.2431
0.1525,2.515000e+01,-5.108866e+00,8.743465e-01,2.214782e-01,5.627150e-01,5.477043e-01,3.834838,300.5418
0.152533,2.515000e+01,-5.108923e+00,8.743465e-01,2.212848e-01,5.627809e-01,5.471619e-01,3.835668,300.8405
0.152567,2.515000e+01,-5.108944e+00,8.743465e-01,2.207225e-01,5.638126e-01,5.447728e-01,3.836523,301.1483
0.1526,2.515000e+01,-5.108970e+00,8.743465e-01,2.208964e-01,5.639017e-01,5.451160e-01,3.837353,301.4471
0.152633,2.515000e+01,-5.109004e+00,8.743465e-01,2.209819e-01,5.636277e-01,5.455922e-01,3.838183,301.7458
0.152667,2.515000e+01,-5.109021e+00,8.743465e-01,2.205724e-01,5.635565e-01,5.446500e-01,3.839038,302.0536
0.1527,2.515000e+01,-5.109034e+00,8.743465e-01,2.205764e-01,5.637441e-01,5.444786e-01,3.839868,302.3524
0.152733,2.515000e+01,-5.109085e+00,8.743465e-01,2.212886e-01,5.635480e-01,5.464266e-01,3.840697,302.6511
0.152767,2.515000e+01,-5.109150e+00,8.743465e-01,2.213018e-01,5.630427e-01,5.469495e-01,3.841552,302.9589
0.1528,2.515000e+01,-5.109178e+00,8.743465e-01,2.205659e-01,5.634588e-01,5.447282e-01,3.842382,303.2576
0.152833,2.515000e+01,-5.109206e+00,8.743465e-01,2.207066e-01,5.636217e-01,5.449180e-01,3.843212,303.5564
0.152867,2.515000e+01,-5.109277e+00,8.743465e-01,2.216256e-01,5.633451e-01,5.474557e-01,3.844067,303.8642
0.1529,2.515000e+01,-5.109357e+00,8.743465e-01,2.217829e-01,5.633295e-01,5.478596e-01,3.844897,304.1629
0.152933,2.515000e+01,-5.109399e+00,8.743465e-01,2.210412e-01,5.639610e-01,5.454160e-01,3.845727,304.4616
0.152967,2.515000e+01,-5.109426e+00,8.743465e-01,2.206895e-01,5.639281e-01,5.445798e-01,3.846582,304.7694
0.153,2.515000e+01,-5.109469e+00,8.743465e-01,2.208080e-01,5.633935e-01,5.453894e-01,3.847412,305.0682
0.153032,2.515000e+01,-5.109526e+00,8.743465e-01,2.210375e-01,5.637588e-01,5.456024e-01,3.848216,305.3579
0.153065,2.515000e+01,-5.109581e+00,8.743465e-01,2.211279e-01,5.638142e-01,5.457720e-01,3.849046,305.6566
0.153097,2.515000e+01,-5.109657e+00,8.743465e-01,2.215043e-01,5.635756e-01,5.469324e-01,3.849851,305.9463
0.153129,2.515000e+01,-5.109740e+00,8.743465e-01,2.215191e-01,5.633801e-01,5.471587e-01,3.850655,306.2360
0.153161,2.515000e+01,-5.109772e+00,8.743465e-01,2.202847e-01,5.637179e-01,5.437836e-01,3.851460,306.5257
0.153194,2.515000e+01,-5.109798e+00,8.743465e-01,2.200791e-01,5.636587e-01,5.433332e-01,3.852290,306.8244
0.153226,2.515000e+01,-5.109839e+00,8.743465e-01,2.204957e-01,5.635589e-01,5.444581e-01,3.853095,307.1141
0.153258,2.515000e+01,-5.109909e+00,8.743465e-01,2.211220e-01,5.635622e-01,5.460014e-01,3.853899,307.4038
0.15329,2.515000e+01,-5.109977e+00,8.743465e-01,2.210929e-01,5.635381e-01,5.459529e-01,3.854704,307.6935
0.153323,2.515000e+01,-5.110014e+00,8.743465e-01,2.203701e-01,5.639735e-01,5.437482e-01,3.855534,307.9922
0.153355,2.515000e+01,-5.110061e+00,8.743465e-01,2.205101e-01,5.636016e-01,5.444523e-01,3.856339,308.2819
0.153387,2.515000e+01,-5.110129e+00,8.743465e-01,2.208715e-01,5.633146e-01,5.456228e-01,3.857143,308.5716
0.153419,2.515000e+01,-5.110216e+00,8.743465e-01,2.211521e-01,5.629988e-01,5.466223e-01,3.857948,308.8613
0.153452,2.515000e+01,-5.110302e+00,8.743465e-01,2.211412e-01,5.630359e-01,5.465594e-01,3.858778,309.1600
0.153484,2.515000e+01,-5.110372e+00,8.743465e-01,2.207434e-01,5.631036e-01,5.455106e-01,3.859582,309.4497
0.153516,2.515000e+01,-5.110410e+00,8.743465e-01,2.203977e-01,5.638867e-01,5.438999e-01,3.860387,309.7394
0.153548,2.515000e+01,-5.110449e+00,8.743465e-01,2.202608e-01,5.634228e-01,5.440095e-01,3.861192,310.0291
0.153581,2.515000e+01,-5.110496e+00,8.743465e-01,2.204630e-01,5.633711e-01,5.445590e-01,3.862022,310.3278
0.153613,2.515000e+01,-5.110574e+00,8.743465e-01,2.209440e-01,5.628379e-01,5.462641e-01,3.862826,310.6175
0.153645,2.515000e+01,-5.110651e+00,8.743465e-01,2.210858e-01,5.631691e-01,5.462932e-01,3.863631,310.9072
0.153677,2.515000e+01,-5.110714e+00,8.743465e-01,2.208256e-01,5.632360e-01,5.455854e-01,3.864436,311.1969
0.15371,2.515000e+01,-5.110766e+00,8.743465e-01,2.206809e-01,5.633392e-01,5.451280e-01,3.865266,311.4956
0.153742,2.515000e+01,-5.110828e+00,8.743465e-01,2.208589e-01,5.630735e-01,5.458252e-01,3.866070,311.7853
0.153774,2.515000e+01,-5.110894e+00,8.743465e-01,2.206907e-01,5.625926e-01,5.458756e-01,3.866875,312.0750
0.153806,2.515000e+01,-5.110972e+00,8.743465e-01,2.209066e-01,5.624499e-01,5.465484e-01,3.867680,312.3647
0.153839,2.515000e+01,-5.111000e+00,8.743465e-01,2.198911e-01,5.630041e-01,5.435003e-01,3.868509,312.6634
0.153871,2.515000e+01,-5.111021e+00,8.743465e-01,2.197689e-01,5.631140e-01,5.430922e-01,3.869314,312.9531
0.153903,2.515000e+01,-5.111038e+00,8.743465e-01,2.197371e-01,5.632612e-01,5.428717e-01,3.870119,313.2428
0.153935,2.515000e+01,-5.111090e+00,8.743465e-01,2.203590e-01,5.628068e-01,5.448476e-01,3.870924,313.5325
0.153968,2.515000e+01,-5.111160e+00,8.743465e-01,2.207891e-01,5.625620e-01,5.461486e-01,3.871753,313.8312
0.154,2.515000e+01,-5.111215e+00,8.743465e-01,2.205400e-01,5.627735e-01,5.453275e-01,3.872558,314.1209
0.154032,2.515000e+01,-5.111269e+00,8.743465e-01,2.204312e-01,5.625534e-01,5.452717e-01,3.873363,314.4106
0.154065,2.515000e+01,-5.111323e+00,8.743465e-01,2.204769e-01,5.626503e-01,5.452909e-01,3.874193,314.7093
0.154097,2.515000e+01,-5.111374e+00,8.743465e-01,2.203080e-01,5.625533e-01,5.449671e-01,3.874997,314.9990
0.154129,2.515000e+01,-5.111424e+00,8.743465e-01,2.201867e-01,5.624745e-01,5.447434e-01,3.875802,315.2887
0.154161,2.515000e+01,-5.111482e+00,8.743465e-01,2.202689e-01,5.624173e-01,5.450021e-01,3.876607,315.5784
0.154194,2.515000e+01,-5.111541e+00,8.743465e-01,2.202155e-01,5.622712e-01,5.450117e-01,3.877436,315.8771
0.154226,2.515000e+01,-5.111585e+00,8.743465e-01,2.198440e-01,5.621767e-01,5.441837e-01,3.878241,316.1668
0.154258,2.515000e+01,-5.111624e+00,8.743465e-01,2.196868e-01,5.620820e-01,5.438862e-01,3.879046,316.4565
0.15429,2.515000e+01,-5.111687e+00,8.743465e-01,2.203984e-01,5.620540e-01,5.456751e-01,3.879851,316.7462
0.154323,2.515000e+01,-5.111751e+00,8.743465e-01,2.207634e-01,5.625908e-01,5.460571e-01,3.880680,317.0449
0.154355,2.515000e+01,-5.111786e+00,8.743465e-01,2.201307e-01,5.624822e-01,5.445973e-01,3.881485,317.3346
0.154387,2.515000e+01,-5.111821e+00,8.743465e-01,2.200561e-01,5.620880e-01,5.447946e-01,3.882290,317.6243
0.154419,2.515000e+01,-5.111854e+00,8.743465e-01,2.197223e-01,5.615821e-01,5.444583e-01,3.883094,317.9140
0.154452,2.515000e+01,-5.111897e+00,8.743465e-01,2.200009e-01,5.614362e-01,5.452903e-01,3.883924,318.2127
0.154484,2.515000e+01,-5.111925e+00,8.743465e-01,2.199745e-01,5.619407e-01,5.447354e-01,3.884729,318.5024
0.154516,2.515000e+01,-5.111947e+00,8.743465e-01,2.200492e-01,5.622503e-01,5.446203e-01,3.885534,318.7921
0.154548,2.515000e+01,-5.111970e+00,8.743465e-01,2.200030e-01,5.620011e-01,5.447474e-01,3.886338,319.0818
0.154581,2.515000e+01,-5.111989e+00,8.743465e-01,2.198035e-01,5.615432e-01,5.446971e-01,3.887168,319.3805
0.154613,2.515000e+01,-5.112004e+00,8.743465e-01,2.196116e-01,5.611657e-01,5.445877e-01,3.887973,319.6702
0.154645,2.515000e+01,-5.112024e+00,8.743465e-01,2.201214e-01,5.615259e-01,5.455020e-01,3.888778,319.9599
0.154677,2.515000e+01,-5.112037e+00,8.743465e-01,2.202193e-01,5.617255e-01,5.455504e-01,3.889582,320.2496
0.15471,2.515000e+01,-5.112014e+00,8.743465e-01,2.197054e-01,5.621886e-01,5.438292e-01,3.890412,320.5483
0.154742,2.515000e+01,-5.111982e+00,8.743465e-01,2.191247e-01,5.612019e-01,5.433452e-01,3.891217,320.8380
0.154774,2.515000e+01,-5.111954e+00,8.743465e-01,2.190784e-01,5.606802e-01,5.437360e-01,3.892021,321.1277
0.154806,2.515000e+01,-5.111937e+00,8.743465e-01,2.194664e-01,5.605502e-01,5.448252e-01,3.892826,321.4174
0.154839,2.515000e+01,-5.111907e+00,8.743465e-01,2.195426e-01,5.611310e-01,5.444504e-01,3.893656,321.7162
0.154871,2.515000e+01,-5.111882e+00,8.743465e-01,2.198840e-01,5.613748e-01,5.450601e-01,3.894461,322.0058
0.154903,2.515000e+01,-5.111863e+00,8.743465e-01,2.201777e-01,5.612883e-01,5.458723e-01,3.895265,322.2955
0.154935,2.515000e+01,-5.111828e+00,8.743465e-01,2.196599e-01,5.608046e-01,5.450582e-01,3.896070,322.5852
0.154968,2.515000e+01,-5.111788e+00,8.743465e-01,2.194605e-01,5.603782e-01,5.449778e-01,3.896900,322.8840
0.155,2.515000e+01,-5.111741e+00,8.743465e-01,2.195996e-01,5.606822e-01,5.450275e-01,3.897705,323.1736
0.155032,2.515000e+01,-5.111694e+00,8.743465e-01,2.196998e-01,5.607754e-01,5.451856e-01,3.898509,323.4633
0.155065,2.515000e+01,-5.111649e+00,8.743465e-01,2.197433e-01,5.607246e-01,5.453429e-01,3.899339,323.7621
0.155097,2.515000e+01,-5.111576e+00,8.743465e-01,2.189171e-01,5.602823e-01,5.437214e-01,3.900144,324.0518
0.155129,2.515000e+01,-5.111512e+00,8.743465e-01,2.191448e-01,5.600827e-01,5.444811e-01,3.900948,324.3414
0.155161,2.515000e+01,-5.111441e+00,8.743465e-01,2.192171e-01,5.603712e-01,5.443801e-01,3.901753,324.6311
0.155194,2.515000e+01,-5.111377e+00,8.743465e-01,2.192641e-01,5.600925e-01,5.447680e-01,3.902583,324.9299
0.155226,2.515000e+01,-5.111317e+00,8.743465e-01,2.194325e-01,5.600788e-01,5.451997e-01,3.903388,325.2196
0.155258,2.515000e+01,-5.111253e+00,8.743465e-01,2.193307e-01,5.601522e-01,5.448752e-01,3.904192,325.5092
0.15529,2.515000e+01,-5.111188e+00,8.743465e-01,2.192881e-01,5.600070e-01,5.449107e-01,3.904997,325.7989
0.155323,2.515000e+01,-5.111096e+00,8.743465e-01,2.186152e-01,5.598452e-01,5.433955e-01,3.905827,326.0977
0.155355,2.515000e+01,-5.111007e+00,8.743465e-01,2.186831e-01,5.597701e-01,5.436374e-01,3.906632,326.3874
0.155387,2.515000e+01,-5.110928e+00,8.743465e-01,2.191612e-01,5.599534e-01,5.446476e-01,3.907436,326.6770
0.155419,2.515000e+01,-5.110845e+00,8.743465e-01,2.189629e-01,5.596448e-01,5.444549e-01,3.908241,326.9667
0.155452,2.515000e+01,-5.110769e+00,8.743465e-01,2.188483e-01,5.589739e-01,5.448228e-01,3.909071,327.2655
0.155484,2.515000e+01,-5.110694e+00,8.743465e-01,2.190318e-01,5.591394e-01,5.451183e-01,3.909875,327.5552
0.155516,2.515000e+01,-5.110613e+00,8.743465e-01,2.191714e-01,5.596034e-01,5.450134e-01,3.910680,327.8449
0.155548,2.515000e+01,-5.110533e+00,8.743465e-01,2.192937e-01,5.598298e-01,5.450971e-01,3.911485,328.1345
0.155581,2.515000e+01,-5.110449e+00,8.743465e-01,2.191621e-01,5.596537e-01,5.449412e-01,3.912315,328.4333
0.155613,2.515000e+01,-5.110375e+00,8.743465e-01,2.191640e-01,5.589910e-01,5.455920e-01,3.913119,328.7230
0.155645,2.515000e+01,-5.110299e+00,8.743465e-01,2.191864e-01,5.591068e-01,5.455350e-01,3.913924,329.0127
0.155677,2.515000e+01,-5.110205e+00,8.743465e-01,2.185292e-01,5.587763e-01,5.442210e-01,3.914729,329.3023
0.15571,2.515000e+01,-5.110119e+00,8.743465e-01,2.185287e-01,5.584769e-01,5.445114e-01,3.915559,329.6011
0.155742,2.515000e+01,-5.110027e+00,8.743465e-01,2.184351e-01,5.585922e-01,5.441658e-01,3.916363,329.8908
0.155774,2.515000e+01,-5.109946e+00,8.743465e-01,2.188390e-01,5.588025e-01,5.449668e-01,3.917168,330.1805
0.155806,2.515000e+01,-5.109863e+00,8.743465e-01,2.189309e-01,5.590677e-01,5.449372e-01,3.917973,330.4701
0.155839,2.515000e+01,-5.109786e+00,8.743465e-01,2.189794e-01,5.590216e-01,5.451028e-01,3.918802,330.7689
0.155871,2.515000e+01,-5.109714e+00,8.743465e-01,2.189891e-01,5.587685e-01,5.453737e-01,3.919607,331.0586
0.155903,2.515000e+01,-5.109632e+00,8.743465e-01,2.185135e-01,5.584477e-01,5.445022e-01,3.920412,331.3483
0.155935,2.515000e+01,-5.109552e+00,8.743465e-01,2.182221e-01,5.579497e-01,5.442614e-01,3.921217,331.6379
0.155968,2.515000e+01,-5.109470e+00,8.743465e-01,2.183037e-01,5.582089e-01,5.442118e-01,3.922046,331.9367
0.156,2.515000e+01,-5.109393e+00,8.743465e-01,2.185769e-01,5.585166e-01,5.445929e-01,3.922851,332.2264
0.156032,2.515000e+01,-5.109316e+00,8.743465e-01,2.187461e-01,5.589233e-01,5.446177e-01,3.923656,332.5161
0.156065,2.515000e+01,-5.109249e+00,8.743465e-01,2.188575e-01,5.589403e-01,5.448787e-01,3.924486,332.8148
0.156097,2.515000e+01,-5.109191e+00,8.743465e-01,2.186946e-01,5.582775e-01,5.451194e-01,3.925290,333.1045
0.156129,2.515000e+01,-5.109145e+00,8.743465e-01,2.188203e-01,5.579968e-01,5.457072e-01,3.926095,333.3942
0.156161,2.515000e+01,-5.109098e+00,8.743465e-01,2.187749e-01,5.580234e-01,5.455678e-01,3.926900,333.6839
0.156194,2.515000e+01,-5.109047e+00,8.743465e-01,2.187946e-01,5.583555e-01,5.452926e-01,3.927729,333.9826
0.156226,2.515000e+01,-5.109001e+00,8.743465e-01,2.190589e-01,5.588017e-01,5.455153e-01,3.928534,334.2723
0.156258,2.515000e+01,-5.108957e+00,8.743465e-01,2.187240e-01,5.582782e-01,5.451920e-01,3.929339,334.5620
0.15629,2.515000e+01,-5.108938e+00,8.743465e-01,2.185048e-01,5.568593e-01,5.460334e-01,3.930144,334.8517
0.156323,2.515000e+01,-5.108910e+00,8.743465e-01,2.182867e-01,5.570801e-01,5.452720e-01,3.930973,335.1504
0.156355,2.515000e+01,-5.108876e+00,8.743465e-01,2.183274e-01,5.576697e-01,5.447973e-01,3.931778,335.4401
0.156387,2.515000e+01,-5.108844e+00,8.743465e-01,2.186548e-01,5.584250e-01,5.448762e-01,3.932583,335.7298
0.156419,2.515000e+01,-5.108818e+00,8.743465e-01,2.186879e-01,5.583787e-01,5.450038e-01,3.933387,336.0195
0.156452,2.515000e+01,-5.108810e+00,8.743465e-01,2.189058e-01,5.580375e-01,5.458805e-01,3.934217,336.3182
0.156484,2.515000e+01,-5.108809e+00,8.743465e-01,2.189036e-01,5.577873e-01,5.461199e-01,3.935022,336.6079
0.156516,2.515000e+01,-5.108799e+00,8.743465e-01,2.185021e-01,5.576193e-01,5.452825e-01,3.935827,336.8976
0.156548,2.515000e+01,-5.108791e+00,8.743465e-01,2.185302e-01,5.577829e-01,5.451927e-01,3.936631,337.1873
0.156581,2.515000e+01,-5.108783e+00,8.743465e-01,2.185032e-01,5.580064e-01,5.449070e-01,3.937461,337.4860
0.156613,2.515000e+01,-5.108789e+00,8.743465e-01,2.186483e-01,5.577802e-01,5.454899e-01,3.938266,337.7757
0.156645,2.515000e+01,-5.108794e+00,8.743465e-01,2.183854e-01,5.575253e-01,5.450831e-01,3.939071,338.0654
0.156677,2.515000e+01,-5.108797e+00,8.743465e-01,2.182244e-01,5.574983e-01,5.447078e-01,3.939875,338.3551
0.15671,2.515000e+01,-5.108804e+00,8.743465e-01,2.183894e-01,5.577144e-01,5.449082e-01,3.940705,338.6538
0.156742,2.515000e+01,-5.108812e+00,8.743465e-01,2.187485e-01,5.584501e-01,5.450853e-01,3.941510,338.9435
0.156774,2.515000e+01,-5.108834e+00,8.743465e-01,2.188493e-01,5.581337e-01,5.456454e-01,3.942314,339.2332
0.156806,2.515000e+01,-5.108870e+00,8.743465e-01,2.189841e-01,5.579466e-01,5.461647e-01,3.943119,339.5229
0.156839,2.515000e+01,-5.108912e+00,8.743465e-01,2.189965e-01,5.578089e-01,5.463306e-01,3.943949,339.8216
0.156871,2.515000e+01,-5.108962e+00,8.743465e-01,2.187337e-01,5.572692e-01,5.462035e-01,3.944754,340.1113
0.156903,2.515000e+01,-5.109026e+00,8.743465e-01,2.186590e-01,5.567493e-01,5.465267e-01,3.945558,340.4010
0.156935,2.515000e+01,-5.109083e+00,8.743465e-01,2.183676e-01,5.568723e-01,5.456779e-01,3.946363,340.6907
0.156968,2.515000e+01,-5.109146e+00,8.743465e-01,2.186772e-01,5.572017e-01,5.461283e-01,3.947193,340.9894
0.157,2.515000e+01,-5.109201e+00,8.743465e-01,2.187177e-01,5.578224e-01,5.456219e-01,3.947998,341.2791
0.157032,2.515000e+01,-5.109253e+00,8.743465e-01,2.187523e-01,5.580395e-01,5.454957e-01,3.948802,341.5688
0.157065,2.515000e+01,-5.109299e+00,8.743465e-01,2.186226e-01,5.582495e-01,5.449671e-01,3.949632,341.8675
0.157097,2.515000e+01,-5.109367e+00,8.743465e-01,2.187591e-01,5.573764e-01,5.461616e-01,3.950437,342.1572
0.157129,2.515000e+01,-5.109448e+00,8.743465e-01,2.189853e-01,5.571891e-01,5.469102e-01,3.951241,342.4469
0.157161,2.515000e+01,-5.109526e+00,8.743465e-01,2.188878e-01,5.571683e-01,5.466872e-01,3.952046,342.7366
0.157194,2.515000e+01,-5.109583e+00,8.743465e-01,2.185301e-01,5.575011e-01,5.454679e-01,3.952876,343.0353
0.157226,2.515000e+01,-5.109632e+00,8.743465e-01,2.184048e-01,5.577426e-01,5.449191e-01,3.953681,343.3250
0.157258,2.515000e+01,-5.109686e+00,8.743465e-01,2.184112e-01,5.576842e-01,5.449922e-01,3.954485,343.6147
0.15729,2.515000e+01,-5.109759e+00,8.743465e-01,2.186520e-01,5.573521e-01,5.459181e-01,3.955290,343.9044
0.157323,2.515000e+01,-5.109828e+00,8.743465e-01,2.188189e-01,5.579373e-01,5.457617e-01,3.956120,344.2031
0.157355,2.515000e+01,-5.109889e+00,8.743465e-01,2.187695e-01,5.581533e-01,5.454276e-01,3.956925,344.4928
0.157387,2.515000e+01,-5.109954e+00,8.743465e-01,2.188673e-01,5.582133e-01,5.456124e-01,3.957729,344.7825
0.157419,2.515000e+01,-5.110021e+00,8.743465e-01,2.188888e-01,5.582048e-01,5.456746e-01,3.958534,345.0722
0.157452,2.515000e+01,-5.110109e+00,8.743465e-01,2.189360e-01,5.570936e-01,5.468808e-01,3.959364,345.3709
0.157484,2.515000e+01,-5.110207e+00,8.743465e-01,2.189446e-01,5.566074e-01,5.473801e-01,3.960168,345.6606
0.157516,2.515000e+01,-5.110301e+00,8.743465e-01,2.190038e-01,5.568943e-01,5.472460e-01,3.960973,345.9503
0.157548,2.515000e+01,-5.110368e+00,8.743465e-01,2.187978e-01,5.577679e-01,5.458750e-01,3.961778,346.2400
0.157581,2.515000e+01,-5.110427e+00,8.743465e-01,2.186745e-01,5.578166e-01,5.455196e-01,3.962608,346.5387
0.157613,2.515000e+01,-5.110488e+00,8.743465e-01,2.189045e-01,5.580262e-01,5.458882e-01,3.963412,346.8284
0.157645,2.515000e+01,-5.110556e+00,8.743465e-01,2.191534e-01,5.580162e-01,5.465188e-01,3.964217,347.1181
0.157677,2.515000e+01,-5.110624e+00,8.743465e-01,2.190772e-01,5.577485e-01,5.465909e-01,3.965022,347.4078
0.15771,2.515000e+01,-5.110683e+00,8.743465e-01,2.188917e-01,5.576659e-01,5.462092e-01,3.965852,347.7065
0.157742,2.515000e+01,-5.110737e+00,8.743465e-01,2.191125e-01,5.580346e-01,5.463988e-01,3.966656,347.9962
0.157774,2.515000e+01,-5.110794e+00,8.743465e-01,2.193324e-01,5.578495e-01,5.471287e-01,3.967461,348.2859
0.157806,2.515000e+01,-5.110858e+00,8.743465e-01,2.192082e-01,5.570721e-01,5.475818e-01,3.968266,348.5756
0.157839,2.515000e+01,-5.110905e+00,8.743465e-01,2.187959e-01,5.570859e-01,5.465385e-01,3.969095,348.8743
0.157871,2.515000e+01,-5.110944e+00,8.743465e-01,2.189400e-01,5.576333e-01,5.463616e-01,3.969900,349.1640
0.157903,2.515000e+01,-5.110948e+00,8.743465e-01,2.186384e-01,5.585686e-01,5.446954e-01,3.970705,349.4537
0.157935,2.515000e+01,-5.110949e+00,8.743465e-01,2.185540e-01,5.584713e-01,5.445799e-01,3.971509,349.7434
0.157968,2.515000e+01,-5.110973e+00,8.743465e-01,2.190493e-01,5.581403e-01,5.461378e-01,3.972339,350.0422
0.158,2.515000e+01,-5.111005e+00,8.743465e-01,2.194507e-01,5.584277e-01,5.468569e-01,3.973144,350.3318
0.158033,2.515000e+01,-5.111043e+00,8.743465e-01,2.196166e-01,5.577147e-01,5.479700e-01,3.973974,350.6306
0.158067,2.515000e+01,-5.111076e+00,8.743465e-01,2.194510e-01,5.577078e-01,5.475635e-01,3.974829,350.9384
0.1581,2.515000e+01,-5.111112e+00,8.743465e-01,2.195959e-01,5.578233e-01,5.478118e-01,3.975659,351.2371
0.158133,2.515000e+01,-5.111149e+00,8.743465e-01,2.197565e-01,5.580136e-01,5.480252e-01,3.976488,351.5359
0.158167,2.515000e+01,-5.111183e+00,8.743465e-01,2.194292e-01,5.576439e-01,5.475721e-01,3.977343,351.8436
0.1582,2.515000e+01,-5.111194e+00,8.743465e-01,2.191356e-01,5.583132e-01,5.461837e-01,3.978173,352.1424
0.158233,2.515000e+01,-5.111197e+00,8.743465e-01,2.192531e-01,5.589412e-01,5.458626e-01,3.979003,352.4411
0.158267,2.515000e+01,-5.111206e+00,8.743465e-01,2.194633e-01,5.589832e-01,5.463447e-01,3.979858,352.7489
0.1583,2.515000e+01,-5.111252e+00,8.743465e-01,2.200143e-01,5.583786e-01,5.483095e-01,3.980688,353.0477
0.158333,2.515000e+01,-5.111285e+00,8.743465e-01,2.198541e-01,5.588677e-01,5.474308e-01,3.981518,353.3464
0.158367,2.515000e+01,-5.111288e+00,8.743465e-01,2.194615e-01,5.595751e-01,5.457625e-01,3.982373,353.6542
0.1584,2.515000e+01,-5.111323e+00,8.743465e-01,2.196447e-01,5.582653e-01,5.474995e-01,3.983203,353.9529
0.158433,2.515000e+01,-5.111362e+00,8.743465e-01,2.197881e-01,5.581060e-01,5.480135e-01,3.984032,354.2517
0.158467,2.515000e+01,-5.111402e+00,8.743465e-01,2.201302e-01,5.586765e-01,5.483060e-01,3.984887,354.5595
0.1585,2.515000e+01,-5.111427e+00,8.743465e-01,2.200233e-01,5.591533e-01,5.475723e-01,3.985717,354.8582
0.158533,2.515000e+01,-5.111445e+00,8.743465e-01,2.195651e-01,5.586506e-01,5.469237e-01,3.986547,355.1569
0.158567,2.515000e+01,-5.111445e+00,8.743465e-01,2.192771e-01,5.590432e-01,5.458228e-01,3.987402,355.4647
0.1586,2.515000e+01,-5.111421e+00,8.743465e-01,2.193424e-01,5.600361e-01,5.450173e-01,3.988232,355.7635
0.158633,2.515000e+01,-5.111434e+00,8.743465e-01,2.201066e-01,5.595470e-01,5.473941e-01,3.989062,356.0622
0.158667,2.515000e+01,-5.111478e+00,8.743465e-01,2.206721e-01,5.591202e-01,5.492196e-01,3.989917,356.3700
0.1587,2.515000e+01,-5.111510e+00,8.743465e-01,2.206119e-01,5.594604e-01,5.487360e-01,3.990747,356.6688
0.158733,2.515000e+01,-5.111481e+00,8.743465e-01,2.193274e-01,5.598695e-01,5.451420e-01,3.991576,356.9675
0.158767,2.515000e+01,-5.111469e+00,8.743465e-01,2.193329e-01,5.588748e-01,5.461261e-01,3.992431,357.2753
0.1588,2.515000e+01,-5.111480e+00,8.743465e-01,2.199102e-01,5.587476e-01,5.476882e-01,3.993261,357.5740
0.158833,2.515000e+01,-5.111514e+00,8.743465e-01,2.206276e-01,5.592209e-01,5.490098e-01,3.994091,357.8728
0.158867,2.515000e+01,-5.111515e+00,8.743465e-01,2.203176e-01,5.602366e-01,5.472446e-01,3.994946,358.1806
0.1589,2.515000e+01,-5.111497e+00,8.743465e-01,2.200067e-01,5.606536e-01,5.460657e-01,3.995776,358.4793
0.158933,2.515000e+01,-5.111483e+00,8.743465e-01,2.200363e-01,5.605102e-01,5.462790e-01,3.996606,358.7780
0.158967,2.515000e+01,-5.111476e+00,8.743465e-01,2.200603e-01,5.604354e-01,5.464115e-01,3.997461,359.0858
0.159,2.515000e+01,-5.111539e+00,8.743465e-01,2.208943e-01,5.584819e-01,5.504009e-01,3.998290,359.3846
0.159033,2.515000e+01,-5.111600e+00,8.743465e-01,2.209819e-01,5.587670e-01,5.503382e-01,3.999120,359.6833
0.159067,2.515000e+01,-5.111631e+00,8.743465e-01,2.208376e-01,5.599249e-01,5.488416e-01,3.999975,359.9911
