time,n,URef,J,KT,10KQ,eta0
1.20482e-05,2.515000e+01,-4.881229e+00,9.704234e-01,6.926576e+02,1.910368e+02,5.599935e+00
2.65769e-05,2.515000e+01,-4.887440e+00,9.716581e-01,1.512511e+01,2.957433e+01,7.908918e-01
4.39595e-05,2.515000e+01,-4.897523e+00,9.736626e-01,3.827583e+00,9.300818e+00,6.377231e-01
6.47429e-05,2.515000e+01,-4.904167e+00,9.749835e-01,1.656767e+00,4.053732e+00,6.341964e-01
8.87239e-05,2.515000e+01,-4.909099e+00,9.759639e-01,9.929755e-01,2.263093e+00,6.815381e-01
0.000115526,2.515000e+01,-4.913164e+00,9.767722e-01,7.567997e-01,1.751096e+00,6.718686e-01
0.000145009,2.515000e+01,-4.916693e+00,9.774737e-01,6.409212e-01,1.515686e+00,6.578408e-01
0.000176675,2.515000e+01,-4.919873e+00,9.781060e-01,5.739054e-01,1.379962e+00,6.474096e-01
0.000208341,2.515000e+01,-4.922703e+00,9.786685e-01,5.305283e-01,1.290393e+00,6.403867e-01
0.00023879,2.515000e+01,-4.925233e+00,9.791716e-01,5.048327e-01,1.234267e+00,6.374079e-01
0.000269238,2.515000e+01,-4.927607e+00,9.796436e-01,4.922876e-01,1.204429e+00,6.372735e-01
0.000299687,2.515000e+01,-4.929835e+00,9.800865e-01,4.871783e-01,1.193318e+00,6.368191e-01
0.000330135,2.515000e+01,-4.931895e+00,9.804960e-01,4.833472e-01,1.189579e+00,6.340620e-01
0.000360583,2.515000e+01,-4.933814e+00,9.808776e-01,4.826487e-01,1.191458e+00,6.323933e-01
0.000391032,2.515000e+01,-4.935613e+00,9.812353e-01,4.818698e-01,1.192446e+00,6.310798e-01
0.00042148,2.515000e+01,-4.937336e+00,9.815777e-01,4.837011e-01,1.195823e+00,6.319095e-01
0.000451929,2.515000e+01,-4.938959e+00,9.819004e-01,4.854171e-01,1.201719e+00,6.312477e-01
0.000482377,2.515000e+01,-4.940475e+00,9.822017e-01,4.876486e-01,1.210907e+00,6.295308e-01
0.000512825,2.515000e+01,-4.941972e+00,9.824995e-01,4.919304e-01,1.215409e+00,6.328978e-01
0.000543274,2.515000e+01,-4.943451e+00,9.827934e-01,4.959978e-01,1.219647e+00,6.361040e-01
0.000573722,2.515000e+01,-4.944866e+00,9.830748e-01,4.978695e-01,1.224492e+00,6.361599e-01
0.000604171,2.515000e+01,-4.946166e+00,9.833332e-01,4.970468e-01,1.229790e+00,6.325389e-01
0.000634619,2.515000e+01,-4.947406e+00,9.835797e-01,4.979323e-01,1.233849e+00,6.317396e-01
0.000665067,2.515000e+01,-4.948605e+00,9.838182e-01,4.994769e-01,1.237246e+00,6.321125e-01
0.000695516,2.515000e+01,-4.949764e+00,9.840485e-01,5.005954e-01,1.240165e+00,6.321847e-01
0.000725964,2.515000e+01,-4.950864e+00,9.842672e-01,5.011648e-01,1.243730e+00,6.312301e-01
0.000756413,2.515000e+01,-4.951944e+00,9.844820e-01,5.019941e-01,1.244249e+00,6.321488e-01
0.000786861,2.515000e+01,-4.953011e+00,9.846939e-01,5.030471e-01,1.245329e+00,6.330614e-01
0.00081731,2.515000e+01,-4.954019e+00,9.848945e-01,5.023791e-01,1.247296e+00,6.313523e-01
0.000847758,2.515000e+01,-4.954972e+00,9.850839e-01,5.018053e-01,1.249234e+00,6.297741e-01
0.000878206,2.515000e+01,-4.955912e+00,9.852708e-01,5.023820e-01,1.249167e+00,6.306512e-01
0.000908655,2.515000e+01,-4.956842e+00,9.854557e-01,5.029871e-01,1.249235e+00,6.314949e-01
0.000939103,2.515000e+01,-4.957754e+00,9.856370e-01,5.033409e-01,1.249703e+00,6.318186e-01
0.000969552,2.515000e+01,-4.958623e+00,9.858098e-01,5.024561e-01,1.250400e+00,6.304669e-01
0.001,2.515000e+01,-4.959439e+00,9.859720e-01,5.010611e-01,1.251189e+00,6.284234e-01
0.0010303,2.515000e+01,-4.960222e+00,9.861277e-01,5.005631e-01,1.251424e+00,6.277804e-01
0.00106061,2.515000e+01,-4.960978e+00,9.862779e-01,5.002495e-01,1.251772e+00,6.273079e-01
0.00109091,2.515000e+01,-4.961730e+00,9.864274e-01,5.012056e-01,1.252575e+00,6.281991e-01
0.00112121,2.515000e+01,-4.962502e+00,9.865810e-01,5.026453e-01,1.252204e+00,6.302886e-01
0.00115152,2.515000e+01,-4.963229e+00,9.867254e-01,5.018578e-01,1.254050e+00,6.284668e-01
0.00118182,2.515000e+01,-4.963916e+00,9.868621e-01,5.010757e-01,1.255259e+00,6.269700e-01
0.00121212,2.515000e+01,-4.964584e+00,9.869948e-01,4.999018e-01,1.253825e+00,6.263005e-01
0.00124242,2.515000e+01,-4.965252e+00,9.871277e-01,4.997488e-01,1.252585e+00,6.268129e-01
0.00127273,2.515000e+01,-4.965916e+00,9.872596e-01,5.000412e-01,1.252671e+00,6.272203e-01
0.00130303,2.515000e+01,-4.966559e+00,9.873875e-01,5.001191e-01,1.254038e+00,6.267156e-01
0.00133333,2.515000e+01,-4.967166e+00,9.875081e-01,4.994087e-01,1.255316e+00,6.252645e-01
0.00136364,2.515000e+01,-4.967760e+00,9.876262e-01,4.989689e-01,1.254960e+00,6.249660e-01
0.00139394,2.515000e+01,-4.968347e+00,9.877429e-01,4.984163e-01,1.254032e+00,6.248094e-01
0.00142424,2.515000e+01,-4.968920e+00,9.878568e-01,4.982666e-01,1.254602e+00,6.244100e-01
0.00145455,2.515000e+01,-4.969483e+00,9.879687e-01,4.984352e-01,1.255309e+00,6.243401e-01
0.00148485,2.515000e+01,-4.970033e+00,9.880780e-01,4.981450e-01,1.255550e+00,6.239261e-01
0.00151515,2.515000e+01,-4.970554e+00,9.881818e-01,4.972998e-01,1.256570e+00,6.224274e-01
0.00154545,2.515000e+01,-4.971072e+00,9.882847e-01,4.970121e-01,1.256039e+00,6.223947e-01
0.00157576,2.515000e+01,-4.971595e+00,9.883887e-01,4.964996e-01,1.254101e+00,6.227797e-01
0.00160606,2.515000e+01,-4.972125e+00,9.884940e-01,4.962426e-01,1.252691e+00,6.232242e-01
0.00163636,2.515000e+01,-4.972638e+00,9.885960e-01,4.958738e-01,1.253393e+00,6.224763e-01
0.00166667,2.515000e+01,-4.973102e+00,9.886883e-01,4.945611e-01,1.255499e+00,6.198451e-01
0.00169697,2.515000e+01,-4.973552e+00,9.887778e-01,4.945103e-01,1.256527e+00,6.193305e-01
0.00172727,2.515000e+01,-4.974008e+00,9.888683e-01,4.943871e-01,1.255767e+00,6.196077e-01
0.00175758,2.515000e+01,-4.974461e+00,9.889585e-01,4.941713e-01,1.255518e+00,6.195166e-01
0.00178788,2.515000e+01,-4.974927e+00,9.890511e-01,4.946872e-01,1.255550e+00,6.202057e-01
0.00181818,2.515000e+01,-4.975396e+00,9.891444e-01,4.945360e-01,1.254833e+00,6.204288e-01
0.00184848,2.515000e+01,-4.975844e+00,9.892334e-01,4.938685e-01,1.255512e+00,6.193116e-01
0.00187879,2.515000e+01,-4.976273e+00,9.893187e-01,4.933654e-01,1.256628e+00,6.181847e-01
0.00190909,2.515000e+01,-4.976691e+00,9.894019e-01,4.926572e-01,1.256419e+00,6.174519e-01
0.00193939,2.515000e+01,-4.977109e+00,9.894848e-01,4.923264e-01,1.255917e+00,6.173356e-01
0.0019697,2.515000e+01,-4.977524e+00,9.895674e-01,4.918814e-01,1.255132e+00,6.172149e-01
0.002,2.515000e+01,-4.977907e+00,9.896436e-01,4.906946e-01,1.255843e+00,6.154247e-01
0.00203125,2.515000e+01,-4.978287e+00,9.897191e-01,4.905478e-01,1.255968e+00,6.152264e-01
0.0020625,2.515000e+01,-4.978671e+00,9.897955e-01,4.906760e-01,1.256287e+00,6.152782e-01
0.00209375,2.515000e+01,-4.979055e+00,9.898718e-01,4.905272e-01,1.256311e+00,6.151273e-01
0.002125,2.515000e+01,-4.979450e+00,9.899502e-01,4.902680e-01,1.255018e+00,6.154846e-01
0.00215625,2.515000e+01,-4.979845e+00,9.900289e-01,4.898898e-01,1.254096e+00,6.155106e-01
0.0021875,2.515000e+01,-4.980223e+00,9.901039e-01,4.888912e-01,1.253881e+00,6.144077e-01
0.00221875,2.515000e+01,-4.980600e+00,9.901790e-01,4.889688e-01,1.254268e+00,6.143622e-01
0.00225,2.515000e+01,-4.980950e+00,9.902485e-01,4.879300e-01,1.255214e+00,6.126383e-01
0.00228125,2.515000e+01,-4.981291e+00,9.903163e-01,4.877239e-01,1.255668e+00,6.121999e-01
0.0023125,2.515000e+01,-4.981622e+00,9.903820e-01,4.869044e-01,1.255052e+00,6.115118e-01
0.00234375,2.515000e+01,-4.981940e+00,9.904454e-01,4.863401e-01,1.255078e+00,6.108296e-01
0.002375,2.515000e+01,-4.982272e+00,9.905113e-01,4.866251e-01,1.254608e+00,6.114570e-01
0.00240625,2.515000e+01,-4.982645e+00,9.905855e-01,4.876466e-01,1.252601e+00,6.137687e-01
0.0024375,2.515000e+01,-4.983021e+00,9.906603e-01,4.873824e-01,1.251933e+00,6.138094e-01
0.00246875,2.515000e+01,-4.983358e+00,9.907272e-01,4.861671e-01,1.253593e+00,6.115097e-01
0.0025,2.515000e+01,-4.983660e+00,9.907874e-01,4.844990e-01,1.253781e+00,6.093571e-01
0.00253125,2.515000e+01,-4.983959e+00,9.908468e-01,4.840411e-01,1.253244e+00,6.090782e-01
0.0025625,2.515000e+01,-4.984273e+00,9.909091e-01,4.841477e-01,1.252094e+00,6.098107e-01
0.00259375,2.515000e+01,-4.984591e+00,9.909723e-01,4.840020e-01,1.251529e+00,6.099409e-01
0.002625,2.515000e+01,-4.984894e+00,9.910326e-01,4.836666e-01,1.252410e+00,6.091265e-01
0.00265625,2.515000e+01,-4.985191e+00,9.910917e-01,4.831534e-01,1.252102e+00,6.086665e-01
0.0026875,2.515000e+01,-4.985471e+00,9.911473e-01,4.822489e-01,1.252081e+00,6.075710e-01
0.00271875,2.515000e+01,-4.985753e+00,9.912035e-01,4.818677e-01,1.251159e+00,6.075725e-01
0.00275,2.515000e+01,-4.986068e+00,9.912659e-01,4.822406e-01,1.248857e+00,6.092021e-01
0.00278125,2.515000e+01,-4.986396e+00,9.913312e-01,4.823764e-01,1.247737e+00,6.099608e-01
0.0028125,2.515000e+01,-4.986720e+00,9.913957e-01,4.819720e-01,1.247582e+00,6.095647e-01
0.00284375,2.515000e+01,-4.986966e+00,9.914446e-01,4.795866e-01,1.250569e+00,6.051290e-01
0.002875,2.515000e+01,-4.987186e+00,9.914882e-01,4.783715e-01,1.250721e+00,6.035490e-01
0.00290625,2.515000e+01,-4.987442e+00,9.915391e-01,4.791292e-01,1.248976e+00,6.053807e-01
0.0029375,2.515000e+01,-4.987723e+00,9.915949e-01,4.793798e-01,1.247202e+00,6.065927e-01
0.00296875,2.515000e+01,-4.988009e+00,9.916518e-01,4.791783e-01,1.246404e+00,6.067611e-01
0.003,2.515000e+01,-4.988286e+00,9.917069e-01,4.784551e-01,1.245722e+00,6.062104e-01
0.00303125,2.515000e+01,-4.988540e+00,9.917574e-01,4.776423e-01,1.246305e+00,6.049284e-01
0.0030625,2.515000e+01,-4.988803e+00,9.918097e-01,4.779668e-01,1.246705e+00,6.051769e-01
0.00309375,2.515000e+01,-4.989072e+00,9.918632e-01,4.777067e-01,1.245985e+00,6.052300e-01
0.003125,2.515000e+01,-4.989348e+00,9.919181e-01,4.769137e-01,1.243578e+00,6.054283e-01
0.00315625,2.515000e+01,-4.989601e+00,9.919683e-01,4.753466e-01,1.242505e+00,6.039908e-01
0.0031875,2.515000e+01,-4.989830e+00,9.920140e-01,4.741488e-01,1.242387e+00,6.025536e-01
0.00321875,2.515000e+01,-4.990066e+00,9.920608e-01,4.745469e-01,1.243171e+00,6.027077e-01
0.00325,2.515000e+01,-4.990310e+00,9.921094e-01,4.749078e-01,1.243337e+00,6.031150e-01
0.00328125,2.515000e+01,-4.990556e+00,9.921583e-01,4.744117e-01,1.242203e+00,6.030646e-01
0.0033125,2.515000e+01,-4.990808e+00,9.922084e-01,4.744205e-01,1.241727e+00,6.033373e-01
0.00334375,2.515000e+01,-4.991072e+00,9.922609e-01,4.741518e-01,1.239862e+00,6.039346e-01
0.003375,2.515000e+01,-4.991330e+00,9.923122e-01,4.731580e-01,1.238393e+00,6.034149e-01
0.00340625,2.515000e+01,-4.991586e+00,9.923630e-01,4.727014e-01,1.237936e+00,6.030862e-01
0.0034375,2.515000e+01,-4.991805e+00,9.924066e-01,4.712267e-01,1.239189e+00,6.006230e-01
0.00346875,2.515000e+01,-4.992030e+00,9.924513e-01,4.712144e-01,1.238925e+00,6.007624e-01
0.0035,2.515000e+01,-4.992267e+00,9.924983e-01,4.710035e-01,1.237455e+00,6.012353e-01
0.00353125,2.515000e+01,-4.992471e+00,9.925391e-01,4.691727e-01,1.236515e+00,5.993782e-01
0.0035625,2.515000e+01,-4.992663e+00,9.925772e-01,4.682316e-01,1.235957e+00,5.984690e-01
0.00359375,2.515000e+01,-4.992897e+00,9.926237e-01,4.697375e-01,1.235503e+00,6.006429e-01
0.003625,2.515000e+01,-4.993143e+00,9.926725e-01,4.693456e-01,1.233728e+00,6.010348e-01
0.00365625,2.515000e+01,-4.993374e+00,9.927185e-01,4.680227e-01,1.232689e+00,5.998737e-01
0.0036875,2.515000e+01,-4.993560e+00,9.927556e-01,4.660341e-01,1.232805e+00,5.972909e-01
0.00371875,2.515000e+01,-4.993770e+00,9.927972e-01,4.666298e-01,1.231741e+00,5.985960e-01
0.00375,2.515000e+01,-4.994021e+00,9.928472e-01,4.681805e-01,1.231232e+00,6.008638e-01
0.00378125,2.515000e+01,-4.994261e+00,9.928949e-01,4.671656e-01,1.230431e+00,5.999803e-01
0.0038125,2.515000e+01,-4.994464e+00,9.929352e-01,4.651557e-01,1.230497e+00,5.973912e-01
0.00384375,2.515000e+01,-4.994661e+00,9.929743e-01,4.644323e-01,1.229666e+00,5.968888e-01
0.003875,2.515000e+01,-4.994865e+00,9.930150e-01,4.637613e-01,1.227513e+00,5.970959e-01
0.00390625,2.515000e+01,-4.995096e+00,9.930608e-01,4.643182e-01,1.226369e+00,5.983987e-01
0.0039375,2.515000e+01,-4.995313e+00,9.931040e-01,4.638831e-01,1.226748e+00,5.976792e-01
0.00396875,2.515000e+01,-4.995542e+00,9.931494e-01,4.636689e-01,1.225409e+00,5.980833e-01
0.004,2.515000e+01,-4.995777e+00,9.931963e-01,4.633106e-01,1.224266e+00,5.982074e-01
0.00403226,2.515000e+01,-4.995965e+00,9.932337e-01,4.605029e-01,1.222757e+00,5.953382e-01
0.00406452,2.515000e+01,-4.996147e+00,9.932697e-01,4.597488e-01,1.222464e+00,5.945276e-01
0.00409677,2.515000e+01,-4.996343e+00,9.933087e-01,4.598416e-01,1.221524e+00,5.951284e-01
0.00412903,2.515000e+01,-4.996565e+00,9.933528e-01,4.605527e-01,1.220967e+00,5.963468e-01
0.00416129,2.515000e+01,-4.996793e+00,9.933982e-01,4.602059e-01,1.219967e+00,5.964137e-01
0.00419355,2.515000e+01,-4.996976e+00,9.934346e-01,4.580578e-01,1.220041e+00,5.936154e-01
0.00422581,2.515000e+01,-4.997163e+00,9.934719e-01,4.574277e-01,1.218350e+00,5.936441e-01
0.00425806,2.515000e+01,-4.997375e+00,9.935139e-01,4.577834e-01,1.217019e+00,5.947806e-01
0.00429032,2.515000e+01,-4.997604e+00,9.935594e-01,4.577483e-01,1.215568e+00,5.954720e-01
0.00432258,2.515000e+01,-4.997828e+00,9.936040e-01,4.569541e-01,1.214540e+00,5.949688e-01
0.00435484,2.515000e+01,-4.998021e+00,9.936424e-01,4.551174e-01,1.213627e+00,5.930463e-01
0.0043871,2.515000e+01,-4.998198e+00,9.936776e-01,4.545969e-01,1.214599e+00,5.919150e-01
0.00441935,2.515000e+01,-4.998389e+00,9.937156e-01,4.541912e-01,1.212979e+00,5.921990e-01
0.00445161,2.515000e+01,-4.998581e+00,9.937538e-01,4.537192e-01,1.212091e+00,5.920398e-01
0.00448387,2.515000e+01,-4.998799e+00,9.937969e-01,4.538749e-01,1.210026e+00,5.932794e-01
0.00451613,2.515000e+01,-4.999019e+00,9.938408e-01,4.538731e-01,1.209882e+00,5.933739e-01
0.00454839,2.515000e+01,-4.999225e+00,9.938818e-01,4.526810e-01,1.209039e+00,5.922523e-01
0.00458065,2.515000e+01,-4.999423e+00,9.939211e-01,4.519832e-01,1.208576e+00,5.915894e-01
0.0046129,2.515000e+01,-4.999632e+00,9.939627e-01,4.517597e-01,1.207143e+00,5.920234e-01
0.00464516,2.515000e+01,-4.999843e+00,9.940045e-01,4.507770e-01,1.205384e+00,5.916226e-01
0.00467742,2.515000e+01,-5.000065e+00,9.940488e-01,4.505703e-01,1.203754e+00,5.921785e-01
0.00470968,2.515000e+01,-5.000234e+00,9.940822e-01,4.480393e-01,1.203734e+00,5.888819e-01
0.00474194,2.515000e+01,-5.000398e+00,9.941149e-01,4.474497e-01,1.203101e+00,5.884353e-01
0.00477419,2.515000e+01,-5.000561e+00,9.941473e-01,4.471027e-01,1.203155e+00,5.879721e-01
0.00480645,2.515000e+01,-5.000756e+00,9.941861e-01,4.477184e-01,1.201652e+00,5.895410e-01
0.00483871,2.515000e+01,-5.000967e+00,9.942280e-01,4.476292e-01,1.199727e+00,5.903941e-01
0.00487097,2.515000e+01,-5.001157e+00,9.942658e-01,4.463691e-01,1.199035e+00,5.890945e-01
0.00490323,2.515000e+01,-5.001352e+00,9.943046e-01,4.457938e-01,1.197816e+00,5.889567e-01
0.00493548,2.515000e+01,-5.001551e+00,9.943442e-01,4.455614e-01,1.197285e+00,5.889343e-01
0.00496774,2.515000e+01,-5.001750e+00,9.943837e-01,4.448648e-01,1.196157e+00,5.885913e-01
0.005,2.515000e+01,-5.001944e+00,9.944223e-01,4.442443e-01,1.195609e+00,5.880630e-01
0.00503226,2.515000e+01,-5.002145e+00,9.944622e-01,4.438748e-01,1.194279e+00,5.882514e-01
0.00506452,2.515000e+01,-5.002334e+00,9.944998e-01,4.426421e-01,1.192692e+00,5.874205e-01
0.00509677,2.515000e+01,-5.002518e+00,9.945364e-01,4.417884e-01,1.191539e+00,5.868766e-01
0.00512903,2.515000e+01,-5.002696e+00,9.945717e-01,4.408942e-01,1.190792e+00,5.860772e-01
0.00516129,2.515000e+01,-5.002899e+00,9.946121e-01,4.416940e-01,1.190184e+00,5.874638e-01
0.00519355,2.515000e+01,-5.003103e+00,9.946528e-01,4.417319e-01,1.190008e+00,5.876253e-01
0.00522581,2.515000e+01,-5.003282e+00,9.946883e-01,4.398564e-01,1.188507e+00,5.858904e-01
0.00525806,2.515000e+01,-5.003466e+00,9.947248e-01,4.390495e-01,1.186613e+00,5.857703e-01
0.00529032,2.515000e+01,-5.003643e+00,9.947601e-01,4.378174e-01,1.185125e+00,5.848808e-01
0.00532258,2.515000e+01,-5.003844e+00,9.948001e-01,4.383685e-01,1.184305e+00,5.860462e-01
0.00535484,2.515000e+01,-5.004042e+00,9.948394e-01,4.381673e-01,1.184356e+00,5.857751e-01
0.0053871,2.515000e+01,-5.004238e+00,9.948784e-01,4.378709e-01,1.184034e+00,5.855609e-01
0.00541935,2.515000e+01,-5.004427e+00,9.949159e-01,4.368378e-01,1.182696e+00,5.848625e-01
0.00545161,2.515000e+01,-5.004615e+00,9.949534e-01,4.359615e-01,1.180982e+00,5.845582e-01
0.00548387,2.515000e+01,-5.004799e+00,9.949899e-01,4.348464e-01,1.179307e+00,5.839126e-01
0.00551613,2.515000e+01,-5.004994e+00,9.950286e-01,4.352464e-01,1.178990e+00,5.846293e-01
0.00554839,2.515000e+01,-5.005189e+00,9.950673e-01,4.350619e-01,1.178823e+00,5.844874e-01
0.00558065,2.515000e+01,-5.005369e+00,9.951031e-01,4.341779e-01,1.178510e+00,5.834756e-01
0.0056129,2.515000e+01,-5.005542e+00,9.951375e-01,4.322973e-01,1.175628e+00,5.823924e-01
0.00564516,2.515000e+01,-5.005715e+00,9.951721e-01,4.313781e-01,1.173959e+00,5.820006e-01
0.00567742,2.515000e+01,-5.005907e+00,9.952101e-01,4.317269e-01,1.173128e+00,5.829060e-01
0.00570968,2.515000e+01,-5.006098e+00,9.952482e-01,4.318788e-01,1.173519e+00,5.829391e-01
0.00574194,2.515000e+01,-5.006286e+00,9.952854e-01,4.314403e-01,1.172884e+00,5.826844e-01
0.00577419,2.515000e+01,-5.006489e+00,9.953258e-01,4.317519e-01,1.172081e+00,5.835287e-01
0.00580645,2.515000e+01,-5.006680e+00,9.953638e-01,4.303732e-01,1.170814e+00,5.823167e-01
0.00583871,2.515000e+01,-5.006872e+00,9.954020e-01,4.294926e-01,1.169115e+00,5.819919e-01
0.00587097,2.515000e+01,-5.007063e+00,9.954400e-01,4.292441e-01,1.168517e+00,5.819754e-01
0.00590323,2.515000e+01,-5.007253e+00,9.954778e-01,4.288682e-01,1.167773e+00,5.818580e-01
0.00593548,2.515000e+01,-5.007454e+00,9.955176e-01,4.288735e-01,1.167001e+00,5.822736e-01
0.00596774,2.515000e+01,-5.007628e+00,9.955523e-01,4.268112e-01,1.165856e+00,5.800631e-01
0.006,2.515000e+01,-5.007815e+00,9.955895e-01,4.267925e-01,1.164742e+00,5.806140e-01
0.00603226,2.515000e+01,-5.008004e+00,9.956270e-01,4.267874e-01,1.164552e+00,5.807235e-01
0.00606452,2.515000e+01,-5.008196e+00,9.956651e-01,4.264925e-01,1.163480e+00,5.808795e-01
0.00609677,2.515000e+01,-5.008390e+00,9.957037e-01,4.260675e-01,1.162398e+00,5.808632e-01
0.00612903,2.515000e+01,-5.008575e+00,9.957406e-01,4.253869e-01,1.162012e+00,5.801493e-01
0.00616129,2.515000e+01,-5.008762e+00,9.957778e-01,4.249540e-01,1.161093e+00,5.800395e-01
0.00619355,2.515000e+01,-5.008941e+00,9.958133e-01,4.239791e-01,1.160323e+00,5.791132e-01
0.00622581,2.515000e+01,-5.009125e+00,9.958499e-01,4.237731e-01,1.159434e+00,5.792973e-01
0.00625806,2.515000e+01,-5.009317e+00,9.958880e-01,4.238171e-01,1.158438e+00,5.798777e-01
0.00629032,2.515000e+01,-5.009501e+00,9.959246e-01,4.228704e-01,1.157294e+00,5.791753e-01
0.00632258,2.515000e+01,-5.009690e+00,9.959622e-01,4.220587e-01,1.155601e+00,5.789326e-01
0.00635484,2.515000e+01,-5.009883e+00,9.960007e-01,4.220490e-01,1.155275e+00,5.791048e-01
0.0063871,2.515000e+01,-5.010077e+00,9.960391e-01,4.221429e-01,1.155438e+00,5.791747e-01
0.00641935,2.515000e+01,-5.010264e+00,9.960763e-01,4.218658e-01,1.155145e+00,5.789625e-01
0.00645161,2.515000e+01,-5.010453e+00,9.961140e-01,4.214283e-01,1.154275e+00,5.788201e-01
0.00648387,2.515000e+01,-5.010647e+00,9.961525e-01,4.205649e-01,1.152474e+00,5.785595e-01
0.00651613,2.515000e+01,-5.010841e+00,9.961910e-01,4.203413e-01,1.152034e+00,5.784948e-01
0.00654839,2.515000e+01,-5.011028e+00,9.962283e-01,4.192911e-01,1.150635e+00,5.777730e-01
0.00658065,2.515000e+01,-5.011222e+00,9.962668e-01,4.187829e-01,1.149094e+00,5.778686e-01
0.0066129,2.515000e+01,-5.011416e+00,9.963054e-01,4.185130e-01,1.148803e+00,5.776646e-01
0.00664516,2.515000e+01,-5.011609e+00,9.963437e-01,4.185595e-01,1.148823e+00,5.777413e-01
0.00667742,2.515000e+01,-5.011801e+00,9.963819e-01,4.186133e-01,1.149014e+00,5.777416e-01
0.00670968,2.515000e+01,-5.011990e+00,9.964195e-01,4.180867e-01,1.148282e+00,5.774045e-01
0.00674194,2.515000e+01,-5.012176e+00,9.964565e-01,4.173575e-01,1.146980e+00,5.770729e-01
0.00677419,2.515000e+01,-5.012359e+00,9.964929e-01,4.164308e-01,1.145469e+00,5.765725e-01
0.00680645,2.515000e+01,-5.012542e+00,9.965292e-01,4.153819e-01,1.143617e+00,5.760725e-01
0.00683871,2.515000e+01,-5.012725e+00,9.965655e-01,4.154160e-01,1.143844e+00,5.760266e-01
0.00687097,2.515000e+01,-5.012913e+00,9.966029e-01,4.157993e-01,1.144090e+00,5.764558e-01
0.00690323,2.515000e+01,-5.013105e+00,9.966411e-01,4.162497e-01,1.144644e+00,5.768228e-01
0.00693548,2.515000e+01,-5.013299e+00,9.966797e-01,4.157018e-01,1.143473e+00,5.766756e-01
0.00696774,2.515000e+01,-5.013496e+00,9.967188e-01,4.149325e-01,1.141721e+00,5.765143e-01
0.007,2.515000e+01,-5.013693e+00,9.967581e-01,4.143768e-01,1.140555e+00,5.763539e-01
0.00703226,2.515000e+01,-5.013883e+00,9.967959e-01,4.138291e-01,1.139978e+00,5.759049e-01
0.00706452,2.515000e+01,-5.014069e+00,9.968329e-01,4.136845e-01,1.140037e+00,5.756953e-01
0.00709677,2.515000e+01,-5.014252e+00,9.968692e-01,4.136672e-01,1.140182e+00,5.756192e-01
0.00712903,2.515000e+01,-5.014443e+00,9.969072e-01,4.131958e-01,1.138577e+00,5.757955e-01
0.00716129,2.515000e+01,-5.014662e+00,9.969507e-01,4.125340e-01,1.135374e+00,5.765201e-01
0.00719355,2.515000e+01,-5.014874e+00,9.969928e-01,4.119312e-01,1.134874e+00,5.759558e-01
0.00722581,2.515000e+01,-5.015062e+00,9.970303e-01,4.112031e-01,1.135310e+00,5.747385e-01
0.00725806,2.515000e+01,-5.015241e+00,9.970658e-01,4.113550e-01,1.136183e+00,5.745294e-01
0.00729032,2.515000e+01,-5.015422e+00,9.971017e-01,4.111140e-01,1.135670e+00,5.744732e-01
0.00732258,2.515000e+01,-5.015620e+00,9.971412e-01,4.112590e-01,1.134445e+00,5.753192e-01
0.00735484,2.515000e+01,-5.015824e+00,9.971816e-01,4.109791e-01,1.133440e+00,5.754605e-01
0.0073871,2.515000e+01,-5.016018e+00,9.972203e-01,4.099639e-01,1.132331e+00,5.746239e-01
0.00741935,2.515000e+01,-5.016207e+00,9.972579e-01,4.094802e-01,1.131803e+00,5.742353e-01
0.00745161,2.515000e+01,-5.016386e+00,9.972935e-01,4.089286e-01,1.131523e+00,5.736241e-01
0.00748387,2.515000e+01,-5.016575e+00,9.973309e-01,4.089012e-01,1.130646e+00,5.740520e-01
0.00751613,2.515000e+01,-5.016777e+00,9.973713e-01,4.089312e-01,1.129872e+00,5.745103e-01
0.00754839,2.515000e+01,-5.016985e+00,9.974125e-01,4.086035e-01,1.129122e+00,5.744553e-01
0.00758065,2.515000e+01,-5.017187e+00,9.974526e-01,4.082604e-01,1.128685e+00,5.742184e-01
0.0076129,2.515000e+01,-5.017370e+00,9.974890e-01,4.079954e-01,1.129406e+00,5.734999e-01
0.00764516,2.515000e+01,-5.017557e+00,9.975263e-01,4.076345e-01,1.128231e+00,5.736110e-01
0.00767742,2.515000e+01,-5.017753e+00,9.975652e-01,4.073926e-01,1.127155e+00,5.738399e-01
0.00770968,2.515000e+01,-5.017947e+00,9.976037e-01,4.069530e-01,1.126402e+00,5.736262e-01
0.00774194,2.515000e+01,-5.018154e+00,9.976449e-01,4.066577e-01,1.124665e+00,5.741191e-01
0.00777419,2.515000e+01,-5.018376e+00,9.976890e-01,4.062566e-01,1.122788e+00,5.745370e-01
0.00780645,2.515000e+01,-5.018586e+00,9.977309e-01,4.054342e-01,1.122301e+00,5.736467e-01
0.00783871,2.515000e+01,-5.018785e+00,9.977704e-01,4.050185e-01,1.122291e+00,5.730865e-01
0.00787097,2.515000e+01,-5.018981e+00,9.978093e-01,4.051928e-01,1.123080e+00,5.729528e-01
0.00790323,2.515000e+01,-5.019174e+00,9.978477e-01,4.049829e-01,1.122929e+00,5.727551e-01
0.00793548,2.515000e+01,-5.019356e+00,9.978838e-01,4.044277e-01,1.122795e+00,5.720585e-01
0.00796774,2.515000e+01,-5.019554e+00,9.979232e-01,4.039517e-01,1.120186e+00,5.727390e-01
0.008,2.515000e+01,-5.019766e+00,9.979654e-01,4.039421e-01,1.119114e+00,5.732980e-01
0.00803333,2.515000e+01,-5.019984e+00,9.980087e-01,4.035715e-01,1.117361e+00,5.736956e-01
0.00806667,2.515000e+01,-5.020181e+00,9.980480e-01,4.028512e-01,1.118013e+00,5.723601e-01
0.0081,2.515000e+01,-5.020384e+00,9.980882e-01,4.028993e-01,1.118031e+00,5.724422e-01
0.00813333,2.515000e+01,-5.020604e+00,9.981319e-01,4.031479e-01,1.117501e+00,5.730924e-01
0.00816667,2.515000e+01,-5.020827e+00,9.981763e-01,4.024724e-01,1.115960e+00,5.729472e-01
0.0082,2.515000e+01,-5.021029e+00,9.982165e-01,4.019535e-01,1.116435e+00,5.719886e-01
0.00823333,2.515000e+01,-5.021225e+00,9.982555e-01,4.014098e-01,1.115902e+00,5.715098e-01
0.00826667,2.515000e+01,-5.021427e+00,9.982957e-01,4.014608e-01,1.115497e+00,5.718130e-01
0.0083,2.515000e+01,-5.021627e+00,9.983353e-01,4.006084e-01,1.113954e+00,5.714119e-01
0.00833333,2.515000e+01,-5.021842e+00,9.983782e-01,3.997835e-01,1.110787e+00,5.718859e-01
0.00836667,2.515000e+01,-5.022074e+00,9.984242e-01,3.997946e-01,1.109888e+00,5.723913e-01
0.0084,2.515000e+01,-5.022301e+00,9.984695e-01,3.997577e-01,1.110021e+00,5.722960e-01
0.00843333,2.515000e+01,-5.022504e+00,9.985098e-01,3.992467e-01,1.111021e+00,5.710729e-01
0.00846667,2.515000e+01,-5.022709e+00,9.985506e-01,3.990933e-01,1.110666e+00,5.710594e-01
0.0085,2.515000e+01,-5.022937e+00,9.985957e-01,3.994930e-01,1.109810e+00,5.720979e-01
0.00853333,2.515000e+01,-5.023146e+00,9.986374e-01,3.983882e-01,1.109153e+00,5.708773e-01
0.00856667,2.515000e+01,-5.023356e+00,9.986791e-01,3.976235e-01,1.107503e+00,5.706543e-01
0.0086,2.515000e+01,-5.023567e+00,9.987210e-01,3.976052e-01,1.107466e+00,5.706714e-01
0.00863333,2.515000e+01,-5.023794e+00,9.987662e-01,3.980487e-01,1.106834e+00,5.716596e-01
0.00866667,2.515000e+01,-5.024021e+00,9.988114e-01,3.971631e-01,1.104972e+00,5.713751e-01
0.0087,2.515000e+01,-5.024239e+00,9.988547e-01,3.957147e-01,1.102997e+00,5.703355e-01
0.00873333,2.515000e+01,-5.024450e+00,9.988967e-01,3.953262e-01,1.102978e+00,5.698090e-01
0.00876667,2.515000e+01,-5.024650e+00,9.989363e-01,3.955606e-01,1.104523e+00,5.693720e-01
0.0088,2.515000e+01,-5.024853e+00,9.989767e-01,3.956716e-01,1.104614e+00,5.695077e-01
0.00883333,2.515000e+01,-5.025074e+00,9.990207e-01,3.957623e-01,1.103430e+00,5.702749e-01
0.00886667,2.515000e+01,-5.025309e+00,9.990674e-01,3.958335e-01,1.102377e+00,5.709488e-01
0.0089,2.515000e+01,-5.025525e+00,9.991103e-01,3.948388e-01,1.101667e+00,5.699057e-01
0.00893333,2.515000e+01,-5.025739e+00,9.991529e-01,3.938080e-01,1.099673e+00,5.694727e-01
0.00896667,2.515000e+01,-5.025970e+00,9.991987e-01,3.942842e-01,1.099447e+00,5.703050e-01
0.009,2.515000e+01,-5.026207e+00,9.992460e-01,3.941284e-01,1.098571e+00,5.705609e-01
0.00903333,2.515000e+01,-5.026442e+00,9.992926e-01,3.934831e-01,1.097693e+00,5.701094e-01
0.00906667,2.515000e+01,-5.026656e+00,9.993351e-01,3.924435e-01,1.097486e+00,5.687342e-01
0.0091,2.515000e+01,-5.026858e+00,9.993753e-01,3.923011e-01,1.098323e+00,5.681175e-01
0.00913333,2.515000e+01,-5.027066e+00,9.994168e-01,3.924719e-01,1.098110e+00,5.684986e-01
0.00916667,2.515000e+01,-5.027314e+00,9.994659e-01,3.931609e-01,1.096307e+00,5.704612e-01
0.0092,2.515000e+01,-5.027550e+00,9.995129e-01,3.925259e-01,1.096157e+00,5.696446e-01
0.00923333,2.515000e+01,-5.027751e+00,9.995528e-01,3.912150e-01,1.096440e+00,5.676184e-01
0.00926667,2.515000e+01,-5.027957e+00,9.995938e-01,3.904633e-01,1.094387e+00,5.676137e-01
0.0093,2.515000e+01,-5.028196e+00,9.996413e-01,3.909193e-01,1.092635e+00,5.692150e-01
0.00933333,2.515000e+01,-5.028446e+00,9.996911e-01,3.913252e-01,1.092666e+00,5.698182e-01
0.00936667,2.515000e+01,-5.028662e+00,9.997341e-01,3.901493e-01,1.093225e+00,5.678398e-01
0.0094,2.515000e+01,-5.028898e+00,9.997810e-01,3.900900e-01,1.091868e+00,5.684862e-01
0.00943333,2.515000e+01,-5.029127e+00,9.998264e-01,3.896801e-01,1.091826e+00,5.679364e-01
0.00946667,2.515000e+01,-5.029344e+00,9.998697e-01,3.897270e-01,1.092925e+00,5.674580e-01
0.0095,2.515000e+01,-5.029554e+00,9.999113e-01,3.891858e-01,1.092144e+00,5.670985e-01
0.00953333,2.515000e+01,-5.029795e+00,9.999592e-01,3.892146e-01,1.089480e+00,5.685545e-01
0.00956667,2.515000e+01,-5.030031e+00,1.000006e+00,3.888289e-01,1.089146e+00,5.681919e-01
0.0096,2.515000e+01,-5.030235e+00,1.000047e+00,3.878311e-01,1.090182e+00,5.662184e-01
0.00963333,2.515000e+01,-5.030466e+00,1.000093e+00,3.877525e-01,1.087992e+00,5.672694e-01
0.00966667,2.515000e+01,-5.030729e+00,1.000145e+00,3.885245e-01,1.087035e+00,5.689290e-01
0.0097,2.515000e+01,-5.031013e+00,1.000201e+00,3.891040e-01,1.086646e+00,5.700138e-01
0.00973333,2.515000e+01,-5.031229e+00,1.000244e+00,3.868599e-01,1.087471e+00,5.663203e-01
0.00976667,2.515000e+01,-5.031416e+00,1.000282e+00,3.858342e-01,1.087870e+00,5.646326e-01
0.0098,2.515000e+01,-5.031625e+00,1.000323e+00,3.865435e-01,1.087699e+00,5.657832e-01
0.00983333,2.515000e+01,-5.031859e+00,1.000370e+00,3.872665e-01,1.087484e+00,5.669798e-01
0.00986667,2.515000e+01,-5.032139e+00,1.000425e+00,3.869713e-01,1.082836e+00,5.690111e-01
0.0099,2.515000e+01,-5.032376e+00,1.000472e+00,3.846440e-01,1.081145e+00,5.665004e-01
0.00993333,2.515000e+01,-5.032586e+00,1.000514e+00,3.840151e-01,1.082222e+00,5.650350e-01
0.00996667,2.515000e+01,-5.032795e+00,1.000556e+00,3.848054e-01,1.084652e+00,5.649528e-01
0.01,2.515000e+01,-5.033025e+00,1.000601e+00,3.849231e-01,1.083428e+00,5.657899e-01
0.0100333,2.515000e+01,-5.033278e+00,1.000652e+00,3.852305e-01,1.082245e+00,5.668891e-01
0.0100667,2.515000e+01,-5.033540e+00,1.000704e+00,3.857298e-01,1.082582e+00,5.674765e-01
0.0101,2.515000e+01,-5.033784e+00,1.000752e+00,3.848073e-01,1.081939e+00,5.664837e-01
0.0101333,2.515000e+01,-5.034005e+00,1.000796e+00,3.837826e-01,1.081797e+00,5.650738e-01
0.0101667,2.515000e+01,-5.034229e+00,1.000841e+00,3.837511e-01,1.081600e+00,5.651557e-01
0.0102,2.515000e+01,-5.034484e+00,1.000891e+00,3.841012e-01,1.080192e+00,5.664374e-01
0.0102333,2.515000e+01,-5.034767e+00,1.000948e+00,3.841161e-01,1.077817e+00,5.677393e-01
0.0102667,2.515000e+01,-5.035008e+00,1.000996e+00,3.822410e-01,1.077322e+00,5.652543e-01
0.0103,2.515000e+01,-5.035224e+00,1.001039e+00,3.817286e-01,1.078336e+00,5.639901e-01
0.0103333,2.515000e+01,-5.035446e+00,1.001083e+00,3.823517e-01,1.079618e+00,5.642649e-01
0.0103667,2.515000e+01,-5.035690e+00,1.001131e+00,3.828311e-01,1.079138e+00,5.652511e-01
0.0104,2.515000e+01,-5.035910e+00,1.001175e+00,3.816673e-01,1.078827e+00,5.637197e-01
0.0104333,2.515000e+01,-5.036108e+00,1.001214e+00,3.807385e-01,1.078638e+00,5.624687e-01
0.0104667,2.515000e+01,-5.036375e+00,1.001267e+00,3.819684e-01,1.075338e+00,5.660469e-01
0.0105,2.515000e+01,-5.036674e+00,1.001327e+00,3.828282e-01,1.074682e+00,5.677016e-01
0.0105333,2.515000e+01,-5.036945e+00,1.001381e+00,3.820869e-01,1.075740e+00,5.660755e-01
0.0105667,2.515000e+01,-5.037181e+00,1.001428e+00,3.809267e-01,1.076498e+00,5.639857e-01
0.0106,2.515000e+01,-5.037421e+00,1.001475e+00,3.803116e-01,1.075002e+00,5.638852e-01
0.0106333,2.515000e+01,-5.037656e+00,1.001522e+00,3.796960e-01,1.074255e+00,5.633902e-01
0.0106667,2.515000e+01,-5.037879e+00,1.001566e+00,3.798309e-01,1.075575e+00,5.629239e-01
0.0107,2.515000e+01,-5.038134e+00,1.001617e+00,3.806787e-01,1.074929e+00,5.645479e-01
0.0107333,2.515000e+01,-5.038417e+00,1.001673e+00,3.812235e-01,1.074061e+00,5.658442e-01
0.0107667,2.515000e+01,-5.038651e+00,1.001720e+00,3.793793e-01,1.074338e+00,5.629882e-01
0.0108,2.515000e+01,-5.038877e+00,1.001765e+00,3.787737e-01,1.073863e+00,5.623634e-01
0.0108333,2.515000e+01,-5.039130e+00,1.001815e+00,3.792685e-01,1.072710e+00,5.637316e-01
0.0108667,2.515000e+01,-5.039405e+00,1.001870e+00,3.796766e-01,1.072122e+00,5.646780e-01
0.0109,2.515000e+01,-5.039680e+00,1.001924e+00,3.797586e-01,1.072539e+00,5.646111e-01
0.0109333,2.515000e+01,-5.039928e+00,1.001974e+00,3.785963e-01,1.072519e+00,5.629212e-01
0.0109667,2.515000e+01,-5.040178e+00,1.002023e+00,3.784381e-01,1.072271e+00,5.628443e-01
0.011,2.515000e+01,-5.040413e+00,1.002070e+00,3.778864e-01,1.072446e+00,5.619584e-01
0.0110333,2.515000e+01,-5.040674e+00,1.002122e+00,3.786950e-01,1.072162e+00,5.633391e-01
0.0110667,2.515000e+01,-5.040975e+00,1.002182e+00,3.796037e-01,1.070859e+00,5.654116e-01
0.0111,2.515000e+01,-5.041244e+00,1.002235e+00,3.783326e-01,1.070984e+00,5.634829e-01
0.0111333,2.515000e+01,-5.041473e+00,1.002281e+00,3.767899e-01,1.071357e+00,5.610151e-01
0.0111667,2.515000e+01,-5.041727e+00,1.002331e+00,3.771122e-01,1.070352e+00,5.620504e-01
0.0112,2.515000e+01,-5.042000e+00,1.002386e+00,3.773053e-01,1.069497e+00,5.628186e-01
0.0112333,2.515000e+01,-5.042282e+00,1.002442e+00,3.776724e-01,1.069729e+00,5.632754e-01
0.0112667,2.515000e+01,-5.042541e+00,1.002493e+00,3.772652e-01,1.070901e+00,5.620811e-01
0.0113,2.515000e+01,-5.042814e+00,1.002548e+00,3.775445e-01,1.070336e+00,5.628249e-01
0.0113333,2.515000e+01,-5.043096e+00,1.002603e+00,3.774753e-01,1.069865e+00,5.630008e-01
0.0113667,2.515000e+01,-5.043363e+00,1.002657e+00,3.767723e-01,1.069931e+00,5.619474e-01
0.0114,2.515000e+01,-5.043637e+00,1.002711e+00,3.768216e-01,1.069777e+00,5.621324e-01
0.0114333,2.515000e+01,-5.043903e+00,1.002764e+00,3.763759e-01,1.069761e+00,5.615053e-01
0.0114667,2.515000e+01,-5.044148e+00,1.002813e+00,3.753100e-01,1.069434e+00,5.601135e-01
0.0115,2.515000e+01,-5.044415e+00,1.002866e+00,3.756959e-01,1.068820e+00,5.610410e-01
0.0115333,2.515000e+01,-5.044727e+00,1.002928e+00,3.768346e-01,1.067640e+00,5.633985e-01
0.0115667,2.515000e+01,-5.045052e+00,1.002992e+00,3.770767e-01,1.067428e+00,5.639089e-01
0.0116,2.515000e+01,-5.045331e+00,1.003048e+00,3.756897e-01,1.068456e+00,5.613250e-01
0.0116333,2.515000e+01,-5.045587e+00,1.003099e+00,3.751021e-01,1.069285e+00,5.600411e-01
0.0116667,2.515000e+01,-5.045861e+00,1.003153e+00,3.753604e-01,1.068874e+00,5.606727e-01
0.0117,2.515000e+01,-5.046149e+00,1.003211e+00,3.755191e-01,1.068306e+00,5.612400e-01
0.0117333,2.515000e+01,-5.046457e+00,1.003272e+00,3.756931e-01,1.067332e+00,5.620469e-01
0.0117667,2.515000e+01,-5.046774e+00,1.003335e+00,3.755432e-01,1.066305e+00,5.623988e-01
0.0118,2.515000e+01,-5.047085e+00,1.003397e+00,3.752668e-01,1.066581e+00,5.618739e-01
0.0118333,2.515000e+01,-5.047367e+00,1.003453e+00,3.743545e-01,1.067545e+00,5.600333e-01
0.0118667,2.515000e+01,-5.047661e+00,1.003511e+00,3.745253e-01,1.067283e+00,5.604592e-01
0.0119,2.515000e+01,-5.047973e+00,1.003573e+00,3.748979e-01,1.066889e+00,5.612583e-01
0.0119333,2.515000e+01,-5.048280e+00,1.003634e+00,3.744837e-01,1.066500e+00,5.608771e-01
0.0119667,2.515000e+01,-5.048560e+00,1.003690e+00,3.735830e-01,1.067329e+00,5.591245e-01
0.012,2.515000e+01,-5.048852e+00,1.003748e+00,3.738357e-01,1.067208e+00,5.595984e-01
0.0120333,2.515000e+01,-5.049156e+00,1.003808e+00,3.740843e-01,1.067257e+00,5.599786e-01
0.0120667,2.515000e+01,-5.049475e+00,1.003872e+00,3.740607e-01,1.066415e+00,5.604206e-01
0.0121,2.515000e+01,-5.049812e+00,1.003939e+00,3.740087e-01,1.064862e+00,5.611974e-01
0.0121333,2.515000e+01,-5.050149e+00,1.004006e+00,3.738714e-01,1.064642e+00,5.611452e-01
0.0121667,2.515000e+01,-5.050482e+00,1.004072e+00,3.739015e-01,1.065526e+00,5.607615e-01
0.0122,2.515000e+01,-5.050791e+00,1.004133e+00,3.732850e-01,1.066852e+00,5.591751e-01
0.0122333,2.515000e+01,-5.051106e+00,1.004196e+00,3.733443e-01,1.066837e+00,5.593066e-01
0.0122667,2.515000e+01,-5.051406e+00,1.004256e+00,3.725577e-01,1.066596e+00,5.582878e-01
0.0123,2.515000e+01,-5.051703e+00,1.004315e+00,3.721814e-01,1.066254e+00,5.579354e-01
0.0123333,2.515000e+01,-5.052059e+00,1.004386e+00,3.735430e-01,1.064575e+00,5.608994e-01
0.0123667,2.515000e+01,-5.052453e+00,1.004464e+00,3.745745e-01,1.063910e+00,5.628436e-01
0.0124,2.515000e+01,-5.052827e+00,1.004538e+00,3.739069e-01,1.064411e+00,5.616173e-01
0.0124333,2.515000e+01,-5.053139e+00,1.004600e+00,3.718435e-01,1.065751e+00,5.578506e-01
0.0124667,2.515000e+01,-5.053437e+00,1.004659e+00,3.710270e-01,1.065580e+00,5.567478e-01
0.0125,2.515000e+01,-5.053773e+00,1.004726e+00,3.720893e-01,1.065026e+00,5.586692e-01
0.0125333,2.515000e+01,-5.054135e+00,1.004798e+00,3.727510e-01,1.064595e+00,5.599296e-01
0.0125667,2.515000e+01,-5.054495e+00,1.004870e+00,3.727863e-01,1.065366e+00,5.596170e-01
0.0126,2.515000e+01,-5.054842e+00,1.004939e+00,3.720601e-01,1.065205e+00,5.586499e-01
0.0126333,2.515000e+01,-5.055169e+00,1.005004e+00,3.711075e-01,1.065218e+00,5.572485e-01
0.0126667,2.515000e+01,-5.055507e+00,1.005071e+00,3.710078e-01,1.064557e+00,5.574823e-01
0.0127,2.515000e+01,-5.055907e+00,1.005150e+00,3.723873e-01,1.062702e+00,5.605762e-01
0.0127333,2.515000e+01,-5.056339e+00,1.005236e+00,3.732735e-01,1.062335e+00,5.621524e-01
0.0127667,2.515000e+01,-5.056736e+00,1.005315e+00,3.722414e-01,1.063666e+00,5.599407e-01
0.0128,2.515000e+01,-5.057053e+00,1.005378e+00,3.698173e-01,1.065754e+00,5.552388e-01
0.0128333,2.515000e+01,-5.057373e+00,1.005442e+00,3.695917e-01,1.065347e+00,5.551476e-01
0.0128667,2.515000e+01,-5.057740e+00,1.005515e+00,3.707205e-01,1.064420e+00,5.573685e-01
0.0129,2.515000e+01,-5.058139e+00,1.005594e+00,3.714606e-01,1.063424e+00,5.590481e-01
0.0129333,2.515000e+01,-5.058539e+00,1.005674e+00,3.713103e-01,1.062861e+00,5.591620e-01
0.0129667,2.515000e+01,-5.058911e+00,1.005748e+00,3.703059e-01,1.063410e+00,5.574027e-01
0.013,2.515000e+01,-5.059294e+00,1.005824e+00,3.706002e-01,1.063988e+00,5.575846e-01
0.0130323,2.515000e+01,-5.059666e+00,1.005898e+00,3.705273e-01,1.065670e+00,5.566363e-01
0.0130645,2.515000e+01,-5.060072e+00,1.005979e+00,3.708351e-01,1.063161e+00,5.584582e-01
0.0130968,2.515000e+01,-5.060466e+00,1.006057e+00,3.700471e-01,1.062451e+00,5.576874e-01
0.013129,2.515000e+01,-5.060846e+00,1.006132e+00,3.694863e-01,1.062723e+00,5.567413e-01
0.0131613,2.515000e+01,-5.061205e+00,1.006204e+00,3.690569e-01,1.063868e+00,5.555351e-01
0.0131935,2.515000e+01,-5.061567e+00,1.006276e+00,3.691024e-01,1.064019e+00,5.555645e-01
0.0132258,2.515000e+01,-5.061955e+00,1.006353e+00,3.698938e-01,1.063649e+00,5.569922e-01
0.0132581,2.515000e+01,-5.062351e+00,1.006432e+00,3.700690e-01,1.063531e+00,5.573615e-01
0.0132903,2.515000e+01,-5.062783e+00,1.006517e+00,3.709156e-01,1.062095e+00,5.594395e-01
0.0133226,2.515000e+01,-5.063205e+00,1.006601e+00,3.702524e-01,1.061781e+00,5.586509e-01
0.0133548,2.515000e+01,-5.063616e+00,1.006683e+00,3.697180e-01,1.062093e+00,5.577260e-01
0.0133871,2.515000e+01,-5.063990e+00,1.006757e+00,3.686004e-01,1.063714e+00,5.552337e-01
0.0134194,2.515000e+01,-5.064374e+00,1.006834e+00,3.687629e-01,1.063333e+00,5.557197e-01
0.0134516,2.515000e+01,-5.064756e+00,1.006910e+00,3.684248e-01,1.062773e+00,5.555445e-01
0.0134839,2.515000e+01,-5.065127e+00,1.006984e+00,3.677675e-01,1.062332e+00,5.548248e-01
0.0135161,2.515000e+01,-5.065498e+00,1.007057e+00,3.677212e-01,1.062745e+00,5.545799e-01
0.0135484,2.515000e+01,-5.065912e+00,1.007139e+00,3.691976e-01,1.062326e+00,5.570711e-01
0.0135806,2.515000e+01,-5.066341e+00,1.007225e+00,3.693179e-01,1.061323e+00,5.578270e-01
0.0136129,2.515000e+01,-5.066725e+00,1.007301e+00,3.675378e-01,1.061728e+00,5.549683e-01
0.0136452,2.515000e+01,-5.067098e+00,1.007375e+00,3.672582e-01,1.061880e+00,5.545075e-01
0.0136774,2.515000e+01,-5.067522e+00,1.007460e+00,3.689836e-01,1.061204e+00,5.575141e-01
0.0137097,2.515000e+01,-5.067964e+00,1.007548e+00,3.694905e-01,1.061017e+00,5.584273e-01
0.0137419,2.515000e+01,-5.068375e+00,1.007629e+00,3.684071e-01,1.061948e+00,5.563467e-01
0.0137742,2.515000e+01,-5.068745e+00,1.007703e+00,3.666315e-01,1.061599e+00,5.538876e-01
0.0138065,2.515000e+01,-5.069132e+00,1.007780e+00,3.670926e-01,1.060963e+00,5.549591e-01
0.0138387,2.515000e+01,-5.069533e+00,1.007859e+00,3.672904e-01,1.060055e+00,5.557778e-01
0.013871,2.515000e+01,-5.069931e+00,1.007939e+00,3.673948e-01,1.060631e+00,5.556779e-01
0.0139032,2.515000e+01,-5.070360e+00,1.008024e+00,3.684924e-01,1.060396e+00,5.575082e-01
0.0139355,2.515000e+01,-5.070799e+00,1.008111e+00,3.686646e-01,1.060048e+00,5.580003e-01
0.0139677,2.515000e+01,-5.071181e+00,1.008187e+00,3.664395e-01,1.060183e+00,5.546037e-01
0.014,2.515000e+01,-5.071526e+00,1.008256e+00,3.648963e-01,1.060115e+00,5.523410e-01
0.0140323,2.515000e+01,-5.071883e+00,1.008327e+00,3.653108e-01,1.059546e+00,5.533045e-01
0.0140645,2.515000e+01,-5.072288e+00,1.008407e+00,3.672466e-01,1.059839e+00,5.561271e-01
0.0140968,2.515000e+01,-5.072692e+00,1.008487e+00,3.670532e-01,1.059152e+00,5.562388e-01
0.014129,2.515000e+01,-5.073047e+00,1.008558e+00,3.655074e-01,1.060006e+00,5.534888e-01
0.0141613,2.515000e+01,-5.073394e+00,1.008627e+00,3.652085e-01,1.059588e+00,5.532921e-01
0.0141935,2.515000e+01,-5.073767e+00,1.008701e+00,3.658623e-01,1.058692e+00,5.547926e-01
0.0142258,2.515000e+01,-5.074170e+00,1.008781e+00,3.668552e-01,1.058148e+00,5.566284e-01
0.0142581,2.515000e+01,-5.074582e+00,1.008863e+00,3.672098e-01,1.057992e+00,5.572941e-01
0.0142903,2.515000e+01,-5.074965e+00,1.008939e+00,3.661880e-01,1.058076e+00,5.557410e-01
0.0143226,2.515000e+01,-5.075316e+00,1.009009e+00,3.653062e-01,1.058741e+00,5.540927e-01
0.0143548,2.515000e+01,-5.075624e+00,1.009070e+00,3.634000e-01,1.058029e+00,5.516059e-01
0.0143871,2.515000e+01,-5.075950e+00,1.009135e+00,3.640622e-01,1.057775e+00,5.527791e-01
0.0144194,2.515000e+01,-5.076323e+00,1.009209e+00,3.655866e-01,1.056915e+00,5.555863e-01
0.0144516,2.515000e+01,-5.076696e+00,1.009284e+00,3.656353e-01,1.056943e+00,5.556864e-01
0.0144839,2.515000e+01,-5.077053e+00,1.009355e+00,3.650821e-01,1.057158e+00,5.547718e-01
0.0145161,2.515000e+01,-5.077388e+00,1.009421e+00,3.642705e-01,1.057242e+00,5.535315e-01
0.0145484,2.515000e+01,-5.077741e+00,1.009491e+00,3.647500e-01,1.056546e+00,5.546633e-01
0.0145806,2.515000e+01,-5.078098e+00,1.009562e+00,3.645524e-01,1.055853e+00,5.547659e-01
0.0146129,2.515000e+01,-5.078476e+00,1.009637e+00,3.650679e-01,1.055152e+00,5.559606e-01
0.0146452,2.515000e+01,-5.078813e+00,1.009704e+00,3.637128e-01,1.055857e+00,5.535638e-01
0.0146774,2.515000e+01,-5.079115e+00,1.009764e+00,3.623951e-01,1.055913e+00,5.515621e-01
0.0147097,2.515000e+01,-5.079385e+00,1.009818e+00,3.612427e-01,1.055785e+00,5.499039e-01
0.0147419,2.515000e+01,-5.079713e+00,1.009883e+00,3.633104e-01,1.055463e+00,5.532560e-01
0.0147742,2.515000e+01,-5.080071e+00,1.009955e+00,3.643018e-01,1.054912e+00,5.550947e-01
0.0148065,2.515000e+01,-5.080427e+00,1.010025e+00,3.641298e-01,1.054859e+00,5.548996e-01
0.0148387,2.515000e+01,-5.080773e+00,1.010094e+00,3.635763e-01,1.054513e+00,5.542754e-01
0.014871,2.515000e+01,-5.081106e+00,1.010160e+00,3.630297e-01,1.054200e+00,5.536424e-01
0.0149032,2.515000e+01,-5.081451e+00,1.010229e+00,3.632704e-01,1.053802e+00,5.542563e-01
0.0149355,2.515000e+01,-5.081770e+00,1.010292e+00,3.622958e-01,1.054136e+00,5.526290e-01
0.0149677,2.515000e+01,-5.082097e+00,1.010357e+00,3.622575e-01,1.053075e+00,5.531629e-01
0.015,2.515000e+01,-5.082437e+00,1.010425e+00,3.626839e-01,1.053336e+00,5.537140e-01
0.0150323,2.515000e+01,-5.082739e+00,1.010485e+00,3.610737e-01,1.052583e+00,5.516827e-01
0.0150645,2.515000e+01,-5.083033e+00,1.010543e+00,3.606159e-01,1.052326e+00,5.511495e-01
0.0150968,2.515000e+01,-5.083360e+00,1.010608e+00,3.618706e-01,1.052197e+00,5.531705e-01
0.015129,2.515000e+01,-5.083711e+00,1.010678e+00,3.630412e-01,1.052872e+00,5.546425e-01
0.0151613,2.515000e+01,-5.084043e+00,1.010744e+00,3.623510e-01,1.053194e+00,5.534549e-01
0.0151935,2.515000e+01,-5.084357e+00,1.010806e+00,3.613158e-01,1.052168e+00,5.524464e-01
0.0152258,2.515000e+01,-5.084663e+00,1.010867e+00,3.605650e-01,1.050808e+00,5.520451e-01
0.0152581,2.515000e+01,-5.084983e+00,1.010931e+00,3.608334e-01,1.050460e+00,5.526740e-01
0.0152903,2.515000e+01,-5.085301e+00,1.010994e+00,3.608966e-01,1.050722e+00,5.526674e-01
0.0153226,2.515000e+01,-5.085609e+00,1.011056e+00,3.608504e-01,1.051652e+00,5.521413e-01
0.0153548,2.515000e+01,-5.085920e+00,1.011117e+00,3.608098e-01,1.051230e+00,5.523345e-01
0.0153871,2.515000e+01,-5.086234e+00,1.011180e+00,3.606246e-01,1.050131e+00,5.526631e-01
0.0154194,2.515000e+01,-5.086534e+00,1.011239e+00,3.597329e-01,1.049177e+00,5.518300e-01
0.0154516,2.515000e+01,-5.086851e+00,1.011302e+00,3.606682e-01,1.049502e+00,5.531281e-01
0.0154839,2.515000e+01,-5.087178e+00,1.011367e+00,3.612861e-01,1.050180e+00,5.537538e-01
0.0155161,2.515000e+01,-5.087487e+00,1.011429e+00,3.607443e-01,1.050498e+00,5.527892e-01
0.0155484,2.515000e+01,-5.087749e+00,1.011481e+00,3.584162e-01,1.048932e+00,5.500703e-01
0.0155806,2.515000e+01,-5.088015e+00,1.011534e+00,3.580621e-01,1.047643e+00,5.502315e-01
0.0156129,2.515000e+01,-5.088288e+00,1.011588e+00,3.582056e-01,1.046729e+00,5.509623e-01
0.0156452,2.515000e+01,-5.088568e+00,1.011644e+00,3.587941e-01,1.047461e+00,5.515122e-01
0.0156774,2.515000e+01,-5.088855e+00,1.011701e+00,3.593537e-01,1.048279e+00,5.519726e-01
0.0157097,2.515000e+01,-5.089166e+00,1.011763e+00,3.605273e-01,1.048394e+00,5.537481e-01
0.0157419,2.515000e+01,-5.089452e+00,1.011820e+00,3.591705e-01,1.047444e+00,5.521959e-01
0.0157742,2.515000e+01,-5.089725e+00,1.011874e+00,3.579859e-01,1.045772e+00,5.512843e-01
0.0158065,2.515000e+01,-5.090006e+00,1.011930e+00,3.584590e-01,1.046096e+00,5.518721e-01
0.0158387,2.515000e+01,-5.090298e+00,1.011988e+00,3.589737e-01,1.046475e+00,5.524960e-01
0.015871,2.515000e+01,-5.090600e+00,1.012048e+00,3.593954e-01,1.046300e+00,5.532703e-01
0.0159032,2.515000e+01,-5.090846e+00,1.012097e+00,3.567725e-01,1.045344e+00,5.497616e-01
0.0159355,2.515000e+01,-5.091098e+00,1.012147e+00,3.567089e-01,1.044355e+00,5.502114e-01
0.0159677,2.515000e+01,-5.091352e+00,1.012197e+00,3.569212e-01,1.044500e+00,5.504898e-01
0.016,2.515000e+01,-5.091620e+00,1.012250e+00,3.574678e-01,1.044626e+00,5.512954e-01
0.0160323,2.515000e+01,-5.091897e+00,1.012306e+00,3.576463e-01,1.044171e+00,5.518406e-01
0.0160645,2.515000e+01,-5.092175e+00,1.012361e+00,3.576299e-01,1.044238e+00,5.518104e-01
0.0160968,2.515000e+01,-5.092455e+00,1.012417e+00,3.574008e-01,1.043514e+00,5.518698e-01
0.016129,2.515000e+01,-5.092693e+00,1.012464e+00,3.555536e-01,1.043053e+00,5.492856e-01
0.0161613,2.515000e+01,-5.092926e+00,1.012510e+00,3.552374e-01,1.042735e+00,5.489897e-01
0.0161935,2.515000e+01,-5.093188e+00,1.012562e+00,3.564440e-01,1.042985e+00,5.507508e-01
0.0162258,2.515000e+01,-5.093460e+00,1.012616e+00,3.567306e-01,1.042804e+00,5.513187e-01
0.0162581,2.515000e+01,-5.093725e+00,1.012669e+00,3.556797e-01,1.041005e+00,5.506730e-01
0.0162903,2.515000e+01,-5.093988e+00,1.012721e+00,3.555351e-01,1.040569e+00,5.507081e-01
0.0163226,2.515000e+01,-5.094248e+00,1.012773e+00,3.557579e-01,1.041272e+00,5.507095e-01
0.0163548,2.515000e+01,-5.094528e+00,1.012829e+00,3.567715e-01,1.042446e+00,5.516869e-01
0.0163871,2.515000e+01,-5.094808e+00,1.012884e+00,3.564819e-01,1.041843e+00,5.515882e-01
0.0164194,2.515000e+01,-5.095079e+00,1.012938e+00,3.556338e-01,1.040320e+00,5.511112e-01
0.0164516,2.515000e+01,-5.095354e+00,1.012993e+00,3.556061e-01,1.039930e+00,5.513047e-01
0.0164839,2.515000e+01,-5.095612e+00,1.013044e+00,3.546288e-01,1.039346e+00,5.501263e-01
0.0165161,2.515000e+01,-5.095858e+00,1.013093e+00,3.537343e-01,1.038535e+00,5.491937e-01
0.0165484,2.515000e+01,-5.096108e+00,1.013143e+00,3.537494e-01,1.038358e+00,5.493378e-01
0.0165806,2.515000e+01,-5.096366e+00,1.013194e+00,3.541851e-01,1.038476e+00,5.499796e-01
0.0166129,2.515000e+01,-5.096628e+00,1.013246e+00,3.545527e-01,1.038939e+00,5.503335e-01
0.0166452,2.515000e+01,-5.096897e+00,1.013300e+00,3.547557e-01,1.039023e+00,5.506330e-01
0.0166774,2.515000e+01,-5.097173e+00,1.013355e+00,3.547928e-01,1.038658e+00,5.509137e-01
0.0167097,2.515000e+01,-5.097451e+00,1.013410e+00,3.542933e-01,1.037639e+00,5.507087e-01
0.0167419,2.515000e+01,-5.097713e+00,1.013462e+00,3.530985e-01,1.036352e+00,5.495615e-01
0.0167742,2.515000e+01,-5.097970e+00,1.013513e+00,3.528619e-01,1.036474e+00,5.491562e-01
0.0168065,2.515000e+01,-5.098223e+00,1.013563e+00,3.528629e-01,1.036613e+00,5.491114e-01
0.0168387,2.515000e+01,-5.098480e+00,1.013614e+00,3.534501e-01,1.037740e+00,5.494553e-01
0.016871,2.515000e+01,-5.098749e+00,1.013668e+00,3.536731e-01,1.037315e+00,5.500561e-01
0.0169032,2.515000e+01,-5.099030e+00,1.013724e+00,3.538104e-01,1.036865e+00,5.505392e-01
0.0169355,2.515000e+01,-5.099306e+00,1.013778e+00,3.530919e-01,1.035197e+00,5.503359e-01
0.0169677,2.515000e+01,-5.099583e+00,1.013834e+00,3.531378e-01,1.035234e+00,5.504180e-01
0.017,2.515000e+01,-5.099857e+00,1.013888e+00,3.530906e-01,1.035641e+00,5.501575e-01
0.0170323,2.515000e+01,-5.100150e+00,1.013946e+00,3.541289e-01,1.036599e+00,5.512969e-01
0.0170645,2.515000e+01,-5.100440e+00,1.014004e+00,3.535588e-01,1.035648e+00,5.509465e-01
0.0170968,2.515000e+01,-5.100709e+00,1.014057e+00,3.517185e-01,1.032880e+00,5.495763e-01
0.017129,2.515000e+01,-5.100974e+00,1.014110e+00,3.512255e-01,1.032205e+00,5.491936e-01
0.0171613,2.515000e+01,-5.101232e+00,1.014161e+00,3.512737e-01,1.033146e+00,5.487961e-01
0.0171935,2.515000e+01,-5.101505e+00,1.014216e+00,3.523857e-01,1.034471e+00,5.498581e-01
0.0172258,2.515000e+01,-5.101777e+00,1.014270e+00,3.524155e-01,1.034906e+00,5.497026e-01
0.0172581,2.515000e+01,-5.102060e+00,1.014326e+00,3.524330e-01,1.033816e+00,5.503397e-01
0.0172903,2.515000e+01,-5.102343e+00,1.014382e+00,3.523940e-01,1.033534e+00,5.504596e-01
0.0173226,2.515000e+01,-5.102613e+00,1.014436e+00,3.514491e-01,1.032673e+00,5.494705e-01
0.0173548,2.515000e+01,-5.102893e+00,1.014492e+00,3.517727e-01,1.032654e+00,5.500171e-01
0.0173871,2.515000e+01,-5.103169e+00,1.014546e+00,3.515707e-01,1.032982e+00,5.495560e-01
0.0174194,2.515000e+01,-5.103451e+00,1.014603e+00,3.518366e-01,1.032711e+00,5.501466e-01
0.0174516,2.515000e+01,-5.103714e+00,1.014655e+00,3.509018e-01,1.032215e+00,5.489766e-01
0.0174839,2.515000e+01,-5.103960e+00,1.014704e+00,3.499304e-01,1.031357e+00,5.479389e-01
0.0175161,2.515000e+01,-5.104213e+00,1.014754e+00,3.502816e-01,1.031458e+00,5.484622e-01
0.0175484,2.515000e+01,-5.104478e+00,1.014807e+00,3.513844e-01,1.033188e+00,5.492962e-01
0.0175806,2.515000e+01,-5.104761e+00,1.014863e+00,3.520690e-01,1.033088e+00,5.504503e-01
0.0176129,2.515000e+01,-5.105040e+00,1.014918e+00,3.516637e-01,1.032099e+00,5.503737e-01
0.0176452,2.515000e+01,-5.105316e+00,1.014973e+00,3.515600e-01,1.032010e+00,5.502881e-01
0.0176774,2.515000e+01,-5.105593e+00,1.015028e+00,3.511791e-01,1.030857e+00,5.503368e-01
0.0177097,2.515000e+01,-5.105875e+00,1.015085e+00,3.507031e-01,1.029663e+00,5.502586e-01
0.0177419,2.515000e+01,-5.106150e+00,1.015139e+00,3.502869e-01,1.029266e+00,5.498471e-01
0.0177742,2.515000e+01,-5.106413e+00,1.015191e+00,3.503048e-01,1.029836e+00,5.495993e-01
0.0178065,2.515000e+01,-5.106666e+00,1.015242e+00,3.504277e-01,1.030646e+00,5.493871e-01
0.0178387,2.515000e+01,-5.106917e+00,1.015292e+00,3.507288e-01,1.031371e+00,5.494999e-01
0.017871,2.515000e+01,-5.107159e+00,1.015340e+00,3.506570e-01,1.031971e+00,5.490936e-01
0.0179032,2.515000e+01,-5.107414e+00,1.015391e+00,3.507591e-01,1.030620e+00,5.500012e-01
0.0179355,2.515000e+01,-5.107677e+00,1.015443e+00,3.507511e-01,1.029427e+00,5.506545e-01
0.0179677,2.515000e+01,-5.107928e+00,1.015493e+00,3.505737e-01,1.029475e+00,5.503775e-01
0.018,2.515000e+01,-5.108155e+00,1.015538e+00,3.498354e-01,1.029824e+00,5.490565e-01
0.0180323,2.515000e+01,-5.108370e+00,1.015580e+00,3.496262e-01,1.030405e+00,5.484415e-01
0.0180645,2.515000e+01,-5.108583e+00,1.015623e+00,3.494957e-01,1.030124e+00,5.484095e-01
0.0180968,2.515000e+01,-5.108798e+00,1.015666e+00,3.496542e-01,1.029832e+00,5.488366e-01
0.018129,2.515000e+01,-5.109012e+00,1.015708e+00,3.500281e-01,1.029953e+00,5.493825e-01
0.0181613,2.515000e+01,-5.109220e+00,1.015749e+00,3.501276e-01,1.030703e+00,5.491608e-01
0.0181935,2.515000e+01,-5.109429e+00,1.015791e+00,3.503722e-01,1.030827e+00,5.495011e-01
0.0182258,2.515000e+01,-5.109636e+00,1.015832e+00,3.506796e-01,1.031251e+00,5.497792e-01
0.0182581,2.515000e+01,-5.109847e+00,1.015874e+00,3.502518e-01,1.029193e+00,5.502294e-01
0.0182903,2.515000e+01,-5.110060e+00,1.015917e+00,3.499329e-01,1.027451e+00,5.506834e-01
0.0183226,2.515000e+01,-5.110270e+00,1.015958e+00,3.499928e-01,1.027549e+00,5.507473e-01
0.0183548,2.515000e+01,-5.110450e+00,1.015994e+00,3.495816e-01,1.029015e+00,5.493359e-01
0.0183871,2.515000e+01,-5.110616e+00,1.016027e+00,3.495143e-01,1.029639e+00,5.489151e-01
0.0184194,2.515000e+01,-5.110773e+00,1.016058e+00,3.494528e-01,1.030053e+00,5.486149e-01
0.0184516,2.515000e+01,-5.110948e+00,1.016093e+00,3.502748e-01,1.029550e+00,5.501929e-01
0.0184839,2.515000e+01,-5.111111e+00,1.016126e+00,3.500225e-01,1.029739e+00,5.497132e-01
0.0185161,2.515000e+01,-5.111271e+00,1.016157e+00,3.497220e-01,1.028985e+00,5.496613e-01
0.0185484,2.515000e+01,-5.111424e+00,1.016188e+00,3.500193e-01,1.029969e+00,5.496191e-01
0.0185806,2.515000e+01,-5.111582e+00,1.016219e+00,3.503916e-01,1.029395e+00,5.505277e-01
0.0186129,2.515000e+01,-5.111738e+00,1.016250e+00,3.499791e-01,1.028201e+00,5.505351e-01
0.0186452,2.515000e+01,-5.111880e+00,1.016278e+00,3.492053e-01,1.027487e+00,5.497144e-01
0.0186774,2.515000e+01,-5.112017e+00,1.016306e+00,3.493553e-01,1.028196e+00,5.495860e-01
0.0187097,2.515000e+01,-5.112127e+00,1.016327e+00,3.494210e-01,1.030301e+00,5.485781e-01
0.0187419,2.515000e+01,-5.112212e+00,1.016344e+00,3.486922e-01,1.030578e+00,5.472960e-01
0.0187742,2.515000e+01,-5.112307e+00,1.016363e+00,3.491024e-01,1.030079e+00,5.482154e-01
0.0188065,2.515000e+01,-5.112422e+00,1.016386e+00,3.500826e-01,1.029917e+00,5.498539e-01
0.0188387,2.515000e+01,-5.112543e+00,1.016410e+00,3.507545e-01,1.030453e+00,5.506353e-01
0.018871,2.515000e+01,-5.112664e+00,1.016434e+00,3.502804e-01,1.029114e+00,5.506199e-01
0.0189032,2.515000e+01,-5.112774e+00,1.016456e+00,3.500898e-01,1.029372e+00,5.501942e-01
0.0189355,2.515000e+01,-5.112889e+00,1.016479e+00,3.505262e-01,1.029212e+00,5.509777e-01
0.0189677,2.515000e+01,-5.112981e+00,1.016497e+00,3.497883e-01,1.029215e+00,5.498262e-01
0.019,2.515000e+01,-5.113070e+00,1.016515e+00,3.497747e-01,1.029276e+00,5.497818e-01
0.0190323,2.515000e+01,-5.113133e+00,1.016527e+00,3.494911e-01,1.030850e+00,5.485043e-01
0.0190645,2.515000e+01,-5.113195e+00,1.016540e+00,3.499060e-01,1.031607e+00,5.487589e-01
0.0190968,2.515000e+01,-5.113269e+00,1.016555e+00,3.504383e-01,1.030712e+00,5.500788e-01
0.019129,2.515000e+01,-5.113357e+00,1.016572e+00,3.509449e-01,1.030315e+00,5.510960e-01
0.0191613,2.515000e+01,-5.113422e+00,1.016585e+00,3.505693e-01,1.031610e+00,5.498219e-01
0.0191935,2.515000e+01,-5.113462e+00,1.016593e+00,3.500621e-01,1.032294e+00,5.486669e-01
0.0192258,2.515000e+01,-5.113530e+00,1.016606e+00,3.502173e-01,1.029293e+00,5.505179e-01
0.0192581,2.515000e+01,-5.113593e+00,1.016619e+00,3.503776e-01,1.029636e+00,5.505930e-01
0.0192903,2.515000e+01,-5.113655e+00,1.016631e+00,3.510621e-01,1.031094e+00,5.508954e-01
0.0193226,2.515000e+01,-5.113700e+00,1.016640e+00,3.505325e-01,1.031323e+00,5.499469e-01
0.0193548,2.515000e+01,-5.113733e+00,1.016647e+00,3.498778e-01,1.030778e+00,5.492137e-01
0.0193871,2.515000e+01,-5.113744e+00,1.016649e+00,3.493465e-01,1.031424e+00,5.480374e-01
0.0194194,2.515000e+01,-5.113734e+00,1.016647e+00,3.496171e-01,1.033494e+00,5.473627e-01
0.0194516,2.515000e+01,-5.113767e+00,1.016653e+00,3.508791e-01,1.031848e+00,5.502178e-01
0.0194839,2.515000e+01,-5.113826e+00,1.016665e+00,3.519677e-01,1.031568e+00,5.520813e-01
0.0195161,2.515000e+01,-5.113881e+00,1.016676e+00,3.520843e-01,1.032287e+00,5.518854e-01
0.0195484,2.515000e+01,-5.113862e+00,1.016672e+00,3.493686e-01,1.032888e+00,5.473080e-01
0.0195806,2.515000e+01,-5.113853e+00,1.016670e+00,3.490637e-01,1.031023e+00,5.478184e-01
0.0196129,2.515000e+01,-5.113864e+00,1.016673e+00,3.499476e-01,1.030802e+00,5.493245e-01
0.0196452,2.515000e+01,-5.113913e+00,1.016683e+00,3.518025e-01,1.031602e+00,5.518133e-01
0.0196774,2.515000e+01,-5.113936e+00,1.016687e+00,3.516167e-01,1.033570e+00,5.504740e-01
0.0197097,2.515000e+01,-5.113941e+00,1.016688e+00,3.512864e-01,1.034516e+00,5.494547e-01
0.0197419,2.515000e+01,-5.113933e+00,1.016687e+00,3.508548e-01,1.034455e+00,5.488114e-01
0.0197742,2.515000e+01,-5.113924e+00,1.016685e+00,3.509371e-01,1.034622e+00,5.488506e-01
0.0198065,2.515000e+01,-5.113964e+00,1.016693e+00,3.515069e-01,1.031072e+00,5.516387e-01
0.0198387,2.515000e+01,-5.114032e+00,1.016706e+00,3.525747e-01,1.030669e+00,5.535381e-01
0.019871,2.515000e+01,-5.114093e+00,1.016718e+00,3.528564e-01,1.032174e+00,5.531793e-01
0.0199032,2.515000e+01,-5.114077e+00,1.016715e+00,3.507762e-01,1.034569e+00,5.486434e-01
0.0199355,2.515000e+01,-5.114016e+00,1.016703e+00,3.485723e-01,1.033387e+00,5.458135e-01
0.0199677,2.515000e+01,-5.113969e+00,1.016694e+00,3.490191e-01,1.032837e+00,5.467988e-01
0.02,2.515000e+01,-5.113989e+00,1.016698e+00,3.519026e-01,1.033766e+00,5.508231e-01
0.0200323,2.515000e+01,-5.114009e+00,1.016702e+00,3.525125e-01,1.034905e+00,5.511725e-01
0.0200645,2.515000e+01,-5.114008e+00,1.016701e+00,3.517900e-01,1.034677e+00,5.501638e-01
0.0200968,2.515000e+01,-5.113979e+00,1.016696e+00,3.508696e-01,1.035018e+00,5.485406e-01
0.020129,2.515000e+01,-5.113959e+00,1.016692e+00,3.510324e-01,1.034675e+00,5.489748e-01
0.0201613,2.515000e+01,-5.113967e+00,1.016693e+00,3.515412e-01,1.032936e+00,5.506972e-01
0.0201935,2.515000e+01,-5.114002e+00,1.016700e+00,3.524217e-01,1.032645e+00,5.522359e-01
0.0202258,2.515000e+01,-5.114020e+00,1.016704e+00,3.520591e-01,1.033556e+00,5.511836e-01
0.0202581,2.515000e+01,-5.114010e+00,1.016702e+00,3.518380e-01,1.035678e+00,5.497074e-01
0.0202903,2.515000e+01,-5.113975e+00,1.016695e+00,3.505933e-01,1.035411e+00,5.479004e-01
0.0203226,2.515000e+01,-5.113949e+00,1.016690e+00,3.509252e-01,1.035531e+00,5.483528e-01
0.0203548,2.515000e+01,-5.113926e+00,1.016685e+00,3.514354e-01,1.036563e+00,5.486005e-01
0.0203871,2.515000e+01,-5.113930e+00,1.016686e+00,3.523981e-01,1.035614e+00,5.506081e-01
0.0204194,2.515000e+01,-5.113963e+00,1.016692e+00,3.528865e-01,1.033340e+00,5.525882e-01
0.0204516,2.515000e+01,-5.113981e+00,1.016696e+00,3.523609e-01,1.033094e+00,5.518984e-01
0.0204839,2.515000e+01,-5.113953e+00,1.016691e+00,3.514426e-01,1.035648e+00,5.490995e-01
0.0205161,2.515000e+01,-5.113938e+00,1.016688e+00,3.519193e-01,1.035927e+00,5.496945e-01
0.0205484,2.515000e+01,-5.113925e+00,1.016685e+00,3.519822e-01,1.035271e+00,5.501398e-01
0.0205806,2.515000e+01,-5.113897e+00,1.016679e+00,3.514928e-01,1.034907e+00,5.495654e-01
0.0206129,2.515000e+01,-5.113844e+00,1.016669e+00,3.513528e-01,1.036664e+00,5.484096e-01
0.0206452,2.515000e+01,-5.113806e+00,1.016661e+00,3.517592e-01,1.035946e+00,5.494202e-01
0.0206774,2.515000e+01,-5.113789e+00,1.016658e+00,3.525394e-01,1.035717e+00,5.507588e-01
0.0207097,2.515000e+01,-5.113754e+00,1.016651e+00,3.522219e-01,1.036860e+00,5.496527e-01
0.0207419,2.515000e+01,-5.113711e+00,1.016642e+00,3.519653e-01,1.036709e+00,5.493275e-01
0.0207742,2.515000e+01,-5.113673e+00,1.016635e+00,3.520596e-01,1.035700e+00,5.500056e-01
0.0208065,2.515000e+01,-5.113627e+00,1.016626e+00,3.517143e-01,1.035173e+00,5.497411e-01
0.0208387,2.515000e+01,-5.113582e+00,1.016617e+00,3.522907e-01,1.036050e+00,5.501712e-01
0.020871,2.515000e+01,-5.113524e+00,1.016605e+00,3.520525e-01,1.036572e+00,5.495158e-01
0.0209032,2.515000e+01,-5.113460e+00,1.016592e+00,3.520779e-01,1.036803e+00,5.494263e-01
0.0209355,2.515000e+01,-5.113375e+00,1.016576e+00,3.516111e-01,1.037108e+00,5.485272e-01
0.0209677,2.515000e+01,-5.113288e+00,1.016558e+00,3.519705e-01,1.037422e+00,5.489129e-01
0.021,2.515000e+01,-5.113232e+00,1.016547e+00,3.530678e-01,1.036104e+00,5.513185e-01
0.0210323,2.515000e+01,-5.113174e+00,1.016536e+00,3.535426e-01,1.036766e+00,5.517010e-01
0.0210645,2.515000e+01,-5.113099e+00,1.016521e+00,3.533220e-01,1.037571e+00,5.509207e-01
0.0210968,2.515000e+01,-5.112994e+00,1.016500e+00,3.519380e-01,1.037145e+00,5.489769e-01
0.021129,2.515000e+01,-5.112882e+00,1.016478e+00,3.514087e-01,1.035983e+00,5.487541e-01
0.0211613,2.515000e+01,-5.112778e+00,1.016457e+00,3.518307e-01,1.035903e+00,5.494442e-01
0.0211935,2.515000e+01,-5.112671e+00,1.016436e+00,3.527301e-01,1.037374e+00,5.500561e-01
0.0212258,2.515000e+01,-5.112553e+00,1.016412e+00,3.528765e-01,1.037939e+00,5.499723e-01
0.0212581,2.515000e+01,-5.112424e+00,1.016387e+00,3.525358e-01,1.037496e+00,5.496620e-01
0.0212903,2.515000e+01,-5.112281e+00,1.016358e+00,3.522423e-01,1.037298e+00,5.492943e-01
0.0213226,2.515000e+01,-5.112126e+00,1.016327e+00,3.523305e-01,1.037956e+00,5.490665e-01
0.0213548,2.515000e+01,-5.111976e+00,1.016297e+00,3.526945e-01,1.037607e+00,5.498024e-01
0.0213871,2.515000e+01,-5.111816e+00,1.016266e+00,3.526618e-01,1.038110e+00,5.494678e-01
0.0214194,2.515000e+01,-5.111641e+00,1.016231e+00,3.523143e-01,1.038151e+00,5.488863e-01
0.0214516,2.515000e+01,-5.111473e+00,1.016197e+00,3.521981e-01,1.036956e+00,5.493193e-01
0.0214839,2.515000e+01,-5.111309e+00,1.016165e+00,3.519763e-01,1.035881e+00,5.495257e-01
0.0215161,2.515000e+01,-5.111146e+00,1.016132e+00,3.524184e-01,1.036453e+00,5.498945e-01
0.0215484,2.515000e+01,-5.110967e+00,1.016097e+00,3.523720e-01,1.038099e+00,5.489313e-01
0.0215806,2.515000e+01,-5.110769e+00,1.016057e+00,3.524930e-01,1.039131e+00,5.485530e-01
0.0216129,2.515000e+01,-5.110567e+00,1.016017e+00,3.522598e-01,1.038514e+00,5.484943e-01
0.0216452,2.515000e+01,-5.110371e+00,1.015978e+00,3.523023e-01,1.038167e+00,5.487225e-01
0.0216774,2.515000e+01,-5.110200e+00,1.015944e+00,3.529180e-01,1.037237e+00,5.501560e-01
0.0217097,2.515000e+01,-5.110038e+00,1.015912e+00,3.531938e-01,1.036823e+00,5.507885e-01
0.0217419,2.515000e+01,-5.109868e+00,1.015878e+00,3.531995e-01,1.037265e+00,5.505442e-01
0.0217742,2.515000e+01,-5.109668e+00,1.015839e+00,3.525191e-01,1.038387e+00,5.488684e-01
0.0218065,2.515000e+01,-5.109465e+00,1.015798e+00,3.523285e-01,1.038218e+00,5.486392e-01
0.0218387,2.515000e+01,-5.109270e+00,1.015760e+00,3.526028e-01,1.038073e+00,5.491220e-01
0.021871,2.515000e+01,-5.109075e+00,1.015721e+00,3.524566e-01,1.037805e+00,5.490151e-01
0.0219032,2.515000e+01,-5.108865e+00,1.015679e+00,3.523611e-01,1.038879e+00,5.482763e-01
0.0219355,2.515000e+01,-5.108653e+00,1.015637e+00,3.522239e-01,1.038994e+00,5.479797e-01
0.0219677,2.515000e+01,-5.108445e+00,1.015595e+00,3.521887e-01,1.038996e+00,5.479014e-01
0.022,2.515000e+01,-5.108252e+00,1.015557e+00,3.524609e-01,1.038623e+00,5.485013e-01
0.0220323,2.515000e+01,-5.108077e+00,1.015522e+00,3.525184e-01,1.037422e+00,5.492070e-01
0.0220645,2.515000e+01,-5.107910e+00,1.015489e+00,3.525525e-01,1.036876e+00,5.495309e-01
0.0220968,2.515000e+01,-5.107734e+00,1.015454e+00,3.524296e-01,1.037661e+00,5.489050e-01
0.022129,2.515000e+01,-5.107540e+00,1.015415e+00,3.520705e-01,1.038964e+00,5.476375e-01
0.0221613,2.515000e+01,-5.107346e+00,1.015377e+00,3.524251e-01,1.040144e+00,5.475464e-01
0.0221935,2.515000e+01,-5.107158e+00,1.015340e+00,3.522691e-01,1.039876e+00,5.474247e-01
0.0222258,2.515000e+01,-5.106971e+00,1.015302e+00,3.521646e-01,1.039942e+00,5.472074e-01
0.0222581,2.515000e+01,-5.106806e+00,1.015269e+00,3.525152e-01,1.039290e+00,5.480785e-01
0.0222903,2.515000e+01,-5.106683e+00,1.015245e+00,3.533605e-01,1.037528e+00,5.503123e-01
0.0223226,2.515000e+01,-5.106573e+00,1.015223e+00,3.536164e-01,1.037475e+00,5.507272e-01
0.0223548,2.515000e+01,-5.106434e+00,1.015196e+00,3.530816e-01,1.039437e+00,5.488414e-01
0.0223871,2.515000e+01,-5.106277e+00,1.015164e+00,3.523027e-01,1.040279e+00,5.471707e-01
0.0224194,2.515000e+01,-5.106126e+00,1.015134e+00,3.522719e-01,1.040098e+00,5.472019e-01
0.0224516,2.515000e+01,-5.105991e+00,1.015108e+00,3.523577e-01,1.039431e+00,5.476715e-01
0.0224839,2.515000e+01,-5.105875e+00,1.015085e+00,3.528684e-01,1.039475e+00,5.484300e-01
0.0225161,2.515000e+01,-5.105766e+00,1.015063e+00,3.531777e-01,1.040473e+00,5.483724e-01
0.0225484,2.515000e+01,-5.105653e+00,1.015040e+00,3.527758e-01,1.040480e+00,5.477327e-01
0.0225806,2.515000e+01,-5.105535e+00,1.015017e+00,3.525215e-01,1.040794e+00,5.471599e-01
0.0226129,2.515000e+01,-5.105425e+00,1.014995e+00,3.521467e-01,1.039786e+00,5.470964e-01
0.0226452,2.515000e+01,-5.105362e+00,1.014982e+00,3.531101e-01,1.038004e+00,5.495281e-01
0.0226774,2.515000e+01,-5.105312e+00,1.014972e+00,3.532996e-01,1.037834e+00,5.499073e-01
0.0227097,2.515000e+01,-5.105248e+00,1.014960e+00,3.529899e-01,1.039683e+00,5.484414e-01
0.0227419,2.515000e+01,-5.105139e+00,1.014938e+00,3.518397e-01,1.042135e+00,5.453565e-01
0.0227742,2.515000e+01,-5.105034e+00,1.014917e+00,3.515786e-01,1.041835e+00,5.450977e-01
0.0228065,2.515000e+01,-5.104964e+00,1.014903e+00,3.523110e-01,1.040969e+00,5.466802e-01
0.0228387,2.515000e+01,-5.104922e+00,1.014895e+00,3.526460e-01,1.040035e+00,5.476867e-01
0.022871,2.515000e+01,-5.104902e+00,1.014891e+00,3.532345e-01,1.039518e+00,5.488714e-01
0.0229032,2.515000e+01,-5.104864e+00,1.014883e+00,3.528778e-01,1.040430e+00,5.478324e-01
0.0229355,2.515000e+01,-5.104830e+00,1.014877e+00,3.529073e-01,1.040800e+00,5.476801e-01
0.0229677,2.515000e+01,-5.104800e+00,1.014871e+00,3.529576e-01,1.042012e+00,5.471180e-01
0.023,2.515000e+01,-5.104799e+00,1.014871e+00,3.529927e-01,1.040186e+00,5.481326e-01
0.0230323,2.515000e+01,-5.104803e+00,1.014871e+00,3.527529e-01,1.039932e+00,5.478943e-01
0.0230645,2.515000e+01,-5.104802e+00,1.014871e+00,3.523509e-01,1.040018e+00,5.472245e-01
0.0230968,2.515000e+01,-5.104786e+00,1.014868e+00,3.521006e-01,1.041523e+00,5.460436e-01
0.023129,2.515000e+01,-5.104776e+00,1.014866e+00,3.523876e-01,1.042161e+00,5.461533e-01
0.0231613,2.515000e+01,-5.104790e+00,1.014869e+00,3.528711e-01,1.041642e+00,5.471765e-01
0.0231935,2.515000e+01,-5.104822e+00,1.014875e+00,3.533707e-01,1.041809e+00,5.478670e-01
0.0232258,2.515000e+01,-5.104883e+00,1.014887e+00,3.540072e-01,1.040613e+00,5.494911e-01
0.0232581,2.515000e+01,-5.104938e+00,1.014898e+00,3.533676e-01,1.040089e+00,5.487807e-01
0.0232903,2.515000e+01,-5.104985e+00,1.014908e+00,3.530057e-01,1.040196e+00,5.481676e-01
0.0233226,2.515000e+01,-5.104999e+00,1.014910e+00,3.521041e-01,1.042089e+00,5.457755e-01
0.0233548,2.515000e+01,-5.105016e+00,1.014914e+00,3.523990e-01,1.042313e+00,5.461170e-01
0.0233871,2.515000e+01,-5.105046e+00,1.014920e+00,3.526670e-01,1.041730e+00,5.468416e-01
0.0234194,2.515000e+01,-5.105062e+00,1.014923e+00,3.521157e-01,1.041742e+00,5.459822e-01
0.0234516,2.515000e+01,-5.105073e+00,1.014925e+00,3.517465e-01,1.041854e+00,5.453522e-01
0.0234839,2.515000e+01,-5.105116e+00,1.014934e+00,3.529660e-01,1.041671e+00,5.473436e-01
0.0235161,2.515000e+01,-5.105179e+00,1.014946e+00,3.529776e-01,1.040553e+00,5.479562e-01
0.0235484,2.515000e+01,-5.105225e+00,1.014955e+00,3.522050e-01,1.041098e+00,5.464761e-01
0.0235806,2.515000e+01,-5.105260e+00,1.014962e+00,3.518384e-01,1.041819e+00,5.455329e-01
0.0236129,2.515000e+01,-5.105336e+00,1.014977e+00,3.529943e-01,1.040848e+00,5.478439e-01
0.0236452,2.515000e+01,-5.105437e+00,1.014997e+00,3.537061e-01,1.040917e+00,5.489229e-01
0.0236774,2.515000e+01,-5.105520e+00,1.015014e+00,3.532256e-01,1.041782e+00,5.477313e-01
0.0237097,2.515000e+01,-5.105576e+00,1.015025e+00,3.517867e-01,1.041804e+00,5.454942e-01
0.0237419,2.515000e+01,-5.105644e+00,1.015039e+00,3.522277e-01,1.041721e+00,5.462290e-01
0.0237742,2.515000e+01,-5.105725e+00,1.015055e+00,3.521531e-01,1.040578e+00,5.467220e-01
0.0238065,2.515000e+01,-5.105811e+00,1.015072e+00,3.524307e-01,1.041069e+00,5.469042e-01
0.0238387,2.515000e+01,-5.105924e+00,1.015094e+00,3.532587e-01,1.040887e+00,5.482972e-01
0.023871,2.515000e+01,-5.106051e+00,1.015120e+00,3.533784e-01,1.040669e+00,5.486110e-01
0.0239032,2.515000e+01,-5.106163e+00,1.015142e+00,3.525771e-01,1.041005e+00,5.472026e-01
0.0239355,2.515000e+01,-5.106235e+00,1.015156e+00,3.507246e-01,1.041246e+00,5.442090e-01
0.0239677,2.515000e+01,-5.106324e+00,1.015174e+00,3.509893e-01,1.040876e+00,5.448232e-01
0.024,2.515000e+01,-5.106451e+00,1.015199e+00,3.522260e-01,1.040794e+00,5.467991e-01
0.0240323,2.515000e+01,-5.106597e+00,1.015228e+00,3.524753e-01,1.040202e+00,5.475133e-01
0.0240645,2.515000e+01,-5.106721e+00,1.015253e+00,3.517870e-01,1.041381e+00,5.458390e-01
0.0240968,2.515000e+01,-5.106834e+00,1.015275e+00,3.512103e-01,1.041393e+00,5.449500e-01
0.024129,2.515000e+01,-5.106975e+00,1.015303e+00,3.516622e-01,1.040239e+00,5.462713e-01
0.0241613,2.515000e+01,-5.107137e+00,1.015335e+00,3.522404e-01,1.039872e+00,5.473801e-01
0.0241935,2.515000e+01,-5.107316e+00,1.015371e+00,3.524611e-01,1.039182e+00,5.481059e-01
0.0242258,2.515000e+01,-5.107476e+00,1.015403e+00,3.518983e-01,1.039625e+00,5.470148e-01
0.0242581,2.515000e+01,-5.107625e+00,1.015433e+00,3.517490e-01,1.040270e+00,5.464597e-01
0.0242903,2.515000e+01,-5.107743e+00,1.015456e+00,3.504188e-01,1.040435e+00,5.443192e-01
0.0243226,2.515000e+01,-5.107870e+00,1.015481e+00,3.508125e-01,1.039726e+00,5.453159e-01
0.0243548,2.515000e+01,-5.108017e+00,1.015510e+00,3.514367e-01,1.039199e+00,5.465786e-01
0.0243871,2.515000e+01,-5.108176e+00,1.015542e+00,3.519199e-01,1.038900e+00,5.475051e-01
0.0244194,2.515000e+01,-5.108328e+00,1.015572e+00,3.518567e-01,1.039262e+00,5.472324e-01
0.0244516,2.515000e+01,-5.108457e+00,1.015598e+00,3.511323e-01,1.039598e+00,5.459430e-01
0.0244839,2.515000e+01,-5.108592e+00,1.015625e+00,3.515247e-01,1.039159e+00,5.467984e-01
0.0245161,2.515000e+01,-5.108721e+00,1.015650e+00,3.511954e-01,1.038538e+00,5.466266e-01
0.0245484,2.515000e+01,-5.108858e+00,1.015677e+00,3.512611e-01,1.037638e+00,5.472176e-01
0.0245806,2.515000e+01,-5.108971e+00,1.015700e+00,3.506839e-01,1.038092e+00,5.460917e-01
0.0246129,2.515000e+01,-5.109045e+00,1.015715e+00,3.495044e-01,1.038730e+00,5.439287e-01
0.0246452,2.515000e+01,-5.109105e+00,1.015727e+00,3.493090e-01,1.039021e+00,5.434788e-01
0.0246774,2.515000e+01,-5.109192e+00,1.015744e+00,3.501878e-01,1.038540e+00,5.451076e-01
0.0247097,2.515000e+01,-5.109299e+00,1.015765e+00,3.506862e-01,1.037686e+00,5.463437e-01
0.0247419,2.515000e+01,-5.109410e+00,1.015787e+00,3.508324e-01,1.037532e+00,5.466647e-01
0.0247742,2.515000e+01,-5.109513e+00,1.015808e+00,3.505966e-01,1.037527e+00,5.463108e-01
0.0248065,2.515000e+01,-5.109605e+00,1.015826e+00,3.501973e-01,1.037376e+00,5.457781e-01
0.0248387,2.515000e+01,-5.109708e+00,1.015846e+00,3.504719e-01,1.037008e+00,5.464108e-01
0.024871,2.515000e+01,-5.109793e+00,1.015863e+00,3.498302e-01,1.037532e+00,5.451439e-01
0.0249032,2.515000e+01,-5.109887e+00,1.015882e+00,3.498671e-01,1.036470e+00,5.457702e-01
0.0249355,2.515000e+01,-5.109984e+00,1.015901e+00,3.501767e-01,1.036753e+00,5.461146e-01
0.0249677,2.515000e+01,-5.110057e+00,1.015916e+00,3.491050e-01,1.036159e+00,5.447631e-01
0.025,2.515000e+01,-5.110123e+00,1.015929e+00,3.488999e-01,1.036091e+00,5.444855e-01
0.0250323,2.515000e+01,-5.110205e+00,1.015945e+00,3.492608e-01,1.035679e+00,5.452746e-01
0.0250645,2.515000e+01,-5.110303e+00,1.015965e+00,3.502753e-01,1.035994e+00,5.467024e-01
0.0250968,2.515000e+01,-5.110383e+00,1.015981e+00,3.500587e-01,1.036782e+00,5.459575e-01
0.025129,2.515000e+01,-5.110442e+00,1.015992e+00,3.490900e-01,1.035946e+00,5.448928e-01
0.0251613,2.515000e+01,-5.110501e+00,1.016004e+00,3.490719e-01,1.034920e+00,5.454111e-01
0.0251935,2.515000e+01,-5.110548e+00,1.016013e+00,3.485733e-01,1.034291e+00,5.449681e-01
0.0252258,2.515000e+01,-5.110601e+00,1.016024e+00,3.490258e-01,1.034316e+00,5.456678e-01
0.0252581,2.515000e+01,-5.110630e+00,1.016030e+00,3.487771e-01,1.035464e+00,5.446778e-01
0.0252903,2.515000e+01,-5.110656e+00,1.016035e+00,3.488656e-01,1.035181e+00,5.449674e-01
0.0253226,2.515000e+01,-5.110683e+00,1.016040e+00,3.488075e-01,1.034251e+00,5.453696e-01
0.0253548,2.515000e+01,-5.110692e+00,1.016042e+00,3.479678e-01,1.033421e+00,5.444947e-01
0.0253871,2.515000e+01,-5.110706e+00,1.016045e+00,3.483699e-01,1.033238e+00,5.452217e-01
0.0254194,2.515000e+01,-5.110723e+00,1.016048e+00,3.489538e-01,1.033904e+00,5.457857e-01
0.0254516,2.515000e+01,-5.110733e+00,1.016050e+00,3.488812e-01,1.034205e+00,5.455144e-01
0.0254839,2.515000e+01,-5.110700e+00,1.016044e+00,3.471936e-01,1.033660e+00,5.431583e-01
0.0255161,2.515000e+01,-5.110671e+00,1.016038e+00,3.469247e-01,1.032321e+00,5.434388e-01
0.0255484,2.515000e+01,-5.110649e+00,1.016034e+00,3.469534e-01,1.031070e+00,5.441407e-01
0.0255806,2.515000e+01,-5.110633e+00,1.016030e+00,3.476790e-01,1.031566e+00,5.450149e-01
0.0256129,2.515000e+01,-5.110603e+00,1.016025e+00,3.475224e-01,1.032544e+00,5.442499e-01
0.0256452,2.515000e+01,-5.110592e+00,1.016022e+00,3.484793e-01,1.032648e+00,5.456928e-01
0.0256774,2.515000e+01,-5.110572e+00,1.016018e+00,3.480152e-01,1.032064e+00,5.452720e-01
0.0257097,2.515000e+01,-5.110545e+00,1.016013e+00,3.471051e-01,1.030485e+00,5.446767e-01
0.0257419,2.515000e+01,-5.110514e+00,1.016007e+00,3.471206e-01,1.030502e+00,5.446884e-01
0.0257742,2.515000e+01,-5.110481e+00,1.016000e+00,3.472801e-01,1.030909e+00,5.447201e-01
0.0258065,2.515000e+01,-5.110456e+00,1.015995e+00,3.475778e-01,1.030780e+00,5.452527e-01
0.0258387,2.515000e+01,-5.110412e+00,1.015987e+00,3.466431e-01,1.030518e+00,5.439202e-01
0.025871,2.515000e+01,-5.110363e+00,1.015977e+00,3.461137e-01,1.029459e+00,5.436427e-01
0.0259032,2.515000e+01,-5.110319e+00,1.015968e+00,3.462516e-01,1.029335e+00,5.439205e-01
0.0259355,2.515000e+01,-5.110278e+00,1.015960e+00,3.463789e-01,1.029654e+00,5.439471e-01
0.0259677,2.515000e+01,-5.110247e+00,1.015954e+00,3.464165e-01,1.029101e+00,5.442955e-01
0.026,2.515000e+01,-5.110221e+00,1.015949e+00,3.465563e-01,1.029147e+00,5.444880e-01
0.0260323,2.515000e+01,-5.110197e+00,1.015944e+00,3.465173e-01,1.028716e+00,5.446519e-01
0.0260645,2.515000e+01,-5.110152e+00,1.015935e+00,3.456860e-01,1.028649e+00,5.433758e-01
0.0260968,2.515000e+01,-5.110099e+00,1.015924e+00,3.451565e-01,1.028370e+00,5.426855e-01
0.026129,2.515000e+01,-5.110056e+00,1.015916e+00,3.454594e-01,1.028307e+00,5.431902e-01
0.0261613,2.515000e+01,-5.110028e+00,1.015910e+00,3.459758e-01,1.028440e+00,5.439290e-01
0.0261935,2.515000e+01,-5.110009e+00,1.015906e+00,3.454813e-01,1.027081e+00,5.438683e-01
0.0262258,2.515000e+01,-5.110000e+00,1.015905e+00,3.455234e-01,1.026400e+00,5.442941e-01
0.0262581,2.515000e+01,-5.109988e+00,1.015902e+00,3.457420e-01,1.027134e+00,5.442482e-01
0.0262903,2.515000e+01,-5.109972e+00,1.015899e+00,3.459352e-01,1.028151e+00,5.440119e-01
0.0263226,2.515000e+01,-5.109969e+00,1.015898e+00,3.460177e-01,1.027741e+00,5.443583e-01
0.0263548,2.515000e+01,-5.109968e+00,1.015898e+00,3.456422e-01,1.026756e+00,5.442893e-01
0.0263871,2.515000e+01,-5.109978e+00,1.015900e+00,3.457240e-01,1.026191e+00,5.447191e-01
0.0264194,2.515000e+01,-5.109986e+00,1.015902e+00,3.451984e-01,1.025906e+00,5.440430e-01
0.0264516,2.515000e+01,-5.109979e+00,1.015900e+00,3.441577e-01,1.025178e+00,5.427869e-01
0.0264839,2.515000e+01,-5.109984e+00,1.015901e+00,3.444100e-01,1.024952e+00,5.433051e-01
0.0265161,2.515000e+01,-5.109993e+00,1.015903e+00,3.446492e-01,1.025270e+00,5.435152e-01
0.0265484,2.515000e+01,-5.110008e+00,1.015906e+00,3.450937e-01,1.025679e+00,5.440003e-01
0.0265806,2.515000e+01,-5.110023e+00,1.015909e+00,3.450473e-01,1.025815e+00,5.438567e-01
0.0266129,2.515000e+01,-5.110045e+00,1.015914e+00,3.450559e-01,1.025680e+00,5.439443e-01
0.0266452,2.515000e+01,-5.110077e+00,1.015920e+00,3.448479e-01,1.024766e+00,5.441045e-01
0.0266774,2.515000e+01,-5.110099e+00,1.015924e+00,3.439214e-01,1.023957e+00,5.430740e-01
0.0267097,2.515000e+01,-5.110125e+00,1.015929e+00,3.439102e-01,1.023997e+00,5.430380e-01
0.0267419,2.515000e+01,-5.110149e+00,1.015934e+00,3.440507e-01,1.024237e+00,5.431348e-01
0.0267742,2.515000e+01,-5.110174e+00,1.015939e+00,3.445313e-01,1.025279e+00,5.433437e-01
0.0268065,2.515000e+01,-5.110206e+00,1.015946e+00,3.445602e-01,1.025002e+00,5.435393e-01
0.0268387,2.515000e+01,-5.110247e+00,1.015954e+00,3.447868e-01,1.025034e+00,5.438841e-01
0.026871,2.515000e+01,-5.110303e+00,1.015965e+00,3.445692e-01,1.023456e+00,5.443847e-01
0.0269032,2.515000e+01,-5.110363e+00,1.015977e+00,3.445918e-01,1.023621e+00,5.443395e-01
0.0269355,2.515000e+01,-5.110423e+00,1.015989e+00,3.444906e-01,1.023938e+00,5.440172e-01
0.0269677,2.515000e+01,-5.110497e+00,1.016003e+00,3.449890e-01,1.024457e+00,5.445361e-01
0.027,2.515000e+01,-5.110576e+00,1.016019e+00,3.448157e-01,1.024356e+00,5.443245e-01
0.0270323,2.515000e+01,-5.110663e+00,1.016036e+00,3.442114e-01,1.022537e+00,5.443469e-01
0.0270645,2.515000e+01,-5.110757e+00,1.016055e+00,3.438418e-01,1.021384e+00,5.443859e-01
0.0270968,2.515000e+01,-5.110850e+00,1.016074e+00,3.435849e-01,1.022113e+00,5.436010e-01
0.027129,2.515000e+01,-5.110951e+00,1.016094e+00,3.441851e-01,1.023340e+00,5.439086e-01
0.0271613,2.515000e+01,-5.111052e+00,1.016114e+00,3.442428e-01,1.024227e+00,5.435395e-01
0.0271935,2.515000e+01,-5.111172e+00,1.016138e+00,3.445368e-01,1.023444e+00,5.444328e-01
0.0272258,2.515000e+01,-5.111302e+00,1.016163e+00,3.447879e-01,1.023359e+00,5.448885e-01
0.0272581,2.515000e+01,-5.111428e+00,1.016188e+00,3.442330e-01,1.022513e+00,5.444752e-01
0.0272903,2.515000e+01,-5.111558e+00,1.016214e+00,3.442338e-01,1.022536e+00,5.444781e-01
0.0273226,2.515000e+01,-5.111683e+00,1.016239e+00,3.438874e-01,1.022908e+00,5.437456e-01
0.0273548,2.515000e+01,-5.111818e+00,1.016266e+00,3.441679e-01,1.023020e+00,5.441437e-01
0.0273871,2.515000e+01,-5.111953e+00,1.016293e+00,3.440435e-01,1.023019e+00,5.439620e-01
0.0274194,2.515000e+01,-5.112101e+00,1.016322e+00,3.436404e-01,1.022016e+00,5.438738e-01
0.0274516,2.515000e+01,-5.112252e+00,1.016352e+00,3.437122e-01,1.022366e+00,5.438170e-01
0.0274839,2.515000e+01,-5.112405e+00,1.016383e+00,3.441262e-01,1.023692e+00,5.437830e-01
0.0275161,2.515000e+01,-5.112574e+00,1.016416e+00,3.447412e-01,1.024137e+00,5.445362e-01
0.0275484,2.515000e+01,-5.112759e+00,1.016453e+00,3.448424e-01,1.023348e+00,5.451359e-01
0.0275806,2.515000e+01,-5.112951e+00,1.016491e+00,3.450209e-01,1.023571e+00,5.453195e-01
0.0276129,2.515000e+01,-5.113156e+00,1.016532e+00,3.449447e-01,1.022441e+00,5.458236e-01
0.0276452,2.515000e+01,-5.113365e+00,1.016574e+00,3.445589e-01,1.021834e+00,5.455595e-01
0.0276774,2.515000e+01,-5.113582e+00,1.016617e+00,3.442754e-01,1.021116e+00,5.455170e-01
0.0277097,2.515000e+01,-5.113796e+00,1.016659e+00,3.444255e-01,1.022018e+00,5.452960e-01
0.0277419,2.515000e+01,-5.114011e+00,1.016702e+00,3.447210e-01,1.022832e+00,5.453524e-01
0.0277742,2.515000e+01,-5.114222e+00,1.016744e+00,3.448305e-01,1.023712e+00,5.450794e-01
0.0278065,2.515000e+01,-5.114425e+00,1.016784e+00,3.447545e-01,1.024325e+00,5.446545e-01
0.0278387,2.515000e+01,-5.114635e+00,1.016826e+00,3.448254e-01,1.023704e+00,5.451195e-01
0.027871,2.515000e+01,-5.114866e+00,1.016872e+00,3.450619e-01,1.022409e+00,5.462090e-01
0.0279032,2.515000e+01,-5.115104e+00,1.016919e+00,3.454093e-01,1.022650e+00,5.466552e-01
0.0279355,2.515000e+01,-5.115324e+00,1.016963e+00,3.449080e-01,1.023007e+00,5.456950e-01
0.0279677,2.515000e+01,-5.115526e+00,1.017003e+00,3.446174e-01,1.023737e+00,5.448679e-01
0.028,2.515000e+01,-5.115723e+00,1.017042e+00,3.444344e-01,1.023827e+00,5.445516e-01
0.0280323,2.515000e+01,-5.115926e+00,1.017083e+00,3.446858e-01,1.023713e+00,5.450313e-01
0.0280645,2.515000e+01,-5.116142e+00,1.017126e+00,3.452771e-01,1.023658e+00,5.460188e-01
0.0280968,2.515000e+01,-5.116349e+00,1.017167e+00,3.453403e-01,1.024750e+00,5.455589e-01
0.028129,2.515000e+01,-5.116553e+00,1.017207e+00,3.454150e-01,1.024957e+00,5.455882e-01
0.0281613,2.515000e+01,-5.116755e+00,1.017248e+00,3.457471e-01,1.025627e+00,5.457777e-01
0.0281935,2.515000e+01,-5.116966e+00,1.017289e+00,3.455921e-01,1.024167e+00,5.463332e-01
0.0282258,2.515000e+01,-5.117196e+00,1.017335e+00,3.458491e-01,1.022514e+00,5.476484e-01
0.0282581,2.515000e+01,-5.117427e+00,1.017381e+00,3.460437e-01,1.022623e+00,5.479224e-01
0.0282903,2.515000e+01,-5.117633e+00,1.017422e+00,3.458634e-01,1.023973e+00,5.469372e-01
0.0283226,2.515000e+01,-5.117820e+00,1.017459e+00,3.456894e-01,1.025095e+00,5.460835e-01
0.0283548,2.515000e+01,-5.117998e+00,1.017495e+00,3.455606e-01,1.025457e+00,5.457063e-01
0.0283871,2.515000e+01,-5.118196e+00,1.017534e+00,3.464655e-01,1.025296e+00,5.472425e-01
0.0284194,2.515000e+01,-5.118389e+00,1.017572e+00,3.465052e-01,1.025697e+00,5.471119e-01
0.0284516,2.515000e+01,-5.118577e+00,1.017610e+00,3.462849e-01,1.025044e+00,5.471324e-01
0.0284839,2.515000e+01,-5.118754e+00,1.017645e+00,3.463941e-01,1.025749e+00,5.469478e-01
0.0285161,2.515000e+01,-5.118935e+00,1.017681e+00,3.469771e-01,1.025919e+00,5.477967e-01
0.0285484,2.515000e+01,-5.119118e+00,1.017717e+00,3.469741e-01,1.025173e+00,5.482103e-01
0.0285806,2.515000e+01,-5.119296e+00,1.017753e+00,3.466293e-01,1.024408e+00,5.480935e-01
0.0286129,2.515000e+01,-5.119457e+00,1.017785e+00,3.464635e-01,1.025108e+00,5.474747e-01
0.0286452,2.515000e+01,-5.119598e+00,1.017813e+00,3.465549e-01,1.026789e+00,5.467374e-01
0.0286774,2.515000e+01,-5.119712e+00,1.017835e+00,3.461140e-01,1.027801e+00,5.455161e-01
0.0287097,2.515000e+01,-5.119832e+00,1.017859e+00,3.463966e-01,1.027757e+00,5.459980e-01
0.0287419,2.515000e+01,-5.119982e+00,1.017889e+00,3.476188e-01,1.027213e+00,5.482307e-01
0.0287742,2.515000e+01,-5.120128e+00,1.017918e+00,3.481029e-01,1.028338e+00,5.484091e-01
0.0288065,2.515000e+01,-5.120278e+00,1.017948e+00,3.479823e-01,1.026901e+00,5.490027e-01
0.0288387,2.515000e+01,-5.120420e+00,1.017976e+00,3.478517e-01,1.027201e+00,5.486515e-01
0.028871,2.515000e+01,-5.120571e+00,1.018006e+00,3.484411e-01,1.027447e+00,5.494655e-01
0.0289032,2.515000e+01,-5.120708e+00,1.018033e+00,3.482645e-01,1.027859e+00,5.489813e-01
0.0289355,2.515000e+01,-5.120841e+00,1.018060e+00,3.481309e-01,1.027636e+00,5.489043e-01
0.0289677,2.515000e+01,-5.120943e+00,1.018080e+00,3.476646e-01,1.029315e+00,5.472858e-01
0.029,2.515000e+01,-5.121042e+00,1.018100e+00,3.481116e-01,1.030255e+00,5.475005e-01
0.0290323,2.515000e+01,-5.121153e+00,1.018122e+00,3.487248e-01,1.029845e+00,5.486948e-01
0.0290645,2.515000e+01,-5.121288e+00,1.018149e+00,3.494465e-01,1.029250e+00,5.501627e-01
0.0290968,2.515000e+01,-5.121404e+00,1.018172e+00,3.492478e-01,1.030603e+00,5.491407e-01
0.029129,2.515000e+01,-5.121495e+00,1.018190e+00,3.486115e-01,1.031943e+00,5.474379e-01
0.0291613,2.515000e+01,-5.121627e+00,1.018216e+00,3.492459e-01,1.028990e+00,5.500225e-01
0.0291935,2.515000e+01,-5.121758e+00,1.018242e+00,3.494062e-01,1.029243e+00,5.501536e-01
0.0292258,2.515000e+01,-5.121890e+00,1.018268e+00,3.500459e-01,1.030640e+00,5.504277e-01
0.0292581,2.515000e+01,-5.122009e+00,1.018292e+00,3.499869e-01,1.031699e+00,5.497826e-01
0.0292903,2.515000e+01,-5.122121e+00,1.018314e+00,3.493500e-01,1.031043e+00,5.491436e-01
0.0293226,2.515000e+01,-5.122214e+00,1.018333e+00,3.489830e-01,1.031800e+00,5.481743e-01
0.0293548,2.515000e+01,-5.122283e+00,1.018347e+00,3.489636e-01,1.033472e+00,5.472642e-01
0.0293871,2.515000e+01,-5.122387e+00,1.018367e+00,3.503014e-01,1.033142e+00,5.495489e-01
0.0294194,2.515000e+01,-5.122525e+00,1.018395e+00,3.514602e-01,1.032346e+00,5.518066e-01
0.0294516,2.515000e+01,-5.122659e+00,1.018421e+00,3.516852e-01,1.033045e+00,5.518011e-01
0.0294839,2.515000e+01,-5.122735e+00,1.018436e+00,3.499192e-01,1.034352e+00,5.483447e-01
0.0295161,2.515000e+01,-5.122816e+00,1.018452e+00,3.494265e-01,1.032595e+00,5.485127e-01
0.0295484,2.515000e+01,-5.122914e+00,1.018472e+00,3.501371e-01,1.032323e+00,5.497835e-01
0.0295806,2.515000e+01,-5.123044e+00,1.018498e+00,3.518064e-01,1.032822e+00,5.521515e-01
0.0296129,2.515000e+01,-5.123148e+00,1.018519e+00,3.517760e-01,1.034921e+00,5.509957e-01
0.0296452,2.515000e+01,-5.123227e+00,1.018534e+00,3.513548e-01,1.036340e+00,5.495906e-01
0.0296774,2.515000e+01,-5.123300e+00,1.018549e+00,3.512491e-01,1.036584e+00,5.493037e-01
0.0297097,2.515000e+01,-5.123376e+00,1.018564e+00,3.514456e-01,1.036725e+00,5.495446e-01
0.0297419,2.515000e+01,-5.123490e+00,1.018586e+00,3.520294e-01,1.034249e+00,5.517875e-01
0.0297742,2.515000e+01,-5.123640e+00,1.018616e+00,3.532832e-01,1.033220e+00,5.543207e-01
0.0298065,2.515000e+01,-5.123784e+00,1.018645e+00,3.534846e-01,1.034498e+00,5.539666e-01
0.0298387,2.515000e+01,-5.123865e+00,1.018661e+00,3.522005e-01,1.037313e+00,5.504651e-01
0.029871,2.515000e+01,-5.123905e+00,1.018669e+00,3.502437e-01,1.036730e+00,5.477193e-01
0.0299032,2.515000e+01,-5.123959e+00,1.018680e+00,3.505920e-01,1.036197e+00,5.485518e-01
0.0299355,2.515000e+01,-5.124056e+00,1.018699e+00,3.524327e-01,1.036482e+00,5.512904e-01
0.0299677,2.515000e+01,-5.124153e+00,1.018718e+00,3.535076e-01,1.038345e+00,5.519900e-01
0.03,2.515000e+01,-5.124248e+00,1.018737e+00,3.533812e-01,1.038105e+00,5.519306e-01
0.0300323,2.515000e+01,-5.124318e+00,1.018751e+00,3.526038e-01,1.038639e+00,5.504409e-01
0.0300645,2.515000e+01,-5.124389e+00,1.018765e+00,3.526898e-01,1.038735e+00,5.505316e-01
0.0300968,2.515000e+01,-5.124491e+00,1.018785e+00,3.532420e-01,1.037395e+00,5.521168e-01
0.030129,2.515000e+01,-5.124620e+00,1.018811e+00,3.542306e-01,1.036867e+00,5.539577e-01
0.0301613,2.515000e+01,-5.124735e+00,1.018834e+00,3.539891e-01,1.037789e+00,5.531012e-01
0.0301935,2.515000e+01,-5.124823e+00,1.018852e+00,3.538509e-01,1.039774e+00,5.518392e-01
0.0302258,2.515000e+01,-5.124887e+00,1.018864e+00,3.530306e-01,1.040217e+00,5.503319e-01
0.0302581,2.515000e+01,-5.124956e+00,1.018878e+00,3.533528e-01,1.040293e+00,5.508013e-01
0.0302903,2.515000e+01,-5.125018e+00,1.018890e+00,3.534717e-01,1.041225e+00,5.505001e-01
0.0303226,2.515000e+01,-5.125095e+00,1.018905e+00,3.541761e-01,1.041454e+00,5.514844e-01
0.0303548,2.515000e+01,-5.125220e+00,1.018931e+00,3.554059e-01,1.038803e+00,5.548250e-01
0.0303871,2.515000e+01,-5.125341e+00,1.018955e+00,3.553428e-01,1.038532e+00,5.548843e-01
0.0304194,2.515000e+01,-5.125424e+00,1.018971e+00,3.546745e-01,1.040504e+00,5.528002e-01
0.0304516,2.515000e+01,-5.125489e+00,1.018984e+00,3.544977e-01,1.041751e+00,5.518702e-01
0.0304839,2.515000e+01,-5.125561e+00,1.018998e+00,3.546406e-01,1.041195e+00,5.523953e-01
0.0305161,2.515000e+01,-5.125627e+00,1.019011e+00,3.545543e-01,1.040926e+00,5.524106e-01
0.0305484,2.515000e+01,-5.125667e+00,1.019019e+00,3.543308e-01,1.042360e+00,5.513073e-01
0.0305806,2.515000e+01,-5.125717e+00,1.019029e+00,3.548054e-01,1.042171e+00,5.521513e-01
0.0306129,2.515000e+01,-5.125789e+00,1.019044e+00,3.557375e-01,1.041976e+00,5.537133e-01
0.0306452,2.515000e+01,-5.125842e+00,1.019054e+00,3.554480e-01,1.043035e+00,5.527063e-01
0.0306774,2.515000e+01,-5.125886e+00,1.019063e+00,3.552240e-01,1.043398e+00,5.521706e-01
0.0307097,2.515000e+01,-5.125941e+00,1.019074e+00,3.555217e-01,1.042432e+00,5.531519e-01
0.0307419,2.515000e+01,-5.126001e+00,1.019086e+00,3.555194e-01,1.042018e+00,5.533744e-01
0.0307742,2.515000e+01,-5.126061e+00,1.019098e+00,3.560557e-01,1.042667e+00,5.538705e-01
0.0308065,2.515000e+01,-5.126101e+00,1.019106e+00,3.557120e-01,1.043485e+00,5.529065e-01
0.0308387,2.515000e+01,-5.126131e+00,1.019111e+00,3.557758e-01,1.044045e+00,5.527123e-01
0.030871,2.515000e+01,-5.126141e+00,1.019113e+00,3.554407e-01,1.044405e+00,5.520022e-01
0.0309032,2.515000e+01,-5.126146e+00,1.019115e+00,3.557952e-01,1.044820e+00,5.523338e-01
0.0309355,2.515000e+01,-5.126185e+00,1.019122e+00,3.569826e-01,1.043846e+00,5.546988e-01
0.0309677,2.515000e+01,-5.126224e+00,1.019130e+00,3.573997e-01,1.044258e+00,5.551320e-01
0.031,2.515000e+01,-5.126253e+00,1.019136e+00,3.573696e-01,1.045047e+00,5.546689e-01
0.0310323,2.515000e+01,-5.126250e+00,1.019135e+00,3.563173e-01,1.045618e+00,5.527333e-01
0.0310645,2.515000e+01,-5.126258e+00,1.019137e+00,3.559869e-01,1.044085e+00,5.530325e-01
0.0310968,2.515000e+01,-5.126272e+00,1.019140e+00,3.564696e-01,1.044078e+00,5.537880e-01
0.031129,2.515000e+01,-5.126282e+00,1.019142e+00,3.570295e-01,1.045365e+00,5.539759e-01
0.0311613,2.515000e+01,-5.126281e+00,1.019141e+00,3.572014e-01,1.046500e+00,5.536415e-01
0.0311935,2.515000e+01,-5.126281e+00,1.019141e+00,3.572389e-01,1.046251e+00,5.538309e-01
0.0312258,2.515000e+01,-5.126283e+00,1.019142e+00,3.571504e-01,1.045867e+00,5.538977e-01
0.0312581,2.515000e+01,-5.126276e+00,1.019140e+00,3.571703e-01,1.046778e+00,5.534457e-01
0.0312903,2.515000e+01,-5.126281e+00,1.019141e+00,3.574984e-01,1.046588e+00,5.540552e-01
0.0313226,2.515000e+01,-5.126283e+00,1.019142e+00,3.575265e-01,1.047230e+00,5.537595e-01
0.0313548,2.515000e+01,-5.126282e+00,1.019142e+00,3.573059e-01,1.047301e+00,5.533797e-01
0.0313871,2.515000e+01,-5.126288e+00,1.019143e+00,3.573895e-01,1.046621e+00,5.538698e-01
0.0314194,2.515000e+01,-5.126306e+00,1.019146e+00,3.574389e-01,1.045536e+00,5.545228e-01
0.0314516,2.515000e+01,-5.126330e+00,1.019151e+00,3.578075e-01,1.045802e+00,5.549565e-01
0.0314839,2.515000e+01,-5.126333e+00,1.019152e+00,3.576581e-01,1.047520e+00,5.538147e-01
0.0315161,2.515000e+01,-5.126320e+00,1.019149e+00,3.577375e-01,1.048897e+00,5.532094e-01
0.0315484,2.515000e+01,-5.126312e+00,1.019147e+00,3.578002e-01,1.048488e+00,5.535213e-01
0.0315806,2.515000e+01,-5.126311e+00,1.019147e+00,3.578427e-01,1.048174e+00,5.537527e-01
0.0316129,2.515000e+01,-5.126329e+00,1.019151e+00,3.584850e-01,1.047780e+00,5.549576e-01
0.0316452,2.515000e+01,-5.126365e+00,1.019158e+00,3.588503e-01,1.046990e+00,5.559457e-01
0.0316774,2.515000e+01,-5.126395e+00,1.019164e+00,3.588652e-01,1.047541e+00,5.556798e-01
0.0317097,2.515000e+01,-5.126400e+00,1.019165e+00,3.585087e-01,1.048863e+00,5.544288e-01
0.0317419,2.515000e+01,-5.126402e+00,1.019165e+00,3.583237e-01,1.048950e+00,5.540967e-01
0.0317742,2.515000e+01,-5.126410e+00,1.019167e+00,3.586042e-01,1.048935e+00,5.545393e-01
0.0318065,2.515000e+01,-5.126419e+00,1.019169e+00,3.584728e-01,1.048566e+00,5.545320e-01
0.0318387,2.515000e+01,-5.126413e+00,1.019168e+00,3.583483e-01,1.049614e+00,5.537854e-01
0.031871,2.515000e+01,-5.126403e+00,1.019166e+00,3.584977e-01,1.050209e+00,5.537014e-01
0.0319032,2.515000e+01,-5.126396e+00,1.019164e+00,3.585101e-01,1.050210e+00,5.537193e-01
0.0319355,2.515000e+01,-5.126397e+00,1.019165e+00,3.589104e-01,1.050111e+00,5.543897e-01
0.0319677,2.515000e+01,-5.126414e+00,1.019168e+00,3.589238e-01,1.049118e+00,5.549368e-01
0.032,2.515000e+01,-5.126443e+00,1.019173e+00,3.591095e-01,1.048544e+00,5.555314e-01
0.0320323,2.515000e+01,-5.126468e+00,1.019178e+00,3.590747e-01,1.049107e+00,5.551820e-01
0.0320645,2.515000e+01,-5.126479e+00,1.019181e+00,3.590031e-01,1.050632e+00,5.542669e-01
0.0320968,2.515000e+01,-5.126482e+00,1.019181e+00,3.591112e-01,1.051990e+00,5.537184e-01
0.032129,2.515000e+01,-5.126490e+00,1.019183e+00,3.590261e-01,1.051878e+00,5.536469e-01
0.0321613,2.515000e+01,-5.126494e+00,1.019184e+00,3.588672e-01,1.052194e+00,5.532362e-01
0.0321935,2.515000e+01,-5.126514e+00,1.019188e+00,3.592541e-01,1.051902e+00,5.539883e-01
0.0322258,2.515000e+01,-5.126581e+00,1.019201e+00,3.602796e-01,1.050199e+00,5.564783e-01
0.0322581,2.515000e+01,-5.126665e+00,1.019218e+00,3.607813e-01,1.050090e+00,5.573200e-01
0.0322903,2.515000e+01,-5.126729e+00,1.019230e+00,3.603926e-01,1.051691e+00,5.558790e-01
0.0323226,2.515000e+01,-5.126769e+00,1.019238e+00,3.594722e-01,1.052959e+00,5.537960e-01
0.0323548,2.515000e+01,-5.126817e+00,1.019248e+00,3.593847e-01,1.053012e+00,5.536384e-01
0.0323871,2.515000e+01,-5.126888e+00,1.019262e+00,3.597458e-01,1.052586e+00,5.544264e-01
0.0324194,2.515000e+01,-5.126978e+00,1.019280e+00,3.602162e-01,1.052425e+00,5.552461e-01
0.0324516,2.515000e+01,-5.127069e+00,1.019298e+00,3.605111e-01,1.053604e+00,5.550887e-01
0.0324839,2.515000e+01,-5.127158e+00,1.019316e+00,3.603107e-01,1.053800e+00,5.546866e-01
0.0325161,2.515000e+01,-5.127239e+00,1.019332e+00,3.600011e-01,1.054201e+00,5.540083e-01
0.0325484,2.515000e+01,-5.127324e+00,1.019349e+00,3.599358e-01,1.053775e+00,5.541409e-01
0.0325806,2.515000e+01,-5.127448e+00,1.019373e+00,3.606848e-01,1.051988e+00,5.562509e-01
0.0326129,2.515000e+01,-5.127593e+00,1.019402e+00,3.613402e-01,1.051756e+00,5.573999e-01
0.0326452,2.515000e+01,-5.127727e+00,1.019429e+00,3.611604e-01,1.052872e+00,5.565464e-01
0.0326774,2.515000e+01,-5.127796e+00,1.019442e+00,3.596835e-01,1.055888e+00,5.526951e-01
0.0327097,2.515000e+01,-5.127854e+00,1.019454e+00,3.594879e-01,1.056401e+00,5.521327e-01
0.0327419,2.515000e+01,-5.127948e+00,1.019473e+00,3.603681e-01,1.055422e+00,5.540078e-01
0.0327742,2.515000e+01,-5.128063e+00,1.019496e+00,3.607061e-01,1.054515e+00,5.550171e-01
0.0328065,2.515000e+01,-5.128199e+00,1.019523e+00,3.614387e-01,1.054130e+00,5.563622e-01
0.0328387,2.515000e+01,-5.128321e+00,1.019547e+00,3.612220e-01,1.054959e+00,5.556049e-01
0.032871,2.515000e+01,-5.128441e+00,1.019571e+00,3.611950e-01,1.055339e+00,5.553762e-01
0.0329032,2.515000e+01,-5.128552e+00,1.019593e+00,3.613072e-01,1.056955e+00,5.547112e-01
0.0329355,2.515000e+01,-5.128686e+00,1.019620e+00,3.614756e-01,1.055362e+00,5.558223e-01
0.0329677,2.515000e+01,-5.128819e+00,1.019646e+00,3.614307e-01,1.055157e+00,5.558753e-01
0.033,2.515000e+01,-5.128947e+00,1.019671e+00,3.608733e-01,1.054926e+00,5.551535e-01
0.0330323,2.515000e+01,-5.129049e+00,1.019692e+00,3.607117e-01,1.056599e+00,5.540374e-01
0.0330645,2.515000e+01,-5.129151e+00,1.019712e+00,3.610844e-01,1.057437e+00,5.541814e-01
0.0330968,2.515000e+01,-5.129269e+00,1.019735e+00,3.615714e-01,1.057276e+00,5.550259e-01
0.033129,2.515000e+01,-5.129402e+00,1.019762e+00,3.620840e-01,1.057368e+00,5.557787e-01
0.0331613,2.515000e+01,-5.129558e+00,1.019793e+00,3.626314e-01,1.056506e+00,5.570904e-01
0.0331935,2.515000e+01,-5.129722e+00,1.019825e+00,3.625951e-01,1.055990e+00,5.573244e-01
0.0332258,2.515000e+01,-5.129871e+00,1.019855e+00,3.621328e-01,1.056227e+00,5.565050e-01
0.0332581,2.515000e+01,-5.130000e+00,1.019881e+00,3.615398e-01,1.057719e+00,5.548239e-01
0.0332903,2.515000e+01,-5.130123e+00,1.019905e+00,3.615204e-01,1.058648e+00,5.543205e-01
0.0333226,2.515000e+01,-5.130265e+00,1.019933e+00,3.618824e-01,1.057854e+00,5.553078e-01
0.0333548,2.515000e+01,-5.130391e+00,1.019958e+00,3.614088e-01,1.058324e+00,5.543484e-01
0.0333871,2.515000e+01,-5.130508e+00,1.019982e+00,3.609753e-01,1.058414e+00,5.536487e-01
0.0334194,2.515000e+01,-5.130661e+00,1.020012e+00,3.623583e-01,1.058372e+00,5.558090e-01
0.0334516,2.515000e+01,-5.130834e+00,1.020047e+00,3.626392e-01,1.057527e+00,5.567029e-01
0.0334839,2.515000e+01,-5.130994e+00,1.020078e+00,3.619813e-01,1.057544e+00,5.557009e-01
0.0335161,2.515000e+01,-5.131122e+00,1.020104e+00,3.611777e-01,1.058662e+00,5.538960e-01
0.0335484,2.515000e+01,-5.131286e+00,1.020136e+00,3.624602e-01,1.058128e+00,5.561608e-01
0.0335806,2.515000e+01,-5.131481e+00,1.020175e+00,3.636047e-01,1.058279e+00,5.578589e-01
0.0336129,2.515000e+01,-5.131671e+00,1.020213e+00,3.633120e-01,1.058737e+00,5.571892e-01
0.0336452,2.515000e+01,-5.131827e+00,1.020244e+00,3.617808e-01,1.059262e+00,5.545825e-01
0.0336774,2.515000e+01,-5.131986e+00,1.020275e+00,3.620315e-01,1.059360e+00,5.549328e-01
0.0337097,2.515000e+01,-5.132161e+00,1.020310e+00,3.621196e-01,1.058332e+00,5.556261e-01
0.0337419,2.515000e+01,-5.132347e+00,1.020347e+00,3.625452e-01,1.058417e+00,5.562545e-01
0.0337742,2.515000e+01,-5.132548e+00,1.020387e+00,3.632363e-01,1.058914e+00,5.570749e-01
0.0338065,2.515000e+01,-5.132768e+00,1.020431e+00,3.635827e-01,1.058682e+00,5.577525e-01
0.0338387,2.515000e+01,-5.132981e+00,1.020473e+00,3.632085e-01,1.058819e+00,5.571297e-01
0.033871,2.515000e+01,-5.133144e+00,1.020506e+00,3.610975e-01,1.059372e+00,5.536195e-01
0.0339032,2.515000e+01,-5.133309e+00,1.020539e+00,3.613535e-01,1.059214e+00,5.541128e-01
0.0339355,2.515000e+01,-5.133504e+00,1.020577e+00,3.625408e-01,1.059143e+00,5.559918e-01
0.0339677,2.515000e+01,-5.133719e+00,1.020620e+00,3.630080e-01,1.058786e+00,5.569195e-01
0.034,2.515000e+01,-5.133919e+00,1.020660e+00,3.627277e-01,1.059702e+00,5.560297e-01
0.0340323,2.515000e+01,-5.134092e+00,1.020694e+00,3.617231e-01,1.060094e+00,5.543034e-01
0.0340645,2.515000e+01,-5.134288e+00,1.020733e+00,3.622325e-01,1.059014e+00,5.556716e-01
0.0340968,2.515000e+01,-5.134504e+00,1.020776e+00,3.630003e-01,1.058863e+00,5.569522e-01
0.034129,2.515000e+01,-5.134733e+00,1.020822e+00,3.632853e-01,1.058282e+00,5.577205e-01
0.0341613,2.515000e+01,-5.134950e+00,1.020865e+00,3.630261e-01,1.058629e+00,5.571635e-01
0.0341935,2.515000e+01,-5.135152e+00,1.020905e+00,3.627235e-01,1.059163e+00,5.564401e-01
0.0342258,2.515000e+01,-5.135316e+00,1.020938e+00,3.616401e-01,1.059991e+00,5.543625e-01
0.0342581,2.515000e+01,-5.135495e+00,1.020973e+00,3.620004e-01,1.059278e+00,5.553077e-01
0.0342903,2.515000e+01,-5.135691e+00,1.021012e+00,3.625131e-01,1.058980e+00,5.562715e-01
0.0343226,2.515000e+01,-5.135908e+00,1.021055e+00,3.631013e-01,1.058442e+00,5.574810e-01
0.0343548,2.515000e+01,-5.136121e+00,1.021098e+00,3.633056e-01,1.059052e+00,5.574965e-01
0.0343871,2.515000e+01,-5.136312e+00,1.021136e+00,3.626681e-01,1.059396e+00,5.563585e-01
0.0344194,2.515000e+01,-5.136507e+00,1.021174e+00,3.628778e-01,1.059269e+00,5.567679e-01
0.0344516,2.515000e+01,-5.136703e+00,1.021213e+00,3.628380e-01,1.058841e+00,5.569530e-01
0.0344839,2.515000e+01,-5.136905e+00,1.021254e+00,3.628202e-01,1.058007e+00,5.573868e-01
0.0345161,2.515000e+01,-5.137106e+00,1.021293e+00,3.629044e-01,1.058230e+00,5.574202e-01
0.0345484,2.515000e+01,-5.137258e+00,1.021324e+00,3.613142e-01,1.059160e+00,5.545068e-01
0.0345806,2.515000e+01,-5.137398e+00,1.021351e+00,3.612288e-01,1.059505e+00,5.542103e-01
0.0346129,2.515000e+01,-5.137557e+00,1.021383e+00,3.618383e-01,1.059375e+00,5.552307e-01
0.0346452,2.515000e+01,-5.137744e+00,1.021420e+00,3.625577e-01,1.058621e+00,5.567510e-01
0.0346774,2.515000e+01,-5.137948e+00,1.021461e+00,3.631196e-01,1.058486e+00,5.577077e-01
0.0347097,2.515000e+01,-5.138144e+00,1.021500e+00,3.628214e-01,1.058654e+00,5.571823e-01
0.0347419,2.515000e+01,-5.138334e+00,1.021538e+00,3.623627e-01,1.058432e+00,5.566154e-01
0.0347742,2.515000e+01,-5.138535e+00,1.021578e+00,3.627574e-01,1.058552e+00,5.571803e-01
0.0348065,2.515000e+01,-5.138721e+00,1.021614e+00,3.622725e-01,1.058985e+00,5.562277e-01
0.0348387,2.515000e+01,-5.138916e+00,1.021653e+00,3.623118e-01,1.058073e+00,5.567888e-01
0.034871,2.515000e+01,-5.139114e+00,1.021693e+00,3.626833e-01,1.058469e+00,5.571725e-01
0.0349032,2.515000e+01,-5.139294e+00,1.021728e+00,3.619832e-01,1.058055e+00,5.563343e-01
0.0349355,2.515000e+01,-5.139463e+00,1.021762e+00,3.617567e-01,1.058062e+00,5.560009e-01
0.0349677,2.515000e+01,-5.139631e+00,1.021795e+00,3.617685e-01,1.057755e+00,5.561985e-01
0.035,2.515000e+01,-5.139822e+00,1.021833e+00,3.629906e-01,1.057903e+00,5.580197e-01
0.0350323,2.515000e+01,-5.140001e+00,1.021869e+00,3.632409e-01,1.059077e+00,5.578050e-01
0.0350645,2.515000e+01,-5.140151e+00,1.021899e+00,3.621090e-01,1.058452e+00,5.564117e-01
0.0350968,2.515000e+01,-5.140306e+00,1.021930e+00,3.622506e-01,1.057707e+00,5.570381e-01
0.035129,2.515000e+01,-5.140452e+00,1.021959e+00,3.617078e-01,1.057041e+00,5.565695e-01
0.0351613,2.515000e+01,-5.140607e+00,1.021989e+00,3.623520e-01,1.056851e+00,5.576777e-01
0.0351935,2.515000e+01,-5.140734e+00,1.022015e+00,3.621248e-01,1.058256e+00,5.566019e-01
0.0352258,2.515000e+01,-5.140860e+00,1.022040e+00,3.622852e-01,1.058299e+00,5.568395e-01
0.0352581,2.515000e+01,-5.140984e+00,1.022064e+00,3.623216e-01,1.057721e+00,5.572132e-01
0.0352903,2.515000e+01,-5.141093e+00,1.022086e+00,3.616893e-01,1.056902e+00,5.566836e-01
0.0353226,2.515000e+01,-5.141201e+00,1.022108e+00,3.618897e-01,1.056482e+00,5.572253e-01
0.0353548,2.515000e+01,-5.141312e+00,1.022130e+00,3.626599e-01,1.057422e+00,5.579268e-01
0.0353871,2.515000e+01,-5.141415e+00,1.022150e+00,3.627524e-01,1.057693e+00,5.579371e-01
0.0354194,2.515000e+01,-5.141474e+00,1.022162e+00,3.613163e-01,1.057954e+00,5.555980e-01
0.0354516,2.515000e+01,-5.141534e+00,1.022174e+00,3.608972e-01,1.056475e+00,5.557369e-01
0.0354839,2.515000e+01,-5.141603e+00,1.022187e+00,3.610018e-01,1.055359e+00,5.564932e-01
0.0355161,2.515000e+01,-5.141679e+00,1.022203e+00,3.618472e-01,1.055780e+00,5.575820e-01
0.0355484,2.515000e+01,-5.141738e+00,1.022214e+00,3.617455e-01,1.056860e+00,5.568624e-01
0.0355806,2.515000e+01,-5.141811e+00,1.022229e+00,3.627085e-01,1.057241e+00,5.581515e-01
0.0356129,2.515000e+01,-5.141875e+00,1.022241e+00,3.625996e-01,1.056890e+00,5.581759e-01
0.0356452,2.515000e+01,-5.141925e+00,1.022251e+00,3.617765e-01,1.055679e+00,5.575531e-01
0.0356774,2.515000e+01,-5.141971e+00,1.022261e+00,3.617833e-01,1.055438e+00,5.576962e-01
0.0357097,2.515000e+01,-5.142015e+00,1.022269e+00,3.619885e-01,1.056088e+00,5.576739e-01
0.0357419,2.515000e+01,-5.142064e+00,1.022279e+00,3.622937e-01,1.056155e+00,5.581136e-01
0.0357742,2.515000e+01,-5.142099e+00,1.022286e+00,3.617880e-01,1.056072e+00,5.573825e-01
0.0358065,2.515000e+01,-5.142123e+00,1.022291e+00,3.609771e-01,1.055085e+00,5.566558e-01
0.0358387,2.515000e+01,-5.142153e+00,1.022297e+00,3.613680e-01,1.054995e+00,5.573096e-01
0.035871,2.515000e+01,-5.142174e+00,1.022301e+00,3.615154e-01,1.055596e+00,5.572216e-01
0.0359032,2.515000e+01,-5.142197e+00,1.022306e+00,3.616641e-01,1.055186e+00,5.576700e-01
0.0359355,2.515000e+01,-5.142224e+00,1.022311e+00,3.619100e-01,1.055217e+00,5.580357e-01
0.0359677,2.515000e+01,-5.142249e+00,1.022316e+00,3.618103e-01,1.055068e+00,5.579633e-01
0.036,2.515000e+01,-5.142257e+00,1.022318e+00,3.613616e-01,1.054976e+00,5.573208e-01
0.0360323,2.515000e+01,-5.142246e+00,1.022315e+00,3.605772e-01,1.054702e+00,5.562546e-01
0.0360645,2.515000e+01,-5.142237e+00,1.022313e+00,3.608543e-01,1.054686e+00,5.566893e-01
0.0360968,2.515000e+01,-5.142241e+00,1.022314e+00,3.616811e-01,1.055161e+00,5.577140e-01
0.036129,2.515000e+01,-5.142246e+00,1.022315e+00,3.612394e-01,1.054110e+00,5.575887e-01
0.0361613,2.515000e+01,-5.142260e+00,1.022318e+00,3.612988e-01,1.053327e+00,5.580965e-01
0.0361935,2.515000e+01,-5.142273e+00,1.022321e+00,3.615711e-01,1.053979e+00,5.581734e-01
0.0362258,2.515000e+01,-5.142280e+00,1.022322e+00,3.617381e-01,1.055064e+00,5.578573e-01
0.0362581,2.515000e+01,-5.142295e+00,1.022325e+00,3.619845e-01,1.054859e+00,5.583479e-01
0.0362903,2.515000e+01,-5.142308e+00,1.022328e+00,3.617124e-01,1.054352e+00,5.581977e-01
0.0363226,2.515000e+01,-5.142336e+00,1.022333e+00,3.618937e-01,1.053634e+00,5.588609e-01
0.0363548,2.515000e+01,-5.142358e+00,1.022338e+00,3.616131e-01,1.053689e+00,5.584009e-01
0.0363871,2.515000e+01,-5.142365e+00,1.022339e+00,3.605601e-01,1.053025e+00,5.571269e-01
0.0364194,2.515000e+01,-5.142386e+00,1.022343e+00,3.608476e-01,1.052619e+00,5.577881e-01
0.0364516,2.515000e+01,-5.142406e+00,1.022347e+00,3.608794e-01,1.053051e+00,5.576110e-01
0.0364839,2.515000e+01,-5.142437e+00,1.022353e+00,3.615568e-01,1.053662e+00,5.583368e-01
0.0365161,2.515000e+01,-5.142469e+00,1.022360e+00,3.616304e-01,1.054014e+00,5.582673e-01
0.0365484,2.515000e+01,-5.142502e+00,1.022366e+00,3.616422e-01,1.053907e+00,5.583461e-01
0.0365806,2.515000e+01,-5.142549e+00,1.022376e+00,3.617592e-01,1.053170e+00,5.589226e-01
0.0366129,2.515000e+01,-5.142583e+00,1.022382e+00,3.607291e-01,1.052575e+00,5.576500e-01
0.0366452,2.515000e+01,-5.142620e+00,1.022390e+00,3.605983e-01,1.052254e+00,5.576216e-01
0.0366774,2.515000e+01,-5.142661e+00,1.022398e+00,3.608173e-01,1.052753e+00,5.577004e-01
0.0367097,2.515000e+01,-5.142705e+00,1.022407e+00,3.613346e-01,1.053678e+00,5.580143e-01
0.0367419,2.515000e+01,-5.142756e+00,1.022417e+00,3.615022e-01,1.053728e+00,5.582523e-01
0.0367742,2.515000e+01,-5.142817e+00,1.022429e+00,3.617616e-01,1.053952e+00,5.585410e-01
0.0368065,2.515000e+01,-5.142891e+00,1.022444e+00,3.615141e-01,1.052443e+00,5.589669e-01
0.0368387,2.515000e+01,-5.142970e+00,1.022459e+00,3.616746e-01,1.052546e+00,5.591689e-01
0.036871,2.515000e+01,-5.143051e+00,1.022475e+00,3.616671e-01,1.052819e+00,5.590210e-01
0.0369032,2.515000e+01,-5.143140e+00,1.022493e+00,3.620304e-01,1.053366e+00,5.593021e-01
0.0369355,2.515000e+01,-5.143234e+00,1.022512e+00,3.621102e-01,1.053773e+00,5.592193e-01
0.0369677,2.515000e+01,-5.143335e+00,1.022532e+00,3.615476e-01,1.052415e+00,5.590818e-01
0.037,2.515000e+01,-5.143458e+00,1.022556e+00,3.613197e-01,1.050523e+00,5.597493e-01
0.0370323,2.515000e+01,-5.143574e+00,1.022579e+00,3.609284e-01,1.051154e+00,5.588197e-01
0.0370645,2.515000e+01,-5.143692e+00,1.022603e+00,3.614526e-01,1.052585e+00,5.588833e-01
0.0370968,2.515000e+01,-5.143808e+00,1.022626e+00,3.616272e-01,1.053727e+00,5.585598e-01
0.037129,2.515000e+01,-5.143940e+00,1.022652e+00,3.619521e-01,1.053210e+00,5.593508e-01
0.0371613,2.515000e+01,-5.144083e+00,1.022681e+00,3.623184e-01,1.053135e+00,5.599722e-01
0.0371935,2.515000e+01,-5.144231e+00,1.022710e+00,3.620011e-01,1.052247e+00,5.599702e-01
0.0372258,2.515000e+01,-5.144378e+00,1.022739e+00,3.617753e-01,1.052248e+00,5.596359e-01
0.0372581,2.515000e+01,-5.144518e+00,1.022767e+00,3.615367e-01,1.052784e+00,5.589976e-01
0.0372903,2.515000e+01,-5.144666e+00,1.022796e+00,3.617418e-01,1.052968e+00,5.592332e-01
0.0373226,2.515000e+01,-5.144816e+00,1.022826e+00,3.618386e-01,1.052863e+00,5.594546e-01
0.0373548,2.515000e+01,-5.144972e+00,1.022857e+00,3.615442e-01,1.052006e+00,5.594720e-01
0.0373871,2.515000e+01,-5.145124e+00,1.022887e+00,3.613305e-01,1.052272e+00,5.590167e-01
0.0374194,2.515000e+01,-5.145277e+00,1.022918e+00,3.617600e-01,1.053344e+00,5.591281e-01
0.0374516,2.515000e+01,-5.145440e+00,1.022950e+00,3.624383e-01,1.054234e+00,5.597212e-01
0.0374839,2.515000e+01,-5.145616e+00,1.022985e+00,3.624639e-01,1.053310e+00,5.602707e-01
0.0375161,2.515000e+01,-5.145801e+00,1.023022e+00,3.627956e-01,1.053640e+00,5.606279e-01
0.0375484,2.515000e+01,-5.145996e+00,1.023061e+00,3.627868e-01,1.052743e+00,5.611133e-01
0.0375806,2.515000e+01,-5.146195e+00,1.023100e+00,3.624101e-01,1.052003e+00,5.609471e-01
0.0376129,2.515000e+01,-5.146405e+00,1.023142e+00,3.622023e-01,1.051265e+00,5.610419e-01
0.0376452,2.515000e+01,-5.146606e+00,1.023182e+00,3.621092e-01,1.051901e+00,5.605801e-01
0.0376774,2.515000e+01,-5.146808e+00,1.023222e+00,3.624935e-01,1.052661e+00,5.607918e-01
0.0377097,2.515000e+01,-5.147002e+00,1.023261e+00,3.626095e-01,1.053806e+00,5.603830e-01
0.0377419,2.515000e+01,-5.147195e+00,1.023299e+00,3.626982e-01,1.054151e+00,5.603574e-01
0.0377742,2.515000e+01,-5.147384e+00,1.023337e+00,3.625480e-01,1.054197e+00,5.601218e-01
0.0378065,2.515000e+01,-5.147596e+00,1.023379e+00,3.628650e-01,1.052638e+00,5.614650e-01
0.0378387,2.515000e+01,-5.147816e+00,1.023423e+00,3.632987e-01,1.052709e+00,5.621220e-01
0.037871,2.515000e+01,-5.148024e+00,1.023464e+00,3.628872e-01,1.052944e+00,5.613826e-01
0.0379032,2.515000e+01,-5.148218e+00,1.023503e+00,3.625906e-01,1.053637e+00,5.605763e-01
0.0379355,2.515000e+01,-5.148405e+00,1.023540e+00,3.622973e-01,1.053948e+00,5.599781e-01
0.0379677,2.515000e+01,-5.148601e+00,1.023579e+00,3.625243e-01,1.053867e+00,5.603931e-01
0.038,2.515000e+01,-5.148812e+00,1.023621e+00,3.630386e-01,1.053383e+00,5.614691e-01
0.0380323,2.515000e+01,-5.149014e+00,1.023661e+00,3.631945e-01,1.054719e+00,5.610204e-01
0.0380645,2.515000e+01,-5.149216e+00,1.023701e+00,3.631995e-01,1.054941e+00,5.609324e-01
0.0380968,2.515000e+01,-5.149417e+00,1.023741e+00,3.634923e-01,1.055466e+00,5.611269e-01
0.038129,2.515000e+01,-5.149621e+00,1.023781e+00,3.632847e-01,1.054440e+00,5.613742e-01
0.0381613,2.515000e+01,-5.149847e+00,1.023827e+00,3.636238e-01,1.052643e+00,5.628822e-01
0.0381935,2.515000e+01,-5.150075e+00,1.023872e+00,3.637297e-01,1.052568e+00,5.631113e-01
0.0382258,2.515000e+01,-5.150288e+00,1.023914e+00,3.637674e-01,1.053414e+00,5.627407e-01
0.0382581,2.515000e+01,-5.150475e+00,1.023951e+00,3.634191e-01,1.054863e+00,5.614500e-01
0.0382903,2.515000e+01,-5.150652e+00,1.023986e+00,3.632490e-01,1.055066e+00,5.610985e-01
0.0383226,2.515000e+01,-5.150844e+00,1.024025e+00,3.640340e-01,1.055073e+00,5.623281e-01
0.0383548,2.515000e+01,-5.151033e+00,1.024062e+00,3.641114e-01,1.055389e+00,5.623000e-01
0.0383871,2.515000e+01,-5.151222e+00,1.024100e+00,3.639817e-01,1.054669e+00,5.625043e-01
0.0384194,2.515000e+01,-5.151404e+00,1.024136e+00,3.639815e-01,1.054953e+00,5.623726e-01
0.0384516,2.515000e+01,-5.151588e+00,1.024173e+00,3.645143e-01,1.055481e+00,5.629341e-01
0.0384839,2.515000e+01,-5.151773e+00,1.024209e+00,3.645790e-01,1.054929e+00,5.633487e-01
0.0385161,2.515000e+01,-5.151961e+00,1.024247e+00,3.642926e-01,1.053729e+00,5.635679e-01
0.0385484,2.515000e+01,-5.152131e+00,1.024281e+00,3.639200e-01,1.054310e+00,5.626996e-01
0.0385806,2.515000e+01,-5.152288e+00,1.024312e+00,3.640827e-01,1.055687e+00,5.622340e-01
0.0386129,2.515000e+01,-5.152414e+00,1.024337e+00,3.636399e-01,1.056943e+00,5.608968e-01
0.0386452,2.515000e+01,-5.152540e+00,1.024362e+00,3.636541e-01,1.056732e+00,5.610445e-01
0.0386774,2.515000e+01,-5.152696e+00,1.024393e+00,3.647756e-01,1.056070e+00,5.631446e-01
0.0387097,2.515000e+01,-5.152849e+00,1.024423e+00,3.652868e-01,1.057300e+00,5.632942e-01
0.0387419,2.515000e+01,-5.153015e+00,1.024456e+00,3.653121e-01,1.055726e+00,5.641913e-01
0.0387742,2.515000e+01,-5.153174e+00,1.024488e+00,3.649969e-01,1.055792e+00,5.636866e-01
0.0388065,2.515000e+01,-5.153339e+00,1.024521e+00,3.654032e-01,1.056007e+00,5.642173e-01
0.0388387,2.515000e+01,-5.153502e+00,1.024553e+00,3.655347e-01,1.056437e+00,5.642083e-01
0.038871,2.515000e+01,-5.153663e+00,1.024585e+00,3.651495e-01,1.055757e+00,5.639948e-01
0.0389032,2.515000e+01,-5.153798e+00,1.024612e+00,3.646953e-01,1.057335e+00,5.624671e-01
0.0389355,2.515000e+01,-5.153932e+00,1.024639e+00,3.650312e-01,1.058343e+00,5.624634e-01
0.0389677,2.515000e+01,-5.154076e+00,1.024667e+00,3.654340e-01,1.058239e+00,5.631553e-01
0.039,2.515000e+01,-5.154255e+00,1.024703e+00,3.663461e-01,1.057204e+00,5.651334e-01
0.0390323,2.515000e+01,-5.154418e+00,1.024735e+00,3.660959e-01,1.058277e+00,5.641922e-01
0.0390645,2.515000e+01,-5.154553e+00,1.024762e+00,3.655714e-01,1.059690e+00,5.626475e-01
0.0390968,2.515000e+01,-5.154714e+00,1.024794e+00,3.658232e-01,1.057396e+00,5.642741e-01
0.039129,2.515000e+01,-5.154883e+00,1.024828e+00,3.660114e-01,1.056869e+00,5.648648e-01
0.0391613,2.515000e+01,-5.155060e+00,1.024863e+00,3.667010e-01,1.057739e+00,5.654826e-01
0.0391935,2.515000e+01,-5.155220e+00,1.024895e+00,3.666689e-01,1.059269e+00,5.646339e-01
0.0392258,2.515000e+01,-5.155380e+00,1.024926e+00,3.659521e-01,1.058240e+00,5.640956e-01
0.0392581,2.515000e+01,-5.155526e+00,1.024955e+00,3.656291e-01,1.058831e+00,5.632994e-01
0.0392903,2.515000e+01,-5.155648e+00,1.024980e+00,3.653584e-01,1.060211e+00,5.621631e-01
0.0393226,2.515000e+01,-5.155783e+00,1.025007e+00,3.663312e-01,1.060875e+00,5.633218e-01
0.0393548,2.515000e+01,-5.155969e+00,1.025043e+00,3.677561e-01,1.059264e+00,5.663930e-01
0.0393871,2.515000e+01,-5.156153e+00,1.025080e+00,3.679079e-01,1.059666e+00,5.664324e-01
0.0394194,2.515000e+01,-5.156296e+00,1.025109e+00,3.666223e-01,1.060987e+00,5.637658e-01
0.0394516,2.515000e+01,-5.156426e+00,1.025134e+00,3.655418e-01,1.059621e+00,5.628431e-01
0.0394839,2.515000e+01,-5.156576e+00,1.025164e+00,3.661567e-01,1.058859e+00,5.642122e-01
0.0395161,2.515000e+01,-5.156762e+00,1.025201e+00,3.676857e-01,1.059021e+00,5.665017e-01
0.0395484,2.515000e+01,-5.156929e+00,1.025234e+00,3.678167e-01,1.060652e+00,5.658507e-01
0.0395806,2.515000e+01,-5.157062e+00,1.025261e+00,3.671867e-01,1.062397e+00,5.639684e-01
0.0396129,2.515000e+01,-5.157184e+00,1.025285e+00,3.669440e-01,1.062685e+00,5.634560e-01
0.0396452,2.515000e+01,-5.157314e+00,1.025311e+00,3.672628e-01,1.062551e+00,5.640310e-01
0.0396774,2.515000e+01,-5.157461e+00,1.025340e+00,3.674785e-01,1.061105e+00,5.651472e-01
0.0397097,2.515000e+01,-5.157665e+00,1.025381e+00,3.689119e-01,1.058650e+00,5.686898e-01
0.0397419,2.515000e+01,-5.157856e+00,1.025419e+00,3.689031e-01,1.059780e+00,5.680912e-01
0.0397742,2.515000e+01,-5.158000e+00,1.025447e+00,3.681814e-01,1.062448e+00,5.655719e-01
0.0398065,2.515000e+01,-5.158094e+00,1.025466e+00,3.660310e-01,1.062378e+00,5.623159e-01
0.0398387,2.515000e+01,-5.158199e+00,1.025487e+00,3.659817e-01,1.061441e+00,5.627476e-01
0.039871,2.515000e+01,-5.158340e+00,1.025515e+00,3.674688e-01,1.061219e+00,5.651677e-01
0.0399032,2.515000e+01,-5.158479e+00,1.025543e+00,3.687334e-01,1.063366e+00,5.659832e-01
0.0399355,2.515000e+01,-5.158623e+00,1.025571e+00,3.688276e-01,1.062860e+00,5.664128e-01
0.0399677,2.515000e+01,-5.158736e+00,1.025594e+00,3.678524e-01,1.063344e+00,5.646705e-01
0.04,2.515000e+01,-5.158844e+00,1.025615e+00,3.677178e-01,1.063432e+00,5.644294e-01
0.0400333,2.515000e+01,-5.158987e+00,1.025643e+00,3.683018e-01,1.061037e+00,5.666171e-01
0.0400667,2.515000e+01,-5.159159e+00,1.025678e+00,3.692523e-01,1.060782e+00,5.682354e-01
0.0401,2.515000e+01,-5.159319e+00,1.025710e+00,3.690614e-01,1.061592e+00,5.675255e-01
0.0401333,2.515000e+01,-5.159452e+00,1.025736e+00,3.688314e-01,1.063482e+00,5.661788e-01
0.0401667,2.515000e+01,-5.159561e+00,1.025758e+00,3.680434e-01,1.064040e+00,5.646848e-01
0.0402,2.515000e+01,-5.159677e+00,1.025781e+00,3.682369e-01,1.063959e+00,5.650374e-01
0.0402333,2.515000e+01,-5.159782e+00,1.025802e+00,3.682067e-01,1.064754e+00,5.645805e-01
0.0402667,2.515000e+01,-5.159900e+00,1.025825e+00,3.687592e-01,1.064704e+00,5.654675e-01
0.0403,2.515000e+01,-5.160070e+00,1.025859e+00,3.700251e-01,1.061998e+00,5.688729e-01
0.0403333,2.515000e+01,-5.160236e+00,1.025892e+00,3.699709e-01,1.061776e+00,5.689265e-01
0.0403667,2.515000e+01,-5.160352e+00,1.025915e+00,3.690541e-01,1.064107e+00,5.662866e-01
0.0404,2.515000e+01,-5.160459e+00,1.025936e+00,3.688938e-01,1.064540e+00,5.658223e-01
0.0404333,2.515000e+01,-5.160570e+00,1.025958e+00,3.689036e-01,1.063948e+00,5.661642e-01
0.0404667,2.515000e+01,-5.160674e+00,1.025979e+00,3.686827e-01,1.063695e+00,5.659711e-01
0.0405,2.515000e+01,-5.160749e+00,1.025994e+00,3.687273e-01,1.065332e+00,5.651781e-01
0.0405333,2.515000e+01,-5.160845e+00,1.026013e+00,3.694003e-01,1.064508e+00,5.666584e-01
0.0405667,2.515000e+01,-5.160951e+00,1.026034e+00,3.698339e-01,1.064504e+00,5.673373e-01
0.0406,2.515000e+01,-5.161031e+00,1.026050e+00,3.692980e-01,1.065713e+00,5.658814e-01
0.0406333,2.515000e+01,-5.161112e+00,1.026066e+00,3.691269e-01,1.065078e+00,5.659650e-01
0.0406667,2.515000e+01,-5.161207e+00,1.026085e+00,3.695374e-01,1.064343e+00,5.669964e-01
0.0407,2.515000e+01,-5.161305e+00,1.026104e+00,3.696402e-01,1.064042e+00,5.673254e-01
0.0407333,2.515000e+01,-5.161390e+00,1.026121e+00,3.698468e-01,1.065108e+00,5.670835e-01
0.0407667,2.515000e+01,-5.161457e+00,1.026134e+00,3.693659e-01,1.065610e+00,5.660864e-01
0.0408,2.515000e+01,-5.161513e+00,1.026146e+00,3.691492e-01,1.065730e+00,5.656970e-01
0.0408333,2.515000e+01,-5.161555e+00,1.026154e+00,3.691469e-01,1.066209e+00,5.654442e-01
0.0408667,2.515000e+01,-5.161620e+00,1.026167e+00,3.700504e-01,1.065754e+00,5.670772e-01
0.0409,2.515000e+01,-5.161707e+00,1.026184e+00,3.708198e-01,1.065184e+00,5.685697e-01
0.0409333,2.515000e+01,-5.161782e+00,1.026199e+00,3.706687e-01,1.065958e+00,5.679336e-01
0.0409667,2.515000e+01,-5.161828e+00,1.026208e+00,3.697833e-01,1.066770e+00,5.661509e-01
0.041,2.515000e+01,-5.161879e+00,1.026218e+00,3.692825e-01,1.065150e+00,5.662494e-01
0.0410333,2.515000e+01,-5.161944e+00,1.026231e+00,3.697525e-01,1.064839e+00,5.671429e-01
0.0410667,2.515000e+01,-5.162009e+00,1.026244e+00,3.700872e-01,1.065827e+00,5.671376e-01
0.0411,2.515000e+01,-5.162059e+00,1.026254e+00,3.702266e-01,1.067191e+00,5.666315e-01
0.0411333,2.515000e+01,-5.162113e+00,1.026265e+00,3.702174e-01,1.066673e+00,5.668983e-01
0.0411667,2.515000e+01,-5.162168e+00,1.026276e+00,3.700758e-01,1.066107e+00,5.669883e-01
0.0412,2.515000e+01,-5.162213e+00,1.026285e+00,3.700254e-01,1.066917e+00,5.664859e-01
0.0412333,2.515000e+01,-5.162266e+00,1.026295e+00,3.703032e-01,1.066695e+00,5.670347e-01
0.0412667,2.515000e+01,-5.162309e+00,1.026304e+00,3.701762e-01,1.067280e+00,5.665343e-01
0.0413,2.515000e+01,-5.162344e+00,1.026311e+00,3.699402e-01,1.067256e+00,5.661897e-01
0.0413333,2.515000e+01,-5.162393e+00,1.026321e+00,3.701046e-01,1.066217e+00,5.669984e-01
0.0413667,2.515000e+01,-5.162456e+00,1.026333e+00,3.701637e-01,1.065085e+00,5.676989e-01
0.0414,2.515000e+01,-5.162523e+00,1.026346e+00,3.704524e-01,1.065562e+00,5.678947e-01
0.0414333,2.515000e+01,-5.162558e+00,1.026354e+00,3.700119e-01,1.067436e+00,5.662275e-01
0.0414667,2.515000e+01,-5.162586e+00,1.026359e+00,3.701082e-01,1.068266e+00,5.659377e-01
0.0415,2.515000e+01,-5.162622e+00,1.026366e+00,3.701729e-01,1.067752e+00,5.663134e-01
0.0415333,2.515000e+01,-5.162665e+00,1.026375e+00,3.703214e-01,1.067542e+00,5.666564e-01
0.0415667,2.515000e+01,-5.162740e+00,1.026390e+00,3.709617e-01,1.066209e+00,5.683544e-01
0.0416,2.515000e+01,-5.162813e+00,1.026404e+00,3.709057e-01,1.066436e+00,5.681555e-01
0.0416333,2.515000e+01,-5.162882e+00,1.026418e+00,3.709982e-01,1.066821e+00,5.680998e-01
0.0416667,2.515000e+01,-5.162927e+00,1.026427e+00,3.704373e-01,1.067933e+00,5.666553e-01
0.0417,2.515000e+01,-5.162975e+00,1.026436e+00,3.704542e-01,1.067667e+00,5.668277e-01
0.0417333,2.515000e+01,-5.163031e+00,1.026448e+00,3.706838e-01,1.067275e+00,5.673931e-01
0.0417667,2.515000e+01,-5.163071e+00,1.026455e+00,3.702144e-01,1.067574e+00,5.665202e-01
0.0418,2.515000e+01,-5.163095e+00,1.026460e+00,3.702574e-01,1.068641e+00,5.660229e-01
0.0418333,2.515000e+01,-5.163121e+00,1.026465e+00,3.702979e-01,1.068528e+00,5.661477e-01
0.0418667,2.515000e+01,-5.163158e+00,1.026473e+00,3.706048e-01,1.068535e+00,5.666174e-01
0.0419,2.515000e+01,-5.163213e+00,1.026484e+00,3.706523e-01,1.067526e+00,5.672318e-01
0.0419333,2.515000e+01,-5.163277e+00,1.026496e+00,3.706654e-01,1.066698e+00,5.676990e-01
0.0419667,2.515000e+01,-5.163343e+00,1.026510e+00,3.706809e-01,1.066692e+00,5.677331e-01
0.042,2.515000e+01,-5.163397e+00,1.026520e+00,3.706609e-01,1.068181e+00,5.669171e-01
0.0420333,2.515000e+01,-5.163441e+00,1.026529e+00,3.705791e-01,1.069646e+00,5.660206e-01
0.0420667,2.515000e+01,-5.163491e+00,1.026539e+00,3.705317e-01,1.069533e+00,5.660132e-01
0.0421,2.515000e+01,-5.163533e+00,1.026547e+00,3.702651e-01,1.069811e+00,5.654641e-01
0.0421333,2.515000e+01,-5.163588e+00,1.026558e+00,3.704638e-01,1.069467e+00,5.659551e-01
0.0421667,2.515000e+01,-5.163693e+00,1.026579e+00,3.715201e-01,1.067608e+00,5.685689e-01
0.0422,2.515000e+01,-5.163819e+00,1.026604e+00,3.720557e-01,1.067329e+00,5.695514e-01
0.0422333,2.515000e+01,-5.163923e+00,1.026625e+00,3.715279e-01,1.068928e+00,5.679041e-01
0.0422667,2.515000e+01,-5.164000e+00,1.026640e+00,3.704908e-01,1.070083e+00,5.657157e-01
0.0423,2.515000e+01,-5.164086e+00,1.026657e+00,3.704620e-01,1.069997e+00,5.657267e-01
0.0423333,2.515000e+01,-5.164197e+00,1.026679e+00,3.708533e-01,1.069475e+00,5.666129e-01
0.0423667,2.515000e+01,-5.164325e+00,1.026705e+00,3.712926e-01,1.069395e+00,5.673405e-01
0.0424,2.515000e+01,-5.164453e+00,1.026730e+00,3.714954e-01,1.070508e+00,5.670741e-01
0.0424333,2.515000e+01,-5.164573e+00,1.026754e+00,3.709949e-01,1.070506e+00,5.663248e-01
0.0424667,2.515000e+01,-5.164686e+00,1.026777e+00,3.707737e-01,1.070872e+00,5.658058e-01
0.0425,2.515000e+01,-5.164819e+00,1.026803e+00,3.707515e-01,1.069638e+00,5.664395e-01
0.0425333,2.515000e+01,-5.165001e+00,1.026839e+00,3.718639e-01,1.068193e+00,5.689275e-01
0.0425667,2.515000e+01,-5.165198e+00,1.026878e+00,3.721014e-01,1.068019e+00,5.694050e-01
0.0426,2.515000e+01,-5.165349e+00,1.026908e+00,3.711522e-01,1.070576e+00,5.666125e-01
0.0426333,2.515000e+01,-5.165453e+00,1.026929e+00,3.700222e-01,1.072560e+00,5.638541e-01
0.0426667,2.515000e+01,-5.165577e+00,1.026954e+00,3.703188e-01,1.071797e+00,5.647212e-01
0.0427,2.515000e+01,-5.165734e+00,1.026985e+00,3.711158e-01,1.070922e+00,5.664163e-01
0.0427333,2.515000e+01,-5.165912e+00,1.027020e+00,3.715965e-01,1.070278e+00,5.675110e-01
0.0427667,2.515000e+01,-5.166089e+00,1.027055e+00,3.717146e-01,1.070015e+00,5.678502e-01
0.0428,2.515000e+01,-5.166244e+00,1.027086e+00,3.713556e-01,1.070949e+00,5.668242e-01
0.0428333,2.515000e+01,-5.166396e+00,1.027117e+00,3.715220e-01,1.072004e+00,5.665368e-01
0.0428667,2.515000e+01,-5.166556e+00,1.027148e+00,3.717246e-01,1.071758e+00,5.669931e-01
0.0429,2.515000e+01,-5.166728e+00,1.027182e+00,3.717424e-01,1.070546e+00,5.676814e-01
0.0429333,2.515000e+01,-5.166885e+00,1.027214e+00,3.711266e-01,1.070191e+00,5.669459e-01
0.0429667,2.515000e+01,-5.167022e+00,1.027241e+00,3.707852e-01,1.071561e+00,5.657155e-01
0.043,2.515000e+01,-5.167155e+00,1.027267e+00,3.710860e-01,1.072491e+00,5.656980e-01
0.0430333,2.515000e+01,-5.167300e+00,1.027296e+00,3.715785e-01,1.072533e+00,5.664423e-01
0.0430667,2.515000e+01,-5.167461e+00,1.027328e+00,3.720687e-01,1.072489e+00,5.672307e-01
0.0431,2.515000e+01,-5.167641e+00,1.027364e+00,3.724440e-01,1.071645e+00,5.682695e-01
0.0431333,2.515000e+01,-5.167830e+00,1.027402e+00,3.725247e-01,1.070910e+00,5.688035e-01
0.0431667,2.515000e+01,-5.168006e+00,1.027437e+00,3.720134e-01,1.071049e+00,5.679686e-01
0.0432,2.515000e+01,-5.168156e+00,1.027466e+00,3.714080e-01,1.072456e+00,5.663171e-01
0.0432333,2.515000e+01,-5.168297e+00,1.027494e+00,3.712994e-01,1.073292e+00,5.657256e-01
0.0432667,2.515000e+01,-5.168452e+00,1.027525e+00,3.716052e-01,1.072521e+00,5.666159e-01
0.0433,2.515000e+01,-5.168589e+00,1.027552e+00,3.709838e-01,1.072745e+00,5.655653e-01
0.0433333,2.515000e+01,-5.168716e+00,1.027578e+00,3.706144e-01,1.072838e+00,5.649671e-01
0.0433667,2.515000e+01,-5.168882e+00,1.027611e+00,3.720395e-01,1.072783e+00,5.671867e-01
0.0434,2.515000e+01,-5.169068e+00,1.027648e+00,3.722705e-01,1.071747e+00,5.681078e-01
0.0434333,2.515000e+01,-5.169228e+00,1.027679e+00,3.712647e-01,1.072199e+00,5.663515e-01
0.0434667,2.515000e+01,-5.169369e+00,1.027707e+00,3.708888e-01,1.072918e+00,5.654142e-01
0.0435,2.515000e+01,-5.169555e+00,1.027744e+00,3.723957e-01,1.072204e+00,5.681102e-01
0.0435333,2.515000e+01,-5.169760e+00,1.027785e+00,3.730054e-01,1.072247e+00,5.690399e-01
0.0435667,2.515000e+01,-5.169941e+00,1.027821e+00,3.721733e-01,1.073228e+00,5.672713e-01
0.0436,2.515000e+01,-5.170098e+00,1.027853e+00,3.710022e-01,1.073250e+00,5.654919e-01
0.0436333,2.515000e+01,-5.170269e+00,1.027886e+00,3.713532e-01,1.072754e+00,5.663072e-01
0.0436667,2.515000e+01,-5.170454e+00,1.027923e+00,3.717353e-01,1.071914e+00,5.673550e-01
0.0437,2.515000e+01,-5.170636e+00,1.027959e+00,3.720024e-01,1.072732e+00,5.673492e-01
0.0437333,2.515000e+01,-5.170842e+00,1.028000e+00,3.727521e-01,1.072506e+00,5.686351e-01
0.0437667,2.515000e+01,-5.171058e+00,1.028043e+00,3.727928e-01,1.072193e+00,5.688871e-01
0.0438,2.515000e+01,-5.171222e+00,1.028076e+00,3.708595e-01,1.072826e+00,5.656207e-01
0.0438333,2.515000e+01,-5.171374e+00,1.028106e+00,3.703183e-01,1.072755e+00,5.648493e-01
0.0438667,2.515000e+01,-5.171544e+00,1.028140e+00,3.709820e-01,1.072556e+00,5.659857e-01
0.0439,2.515000e+01,-5.171741e+00,1.028179e+00,3.720703e-01,1.072580e+00,5.676548e-01
0.0439333,2.515000e+01,-5.171934e+00,1.028218e+00,3.720019e-01,1.072638e+00,5.675407e-01
0.0439667,2.515000e+01,-5.172086e+00,1.028248e+00,3.707364e-01,1.073441e+00,5.652037e-01
0.044,2.515000e+01,-5.172254e+00,1.028281e+00,3.710900e-01,1.072587e+00,5.662115e-01
0.0440323,2.515000e+01,-5.172439e+00,1.028318e+00,3.717974e-01,1.073410e+00,5.668759e-01
0.0440645,2.515000e+01,-5.172642e+00,1.028358e+00,3.719538e-01,1.072053e+00,5.678547e-01
0.0440968,2.515000e+01,-5.172839e+00,1.028397e+00,3.718718e-01,1.072084e+00,5.677348e-01
0.044129,2.515000e+01,-5.173018e+00,1.028433e+00,3.713254e-01,1.072237e+00,5.668392e-01
0.0441613,2.515000e+01,-5.173160e+00,1.028461e+00,3.704372e-01,1.073466e+00,5.648517e-01
0.0441935,2.515000e+01,-5.173315e+00,1.028492e+00,3.706510e-01,1.072573e+00,5.656653e-01
0.0442258,2.515000e+01,-5.173479e+00,1.028525e+00,3.709650e-01,1.072422e+00,5.662419e-01
0.0442581,2.515000e+01,-5.173667e+00,1.028562e+00,3.717428e-01,1.071596e+00,5.678873e-01
0.0442903,2.515000e+01,-5.173851e+00,1.028599e+00,3.719478e-01,1.072233e+00,5.678831e-01
0.0443226,2.515000e+01,-5.174017e+00,1.028632e+00,3.714201e-01,1.072403e+00,5.670058e-01
0.0443548,2.515000e+01,-5.174178e+00,1.028664e+00,3.713703e-01,1.072506e+00,5.668929e-01
0.0443871,2.515000e+01,-5.174346e+00,1.028697e+00,3.715085e-01,1.072026e+00,5.673760e-01
0.0444194,2.515000e+01,-5.174520e+00,1.028732e+00,3.713466e-01,1.071091e+00,5.676429e-01
0.0444516,2.515000e+01,-5.174700e+00,1.028767e+00,3.716738e-01,1.071042e+00,5.681887e-01
0.0444839,2.515000e+01,-5.174825e+00,1.028792e+00,3.698604e-01,1.071990e+00,5.649305e-01
0.0445161,2.515000e+01,-5.174942e+00,1.028815e+00,3.697410e-01,1.072204e+00,5.646477e-01
0.0445484,2.515000e+01,-5.175063e+00,1.028840e+00,3.699242e-01,1.072333e+00,5.648731e-01
0.0445806,2.515000e+01,-5.175218e+00,1.028870e+00,3.708219e-01,1.071465e+00,5.667197e-01
0.0446129,2.515000e+01,-5.175394e+00,1.028905e+00,3.715666e-01,1.071165e+00,5.680359e-01
0.0446452,2.515000e+01,-5.175557e+00,1.028938e+00,3.711047e-01,1.071538e+00,5.671500e-01
0.0446774,2.515000e+01,-5.175721e+00,1.028970e+00,3.708394e-01,1.071041e+00,5.670258e-01
0.0447097,2.515000e+01,-5.175889e+00,1.029004e+00,3.710643e-01,1.071369e+00,5.672144e-01
0.0447419,2.515000e+01,-5.176049e+00,1.029036e+00,3.706301e-01,1.071376e+00,5.665645e-01
0.0447742,2.515000e+01,-5.176216e+00,1.029069e+00,3.705842e-01,1.070772e+00,5.668322e-01
0.0448065,2.515000e+01,-5.176386e+00,1.029103e+00,3.707800e-01,1.070893e+00,5.670862e-01
0.0448387,2.515000e+01,-5.176551e+00,1.029135e+00,3.704280e-01,1.070591e+00,5.667256e-01
0.044871,2.515000e+01,-5.176706e+00,1.029166e+00,3.700266e-01,1.070504e+00,5.661747e-01
0.0449032,2.515000e+01,-5.176855e+00,1.029196e+00,3.697112e-01,1.070164e+00,5.658880e-01
0.0449355,2.515000e+01,-5.177032e+00,1.029231e+00,3.710350e-01,1.070211e+00,5.679086e-01
0.0449677,2.515000e+01,-5.177204e+00,1.029265e+00,3.715456e-01,1.071355e+00,5.681016e-01
0.045,2.515000e+01,-5.177345e+00,1.029293e+00,3.703247e-01,1.070927e+00,5.664765e-01
0.0450323,2.515000e+01,-5.177488e+00,1.029322e+00,3.703810e-01,1.070137e+00,5.669964e-01
0.0450645,2.515000e+01,-5.177619e+00,1.029348e+00,3.697374e-01,1.069273e+00,5.664835e-01
0.0450968,2.515000e+01,-5.177761e+00,1.029376e+00,3.703254e-01,1.068994e+00,5.675477e-01
0.045129,2.515000e+01,-5.177881e+00,1.029400e+00,3.701666e-01,1.070150e+00,5.667046e-01
0.0451613,2.515000e+01,-5.177993e+00,1.029422e+00,3.703061e-01,1.070491e+00,5.667499e-01
0.0451935,2.515000e+01,-5.178101e+00,1.029444e+00,3.702171e-01,1.069945e+00,5.669145e-01
0.0452258,2.515000e+01,-5.178199e+00,1.029463e+00,3.698129e-01,1.069121e+00,5.667427e-01
0.0452581,2.515000e+01,-5.178294e+00,1.029482e+00,3.696616e-01,1.068463e+00,5.668703e-01
0.0452903,2.515000e+01,-5.178393e+00,1.029502e+00,3.705051e-01,1.069318e+00,5.677203e-01
0.0453226,2.515000e+01,-5.178484e+00,1.029520e+00,3.706408e-01,1.069544e+00,5.678185e-01
0.0453548,2.515000e+01,-5.178535e+00,1.029530e+00,3.694896e-01,1.070341e+00,5.656387e-01
0.0453871,2.515000e+01,-5.178582e+00,1.029539e+00,3.687859e-01,1.068468e+00,5.655564e-01
0.0454194,2.515000e+01,-5.178633e+00,1.029549e+00,3.687283e-01,1.067482e+00,5.659955e-01
0.0454516,2.515000e+01,-5.178698e+00,1.029562e+00,3.695471e-01,1.067421e+00,5.672924e-01
0.0454839,2.515000e+01,-5.178747e+00,1.029572e+00,3.695057e-01,1.068554e+00,5.666322e-01
0.0455161,2.515000e+01,-5.178802e+00,1.029583e+00,3.702154e-01,1.068935e+00,5.675243e-01
0.0455484,2.515000e+01,-5.178859e+00,1.029594e+00,3.703907e-01,1.068650e+00,5.679511e-01
0.0455806,2.515000e+01,-5.178900e+00,1.029602e+00,3.695202e-01,1.067611e+00,5.671721e-01
0.0456129,2.515000e+01,-5.178939e+00,1.029610e+00,3.694050e-01,1.067018e+00,5.673147e-01
0.0456452,2.515000e+01,-5.178974e+00,1.029617e+00,3.696387e-01,1.067616e+00,5.673594e-01
0.0456774,2.515000e+01,-5.179011e+00,1.029624e+00,3.697971e-01,1.067764e+00,5.675279e-01
0.0457097,2.515000e+01,-5.179040e+00,1.029630e+00,3.696149e-01,1.067667e+00,5.673029e-01
0.0457419,2.515000e+01,-5.179046e+00,1.029631e+00,3.684352e-01,1.066687e+00,5.660125e-01
0.0457742,2.515000e+01,-5.179058e+00,1.029634e+00,3.688467e-01,1.066424e+00,5.667859e-01
0.0458065,2.515000e+01,-5.179063e+00,1.029635e+00,3.690080e-01,1.067019e+00,5.667181e-01
0.0458387,2.515000e+01,-5.179072e+00,1.029637e+00,3.690863e-01,1.066500e+00,5.671150e-01
0.045871,2.515000e+01,-5.179081e+00,1.029638e+00,3.693122e-01,1.066496e+00,5.674654e-01
0.0459032,2.515000e+01,-5.179081e+00,1.029638e+00,3.691185e-01,1.066459e+00,5.671872e-01
0.0459355,2.515000e+01,-5.179070e+00,1.029636e+00,3.689132e-01,1.066308e+00,5.669508e-01
0.0459677,2.515000e+01,-5.179037e+00,1.029630e+00,3.679385e-01,1.065923e+00,5.656537e-01
0.046,2.515000e+01,-5.179007e+00,1.029624e+00,3.681501e-01,1.065877e+00,5.659999e-01
0.0460323,2.515000e+01,-5.178989e+00,1.029620e+00,3.689826e-01,1.066255e+00,5.670767e-01
0.0460645,2.515000e+01,-5.178968e+00,1.029616e+00,3.684763e-01,1.065396e+00,5.667530e-01
0.0460968,2.515000e+01,-5.178955e+00,1.029613e+00,3.683707e-01,1.064302e+00,5.671714e-01
0.046129,2.515000e+01,-5.178943e+00,1.029611e+00,3.686530e-01,1.064819e+00,5.673294e-01
0.0461613,2.515000e+01,-5.178927e+00,1.029608e+00,3.688743e-01,1.065712e+00,5.671927e-01
0.0461935,2.515000e+01,-5.178913e+00,1.029605e+00,3.691275e-01,1.065866e+00,5.674981e-01
0.0462258,2.515000e+01,-5.178893e+00,1.029601e+00,3.688176e-01,1.065471e+00,5.672299e-01
0.0462581,2.515000e+01,-5.178886e+00,1.029600e+00,3.688852e-01,1.064388e+00,5.679102e-01
0.0462903,2.515000e+01,-5.178878e+00,1.029598e+00,3.687997e-01,1.064544e+00,5.676946e-01
0.0463226,2.515000e+01,-5.178857e+00,1.029594e+00,3.676860e-01,1.063912e+00,5.663144e-01
0.0463548,2.515000e+01,-5.178849e+00,1.029592e+00,3.679044e-01,1.063345e+00,5.669518e-01
0.0463871,2.515000e+01,-5.178836e+00,1.029590e+00,3.676895e-01,1.063653e+00,5.664555e-01
0.0464194,2.515000e+01,-5.178836e+00,1.029590e+00,3.683781e-01,1.064131e+00,5.672610e-01
0.0464516,2.515000e+01,-5.178835e+00,1.029590e+00,3.684954e-01,1.064555e+00,5.672158e-01
0.0464839,2.515000e+01,-5.178838e+00,1.029590e+00,3.684778e-01,1.064406e+00,5.672682e-01
0.0465161,2.515000e+01,-5.178852e+00,1.029593e+00,3.685358e-01,1.063748e+00,5.677102e-01
0.0465484,2.515000e+01,-5.178858e+00,1.029594e+00,3.676668e-01,1.063199e+00,5.666643e-01
0.0465806,2.515000e+01,-5.178866e+00,1.029596e+00,3.673171e-01,1.062460e+00,5.665199e-01
0.0466129,2.515000e+01,-5.178874e+00,1.029597e+00,3.674384e-01,1.062938e+00,5.664535e-01
0.0466452,2.515000e+01,-5.178885e+00,1.029599e+00,3.679141e-01,1.063658e+00,5.668038e-01
0.0466774,2.515000e+01,-5.178898e+00,1.029602e+00,3.681657e-01,1.064096e+00,5.669594e-01
0.0467097,2.515000e+01,-5.178919e+00,1.029606e+00,3.684150e-01,1.064315e+00,5.672288e-01
0.0467419,2.515000e+01,-5.178951e+00,1.029613e+00,3.680405e-01,1.062734e+00,5.674990e-01
0.0467742,2.515000e+01,-5.178987e+00,1.029620e+00,3.681937e-01,1.062510e+00,5.678589e-01
0.0468065,2.515000e+01,-5.179021e+00,1.029626e+00,3.681534e-01,1.062588e+00,5.677585e-01
0.0468387,2.515000e+01,-5.179055e+00,1.029633e+00,3.683111e-01,1.063221e+00,5.676673e-01
0.046871,2.515000e+01,-5.179095e+00,1.029641e+00,3.685924e-01,1.063893e+00,5.677464e-01
0.0469032,2.515000e+01,-5.179136e+00,1.029649e+00,3.680157e-01,1.062830e+00,5.674298e-01
0.0469355,2.515000e+01,-5.179205e+00,1.029663e+00,3.677888e-01,1.060200e+00,5.684939e-01
0.0469677,2.515000e+01,-5.179263e+00,1.029674e+00,3.673770e-01,1.060850e+00,5.675159e-01
0.047,2.515000e+01,-5.179315e+00,1.029685e+00,3.675972e-01,1.062099e+00,5.671941e-01
0.0470323,2.515000e+01,-5.179364e+00,1.029695e+00,3.679312e-01,1.063398e+00,5.670212e-01
0.0470645,2.515000e+01,-5.179419e+00,1.029706e+00,3.680816e-01,1.063083e+00,5.674270e-01
0.0470968,2.515000e+01,-5.179487e+00,1.029719e+00,3.684325e-01,1.062701e+00,5.681799e-01
0.047129,2.515000e+01,-5.179561e+00,1.029734e+00,3.683270e-01,1.061924e+00,5.684406e-01
0.0471613,2.515000e+01,-5.179626e+00,1.029747e+00,3.677904e-01,1.061761e+00,5.677069e-01
0.0471935,2.515000e+01,-5.179686e+00,1.029759e+00,3.676924e-01,1.062214e+00,5.673200e-01
0.0472258,2.515000e+01,-5.179746e+00,1.029771e+00,3.677693e-01,1.062512e+00,5.672862e-01
0.0472581,2.515000e+01,-5.179816e+00,1.029785e+00,3.679072e-01,1.062097e+00,5.677284e-01
0.0472903,2.515000e+01,-5.179890e+00,1.029799e+00,3.676053e-01,1.061515e+00,5.675817e-01
0.0473226,2.515000e+01,-5.179958e+00,1.029813e+00,3.673514e-01,1.061619e+00,5.671414e-01
0.0473548,2.515000e+01,-5.180030e+00,1.029827e+00,3.676258e-01,1.062235e+00,5.672437e-01
0.0473871,2.515000e+01,-5.180104e+00,1.029842e+00,3.682074e-01,1.063420e+00,5.675166e-01
0.0474194,2.515000e+01,-5.180190e+00,1.029859e+00,3.682579e-01,1.062594e+00,5.680448e-01
0.0474516,2.515000e+01,-5.180286e+00,1.029878e+00,3.685553e-01,1.062475e+00,5.685778e-01
0.0474839,2.515000e+01,-5.180387e+00,1.029898e+00,3.684499e-01,1.061996e+00,5.686827e-01
0.0475161,2.515000e+01,-5.180495e+00,1.029919e+00,3.681394e-01,1.061045e+00,5.687244e-01
0.0475484,2.515000e+01,-5.180616e+00,1.029943e+00,3.679862e-01,1.060144e+00,5.689841e-01
0.0475806,2.515000e+01,-5.180726e+00,1.029965e+00,3.675751e-01,1.060437e+00,5.682035e-01
0.0476129,2.515000e+01,-5.180840e+00,1.029988e+00,3.679786e-01,1.061100e+00,5.684844e-01
0.0476452,2.515000e+01,-5.180944e+00,1.030009e+00,3.680694e-01,1.062335e+00,5.679753e-01
0.0476774,2.515000e+01,-5.181050e+00,1.030030e+00,3.681171e-01,1.062614e+00,5.679111e-01
0.0477097,2.515000e+01,-5.181150e+00,1.030050e+00,3.679429e-01,1.062889e+00,5.675068e-01
0.0477419,2.515000e+01,-5.181274e+00,1.030074e+00,3.681819e-01,1.061235e+00,5.687735e-01
0.0477742,2.515000e+01,-5.181408e+00,1.030101e+00,3.685705e-01,1.061007e+00,5.695110e-01
0.0478065,2.515000e+01,-5.181534e+00,1.030126e+00,3.682322e-01,1.061021e+00,5.689949e-01
0.0478387,2.515000e+01,-5.181640e+00,1.030147e+00,3.677262e-01,1.061656e+00,5.678846e-01
0.047871,2.515000e+01,-5.181738e+00,1.030167e+00,3.675514e-01,1.062032e+00,5.674248e-01
0.0479032,2.515000e+01,-5.181840e+00,1.030187e+00,3.676608e-01,1.061981e+00,5.676316e-01
0.0479355,2.515000e+01,-5.181958e+00,1.030210e+00,3.680885e-01,1.061308e+00,5.686654e-01
0.0479677,2.515000e+01,-5.182062e+00,1.030231e+00,3.682171e-01,1.062540e+00,5.682162e-01
0.048,2.515000e+01,-5.182163e+00,1.030251e+00,3.681302e-01,1.062799e+00,5.679544e-01
0.0480323,2.515000e+01,-5.182263e+00,1.030271e+00,3.683640e-01,1.063090e+00,5.681707e-01
0.0480645,2.515000e+01,-5.182361e+00,1.030290e+00,3.682600e-01,1.062626e+00,5.682691e-01
0.0480968,2.515000e+01,-5.182482e+00,1.030314e+00,3.684114e-01,1.060547e+00,5.696301e-01
0.048129,2.515000e+01,-5.182613e+00,1.030340e+00,3.684892e-01,1.060050e+00,5.700319e-01
0.0481613,2.515000e+01,-5.182734e+00,1.030365e+00,3.685610e-01,1.060620e+00,5.698501e-01
0.0481935,2.515000e+01,-5.182823e+00,1.030382e+00,3.681156e-01,1.062168e+00,5.683418e-01
0.0482258,2.515000e+01,-5.182901e+00,1.030398e+00,3.679091e-01,1.062346e+00,5.679362e-01
0.0482581,2.515000e+01,-5.182987e+00,1.030415e+00,3.685083e-01,1.062391e+00,5.688465e-01
0.0482903,2.515000e+01,-5.183069e+00,1.030431e+00,3.687026e-01,1.062639e+00,5.690229e-01
0.0483226,2.515000e+01,-5.183150e+00,1.030447e+00,3.685471e-01,1.061890e+00,5.691929e-01
0.0483548,2.515000e+01,-5.183221e+00,1.030461e+00,3.683936e-01,1.061950e+00,5.689315e-01
0.0483871,2.515000e+01,-5.183290e+00,1.030475e+00,3.688241e-01,1.062498e+00,5.693098e-01
0.0484194,2.515000e+01,-5.183362e+00,1.030489e+00,3.690554e-01,1.062190e+00,5.698402e-01
0.0484516,2.515000e+01,-5.183442e+00,1.030505e+00,3.686870e-01,1.060548e+00,5.701616e-01
0.0484839,2.515000e+01,-5.183504e+00,1.030518e+00,3.681781e-01,1.060962e+00,5.691591e-01
0.0485161,2.515000e+01,-5.183556e+00,1.030528e+00,3.683540e-01,1.061995e+00,5.688827e-01
0.0485484,2.515000e+01,-5.183574e+00,1.030532e+00,3.678321e-01,1.063647e+00,5.671967e-01
0.0485806,2.515000e+01,-5.183594e+00,1.030535e+00,3.678358e-01,1.063381e+00,5.673462e-01
0.0486129,2.515000e+01,-5.183641e+00,1.030545e+00,3.686908e-01,1.062675e+00,5.690479e-01
0.0486452,2.515000e+01,-5.183692e+00,1.030555e+00,3.692967e-01,1.063572e+00,5.695081e-01
0.0486774,2.515000e+01,-5.183750e+00,1.030567e+00,3.694518e-01,1.062687e+00,5.702279e-01
0.0487097,2.515000e+01,-5.183802e+00,1.030577e+00,3.690142e-01,1.062232e+00,5.698026e-01
0.0487419,2.515000e+01,-5.183858e+00,1.030588e+00,3.693115e-01,1.062414e+00,5.701697e-01
0.0487742,2.515000e+01,-5.183916e+00,1.030600e+00,3.695178e-01,1.062666e+00,5.703595e-01
0.0488065,2.515000e+01,-5.183972e+00,1.030611e+00,3.689905e-01,1.061956e+00,5.699325e-01
0.0488387,2.515000e+01,-5.184008e+00,1.030618e+00,3.685151e-01,1.063128e+00,5.685749e-01
0.048871,2.515000e+01,-5.184034e+00,1.030623e+00,3.687222e-01,1.064382e+00,5.682270e-01
0.0489032,2.515000e+01,-5.184065e+00,1.030629e+00,3.690751e-01,1.064549e+00,5.686850e-01
0.0489355,2.515000e+01,-5.184130e+00,1.030642e+00,3.700120e-01,1.063431e+00,5.707349e-01
0.0489677,2.515000e+01,-5.184186e+00,1.030653e+00,3.697747e-01,1.064043e+00,5.700473e-01
0.049,2.515000e+01,-5.184218e+00,1.030660e+00,3.692081e-01,1.065148e+00,5.685865e-01
0.0490333,2.515000e+01,-5.184260e+00,1.030668e+00,3.692207e-01,1.062898e+00,5.698145e-01
0.0490667,2.515000e+01,-5.184321e+00,1.030680e+00,3.697827e-01,1.062389e+00,5.709616e-01
0.0491,2.515000e+01,-5.184390e+00,1.030694e+00,3.705239e-01,1.063145e+00,5.717069e-01
0.0491333,2.515000e+01,-5.184437e+00,1.030703e+00,3.702908e-01,1.064687e+00,5.705250e-01
0.0491667,2.515000e+01,-5.184480e+00,1.030712e+00,3.694574e-01,1.063597e+00,5.698291e-01
0.0492,2.515000e+01,-5.184509e+00,1.030718e+00,3.690447e-01,1.064141e+00,5.689046e-01
0.0492333,2.515000e+01,-5.184517e+00,1.030719e+00,3.688987e-01,1.065636e+00,5.678827e-01
0.0492667,2.515000e+01,-5.184544e+00,1.030724e+00,3.699271e-01,1.066035e+00,5.692557e-01
0.0493,2.515000e+01,-5.184615e+00,1.030739e+00,3.711207e-01,1.064476e+00,5.719366e-01
0.0493333,2.515000e+01,-5.184682e+00,1.030752e+00,3.711624e-01,1.064850e+00,5.718073e-01
0.0493667,2.515000e+01,-5.184693e+00,1.030754e+00,3.694251e-01,1.066075e+00,5.684781e-01
0.0494,2.515000e+01,-5.184706e+00,1.030757e+00,3.688189e-01,1.064221e+00,5.685356e-01
0.0494333,2.515000e+01,-5.184739e+00,1.030763e+00,3.695772e-01,1.063775e+00,5.699467e-01
0.0494667,2.515000e+01,-5.184804e+00,1.030776e+00,3.711351e-01,1.064252e+00,5.721001e-01
0.0495,2.515000e+01,-5.184835e+00,1.030782e+00,3.706714e-01,1.066226e+00,5.703311e-01
0.0495333,2.515000e+01,-5.184834e+00,1.030782e+00,3.699864e-01,1.067261e+00,5.687247e-01
0.0495667,2.515000e+01,-5.184829e+00,1.030781e+00,3.698803e-01,1.067171e+00,5.686090e-01
0.0496,2.515000e+01,-5.184829e+00,1.030781e+00,3.702450e-01,1.067330e+00,5.690849e-01
0.0496333,2.515000e+01,-5.184889e+00,1.030793e+00,3.711635e-01,1.063817e+00,5.723875e-01
0.0496667,2.515000e+01,-5.184962e+00,1.030808e+00,3.716110e-01,1.063633e+00,5.731847e-01
0.0497,2.515000e+01,-5.185014e+00,1.030818e+00,3.714391e-01,1.065254e+00,5.720530e-01
0.0497333,2.515000e+01,-5.185004e+00,1.030816e+00,3.696528e-01,1.067177e+00,5.682750e-01
0.0497667,2.515000e+01,-5.184982e+00,1.030811e+00,3.685766e-01,1.065913e+00,5.672905e-01
0.0498,2.515000e+01,-5.184982e+00,1.030812e+00,3.692311e-01,1.065371e+00,5.685870e-01
0.0498333,2.515000e+01,-5.185014e+00,1.030818e+00,3.712432e-01,1.066899e+00,5.708699e-01
0.0498667,2.515000e+01,-5.185046e+00,1.030824e+00,3.715044e-01,1.067096e+00,5.711697e-01
0.0499,2.515000e+01,-5.185053e+00,1.030826e+00,3.706384e-01,1.067298e+00,5.697311e-01
0.0499333,2.515000e+01,-5.185048e+00,1.030825e+00,3.702392e-01,1.067465e+00,5.690283e-01
0.0499667,2.515000e+01,-5.185063e+00,1.030828e+00,3.705147e-01,1.066546e+00,5.699440e-01
0.05,2.515000e+01,-5.185117e+00,1.030838e+00,3.713631e-01,1.064964e+00,5.721032e-01
0.0500333,2.515000e+01,-5.185166e+00,1.030848e+00,3.713490e-01,1.065464e+00,5.718184e-01
0.0500667,2.515000e+01,-5.185192e+00,1.030853e+00,3.710828e-01,1.066871e+00,5.706579e-01
0.0501,2.515000e+01,-5.185186e+00,1.030852e+00,3.702823e-01,1.068045e+00,5.688001e-01
0.0501333,2.515000e+01,-5.185188e+00,1.030852e+00,3.703528e-01,1.067747e+00,5.690676e-01
0.0501667,2.515000e+01,-5.185183e+00,1.030851e+00,3.701713e-01,1.068081e+00,5.686102e-01
0.0502,2.515000e+01,-5.185175e+00,1.030850e+00,3.705680e-01,1.068907e+00,5.687790e-01
0.0502333,2.515000e+01,-5.185223e+00,1.030859e+00,3.718030e-01,1.066024e+00,5.722231e-01
0.0502667,2.515000e+01,-5.185275e+00,1.030870e+00,3.720344e-01,1.065430e+00,5.729044e-01
0.0503,2.515000e+01,-5.185294e+00,1.030874e+00,3.714074e-01,1.066842e+00,5.711840e-01
0.0503333,2.515000e+01,-5.185281e+00,1.030871e+00,3.706762e-01,1.068145e+00,5.693624e-01
0.0503667,2.515000e+01,-5.185278e+00,1.030870e+00,3.706652e-01,1.067264e+00,5.698155e-01
0.0504,2.515000e+01,-5.185265e+00,1.030868e+00,3.705237e-01,1.066810e+00,5.698387e-01
0.0504333,2.515000e+01,-5.185230e+00,1.030861e+00,3.705614e-01,1.068380e+00,5.690552e-01
0.0504667,2.515000e+01,-5.185209e+00,1.030857e+00,3.710108e-01,1.067924e+00,5.699865e-01
0.0505,2.515000e+01,-5.185203e+00,1.030855e+00,3.715967e-01,1.067524e+00,5.711002e-01
0.0505333,2.515000e+01,-5.185168e+00,1.030848e+00,3.709918e-01,1.068434e+00,5.696808e-01
0.0505667,2.515000e+01,-5.185124e+00,1.030840e+00,3.707287e-01,1.068370e+00,5.693063e-01
0.0506,2.515000e+01,-5.185100e+00,1.030835e+00,3.712453e-01,1.067430e+00,5.705989e-01
0.0506333,2.515000e+01,-5.185081e+00,1.030831e+00,3.711603e-01,1.066971e+00,5.707113e-01
0.0506667,2.515000e+01,-5.185061e+00,1.030827e+00,3.714800e-01,1.067806e+00,5.707544e-01
0.0507,2.515000e+01,-5.185019e+00,1.030819e+00,3.708435e-01,1.068224e+00,5.695489e-01
0.0507333,2.515000e+01,-5.184969e+00,1.030809e+00,3.706748e-01,1.068249e+00,5.692710e-01
0.0507667,2.515000e+01,-5.184905e+00,1.030796e+00,3.703833e-01,1.068661e+00,5.685970e-01
0.0508,2.515000e+01,-5.184856e+00,1.030786e+00,3.711752e-01,1.068739e+00,5.697657e-01
0.0508333,2.515000e+01,-5.184839e+00,1.030783e+00,3.721621e-01,1.067638e+00,5.718677e-01
0.0508667,2.515000e+01,-5.184808e+00,1.030777e+00,3.719512e-01,1.068338e+00,5.711658e-01
0.0509,2.515000e+01,-5.184758e+00,1.030767e+00,3.713508e-01,1.069073e+00,5.698463e-01
0.0509333,2.515000e+01,-5.184703e+00,1.030756e+00,3.706047e-01,1.067878e+00,5.693317e-01
0.0509667,2.515000e+01,-5.184658e+00,1.030747e+00,3.708262e-01,1.067191e+00,5.700339e-01
0.051,2.515000e+01,-5.184613e+00,1.030738e+00,3.710853e-01,1.067677e+00,5.701675e-01
0.0510333,2.515000e+01,-5.184551e+00,1.030726e+00,3.712979e-01,1.069306e+00,5.696179e-01
0.0510667,2.515000e+01,-5.184495e+00,1.030715e+00,3.714433e-01,1.068849e+00,5.700786e-01
0.0511,2.515000e+01,-5.184438e+00,1.030703e+00,3.711865e-01,1.068339e+00,5.699503e-01
0.0511333,2.515000e+01,-5.184372e+00,1.030690e+00,3.710852e-01,1.068734e+00,5.695768e-01
0.0511667,2.515000e+01,-5.184306e+00,1.030677e+00,3.712136e-01,1.068884e+00,5.696867e-01
0.0512,2.515000e+01,-5.184237e+00,1.030663e+00,3.712752e-01,1.069078e+00,5.696700e-01
0.0512333,2.515000e+01,-5.184155e+00,1.030647e+00,3.708647e-01,1.069010e+00,5.690677e-01
0.0512667,2.515000e+01,-5.184080e+00,1.030632e+00,3.709742e-01,1.068448e+00,5.695268e-01
0.0513,2.515000e+01,-5.184021e+00,1.030620e+00,3.711065e-01,1.067146e+00,5.704184e-01
0.0513333,2.515000e+01,-5.183966e+00,1.030610e+00,3.713388e-01,1.067108e+00,5.707896e-01
0.0513667,2.515000e+01,-5.183882e+00,1.030593e+00,3.709104e-01,1.068664e+00,5.692919e-01
0.0514,2.515000e+01,-5.183780e+00,1.030573e+00,3.708014e-01,1.069923e+00,5.684436e-01
0.0514333,2.515000e+01,-5.183684e+00,1.030553e+00,3.709209e-01,1.069472e+00,5.688563e-01
0.0514667,2.515000e+01,-5.183592e+00,1.030535e+00,3.710445e-01,1.069096e+00,5.692359e-01
0.0515,2.515000e+01,-5.183521e+00,1.030521e+00,3.715083e-01,1.068290e+00,5.703696e-01
0.0515333,2.515000e+01,-5.183458e+00,1.030509e+00,3.716060e-01,1.067621e+00,5.708699e-01
0.0515667,2.515000e+01,-5.183390e+00,1.030495e+00,3.715493e-01,1.068125e+00,5.705063e-01
0.0516,2.515000e+01,-5.183303e+00,1.030478e+00,3.712177e-01,1.069320e+00,5.693506e-01
0.0516333,2.515000e+01,-5.183219e+00,1.030461e+00,3.710564e-01,1.069046e+00,5.692395e-01
0.0516667,2.515000e+01,-5.183142e+00,1.030446e+00,3.712642e-01,1.068775e+00,5.696947e-01
0.0517,2.515000e+01,-5.183058e+00,1.030429e+00,3.708499e-01,1.068633e+00,5.691254e-01
0.0517333,2.515000e+01,-5.182953e+00,1.030408e+00,3.707205e-01,1.069825e+00,5.682810e-01
0.0517667,2.515000e+01,-5.182851e+00,1.030388e+00,3.708207e-01,1.069788e+00,5.684429e-01
0.0518,2.515000e+01,-5.182752e+00,1.030368e+00,3.710584e-01,1.069910e+00,5.687319e-01
0.0518333,2.515000e+01,-5.182664e+00,1.030351e+00,3.711849e-01,1.069185e+00,5.693016e-01
0.0518667,2.515000e+01,-5.182585e+00,1.030335e+00,3.710996e-01,1.067866e+00,5.698653e-01
0.0519,2.515000e+01,-5.182509e+00,1.030320e+00,3.710735e-01,1.067800e+00,5.698523e-01
0.0519333,2.515000e+01,-5.182430e+00,1.030304e+00,3.711804e-01,1.068804e+00,5.694725e-01
0.0519667,2.515000e+01,-5.182335e+00,1.030285e+00,3.709210e-01,1.070417e+00,5.682062e-01
0.052,2.515000e+01,-5.182242e+00,1.030267e+00,3.709033e-01,1.070645e+00,5.680480e-01
0.0520333,2.515000e+01,-5.182145e+00,1.030247e+00,3.706704e-01,1.070751e+00,5.676242e-01
0.0520667,2.515000e+01,-5.182051e+00,1.030229e+00,3.706241e-01,1.070645e+00,5.675996e-01
0.0521,2.515000e+01,-5.182005e+00,1.030220e+00,3.715024e-01,1.068894e+00,5.698717e-01
0.0521333,2.515000e+01,-5.181990e+00,1.030217e+00,3.722501e-01,1.068275e+00,5.713479e-01
0.0521667,2.515000e+01,-5.181966e+00,1.030212e+00,3.719817e-01,1.069026e+00,5.705321e-01
0.0522,2.515000e+01,-5.181904e+00,1.030200e+00,3.709350e-01,1.070876e+00,5.679370e-01
0.0522333,2.515000e+01,-5.181839e+00,1.030187e+00,3.705178e-01,1.070965e+00,5.672437e-01
0.0522667,2.515000e+01,-5.181803e+00,1.030179e+00,3.710341e-01,1.070379e+00,5.683415e-01
0.0523,2.515000e+01,-5.181784e+00,1.030176e+00,3.713910e-01,1.069983e+00,5.690966e-01
0.0523333,2.515000e+01,-5.181766e+00,1.030172e+00,3.715698e-01,1.071032e+00,5.688112e-01
0.0523667,2.515000e+01,-5.181744e+00,1.030168e+00,3.712976e-01,1.071220e+00,5.682920e-01
0.0524,2.515000e+01,-5.181711e+00,1.030161e+00,3.708912e-01,1.071452e+00,5.675436e-01
0.0524333,2.515000e+01,-5.181688e+00,1.030157e+00,3.708335e-01,1.070853e+00,5.677699e-01
0.0524667,2.515000e+01,-5.181706e+00,1.030160e+00,3.716088e-01,1.068934e+00,5.699805e-01
0.0525,2.515000e+01,-5.181742e+00,1.030167e+00,3.721101e-01,1.068605e+00,5.709294e-01
0.0525333,2.515000e+01,-5.181762e+00,1.030171e+00,3.716262e-01,1.070178e+00,5.693506e-01
0.0525667,2.515000e+01,-5.181724e+00,1.030164e+00,3.701248e-01,1.072878e+00,5.656191e-01
0.0526,2.515000e+01,-5.181686e+00,1.030156e+00,3.701224e-01,1.072668e+00,5.657225e-01
0.0526333,2.515000e+01,-5.181685e+00,1.030156e+00,3.710758e-01,1.071805e+00,5.676360e-01
0.0526667,2.515000e+01,-5.181706e+00,1.030160e+00,3.714725e-01,1.070811e+00,5.687729e-01
0.0527,2.515000e+01,-5.181735e+00,1.030166e+00,3.717021e-01,1.070393e+00,5.693496e-01
0.0527333,2.515000e+01,-5.181740e+00,1.030167e+00,3.712129e-01,1.071312e+00,5.681133e-01
0.0527667,2.515000e+01,-5.181743e+00,1.030168e+00,3.714489e-01,1.071974e+00,5.681238e-01
0.0528,2.515000e+01,-5.181743e+00,1.030168e+00,3.715597e-01,1.072594e+00,5.679648e-01
0.0528333,2.515000e+01,-5.181759e+00,1.030171e+00,3.716837e-01,1.071014e+00,5.689941e-01
0.0528667,2.515000e+01,-5.181760e+00,1.030171e+00,3.711159e-01,1.070615e+00,5.683366e-01
0.0529,2.515000e+01,-5.181737e+00,1.030166e+00,3.706358e-01,1.071387e+00,5.671901e-01
0.0529333,2.515000e+01,-5.181705e+00,1.030160e+00,3.708053e-01,1.072601e+00,5.668034e-01
0.0529667,2.515000e+01,-5.181679e+00,1.030155e+00,3.712513e-01,1.072891e+00,5.673293e-01
0.053,2.515000e+01,-5.181668e+00,1.030153e+00,3.717636e-01,1.072703e+00,5.682100e-01
0.0530333,2.515000e+01,-5.181670e+00,1.030153e+00,3.720789e-01,1.072245e+00,5.689353e-01
0.0530667,2.515000e+01,-5.181689e+00,1.030157e+00,3.723406e-01,1.071115e+00,5.699380e-01
0.0531,2.515000e+01,-5.181694e+00,1.030158e+00,3.717197e-01,1.071196e+00,5.689452e-01
0.0531333,2.515000e+01,-5.181686e+00,1.030156e+00,3.714587e-01,1.072152e+00,5.680381e-01
0.0531667,2.515000e+01,-5.181652e+00,1.030149e+00,3.708920e-01,1.073566e+00,5.664208e-01
0.0532,2.515000e+01,-5.181639e+00,1.030147e+00,3.713768e-01,1.072617e+00,5.676614e-01
0.0532333,2.515000e+01,-5.181605e+00,1.030140e+00,3.707173e-01,1.072973e+00,5.664615e-01
0.0532667,2.515000e+01,-5.181557e+00,1.030131e+00,3.701191e-01,1.072810e+00,5.656285e-01
0.0533,2.515000e+01,-5.181548e+00,1.030129e+00,3.714715e-01,1.072814e+00,5.676922e-01
0.0533333,2.515000e+01,-5.181557e+00,1.030131e+00,3.718076e-01,1.072049e+00,5.686121e-01
0.0533667,2.515000e+01,-5.181559e+00,1.030131e+00,3.713572e-01,1.071883e+00,5.680112e-01
0.0534,2.515000e+01,-5.181525e+00,1.030124e+00,3.702603e-01,1.072849e+00,5.658199e-01
0.0534333,2.515000e+01,-5.181526e+00,1.030124e+00,3.714517e-01,1.072190e+00,5.679894e-01
0.0534667,2.515000e+01,-5.181554e+00,1.030130e+00,3.724854e-01,1.072285e+00,5.695232e-01
0.0535,2.515000e+01,-5.181567e+00,1.030133e+00,3.721051e-01,1.072872e+00,5.686315e-01
0.0535333,2.515000e+01,-5.181547e+00,1.030129e+00,3.706542e-01,1.073123e+00,5.662794e-01
0.0535667,2.515000e+01,-5.181534e+00,1.030126e+00,3.708740e-01,1.073005e+00,5.666762e-01
0.0536,2.515000e+01,-5.181537e+00,1.030127e+00,3.711052e-01,1.071869e+00,5.676310e-01
0.0536333,2.515000e+01,-5.181540e+00,1.030127e+00,3.713225e-01,1.072499e+00,5.676300e-01
0.0536667,2.515000e+01,-5.181563e+00,1.030132e+00,3.721007e-01,1.072331e+00,5.689114e-01
0.0537,2.515000e+01,-5.181596e+00,1.030138e+00,3.722492e-01,1.072051e+00,5.692906e-01
0.0537333,2.515000e+01,-5.181598e+00,1.030139e+00,3.709508e-01,1.072514e+00,5.670604e-01
0.0537667,2.515000e+01,-5.181566e+00,1.030132e+00,3.696075e-01,1.072715e+00,5.648976e-01
0.0538,2.515000e+01,-5.181551e+00,1.030129e+00,3.700990e-01,1.072262e+00,5.658858e-01
0.0538333,2.515000e+01,-5.181573e+00,1.030134e+00,3.714758e-01,1.072488e+00,5.678739e-01
0.0538667,2.515000e+01,-5.181600e+00,1.030139e+00,3.714835e-01,1.072124e+00,5.680816e-01
0.0539,2.515000e+01,-5.181591e+00,1.030137e+00,3.704158e-01,1.073152e+00,5.659049e-01
0.0539333,2.515000e+01,-5.181580e+00,1.030135e+00,3.702934e-01,1.072667e+00,5.659727e-01
0.0539667,2.515000e+01,-5.181591e+00,1.030137e+00,3.709081e-01,1.071970e+00,5.672819e-01
0.054,2.515000e+01,-5.181623e+00,1.030144e+00,3.714891e-01,1.071340e+00,5.685081e-01
0.0540323,2.515000e+01,-5.181652e+00,1.030150e+00,3.714727e-01,1.072632e+00,5.678015e-01
0.0540645,2.515000e+01,-5.181663e+00,1.030152e+00,3.705266e-01,1.071882e+00,5.667528e-01
0.0540968,2.515000e+01,-5.181647e+00,1.030149e+00,3.700631e-01,1.073282e+00,5.653039e-01
0.054129,2.515000e+01,-5.181631e+00,1.030145e+00,3.697212e-01,1.072346e+00,5.652730e-01
0.0541613,2.515000e+01,-5.181622e+00,1.030144e+00,3.700899e-01,1.072236e+00,5.658938e-01
0.0541935,2.515000e+01,-5.181643e+00,1.030148e+00,3.709546e-01,1.071194e+00,5.677696e-01
0.0542258,2.515000e+01,-5.181658e+00,1.030151e+00,3.711755e-01,1.071749e+00,5.678153e-01
0.0542581,2.515000e+01,-5.181660e+00,1.030151e+00,3.707660e-01,1.071916e+00,5.671009e-01
0.0542903,2.515000e+01,-5.181652e+00,1.030149e+00,3.704742e-01,1.072165e+00,5.665221e-01
0.0543226,2.515000e+01,-5.181655e+00,1.030150e+00,3.708424e-01,1.071631e+00,5.673681e-01
0.0543548,2.515000e+01,-5.181663e+00,1.030152e+00,3.705555e-01,1.070772e+00,5.673845e-01
0.0543871,2.515000e+01,-5.181682e+00,1.030155e+00,3.709135e-01,1.070333e+00,5.681680e-01
0.0544194,2.515000e+01,-5.181647e+00,1.030149e+00,3.692399e-01,1.071430e+00,5.650212e-01
0.0544516,2.515000e+01,-5.181601e+00,1.030139e+00,3.689780e-01,1.071621e+00,5.645150e-01
0.0544839,2.515000e+01,-5.181547e+00,1.030129e+00,3.688330e-01,1.071901e+00,5.641394e-01
0.0545161,2.515000e+01,-5.181530e+00,1.030125e+00,3.699297e-01,1.071089e+00,5.662445e-01
0.0545484,2.515000e+01,-5.181535e+00,1.030126e+00,3.706719e-01,1.070618e+00,5.676306e-01
0.0545806,2.515000e+01,-5.181526e+00,1.030124e+00,3.702598e-01,1.070995e+00,5.667987e-01
0.0546129,2.515000e+01,-5.181517e+00,1.030123e+00,3.700756e-01,1.070601e+00,5.667246e-01
0.0546452,2.515000e+01,-5.181511e+00,1.030122e+00,3.700829e-01,1.070697e+00,5.666842e-01
0.0546774,2.515000e+01,-5.181506e+00,1.030120e+00,3.698846e-01,1.070476e+00,5.664968e-01
0.0547097,2.515000e+01,-5.181496e+00,1.030118e+00,3.696314e-01,1.070491e+00,5.661000e-01
0.0547419,2.515000e+01,-5.181491e+00,1.030117e+00,3.697432e-01,1.070215e+00,5.664167e-01
0.0547742,2.515000e+01,-5.181485e+00,1.030116e+00,3.696853e-01,1.069991e+00,5.664460e-01
0.0548065,2.515000e+01,-5.181463e+00,1.030112e+00,3.690871e-01,1.069759e+00,5.656496e-01
0.0548387,2.515000e+01,-5.181431e+00,1.030106e+00,3.687440e-01,1.069626e+00,5.651906e-01
0.054871,2.515000e+01,-5.181424e+00,1.030104e+00,3.698652e-01,1.069505e+00,5.669726e-01
0.0549032,2.515000e+01,-5.181416e+00,1.030103e+00,3.705047e-01,1.070450e+00,5.674504e-01
0.0549355,2.515000e+01,-5.181381e+00,1.030096e+00,3.695589e-01,1.070384e+00,5.660333e-01
0.0549677,2.515000e+01,-5.181345e+00,1.030089e+00,3.693673e-01,1.069628e+00,5.661353e-01
0.055,2.515000e+01,-5.181301e+00,1.030080e+00,3.688188e-01,1.068638e+00,5.658135e-01
0.0550323,2.515000e+01,-5.181266e+00,1.030073e+00,3.692457e-01,1.068350e+00,5.666174e-01
0.0550645,2.515000e+01,-5.181217e+00,1.030063e+00,3.692304e-01,1.069175e+00,5.661513e-01
0.0550968,2.515000e+01,-5.181159e+00,1.030052e+00,3.692569e-01,1.069838e+00,5.658349e-01
0.055129,2.515000e+01,-5.181099e+00,1.030040e+00,3.691751e-01,1.069383e+00,5.659434e-01
0.0551613,2.515000e+01,-5.181037e+00,1.030027e+00,3.689761e-01,1.068513e+00,5.660920e-01
0.0551935,2.515000e+01,-5.180968e+00,1.030013e+00,3.685459e-01,1.067796e+00,5.658045e-01
0.0552258,2.515000e+01,-5.180907e+00,1.030001e+00,3.693986e-01,1.068413e+00,5.667791e-01
0.0552581,2.515000e+01,-5.180837e+00,1.029988e+00,3.695043e-01,1.068837e+00,5.667091e-01
0.0552903,2.515000e+01,-5.180737e+00,1.029968e+00,3.687728e-01,1.069646e+00,5.651486e-01
0.0553226,2.515000e+01,-5.180627e+00,1.029946e+00,3.677984e-01,1.067908e+00,5.645603e-01
0.0553548,2.515000e+01,-5.180521e+00,1.029925e+00,3.676641e-01,1.066883e+00,5.648853e-01
0.0553871,2.515000e+01,-5.180431e+00,1.029907e+00,3.683033e-01,1.066573e+00,5.660219e-01
0.0554194,2.515000e+01,-5.180330e+00,1.029887e+00,3.684527e-01,1.067613e+00,5.656886e-01
0.0554516,2.515000e+01,-5.180228e+00,1.029866e+00,3.688661e-01,1.068085e+00,5.660617e-01
0.0554839,2.515000e+01,-5.180138e+00,1.029848e+00,3.694751e-01,1.067958e+00,5.670540e-01
0.0555161,2.515000e+01,-5.180030e+00,1.029827e+00,3.685895e-01,1.067111e+00,5.661319e-01
0.0555484,2.515000e+01,-5.179919e+00,1.029805e+00,3.682549e-01,1.066210e+00,5.660841e-01
0.0555806,2.515000e+01,-5.179800e+00,1.029781e+00,3.684373e-01,1.066728e+00,5.660766e-01
0.0556129,2.515000e+01,-5.179679e+00,1.029757e+00,3.686006e-01,1.066944e+00,5.661993e-01
0.0556452,2.515000e+01,-5.179560e+00,1.029734e+00,3.687913e-01,1.066844e+00,5.665325e-01
0.0556774,2.515000e+01,-5.179411e+00,1.029704e+00,3.673050e-01,1.066069e+00,5.646429e-01
0.0557097,2.515000e+01,-5.179271e+00,1.029676e+00,3.676991e-01,1.065640e+00,5.654612e-01
0.0557419,2.515000e+01,-5.179124e+00,1.029647e+00,3.678388e-01,1.066130e+00,5.654004e-01
0.0557742,2.515000e+01,-5.178983e+00,1.029619e+00,3.679077e-01,1.065696e+00,5.657208e-01
0.0558065,2.515000e+01,-5.178844e+00,1.029591e+00,3.681353e-01,1.065584e+00,5.661154e-01
0.0558387,2.515000e+01,-5.178694e+00,1.029561e+00,3.679526e-01,1.065736e+00,5.657374e-01
0.055871,2.515000e+01,-5.178539e+00,1.029531e+00,3.678694e-01,1.065396e+00,5.657724e-01
0.0559032,2.515000e+01,-5.178357e+00,1.029494e+00,3.668860e-01,1.065200e+00,5.643445e-01
0.0559355,2.515000e+01,-5.178174e+00,1.029458e+00,3.669072e-01,1.065030e+00,5.644473e-01
0.0559677,2.515000e+01,-5.178004e+00,1.029424e+00,3.677060e-01,1.065350e+00,5.654871e-01
0.056,2.515000e+01,-5.177830e+00,1.029390e+00,3.673792e-01,1.064822e+00,5.652459e-01
0.0560323,2.515000e+01,-5.177659e+00,1.029356e+00,3.671032e-01,1.063490e+00,5.655098e-01
0.0560645,2.515000e+01,-5.177492e+00,1.029322e+00,3.674218e-01,1.063711e+00,5.658652e-01
0.0560968,2.515000e+01,-5.177320e+00,1.029288e+00,3.675809e-01,1.064529e+00,5.656562e-01
0.056129,2.515000e+01,-5.177149e+00,1.029254e+00,3.678638e-01,1.065104e+00,5.657676e-01
0.0561613,2.515000e+01,-5.176978e+00,1.029220e+00,3.676648e-01,1.064787e+00,5.656110e-01
0.0561935,2.515000e+01,-5.176819e+00,1.029189e+00,3.676138e-01,1.063483e+00,5.662084e-01
0.0562258,2.515000e+01,-5.176661e+00,1.029157e+00,3.676731e-01,1.063660e+00,5.661880e-01
0.0562581,2.515000e+01,-5.176486e+00,1.029122e+00,3.666467e-01,1.063077e+00,5.648982e-01
0.0562903,2.515000e+01,-5.176316e+00,1.029089e+00,3.665468e-01,1.062504e+00,5.650303e-01
0.0563226,2.515000e+01,-5.176143e+00,1.029054e+00,3.664196e-01,1.062659e+00,5.647332e-01
0.0563548,2.515000e+01,-5.175980e+00,1.029022e+00,3.669926e-01,1.062989e+00,5.654229e-01
0.0563871,2.515000e+01,-5.175818e+00,1.028990e+00,3.672023e-01,1.063521e+00,5.654453e-01
0.0564194,2.515000e+01,-5.175663e+00,1.028959e+00,3.672797e-01,1.063487e+00,5.655654e-01
0.0564516,2.515000e+01,-5.175513e+00,1.028929e+00,3.672351e-01,1.063008e+00,5.657350e-01
0.0564839,2.515000e+01,-5.175360e+00,1.028899e+00,3.665540e-01,1.062391e+00,5.649974e-01
0.0565161,2.515000e+01,-5.175208e+00,1.028868e+00,3.660164e-01,1.061380e+00,5.646894e-01
0.0565484,2.515000e+01,-5.175056e+00,1.028838e+00,3.661643e-01,1.061875e+00,5.646374e-01
0.0565806,2.515000e+01,-5.174906e+00,1.028808e+00,3.665212e-01,1.062413e+00,5.648857e-01
0.0566129,2.515000e+01,-5.174758e+00,1.028779e+00,3.668272e-01,1.063264e+00,5.648885e-01
0.0566452,2.515000e+01,-5.174619e+00,1.028751e+00,3.670454e-01,1.063232e+00,5.652262e-01
0.0566774,2.515000e+01,-5.174488e+00,1.028725e+00,3.668181e-01,1.062153e+00,5.654358e-01
0.0567097,2.515000e+01,-5.174369e+00,1.028702e+00,3.669632e-01,1.061445e+00,5.660235e-01
0.0567419,2.515000e+01,-5.174248e+00,1.028678e+00,3.668755e-01,1.061493e+00,5.658495e-01
0.0567742,2.515000e+01,-5.174121e+00,1.028652e+00,3.668566e-01,1.062113e+00,5.654759e-01
0.0568065,2.515000e+01,-5.173998e+00,1.028628e+00,3.673317e-01,1.062998e+00,5.657236e-01
0.0568387,2.515000e+01,-5.173874e+00,1.028603e+00,3.668165e-01,1.061996e+00,5.654497e-01
0.056871,2.515000e+01,-5.173773e+00,1.028583e+00,3.664832e-01,1.059408e+00,5.663051e-01
0.0569032,2.515000e+01,-5.173666e+00,1.028562e+00,3.661439e-01,1.059673e+00,5.656277e-01
0.0569355,2.515000e+01,-5.173551e+00,1.028539e+00,3.660957e-01,1.060774e+00,5.649536e-01
0.0569677,2.515000e+01,-5.173436e+00,1.028516e+00,3.666262e-01,1.062152e+00,5.650253e-01
0.057,2.515000e+01,-5.173327e+00,1.028494e+00,3.666551e-01,1.062186e+00,5.650400e-01
0.0570323,2.515000e+01,-5.173236e+00,1.028476e+00,3.670454e-01,1.061454e+00,5.660216e-01
0.0570645,2.515000e+01,-5.173152e+00,1.028460e+00,3.670787e-01,1.061107e+00,5.662489e-01
0.0570968,2.515000e+01,-5.173060e+00,1.028441e+00,3.664070e-01,1.060711e+00,5.654137e-01
0.057129,2.515000e+01,-5.172968e+00,1.028423e+00,3.664758e-01,1.060970e+00,5.653717e-01
0.0571613,2.515000e+01,-5.172871e+00,1.028404e+00,3.663023e-01,1.061368e+00,5.648815e-01
0.0571935,2.515000e+01,-5.172786e+00,1.028387e+00,3.665780e-01,1.060995e+00,5.654964e-01
0.0572258,2.515000e+01,-5.172699e+00,1.028370e+00,3.662550e-01,1.060592e+00,5.652031e-01
0.0572581,2.515000e+01,-5.172610e+00,1.028352e+00,3.659585e-01,1.060448e+00,5.648126e-01
0.0572903,2.515000e+01,-5.172524e+00,1.028335e+00,3.661781e-01,1.060780e+00,5.649652e-01
0.0573226,2.515000e+01,-5.172436e+00,1.028317e+00,3.666972e-01,1.062195e+00,5.650029e-01
0.0573548,2.515000e+01,-5.172362e+00,1.028303e+00,3.669003e-01,1.061686e+00,5.655786e-01
0.0573871,2.515000e+01,-5.172303e+00,1.028291e+00,3.671460e-01,1.061245e+00,5.661860e-01
0.0574194,2.515000e+01,-5.172249e+00,1.028280e+00,3.671384e-01,1.061066e+00,5.662639e-01
0.0574516,2.515000e+01,-5.172202e+00,1.028271e+00,3.667403e-01,1.060045e+00,5.661896e-01
0.0574839,2.515000e+01,-5.172170e+00,1.028264e+00,3.666519e-01,1.059022e+00,5.665962e-01
0.0575161,2.515000e+01,-5.172128e+00,1.028256e+00,3.661011e-01,1.059187e+00,5.656525e-01
0.0575484,2.515000e+01,-5.172089e+00,1.028248e+00,3.665742e-01,1.059778e+00,5.660635e-01
0.0575806,2.515000e+01,-5.172043e+00,1.028239e+00,3.666482e-01,1.060913e+00,5.655669e-01
0.0576129,2.515000e+01,-5.171991e+00,1.028229e+00,3.667049e-01,1.061394e+00,5.653921e-01
0.0576452,2.515000e+01,-5.171928e+00,1.028216e+00,3.664685e-01,1.061865e+00,5.647703e-01
0.0576774,2.515000e+01,-5.171889e+00,1.028208e+00,3.667473e-01,1.060213e+00,5.660763e-01
0.0577097,2.515000e+01,-5.171864e+00,1.028204e+00,3.670940e-01,1.059748e+00,5.668576e-01
0.0577419,2.515000e+01,-5.171838e+00,1.028198e+00,3.669476e-01,1.059764e+00,5.666199e-01
0.0577742,2.515000e+01,-5.171790e+00,1.028189e+00,3.663219e-01,1.060336e+00,5.653436e-01
0.0578065,2.515000e+01,-5.171734e+00,1.028178e+00,3.661344e-01,1.060854e+00,5.647722e-01
0.0578387,2.515000e+01,-5.171683e+00,1.028168e+00,3.661610e-01,1.060717e+00,5.648806e-01
0.057871,2.515000e+01,-5.171648e+00,1.028161e+00,3.665578e-01,1.060161e+00,5.657853e-01
0.0579032,2.515000e+01,-5.171606e+00,1.028152e+00,3.668133e-01,1.061119e+00,5.656640e-01
0.0579355,2.515000e+01,-5.171557e+00,1.028142e+00,3.666890e-01,1.061561e+00,5.652314e-01
0.0579677,2.515000e+01,-5.171509e+00,1.028133e+00,3.668461e-01,1.061704e+00,5.653921e-01
0.058,2.515000e+01,-5.171466e+00,1.028124e+00,3.669493e-01,1.061778e+00,5.655071e-01
0.0580323,2.515000e+01,-5.171441e+00,1.028119e+00,3.669569e-01,1.059685e+00,5.666330e-01
0.0580645,2.515000e+01,-5.171430e+00,1.028117e+00,3.670581e-01,1.058677e+00,5.673278e-01
0.0580968,2.515000e+01,-5.171414e+00,1.028114e+00,3.671080e-01,1.059151e+00,5.671495e-01
0.058129,2.515000e+01,-5.171369e+00,1.028105e+00,3.667292e-01,1.060779e+00,5.656896e-01
0.0581613,2.515000e+01,-5.171311e+00,1.028094e+00,3.665285e-01,1.060883e+00,5.653184e-01
0.0581935,2.515000e+01,-5.171251e+00,1.028082e+00,3.668287e-01,1.061393e+00,5.655031e-01
0.0582258,2.515000e+01,-5.171202e+00,1.028072e+00,3.673524e-01,1.061187e+00,5.664149e-01
0.0582581,2.515000e+01,-5.171147e+00,1.028061e+00,3.671767e-01,1.060905e+00,5.662887e-01
0.0582903,2.515000e+01,-5.171084e+00,1.028048e+00,3.668652e-01,1.060599e+00,5.659642e-01
0.0583226,2.515000e+01,-5.171013e+00,1.028034e+00,3.671752e-01,1.061347e+00,5.660358e-01
0.0583548,2.515000e+01,-5.170948e+00,1.028021e+00,3.676004e-01,1.060979e+00,5.668805e-01
0.0583871,2.515000e+01,-5.170891e+00,1.028010e+00,3.674354e-01,1.059559e+00,5.673791e-01
0.0584194,2.515000e+01,-5.170818e+00,1.027996e+00,3.667157e-01,1.059425e+00,5.663317e-01
0.0584516,2.515000e+01,-5.170734e+00,1.027979e+00,3.668873e-01,1.060446e+00,5.660416e-01
0.0584839,2.515000e+01,-5.170615e+00,1.027955e+00,3.664705e-01,1.062275e+00,5.644123e-01
0.0585161,2.515000e+01,-5.170490e+00,1.027930e+00,3.662720e-01,1.062139e+00,5.641649e-01
0.0585484,2.515000e+01,-5.170389e+00,1.027910e+00,3.670375e-01,1.061546e+00,5.656490e-01
0.0585806,2.515000e+01,-5.170298e+00,1.027892e+00,3.677533e-01,1.061912e+00,5.665469e-01
0.0586129,2.515000e+01,-5.170208e+00,1.027874e+00,3.679987e-01,1.061883e+00,5.669304e-01
0.0586452,2.515000e+01,-5.170116e+00,1.027856e+00,3.675615e-01,1.060994e+00,5.667214e-01
0.0586774,2.515000e+01,-5.170026e+00,1.027838e+00,3.677671e-01,1.061210e+00,5.669130e-01
0.0587097,2.515000e+01,-5.169945e+00,1.027822e+00,3.681297e-01,1.061254e+00,5.674395e-01
0.0587419,2.515000e+01,-5.169857e+00,1.027805e+00,3.676277e-01,1.060898e+00,5.668460e-01
0.0587742,2.515000e+01,-5.169759e+00,1.027785e+00,3.672416e-01,1.061526e+00,5.659053e-01
0.0588065,2.515000e+01,-5.169641e+00,1.027762e+00,3.670794e-01,1.062957e+00,5.648808e-01
0.0588387,2.515000e+01,-5.169528e+00,1.027739e+00,3.675251e-01,1.063385e+00,5.653270e-01
0.058871,2.515000e+01,-5.169445e+00,1.027723e+00,3.683462e-01,1.062343e+00,5.671364e-01
0.0589032,2.515000e+01,-5.169367e+00,1.027707e+00,3.684833e-01,1.062501e+00,5.672547e-01
0.0589355,2.515000e+01,-5.169262e+00,1.027686e+00,3.678775e-01,1.063636e+00,5.657059e-01
0.0589677,2.515000e+01,-5.169150e+00,1.027664e+00,3.675860e-01,1.063563e+00,5.652843e-01
0.059,2.515000e+01,-5.169070e+00,1.027648e+00,3.680769e-01,1.061388e+00,5.671908e-01
0.0590333,2.515000e+01,-5.168995e+00,1.027633e+00,3.686937e-01,1.060643e+00,5.685317e-01
0.0590667,2.515000e+01,-5.168903e+00,1.027615e+00,3.690045e-01,1.063118e+00,5.676762e-01
0.0591,2.515000e+01,-5.168799e+00,1.027594e+00,3.682337e-01,1.062590e+00,5.667607e-01
0.0591333,2.515000e+01,-5.168683e+00,1.027571e+00,3.677972e-01,1.062745e+00,5.659934e-01
0.0591667,2.515000e+01,-5.168542e+00,1.027543e+00,3.672716e-01,1.063729e+00,5.646465e-01
0.0592,2.515000e+01,-5.168396e+00,1.027514e+00,3.679867e-01,1.065352e+00,5.648679e-01
0.0592333,2.515000e+01,-5.168312e+00,1.027497e+00,3.696276e-01,1.063163e+00,5.685455e-01
0.0592667,2.515000e+01,-5.168229e+00,1.027481e+00,3.698206e-01,1.063433e+00,5.686889e-01
0.0593,2.515000e+01,-5.168106e+00,1.027456e+00,3.685701e-01,1.064551e+00,5.661573e-01
0.0593333,2.515000e+01,-5.167960e+00,1.027427e+00,3.672334e-01,1.063536e+00,5.646265e-01
0.0593667,2.515000e+01,-5.167838e+00,1.027403e+00,3.678265e-01,1.062568e+00,5.660405e-01
0.0594,2.515000e+01,-5.167755e+00,1.027387e+00,3.694139e-01,1.062752e+00,5.683758e-01
0.0594333,2.515000e+01,-5.167652e+00,1.027366e+00,3.694405e-01,1.064353e+00,5.675505e-01
0.0594667,2.515000e+01,-5.167516e+00,1.027339e+00,3.686940e-01,1.065909e+00,5.655616e-01
0.0595,2.515000e+01,-5.167370e+00,1.027310e+00,3.684296e-01,1.066026e+00,5.650782e-01
0.0595333,2.515000e+01,-5.167231e+00,1.027283e+00,3.687255e-01,1.066027e+00,5.655161e-01
0.0595667,2.515000e+01,-5.167133e+00,1.027263e+00,3.692808e-01,1.063624e+00,5.676366e-01
0.0596,2.515000e+01,-5.167076e+00,1.027252e+00,3.702975e-01,1.062086e+00,5.700174e-01
0.0596333,2.515000e+01,-5.167003e+00,1.027237e+00,3.702508e-01,1.063253e+00,5.693117e-01
0.0596667,2.515000e+01,-5.166864e+00,1.027210e+00,3.687903e-01,1.065907e+00,5.656388e-01
0.0597,2.515000e+01,-5.166695e+00,1.027176e+00,3.670037e-01,1.064865e+00,5.634313e-01
0.0597333,2.515000e+01,-5.166541e+00,1.027145e+00,3.673179e-01,1.064192e+00,5.642532e-01
0.0597667,2.515000e+01,-5.166435e+00,1.027124e+00,3.694013e-01,1.064868e+00,5.670820e-01
0.0598,2.515000e+01,-5.166330e+00,1.027103e+00,3.700258e-01,1.066066e+00,5.673909e-01
0.0598333,2.515000e+01,-5.166212e+00,1.027080e+00,3.695021e-01,1.065916e+00,5.666543e-01
0.0598667,2.515000e+01,-5.166074e+00,1.027052e+00,3.687973e-01,1.066182e+00,5.654172e-01
0.0599,2.515000e+01,-5.165946e+00,1.027027e+00,3.689465e-01,1.065628e+00,5.659261e-01
0.0599333,2.515000e+01,-5.165854e+00,1.027009e+00,3.695853e-01,1.063876e+00,5.678294e-01
0.0599667,2.515000e+01,-5.165773e+00,1.026993e+00,3.700902e-01,1.063968e+00,5.685468e-01
0.06,2.515000e+01,-5.165668e+00,1.026972e+00,3.697085e-01,1.065069e+00,5.673624e-01
