time,n,URef,J,KT,10KQ,eta0
1.20482e-05,2.515000e+01,-4.881140e+00,8.535615e-01,4.160122e+02,1.030832e+02,5.482431e+00
2.65769e-05,2.515000e+01,-4.888335e+00,8.548197e-01,6.083030e+00,9.058323e+00,9.136224e-01
4.39595e-05,2.515000e+01,-4.897610e+00,8.564416e-01,1.226915e+00,1.617415e+00,1.033978e+00
6.47429e-05,2.515000e+01,-4.903825e+00,8.575285e-01,6.864304e-01,1.051354e+00,8.910787e-01
8.87239e-05,2.515000e+01,-4.908459e+00,8.583388e-01,5.041882e-01,8.591318e-01,8.016996e-01
0.000116338,2.515000e+01,-4.912323e+00,8.590144e-01,4.084438e-01,7.428102e-01,7.517526e-01
0.000146809,2.515000e+01,-4.915659e+00,8.595979e-01,3.500466e-01,6.637313e-01,7.215211e-01
0.000179624,2.515000e+01,-4.918603e+00,8.601126e-01,3.122676e-01,6.108027e-01,6.998442e-01
0.000211177,2.515000e+01,-4.921179e+00,8.605630e-01,2.901703e-01,5.749199e-01,6.912710e-01
0.00024273,2.515000e+01,-4.923520e+00,8.609725e-01,2.766307e-01,5.531776e-01,6.852442e-01
0.000274283,2.515000e+01,-4.925760e+00,8.613642e-01,2.710789e-01,5.412490e-01,6.866026e-01
0.000305836,2.515000e+01,-4.927848e+00,8.617293e-01,2.694873e-01,5.411221e-01,6.830211e-01
0.000336017,2.515000e+01,-4.929750e+00,8.620619e-01,2.688460e-01,5.422462e-01,6.802455e-01
0.000366198,2.515000e+01,-4.931518e+00,8.623711e-01,2.696208e-01,5.467894e-01,6.767798e-01
0.000396379,2.515000e+01,-4.933162e+00,8.626587e-01,2.699029e-01,5.504713e-01,6.731811e-01
0.00042656,2.515000e+01,-4.934735e+00,8.629337e-01,2.721211e-01,5.555337e-01,6.727435e-01
0.000456741,2.515000e+01,-4.936220e+00,8.631934e-01,2.744620e-01,5.625363e-01,6.702853e-01
0.000486922,2.515000e+01,-4.937639e+00,8.634415e-01,2.771807e-01,5.691014e-01,6.693083e-01
0.000517103,2.515000e+01,-4.939076e+00,8.636927e-01,2.814022e-01,5.742354e-01,6.736232e-01
0.000547284,2.515000e+01,-4.940476e+00,8.639376e-01,2.838636e-01,5.788682e-01,6.742679e-01
0.000577465,2.515000e+01,-4.941816e+00,8.641718e-01,2.854007e-01,5.831824e-01,6.730865e-01
0.000607646,2.515000e+01,-4.943049e+00,8.643875e-01,2.857276e-01,5.883322e-01,6.681252e-01
0.000637828,2.515000e+01,-4.944252e+00,8.645979e-01,2.872680e-01,5.917093e-01,6.680562e-01
0.000668009,2.515000e+01,-4.945431e+00,8.648041e-01,2.891663e-01,5.953022e-01,6.685720e-01
0.00069819,2.515000e+01,-4.946568e+00,8.650029e-01,2.901625e-01,5.981164e-01,6.678724e-01
0.000728371,2.515000e+01,-4.947654e+00,8.651928e-01,2.912506e-01,6.016693e-01,6.665639e-01
0.000758552,2.515000e+01,-4.948724e+00,8.653799e-01,2.924896e-01,6.038485e-01,6.671283e-01
0.000788733,2.515000e+01,-4.949779e+00,8.655644e-01,2.938010e-01,6.063010e-01,6.675511e-01
0.000818914,2.515000e+01,-4.950780e+00,8.657394e-01,2.942367e-01,6.092811e-01,6.654060e-01
0.000849095,2.515000e+01,-4.951737e+00,8.659067e-01,2.945326e-01,6.113877e-01,6.639082e-01
0.000879276,2.515000e+01,-4.952690e+00,8.660734e-01,2.955969e-01,6.126128e-01,6.651025e-01
0.000909457,2.515000e+01,-4.953631e+00,8.662380e-01,2.964174e-01,6.141139e-01,6.654449e-01
0.000939638,2.515000e+01,-4.954558e+00,8.664001e-01,2.971552e-01,6.156398e-01,6.655723e-01
0.000969819,2.515000e+01,-4.955448e+00,8.665557e-01,2.974656e-01,6.176542e-01,6.642139e-01
0.001,2.515000e+01,-4.956298e+00,8.667043e-01,2.972169e-01,6.189584e-01,6.623739e-01
0.0010303,2.515000e+01,-4.957127e+00,8.668494e-01,2.974043e-01,6.199229e-01,6.618708e-01
0.00106061,2.515000e+01,-4.957926e+00,8.669891e-01,2.973761e-01,6.208917e-01,6.608818e-01
0.00109091,2.515000e+01,-4.958731e+00,8.671299e-01,2.983021e-01,6.216846e-01,6.622017e-01
0.00112121,2.515000e+01,-4.959552e+00,8.672734e-01,2.994904e-01,6.225292e-01,6.640478e-01
0.00115152,2.515000e+01,-4.960333e+00,8.674099e-01,2.993392e-01,6.240476e-01,6.622020e-01
0.00118182,2.515000e+01,-4.961075e+00,8.675397e-01,2.991188e-01,6.253139e-01,6.604731e-01
0.00121212,2.515000e+01,-4.961790e+00,8.676648e-01,2.986717e-01,6.255334e-01,6.593493e-01
0.00124242,2.515000e+01,-4.962507e+00,8.677901e-01,2.988221e-01,6.251980e-01,6.601308e-01
0.00127273,2.515000e+01,-4.963217e+00,8.679142e-01,2.991775e-01,6.257340e-01,6.604444e-01
0.00130303,2.515000e+01,-4.963912e+00,8.680359e-01,2.994687e-01,6.265875e-01,6.602793e-01
0.00133333,2.515000e+01,-4.964581e+00,8.681528e-01,2.995795e-01,6.276763e-01,6.594665e-01
0.00136364,2.515000e+01,-4.965229e+00,8.682661e-01,2.993220e-01,6.277495e-01,6.589089e-01
0.00139394,2.515000e+01,-4.965866e+00,8.683776e-01,2.991168e-01,6.274921e-01,6.588118e-01
0.00142424,2.515000e+01,-4.966486e+00,8.684860e-01,2.991501e-01,6.281644e-01,6.582621e-01
0.00145455,2.515000e+01,-4.967093e+00,8.685921e-01,2.992376e-01,6.286156e-01,6.580625e-01
0.00148485,2.515000e+01,-4.967694e+00,8.686971e-01,2.994600e-01,6.290558e-01,6.581699e-01
0.00151515,2.515000e+01,-4.968262e+00,8.687965e-01,2.990165e-01,6.297819e-01,6.565129e-01
0.00154545,2.515000e+01,-4.968825e+00,8.688951e-01,2.989622e-01,6.296097e-01,6.566473e-01
0.00157576,2.515000e+01,-4.969395e+00,8.689945e-01,2.988711e-01,6.288763e-01,6.572883e-01
0.00160606,2.515000e+01,-4.969972e+00,8.690956e-01,2.988326e-01,6.280581e-01,6.581363e-01
0.00163636,2.515000e+01,-4.970528e+00,8.691928e-01,2.986329e-01,6.286220e-01,6.571802e-01
0.00166667,2.515000e+01,-4.971046e+00,8.692833e-01,2.981367e-01,6.295913e-01,6.551460e-01
0.00169697,2.515000e+01,-4.971547e+00,8.693708e-01,2.982569e-01,6.303989e-01,6.546367e-01
0.00172727,2.515000e+01,-4.972050e+00,8.694589e-01,2.983408e-01,6.302720e-01,6.550191e-01
0.00175758,2.515000e+01,-4.972544e+00,8.695453e-01,2.981423e-01,6.302436e-01,6.546778e-01
0.00178788,2.515000e+01,-4.973048e+00,8.696335e-01,2.985225e-01,6.303731e-01,6.554440e-01
0.00181818,2.515000e+01,-4.973562e+00,8.697233e-01,2.987346e-01,6.300514e-01,6.563126e-01
0.00184848,2.515000e+01,-4.974060e+00,8.698103e-01,2.986103e-01,6.304853e-01,6.556538e-01
0.00187879,2.515000e+01,-4.974532e+00,8.698930e-01,2.982512e-01,6.310844e-01,6.543060e-01
0.00190909,2.515000e+01,-4.974992e+00,8.699733e-01,2.978835e-01,6.309992e-01,6.536473e-01
0.00193939,2.515000e+01,-4.975441e+00,8.700519e-01,2.976624e-01,6.309607e-01,6.532614e-01
0.0019697,2.515000e+01,-4.975894e+00,8.701310e-01,2.975286e-01,6.304221e-01,6.535852e-01
0.002,2.515000e+01,-4.976321e+00,8.702058e-01,2.970743e-01,6.307696e-01,6.522840e-01
0.0020303,2.515000e+01,-4.976736e+00,8.702783e-01,2.971498e-01,6.315931e-01,6.516530e-01
0.00206061,2.515000e+01,-4.977152e+00,8.703511e-01,2.972047e-01,6.315288e-01,6.518943e-01
0.00209091,2.515000e+01,-4.977564e+00,8.704231e-01,2.971659e-01,6.316336e-01,6.517546e-01
0.00212121,2.515000e+01,-4.977979e+00,8.704957e-01,2.969871e-01,6.311002e-01,6.519677e-01
0.00215152,2.515000e+01,-4.978398e+00,8.705689e-01,2.969342e-01,6.306206e-01,6.524019e-01
0.00218182,2.515000e+01,-4.978801e+00,8.706395e-01,2.964640e-01,6.304174e-01,6.516316e-01
0.00221212,2.515000e+01,-4.979202e+00,8.707097e-01,2.965800e-01,6.306632e-01,6.516850e-01
0.00224242,2.515000e+01,-4.979580e+00,8.707756e-01,2.962258e-01,6.313661e-01,6.502315e-01
0.00227273,2.515000e+01,-4.979949e+00,8.708401e-01,2.963175e-01,6.320058e-01,6.498226e-01
0.00230303,2.515000e+01,-4.980309e+00,8.709032e-01,2.958863e-01,6.315567e-01,6.493850e-01
0.00233333,2.515000e+01,-4.980654e+00,8.709634e-01,2.955143e-01,6.316452e-01,6.485228e-01
0.00236364,2.515000e+01,-4.981000e+00,8.710239e-01,2.955917e-01,6.316694e-01,6.487127e-01
0.00239394,2.515000e+01,-4.981382e+00,8.710907e-01,2.962102e-01,6.308712e-01,6.509432e-01
0.00242424,2.515000e+01,-4.981776e+00,8.711597e-01,2.964802e-01,6.306643e-01,6.518012e-01
0.00245455,2.515000e+01,-4.982153e+00,8.712256e-01,2.960520e-01,6.309039e-01,6.506621e-01
0.00248485,2.515000e+01,-4.982489e+00,8.712844e-01,2.952285e-01,6.316794e-01,6.480997e-01
0.00251515,2.515000e+01,-4.982805e+00,8.713396e-01,2.947497e-01,6.318589e-01,6.469059e-01
0.00254545,2.515000e+01,-4.983135e+00,8.713973e-01,2.948671e-01,6.312624e-01,6.478175e-01
0.00257576,2.515000e+01,-4.983475e+00,8.714568e-01,2.948380e-01,6.307417e-01,6.483328e-01
0.00260606,2.515000e+01,-4.983797e+00,8.715132e-01,2.946015e-01,6.312703e-01,6.473119e-01
0.00263636,2.515000e+01,-4.984114e+00,8.715685e-01,2.947060e-01,6.318568e-01,6.469819e-01
0.00266667,2.515000e+01,-4.984422e+00,8.716223e-01,2.942101e-01,6.314209e-01,6.463788e-01
0.00269697,2.515000e+01,-4.984723e+00,8.716749e-01,2.940227e-01,6.315151e-01,6.459098e-01
0.00272727,2.515000e+01,-4.985032e+00,8.717290e-01,2.938760e-01,6.308754e-01,6.462821e-01
0.00275758,2.515000e+01,-4.985373e+00,8.717886e-01,2.942606e-01,6.297792e-01,6.482985e-01
0.00278788,2.515000e+01,-4.985713e+00,8.718482e-01,2.941305e-01,6.295349e-01,6.483081e-01
0.00281818,2.515000e+01,-4.986037e+00,8.719048e-01,2.938145e-01,6.300072e-01,6.471677e-01
0.00284848,2.515000e+01,-4.986286e+00,8.719484e-01,2.924278e-01,6.315141e-01,6.426087e-01
0.00287879,2.515000e+01,-4.986528e+00,8.719906e-01,2.922334e-01,6.316520e-01,6.420721e-01
0.00290909,2.515000e+01,-4.986806e+00,8.720392e-01,2.927837e-01,6.308501e-01,6.441351e-01
0.00293939,2.515000e+01,-4.987106e+00,8.720917e-01,2.928886e-01,6.298492e-01,6.454287e-01
0.0029697,2.515000e+01,-4.987401e+00,8.721434e-01,2.927576e-01,6.298350e-01,6.451923e-01
0.003,2.515000e+01,-4.987689e+00,8.721938e-01,2.924789e-01,6.296039e-01,6.448520e-01
0.00303125,2.515000e+01,-4.987960e+00,8.722411e-01,2.920834e-01,6.295944e-01,6.440247e-01
0.0030625,2.515000e+01,-4.988243e+00,8.722906e-01,2.926019e-01,6.304026e-01,6.443779e-01
0.00309375,2.515000e+01,-4.988527e+00,8.723402e-01,2.923816e-01,6.302052e-01,6.441310e-01
0.003125,2.515000e+01,-4.988820e+00,8.723914e-01,2.919531e-01,6.289336e-01,6.445251e-01
0.00315625,2.515000e+01,-4.989094e+00,8.724394e-01,2.911141e-01,6.282939e-01,6.433629e-01
0.0031875,2.515000e+01,-4.989340e+00,8.724824e-01,2.904233e-01,6.285188e-01,6.416379e-01
0.00321875,2.515000e+01,-4.989586e+00,8.725255e-01,2.906478e-01,6.291564e-01,6.415149e-01
0.00325,2.515000e+01,-4.989843e+00,8.725703e-01,2.909534e-01,6.293222e-01,6.420531e-01
0.00328125,2.515000e+01,-4.990096e+00,8.726146e-01,2.906178e-01,6.288868e-01,6.417889e-01
0.0033125,2.515000e+01,-4.990357e+00,8.726602e-01,2.906308e-01,6.286130e-01,6.421312e-01
0.00334375,2.515000e+01,-4.990634e+00,8.727086e-01,2.905963e-01,6.277111e-01,6.430130e-01
0.003375,2.515000e+01,-4.990905e+00,8.727561e-01,2.901401e-01,6.271598e-01,6.426026e-01
0.00340625,2.515000e+01,-4.991176e+00,8.728035e-01,2.898762e-01,6.268624e-01,6.423576e-01
0.0034375,2.515000e+01,-4.991402e+00,8.728429e-01,2.889066e-01,6.278243e-01,6.392572e-01
0.00346875,2.515000e+01,-4.991633e+00,8.728834e-01,2.890179e-01,6.278248e-01,6.395324e-01
0.0035,2.515000e+01,-4.991876e+00,8.729259e-01,2.889125e-01,6.271240e-01,6.400448e-01
0.00353125,2.515000e+01,-4.992094e+00,8.729641e-01,2.879752e-01,6.265554e-01,6.385753e-01
0.0035625,2.515000e+01,-4.992300e+00,8.730000e-01,2.874939e-01,6.263953e-01,6.376972e-01
0.00359375,2.515000e+01,-4.992539e+00,8.730418e-01,2.884251e-01,6.265959e-01,6.395883e-01
0.003625,2.515000e+01,-4.992788e+00,8.730853e-01,2.881594e-01,6.256651e-01,6.399817e-01
0.00365625,2.515000e+01,-4.993025e+00,8.731268e-01,2.873914e-01,6.249969e-01,6.389888e-01
0.0036875,2.515000e+01,-4.993223e+00,8.731614e-01,2.863826e-01,6.251622e-01,6.366027e-01
0.00371875,2.515000e+01,-4.993438e+00,8.731989e-01,2.867378e-01,6.249043e-01,6.376830e-01
0.00375,2.515000e+01,-4.993698e+00,8.732445e-01,2.877581e-01,6.245820e-01,6.403156e-01
0.00378125,2.515000e+01,-4.993947e+00,8.732880e-01,2.871460e-01,6.241324e-01,6.394456e-01
0.0038125,2.515000e+01,-4.994152e+00,8.733238e-01,2.858908e-01,6.244025e-01,6.364013e-01
0.00384375,2.515000e+01,-4.994355e+00,8.733594e-01,2.855206e-01,6.238991e-01,6.361157e-01
0.003875,2.515000e+01,-4.994571e+00,8.733971e-01,2.852290e-01,6.226887e-01,6.367286e-01
0.00390625,2.515000e+01,-4.994807e+00,8.734384e-01,2.855160e-01,6.222696e-01,6.378289e-01
0.0039375,2.515000e+01,-4.995026e+00,8.734767e-01,2.853710e-01,6.229167e-01,6.368707e-01
0.00396875,2.515000e+01,-4.995252e+00,8.735162e-01,2.852506e-01,6.224002e-01,6.371592e-01
0.004,2.515000e+01,-4.995490e+00,8.735578e-01,2.850825e-01,6.216341e-01,6.375987e-01
0.00403125,2.515000e+01,-4.995677e+00,8.735905e-01,2.834587e-01,6.214793e-01,6.341487e-01
0.0040625,2.515000e+01,-4.995854e+00,8.736215e-01,2.828464e-01,6.209896e-01,6.333004e-01
0.00409375,2.515000e+01,-4.996043e+00,8.736545e-01,2.829323e-01,6.205537e-01,6.339618e-01
0.004125,2.515000e+01,-4.996260e+00,8.736925e-01,2.835249e-01,6.202904e-01,6.355871e-01
0.00415625,2.515000e+01,-4.996487e+00,8.737322e-01,2.834362e-01,6.197676e-01,6.359529e-01
0.0041875,2.515000e+01,-4.996669e+00,8.737640e-01,2.823737e-01,6.202215e-01,6.331285e-01
0.00421875,2.515000e+01,-4.996845e+00,8.737948e-01,2.817763e-01,6.194349e-01,6.326137e-01
0.00425,2.515000e+01,-4.997048e+00,8.738304e-01,2.819485e-01,6.183908e-01,6.340945e-01
0.00428125,2.515000e+01,-4.997265e+00,8.738683e-01,2.821453e-01,6.181865e-01,6.347741e-01
0.0043125,2.515000e+01,-4.997482e+00,8.739062e-01,2.816844e-01,6.173783e-01,6.345944e-01
0.00434375,2.515000e+01,-4.997678e+00,8.739404e-01,2.808955e-01,6.170492e-01,6.331797e-01
0.004375,2.515000e+01,-4.997863e+00,8.739729e-01,2.806099e-01,6.171372e-01,6.324691e-01
0.00440625,2.515000e+01,-4.998024e+00,8.740009e-01,2.798487e-01,6.174188e-01,6.304857e-01
0.0044375,2.515000e+01,-4.998210e+00,8.740335e-01,2.800189e-01,6.165596e-01,6.317723e-01
0.00446875,2.515000e+01,-4.998401e+00,8.740669e-01,2.797518e-01,6.158551e-01,6.319155e-01
0.0045,2.515000e+01,-4.998623e+00,8.741056e-01,2.802076e-01,6.152049e-01,6.336424e-01
0.00453125,2.515000e+01,-4.998838e+00,8.741432e-01,2.799636e-01,6.152522e-01,6.330691e-01
0.0045625,2.515000e+01,-4.999026e+00,8.741761e-01,2.791064e-01,6.151506e-01,6.312586e-01
0.00459375,2.515000e+01,-4.999226e+00,8.742111e-01,2.790740e-01,6.145683e-01,6.318086e-01
0.004625,2.515000e+01,-4.999423e+00,8.742456e-01,2.786346e-01,6.140144e-01,6.314079e-01
0.00465625,2.515000e+01,-4.999631e+00,8.742820e-01,2.783508e-01,6.131115e-01,6.317200e-01
0.0046875,2.515000e+01,-4.999844e+00,8.743192e-01,2.780178e-01,6.122090e-01,6.319212e-01
0.00471875,2.515000e+01,-4.999997e+00,8.743459e-01,2.763200e-01,6.122517e-01,6.280376e-01
0.00475,2.515000e+01,-5.000150e+00,8.743728e-01,2.762782e-01,6.123243e-01,6.278877e-01
0.00478125,2.515000e+01,-5.000303e+00,8.743995e-01,2.763038e-01,6.126960e-01,6.275841e-01
0.0048125,2.515000e+01,-5.000484e+00,8.744312e-01,2.764972e-01,6.117825e-01,6.289836e-01
0.00484375,2.515000e+01,-5.000695e+00,8.744680e-01,2.767666e-01,6.105779e-01,6.308653e-01
0.004875,2.515000e+01,-5.000893e+00,8.745026e-01,2.761182e-01,6.100566e-01,6.299504e-01
0.00490625,2.515000e+01,-5.001086e+00,8.745365e-01,2.757499e-01,6.098666e-01,6.293304e-01
0.0049375,2.515000e+01,-5.001270e+00,8.745685e-01,2.754525e-01,6.099734e-01,6.285645e-01
0.00496875,2.515000e+01,-5.001455e+00,8.746009e-01,2.750783e-01,6.093716e-01,6.283536e-01
0.005,2.515000e+01,-5.001639e+00,8.746332e-01,2.749195e-01,6.092658e-01,6.281233e-01
0.00503125,2.515000e+01,-5.001844e+00,8.746689e-01,2.749114e-01,6.082997e-01,6.291278e-01
0.0050625,2.515000e+01,-5.002036e+00,8.747026e-01,2.742385e-01,6.076136e-01,6.283211e-01
0.00509375,2.515000e+01,-5.002210e+00,8.747330e-01,2.734089e-01,6.070660e-01,6.270072e-01
0.005125,2.515000e+01,-5.002373e+00,8.747614e-01,2.728749e-01,6.069892e-01,6.258820e-01
0.00515625,2.515000e+01,-5.002556e+00,8.747935e-01,2.733814e-01,6.069155e-01,6.271426e-01
0.0051875,2.515000e+01,-5.002755e+00,8.748282e-01,2.736758e-01,6.066854e-01,6.280813e-01
0.00521875,2.515000e+01,-5.002941e+00,8.748608e-01,2.729300e-01,6.058714e-01,6.272347e-01
0.00525,2.515000e+01,-5.003113e+00,8.748909e-01,2.720252e-01,6.050153e-01,6.260611e-01
0.00528125,2.515000e+01,-5.003281e+00,8.749203e-01,2.713780e-01,6.043071e-01,6.253246e-01
0.0053125,2.515000e+01,-5.003454e+00,8.749505e-01,2.712996e-01,6.040818e-01,6.253990e-01
0.00534375,2.515000e+01,-5.003645e+00,8.749839e-01,2.716008e-01,6.038201e-01,6.263882e-01
0.005375,2.515000e+01,-5.003835e+00,8.750170e-01,2.715556e-01,6.039865e-01,6.261352e-01
0.00540625,2.515000e+01,-5.004032e+00,8.750515e-01,2.714088e-01,6.034000e-01,6.264299e-01
0.0054375,2.515000e+01,-5.004216e+00,8.750838e-01,2.705884e-01,6.026102e-01,6.253777e-01
0.00546875,2.515000e+01,-5.004381e+00,8.751126e-01,2.696239e-01,6.019415e-01,6.238616e-01
0.0055,2.515000e+01,-5.004558e+00,8.751436e-01,2.696263e-01,6.013676e-01,6.244846e-01
0.00553125,2.515000e+01,-5.004748e+00,8.751768e-01,2.700539e-01,6.015019e-01,6.253590e-01
0.0055625,2.515000e+01,-5.004951e+00,8.752122e-01,2.701907e-01,6.011933e-01,6.260222e-01
0.00559375,2.515000e+01,-5.005112e+00,8.752404e-01,2.687972e-01,6.009796e-01,6.230350e-01
0.005625,2.515000e+01,-5.005273e+00,8.752686e-01,2.679959e-01,5.996833e-01,6.225404e-01
0.00565625,2.515000e+01,-5.005433e+00,8.752965e-01,2.674735e-01,5.989620e-01,6.220947e-01
0.0056875,2.515000e+01,-5.005616e+00,8.753286e-01,2.680626e-01,5.988756e-01,6.235781e-01
0.00571875,2.515000e+01,-5.005796e+00,8.753600e-01,2.680033e-01,5.990826e-01,6.232474e-01
0.00575,2.515000e+01,-5.005985e+00,8.753931e-01,2.682058e-01,5.988714e-01,6.239614e-01
0.00578125,2.515000e+01,-5.006183e+00,8.754278e-01,2.681505e-01,5.985055e-01,6.242390e-01
0.0058125,2.515000e+01,-5.006364e+00,8.754595e-01,2.670817e-01,5.976183e-01,6.226966e-01
0.00584375,2.515000e+01,-5.006540e+00,8.754902e-01,2.666332e-01,5.971771e-01,6.221318e-01
0.005875,2.515000e+01,-5.006720e+00,8.755216e-01,2.665317e-01,5.966664e-01,6.224497e-01
0.00590625,2.515000e+01,-5.006911e+00,8.755551e-01,2.665772e-01,5.961883e-01,6.230788e-01
0.0059375,2.515000e+01,-5.007101e+00,8.755882e-01,2.664086e-01,5.961283e-01,6.227712e-01
0.00596875,2.515000e+01,-5.007257e+00,8.756154e-01,2.649737e-01,5.956128e-01,6.199726e-01
0.006,2.515000e+01,-5.007429e+00,8.756456e-01,2.650519e-01,5.950074e-01,6.208076e-01
0.00603125,2.515000e+01,-5.007604e+00,8.756762e-01,2.650055e-01,5.947778e-01,6.209605e-01
0.0060625,2.515000e+01,-5.007794e+00,8.757094e-01,2.651356e-01,5.941749e-01,6.219190e-01
0.00609375,2.515000e+01,-5.007980e+00,8.757419e-01,2.648399e-01,5.939564e-01,6.214768e-01
0.006125,2.515000e+01,-5.008159e+00,8.757733e-01,2.645526e-01,5.938427e-01,6.209440e-01
0.00615625,2.515000e+01,-5.008340e+00,8.758050e-01,2.643205e-01,5.934573e-01,6.208247e-01
0.0061875,2.515000e+01,-5.008506e+00,8.758339e-01,2.635227e-01,5.929913e-01,6.194578e-01
0.00621875,2.515000e+01,-5.008678e+00,8.758640e-01,2.633193e-01,5.923690e-01,6.196511e-01
0.00625,2.515000e+01,-5.008856e+00,8.758951e-01,2.632520e-01,5.917751e-01,6.201365e-01
0.00628125,2.515000e+01,-5.009035e+00,8.759265e-01,2.631541e-01,5.915782e-01,6.201343e-01
0.0063125,2.515000e+01,-5.009213e+00,8.759577e-01,2.626463e-01,5.909938e-01,6.195720e-01
0.00634375,2.515000e+01,-5.009386e+00,8.759878e-01,2.621871e-01,5.905599e-01,6.189644e-01
0.006375,2.515000e+01,-5.009574e+00,8.760207e-01,2.626881e-01,5.907584e-01,6.199620e-01
0.00640625,2.515000e+01,-5.009755e+00,8.760523e-01,2.625033e-01,5.906510e-01,6.196605e-01
0.0064375,2.515000e+01,-5.009938e+00,8.760844e-01,2.622932e-01,5.901550e-01,6.197076e-01
0.00646875,2.515000e+01,-5.010118e+00,8.761158e-01,2.617716e-01,5.896675e-01,6.190091e-01
0.0065,2.515000e+01,-5.010300e+00,8.761476e-01,2.614975e-01,5.891436e-01,6.189335e-01
0.00653125,2.515000e+01,-5.010475e+00,8.761783e-01,2.612060e-01,5.889488e-01,6.184693e-01
0.0065625,2.515000e+01,-5.010647e+00,8.762083e-01,2.603635e-01,5.877768e-01,6.177253e-01
0.00659375,2.515000e+01,-5.010842e+00,8.762424e-01,2.605375e-01,5.870060e-01,6.189736e-01
0.006625,2.515000e+01,-5.011020e+00,8.762736e-01,2.601754e-01,5.873171e-01,6.178076e-01
0.00665625,2.515000e+01,-5.011201e+00,8.763052e-01,2.604413e-01,5.876325e-01,6.181297e-01
0.0066875,2.515000e+01,-5.011378e+00,8.763361e-01,2.602199e-01,5.874514e-01,6.178166e-01
0.00671875,2.515000e+01,-5.011557e+00,8.763674e-01,2.599467e-01,5.869296e-01,6.177382e-01
0.00675,2.515000e+01,-5.011741e+00,8.763997e-01,2.597235e-01,5.862146e-01,6.179838e-01
0.00678125,2.515000e+01,-5.011911e+00,8.764293e-01,2.588693e-01,5.855681e-01,6.166519e-01
0.0068125,2.515000e+01,-5.012081e+00,8.764590e-01,2.583526e-01,5.847657e-01,6.162868e-01
0.00684375,2.515000e+01,-5.012250e+00,8.764887e-01,2.583896e-01,5.849652e-01,6.161853e-01
0.006875,2.515000e+01,-5.012429e+00,8.765200e-01,2.587594e-01,5.851742e-01,6.168693e-01
0.00690625,2.515000e+01,-5.012615e+00,8.765525e-01,2.589264e-01,5.851416e-01,6.173243e-01
0.0069375,2.515000e+01,-5.012799e+00,8.765847e-01,2.584543e-01,5.844555e-01,6.169449e-01
0.00696875,2.515000e+01,-5.012990e+00,8.766181e-01,2.581280e-01,5.836774e-01,6.170113e-01
0.007,2.515000e+01,-5.013177e+00,8.766508e-01,2.578378e-01,5.834073e-01,6.166254e-01
0.00703226,2.515000e+01,-5.013361e+00,8.766830e-01,2.574668e-01,5.825090e-01,6.167107e-01
0.00706452,2.515000e+01,-5.013547e+00,8.767154e-01,2.576233e-01,5.829118e-01,6.166814e-01
0.00709677,2.515000e+01,-5.013733e+00,8.767481e-01,2.576519e-01,5.829697e-01,6.167122e-01
0.00712903,2.515000e+01,-5.013924e+00,8.767813e-01,2.573079e-01,5.823421e-01,6.165758e-01
0.00716129,2.515000e+01,-5.014134e+00,8.768181e-01,2.565425e-01,5.804462e-01,6.167753e-01
0.00719355,2.515000e+01,-5.014336e+00,8.768535e-01,2.561896e-01,5.803003e-01,6.161067e-01
0.00722581,2.515000e+01,-5.014514e+00,8.768846e-01,2.557643e-01,5.805936e-01,6.147951e-01
0.00725806,2.515000e+01,-5.014689e+00,8.769152e-01,2.560666e-01,5.811359e-01,6.149686e-01
0.00729032,2.515000e+01,-5.014869e+00,8.769467e-01,2.559496e-01,5.808258e-01,6.150380e-01
0.00732258,2.515000e+01,-5.015068e+00,8.769814e-01,2.560854e-01,5.803230e-01,6.159218e-01
0.00735484,2.515000e+01,-5.015273e+00,8.770172e-01,2.559527e-01,5.798159e-01,6.161662e-01
0.0073871,2.515000e+01,-5.015464e+00,8.770506e-01,2.551250e-01,5.791051e-01,6.149506e-01
0.00741935,2.515000e+01,-5.015652e+00,8.770834e-01,2.549303e-01,5.788887e-01,6.147341e-01
0.00745161,2.515000e+01,-5.015826e+00,8.771140e-01,2.545721e-01,5.788772e-01,6.139042e-01
0.00748387,2.515000e+01,-5.016011e+00,8.771463e-01,2.546207e-01,5.784644e-01,6.144821e-01
0.00751613,2.515000e+01,-5.016209e+00,8.771809e-01,2.544989e-01,5.779695e-01,6.147387e-01
0.00754839,2.515000e+01,-5.016415e+00,8.772171e-01,2.543596e-01,5.775651e-01,6.148572e-01
0.00758065,2.515000e+01,-5.016616e+00,8.772522e-01,2.542340e-01,5.775330e-01,6.146125e-01
0.0076129,2.515000e+01,-5.016798e+00,8.772840e-01,2.541305e-01,5.779837e-01,6.139054e-01
0.00764516,2.515000e+01,-5.016990e+00,8.773174e-01,2.539979e-01,5.773213e-01,6.143126e-01
0.00767742,2.515000e+01,-5.017183e+00,8.773513e-01,2.537994e-01,5.769970e-01,6.142010e-01
0.00770968,2.515000e+01,-5.017377e+00,8.773852e-01,2.536161e-01,5.766426e-01,6.141586e-01
0.00774194,2.515000e+01,-5.017585e+00,8.774216e-01,2.533748e-01,5.756412e-01,6.146674e-01
0.00777419,2.515000e+01,-5.017803e+00,8.774596e-01,2.530132e-01,5.747088e-01,6.148126e-01
0.00780645,2.515000e+01,-5.018008e+00,8.774955e-01,2.525713e-01,5.746198e-01,6.138588e-01
0.00783871,2.515000e+01,-5.018200e+00,8.775291e-01,2.523661e-01,5.748109e-01,6.131795e-01
0.00787097,2.515000e+01,-5.018395e+00,8.775631e-01,2.525725e-01,5.751716e-01,6.133202e-01
0.00790323,2.515000e+01,-5.018592e+00,8.775977e-01,2.525321e-01,5.749826e-01,6.134478e-01
0.00793548,2.515000e+01,-5.018778e+00,8.776302e-01,2.522320e-01,5.750320e-01,6.126887e-01
0.00796774,2.515000e+01,-5.018975e+00,8.776647e-01,2.517748e-01,5.736236e-01,6.131035e-01
0.008,2.515000e+01,-5.019183e+00,8.777010e-01,2.517119e-01,5.731645e-01,6.134672e-01
0.00803226,2.515000e+01,-5.019392e+00,8.777375e-01,2.516164e-01,5.730192e-01,6.134149e-01
0.00806452,2.515000e+01,-5.019583e+00,8.777710e-01,2.511260e-01,5.729513e-01,6.123155e-01
0.00809677,2.515000e+01,-5.019780e+00,8.778054e-01,2.511751e-01,5.728976e-01,6.125167e-01
0.00812903,2.515000e+01,-5.019996e+00,8.778432e-01,2.513213e-01,5.725311e-01,6.132922e-01
0.00816129,2.515000e+01,-5.020214e+00,8.778812e-01,2.509828e-01,5.719330e-01,6.131328e-01
0.00819355,2.515000e+01,-5.020415e+00,8.779164e-01,2.507790e-01,5.722157e-01,6.123571e-01
0.00822581,2.515000e+01,-5.020606e+00,8.779498e-01,2.503385e-01,5.719383e-01,6.116009e-01
0.00825806,2.515000e+01,-5.020804e+00,8.779844e-01,2.504743e-01,5.718561e-01,6.120447e-01
0.00829032,2.515000e+01,-5.020999e+00,8.780186e-01,2.502330e-01,5.715502e-01,6.118066e-01
0.00832258,2.515000e+01,-5.021198e+00,8.780534e-01,2.493536e-01,5.697322e-01,6.116258e-01
0.00835484,2.515000e+01,-5.021424e+00,8.780930e-01,2.494662e-01,5.689519e-01,6.127690e-01
0.0083871,2.515000e+01,-5.021650e+00,8.781324e-01,2.493752e-01,5.688192e-01,6.127159e-01
0.00841935,2.515000e+01,-5.021856e+00,8.781683e-01,2.493748e-01,5.697690e-01,6.117185e-01
0.00845161,2.515000e+01,-5.022055e+00,8.782033e-01,2.491489e-01,5.696311e-01,6.113367e-01
0.00848387,2.515000e+01,-5.022270e+00,8.782407e-01,2.494751e-01,5.697232e-01,6.120643e-01
0.00851613,2.515000e+01,-5.022491e+00,8.782794e-01,2.492578e-01,5.690819e-01,6.122470e-01
0.00854839,2.515000e+01,-5.022691e+00,8.783145e-01,2.483622e-01,5.684159e-01,6.107868e-01
0.00858065,2.515000e+01,-5.022899e+00,8.783509e-01,2.481953e-01,5.678473e-01,6.110130e-01
0.0086129,2.515000e+01,-5.023111e+00,8.783880e-01,2.484654e-01,5.681858e-01,6.113388e-01
0.00864516,2.515000e+01,-5.023339e+00,8.784278e-01,2.486603e-01,5.676941e-01,6.123764e-01
0.00867742,2.515000e+01,-5.023554e+00,8.784654e-01,2.475641e-01,5.663257e-01,6.111758e-01
0.00870968,2.515000e+01,-5.023769e+00,8.785030e-01,2.471777e-01,5.658650e-01,6.107448e-01
0.00874194,2.515000e+01,-5.023974e+00,8.785388e-01,2.469617e-01,5.659976e-01,6.100931e-01
0.00877419,2.515000e+01,-5.024167e+00,8.785725e-01,2.472862e-01,5.672002e-01,6.096228e-01
0.00880645,2.515000e+01,-5.024375e+00,8.786089e-01,2.473978e-01,5.668553e-01,6.102943e-01
0.00883871,2.515000e+01,-5.024602e+00,8.786487e-01,2.475425e-01,5.662693e-01,6.113109e-01
0.00887097,2.515000e+01,-5.024836e+00,8.786896e-01,2.474714e-01,5.658692e-01,6.115960e-01
0.00890323,2.515000e+01,-5.025047e+00,8.787264e-01,2.467352e-01,5.653995e-01,6.103087e-01
0.00893548,2.515000e+01,-5.025255e+00,8.787629e-01,2.461614e-01,5.645555e-01,6.098249e-01
0.00896774,2.515000e+01,-5.025485e+00,8.788030e-01,2.465657e-01,5.643697e-01,6.110553e-01
0.009,2.515000e+01,-5.025718e+00,8.788437e-01,2.464631e-01,5.641022e-01,6.111190e-01
0.00903333,2.515000e+01,-5.025960e+00,8.788862e-01,2.460698e-01,5.628149e-01,6.115691e-01
0.00906667,2.515000e+01,-5.026185e+00,8.789254e-01,2.456588e-01,5.631608e-01,6.101997e-01
0.0091,2.515000e+01,-5.026397e+00,8.789626e-01,2.455973e-01,5.637500e-01,6.094354e-01
0.00913333,2.515000e+01,-5.026612e+00,8.790001e-01,2.456801e-01,5.638790e-01,6.095274e-01
0.00916667,2.515000e+01,-5.026867e+00,8.790447e-01,2.461240e-01,5.629607e-01,6.116554e-01
0.0092,2.515000e+01,-5.027116e+00,8.790883e-01,2.458857e-01,5.628949e-01,6.111653e-01
0.00923333,2.515000e+01,-5.027332e+00,8.791260e-01,2.450864e-01,5.630218e-01,6.090672e-01
0.00926667,2.515000e+01,-5.027539e+00,8.791622e-01,2.442265e-01,5.618029e-01,6.082723e-01
0.0093,2.515000e+01,-5.027777e+00,8.792039e-01,2.443942e-01,5.607478e-01,6.098639e-01
0.00933333,2.515000e+01,-5.028029e+00,8.792479e-01,2.447585e-01,5.609263e-01,6.106092e-01
0.00936667,2.515000e+01,-5.028253e+00,8.792871e-01,2.442668e-01,5.613054e-01,6.089982e-01
0.0094,2.515000e+01,-5.028504e+00,8.793310e-01,2.443486e-01,5.604819e-01,6.101277e-01
0.00943333,2.515000e+01,-5.028751e+00,8.793742e-01,2.442344e-01,5.606404e-01,6.097000e-01
0.00946667,2.515000e+01,-5.028984e+00,8.794150e-01,2.442650e-01,5.613117e-01,6.090757e-01
0.0095,2.515000e+01,-5.029198e+00,8.794524e-01,2.437190e-01,5.610163e-01,6.080596e-01
0.00953333,2.515000e+01,-5.029441e+00,8.794948e-01,2.435752e-01,5.594194e-01,6.094653e-01
0.00956667,2.515000e+01,-5.029681e+00,8.795368e-01,2.433875e-01,5.592051e-01,6.092582e-01
0.0096,2.515000e+01,-5.029896e+00,8.795744e-01,2.429766e-01,5.598169e-01,6.075906e-01
0.00963333,2.515000e+01,-5.030143e+00,8.796172e-01,2.429384e-01,5.584912e-01,6.089673e-01
0.00966667,2.515000e+01,-5.030418e+00,8.796656e-01,2.433614e-01,5.580610e-01,6.105312e-01
0.0097,2.515000e+01,-5.030713e+00,8.797175e-01,2.436666e-01,5.578467e-01,6.115677e-01
0.00973333,2.515000e+01,-5.030937e+00,8.797562e-01,2.423300e-01,5.583853e-01,6.076530e-01
0.00976667,2.515000e+01,-5.031137e+00,8.797914e-01,2.418481e-01,5.585933e-01,6.062429e-01
0.0098,2.515000e+01,-5.031366e+00,8.798318e-01,2.424237e-01,5.585122e-01,6.078016e-01
0.00983333,2.515000e+01,-5.031613e+00,8.798749e-01,2.427398e-01,5.584775e-01,6.086619e-01
0.00986667,2.515000e+01,-5.031898e+00,8.799242e-01,2.421223e-01,5.556248e-01,6.102649e-01
0.0099,2.515000e+01,-5.032136e+00,8.799664e-01,2.405262e-01,5.544749e-01,6.075286e-01
0.00993333,2.515000e+01,-5.032346e+00,8.800025e-01,2.402267e-01,5.552178e-01,6.059856e-01
0.00996667,2.515000e+01,-5.032563e+00,8.800412e-01,2.411264e-01,5.569516e-01,6.063873e-01
0.01,2.515000e+01,-5.032811e+00,8.800843e-01,2.414020e-01,5.562603e-01,6.078649e-01
0.0100333,2.515000e+01,-5.033084e+00,8.801318e-01,2.415526e-01,5.554685e-01,6.091445e-01
0.0100667,2.515000e+01,-5.033366e+00,8.801810e-01,2.417028e-01,5.553131e-01,6.097280e-01
0.0101,2.515000e+01,-5.033621e+00,8.802259e-01,2.409979e-01,5.551536e-01,6.081548e-01
0.0101333,2.515000e+01,-5.033850e+00,8.802655e-01,2.403400e-01,5.550862e-01,6.065958e-01
0.0101667,2.515000e+01,-5.034081e+00,8.803059e-01,2.403417e-01,5.550504e-01,6.066676e-01
0.0102,2.515000e+01,-5.034346e+00,8.803525e-01,2.405696e-01,5.542417e-01,6.081608e-01
0.0102333,2.515000e+01,-5.034641e+00,8.804044e-01,2.404261e-01,5.526737e-01,6.095578e-01
0.0102667,2.515000e+01,-5.034893e+00,8.804484e-01,2.391866e-01,5.521277e-01,6.070455e-01
0.0103,2.515000e+01,-5.035122e+00,8.804880e-01,2.389157e-01,5.526379e-01,6.058255e-01
0.0103333,2.515000e+01,-5.035351e+00,8.805285e-01,2.393963e-01,5.537852e-01,6.058141e-01
0.0103667,2.515000e+01,-5.035607e+00,8.805733e-01,2.397871e-01,5.535583e-01,6.070828e-01
0.0104,2.515000e+01,-5.035838e+00,8.806138e-01,2.390333e-01,5.532624e-01,6.055258e-01
0.0104333,2.515000e+01,-5.036052e+00,8.806507e-01,2.384205e-01,5.528148e-01,6.044884e-01
0.0104667,2.515000e+01,-5.036332e+00,8.807000e-01,2.390020e-01,5.509041e-01,6.080980e-01
0.0105,2.515000e+01,-5.036640e+00,8.807536e-01,2.394097e-01,5.505677e-01,6.095450e-01
0.0105333,2.515000e+01,-5.036919e+00,8.808029e-01,2.390524e-01,5.512885e-01,6.078732e-01
0.0105667,2.515000e+01,-5.037168e+00,8.808460e-01,2.385052e-01,5.517518e-01,6.060020e-01
0.0106,2.515000e+01,-5.037426e+00,8.808909e-01,2.381250e-01,5.507320e-01,6.061874e-01
0.0106333,2.515000e+01,-5.037677e+00,8.809348e-01,2.376365e-01,5.501228e-01,6.056446e-01
0.0106667,2.515000e+01,-5.037914e+00,8.809762e-01,2.376047e-01,5.506567e-01,6.050043e-01
0.0107,2.515000e+01,-5.038179e+00,8.810228e-01,2.381435e-01,5.506035e-01,6.064670e-01
0.0107333,2.515000e+01,-5.038470e+00,8.810738e-01,2.384011e-01,5.501202e-01,6.076914e-01
0.0107667,2.515000e+01,-5.038712e+00,8.811160e-01,2.372711e-01,5.502028e-01,6.047492e-01
0.0108,2.515000e+01,-5.038950e+00,8.811574e-01,2.369806e-01,5.497800e-01,6.045018e-01
0.0108333,2.515000e+01,-5.039213e+00,8.812040e-01,2.371006e-01,5.490282e-01,6.056680e-01
0.0108667,2.515000e+01,-5.039498e+00,8.812532e-01,2.373422e-01,5.486728e-01,6.067120e-01
0.0109,2.515000e+01,-5.039779e+00,8.813025e-01,2.373123e-01,5.489466e-01,6.063668e-01
0.0109333,2.515000e+01,-5.040038e+00,8.813482e-01,2.367712e-01,5.490540e-01,6.048966e-01
0.0109667,2.515000e+01,-5.040305e+00,8.813949e-01,2.367862e-01,5.487844e-01,6.052643e-01
0.011,2.515000e+01,-5.040558e+00,8.814388e-01,2.364406e-01,5.488207e-01,6.043715e-01
0.0110333,2.515000e+01,-5.040838e+00,8.814881e-01,2.368709e-01,5.484443e-01,6.059204e-01
0.0110667,2.515000e+01,-5.041149e+00,8.815426e-01,2.372238e-01,5.479357e-01,6.074242e-01
0.0111,2.515000e+01,-5.041431e+00,8.815919e-01,2.364528e-01,5.477745e-01,6.056614e-01
0.0111333,2.515000e+01,-5.041668e+00,8.816332e-01,2.354205e-01,5.479330e-01,6.028713e-01
0.0111667,2.515000e+01,-5.041936e+00,8.816798e-01,2.357563e-01,5.474371e-01,6.043107e-01
0.0112,2.515000e+01,-5.042218e+00,8.817291e-01,2.357208e-01,5.469200e-01,6.048245e-01
0.0112333,2.515000e+01,-5.042516e+00,8.817810e-01,2.361006e-01,5.470385e-01,6.057037e-01
0.0112667,2.515000e+01,-5.042789e+00,8.818294e-01,2.358051e-01,5.475692e-01,6.043917e-01
0.0113,2.515000e+01,-5.043078e+00,8.818795e-01,2.360045e-01,5.473454e-01,6.051850e-01
0.0113333,2.515000e+01,-5.043378e+00,8.819323e-01,2.360045e-01,5.469721e-01,6.056339e-01
0.0113667,2.515000e+01,-5.043658e+00,8.819807e-01,2.354218e-01,5.469795e-01,6.041640e-01
0.0114,2.515000e+01,-5.043942e+00,8.820308e-01,2.353513e-01,5.468242e-01,6.041886e-01
0.0114333,2.515000e+01,-5.044216e+00,8.820783e-01,2.350822e-01,5.469158e-01,6.034297e-01
0.0114667,2.515000e+01,-5.044468e+00,8.821223e-01,2.343550e-01,5.466515e-01,6.018839e-01
0.0115,2.515000e+01,-5.044740e+00,8.821698e-01,2.345843e-01,5.463567e-01,6.028303e-01
0.0115333,2.515000e+01,-5.045066e+00,8.822270e-01,2.353950e-01,5.456501e-01,6.057362e-01
0.0115667,2.515000e+01,-5.045407e+00,8.822868e-01,2.356082e-01,5.455290e-01,6.064608e-01
0.0116,2.515000e+01,-5.045703e+00,8.823387e-01,2.347798e-01,5.460355e-01,6.038031e-01
0.0116333,2.515000e+01,-5.045977e+00,8.823862e-01,2.344115e-01,5.463746e-01,6.025144e-01
0.0116667,2.515000e+01,-5.046264e+00,8.824363e-01,2.344840e-01,5.462440e-01,6.028791e-01
0.0117,2.515000e+01,-5.046562e+00,8.824891e-01,2.344444e-01,5.458607e-01,6.032359e-01
0.0117333,2.515000e+01,-5.046881e+00,8.825445e-01,2.344976e-01,5.451957e-01,6.041474e-01
0.0117667,2.515000e+01,-5.047214e+00,8.826025e-01,2.344652e-01,5.445370e-01,6.048344e-01
0.0118,2.515000e+01,-5.047543e+00,8.826606e-01,2.343705e-01,5.446797e-01,6.044712e-01
0.0118333,2.515000e+01,-5.047838e+00,8.827116e-01,2.337560e-01,5.453115e-01,6.022226e-01
0.0118667,2.515000e+01,-5.048139e+00,8.827644e-01,2.337614e-01,5.452036e-01,6.023917e-01
0.0119,2.515000e+01,-5.048462e+00,8.828207e-01,2.340622e-01,5.449567e-01,6.034788e-01
0.0119333,2.515000e+01,-5.048787e+00,8.828779e-01,2.338845e-01,5.446055e-01,6.034483e-01
0.0119667,2.515000e+01,-5.049079e+00,8.829289e-01,2.332729e-01,5.451062e-01,6.013523e-01
0.012,2.515000e+01,-5.049386e+00,8.829825e-01,2.334139e-01,5.449804e-01,6.018911e-01
0.0120333,2.515000e+01,-5.049699e+00,8.830371e-01,2.334728e-01,5.450720e-01,6.019793e-01
0.0120667,2.515000e+01,-5.050026e+00,8.830942e-01,2.333948e-01,5.444265e-01,6.025308e-01
0.0121,2.515000e+01,-5.050373e+00,8.831549e-01,2.333568e-01,5.436141e-01,6.033743e-01
0.0121333,2.515000e+01,-5.050726e+00,8.832174e-01,2.333869e-01,5.434561e-01,6.036700e-01
0.0121667,2.515000e+01,-5.051073e+00,8.832772e-01,2.333216e-01,5.439347e-01,6.030111e-01
0.0122,2.515000e+01,-5.051389e+00,8.833326e-01,2.328310e-01,5.446750e-01,6.009634e-01
0.0122333,2.515000e+01,-5.051719e+00,8.833907e-01,2.330404e-01,5.446344e-01,6.015878e-01
0.0122667,2.515000e+01,-5.052031e+00,8.834452e-01,2.324822e-01,5.444581e-01,6.003782e-01
0.0123,2.515000e+01,-5.052348e+00,8.835006e-01,2.322807e-01,5.440126e-01,6.003867e-01
0.0123333,2.515000e+01,-5.052720e+00,8.835657e-01,2.330165e-01,5.432060e-01,6.032276e-01
0.0123667,2.515000e+01,-5.053127e+00,8.836369e-01,2.335508e-01,5.428511e-01,6.050543e-01
0.0124,2.515000e+01,-5.053513e+00,8.837047e-01,2.331999e-01,5.432197e-01,6.037819e-01
0.0124333,2.515000e+01,-5.053835e+00,8.837610e-01,2.319000e-01,5.438183e-01,5.997933e-01
0.0124667,2.515000e+01,-5.054145e+00,8.838146e-01,2.314962e-01,5.437362e-01,5.988760e-01
0.0125,2.515000e+01,-5.054498e+00,8.838762e-01,2.321848e-01,5.433871e-01,6.010853e-01
0.0125333,2.515000e+01,-5.054880e+00,8.839430e-01,2.325525e-01,5.431139e-01,6.023857e-01
0.0125667,2.515000e+01,-5.055248e+00,8.840072e-01,2.324621e-01,5.437257e-01,6.015180e-01
0.0126,2.515000e+01,-5.055612e+00,8.840715e-01,2.321368e-01,5.434129e-01,6.010652e-01
0.0126333,2.515000e+01,-5.055953e+00,8.841313e-01,2.314896e-01,5.433492e-01,5.994997e-01
0.0126667,2.515000e+01,-5.056302e+00,8.841920e-01,2.313477e-01,5.429485e-01,5.996160e-01
0.0127,2.515000e+01,-5.056708e+00,8.842632e-01,2.320909e-01,5.420735e-01,6.025620e-01
0.0127333,2.515000e+01,-5.057150e+00,8.843406e-01,2.327261e-01,5.418339e-01,6.045306e-01
0.0127667,2.515000e+01,-5.057556e+00,8.844110e-01,2.320914e-01,5.425447e-01,6.021407e-01
0.0128,2.515000e+01,-5.057878e+00,8.844673e-01,2.305875e-01,5.437057e-01,5.969995e-01
0.0128333,2.515000e+01,-5.058209e+00,8.845253e-01,2.304885e-01,5.433076e-01,5.972197e-01
0.0128667,2.515000e+01,-5.058583e+00,8.845904e-01,2.309970e-01,5.426842e-01,5.992685e-01
0.0129,2.515000e+01,-5.058997e+00,8.846634e-01,2.315331e-01,5.421151e-01,6.013395e-01
0.0129333,2.515000e+01,-5.059410e+00,8.847356e-01,2.314318e-01,5.419998e-01,6.012530e-01
0.0129667,2.515000e+01,-5.059797e+00,8.848033e-01,2.308742e-01,5.422256e-01,5.996009e-01
0.013,2.515000e+01,-5.060194e+00,8.848728e-01,2.309787e-01,5.425510e-01,5.995594e-01
0.0130323,2.515000e+01,-5.060575e+00,8.849396e-01,2.307853e-01,5.433855e-01,5.981824e-01
0.0130645,2.515000e+01,-5.060997e+00,8.850126e-01,2.310648e-01,5.420071e-01,6.004799e-01
0.0130968,2.515000e+01,-5.061415e+00,8.850865e-01,2.307337e-01,5.414422e-01,6.002948e-01
0.013129,2.515000e+01,-5.061816e+00,8.851560e-01,2.304307e-01,5.417028e-01,5.992656e-01
0.0131613,2.515000e+01,-5.062186e+00,8.852211e-01,2.299399e-01,5.424547e-01,5.972040e-01
0.0131935,2.515000e+01,-5.062554e+00,8.852853e-01,2.298961e-01,5.424384e-01,5.971516e-01
0.0132258,2.515000e+01,-5.062957e+00,8.853557e-01,2.304339e-01,5.421588e-01,5.989045e-01
0.0132581,2.515000e+01,-5.063373e+00,8.854287e-01,2.305599e-01,5.419408e-01,5.995227e-01
0.0132903,2.515000e+01,-5.063826e+00,8.855078e-01,2.311541e-01,5.413264e-01,6.018038e-01
0.0133226,2.515000e+01,-5.064270e+00,8.855852e-01,2.307315e-01,5.411384e-01,6.009650e-01
0.0133548,2.515000e+01,-5.064697e+00,8.856600e-01,2.302332e-01,5.412363e-01,5.996089e-01
0.0133871,2.515000e+01,-5.065080e+00,8.857269e-01,2.295063e-01,5.422325e-01,5.966630e-01
0.0134194,2.515000e+01,-5.065476e+00,8.857963e-01,2.295902e-01,5.418845e-01,5.973112e-01
0.0134516,2.515000e+01,-5.065871e+00,8.858649e-01,2.294056e-01,5.414791e-01,5.973245e-01
0.0134839,2.515000e+01,-5.066268e+00,8.859344e-01,2.292000e-01,5.410047e-01,5.973590e-01
0.0135161,2.515000e+01,-5.066651e+00,8.860013e-01,2.290231e-01,5.415391e-01,5.963539e-01
0.0135484,2.515000e+01,-5.067070e+00,8.860752e-01,2.297091e-01,5.414106e-01,5.983317e-01
0.0135806,2.515000e+01,-5.067510e+00,8.861517e-01,2.298081e-01,5.407293e-01,5.993957e-01
0.0136129,2.515000e+01,-5.067913e+00,8.862221e-01,2.288182e-01,5.406677e-01,5.969294e-01
0.0136452,2.515000e+01,-5.068301e+00,8.862907e-01,2.287032e-01,5.410278e-01,5.962782e-01
0.0136774,2.515000e+01,-5.068740e+00,8.863672e-01,2.296162e-01,5.405956e-01,5.991890e-01
0.0137097,2.515000e+01,-5.069201e+00,8.864472e-01,2.299509e-01,5.403981e-01,6.003361e-01
0.0137419,2.515000e+01,-5.069624e+00,8.865220e-01,2.291581e-01,5.409689e-01,5.976855e-01
0.0137742,2.515000e+01,-5.070010e+00,8.865889e-01,2.281646e-01,5.407203e-01,5.954124e-01
0.0138065,2.515000e+01,-5.070420e+00,8.866610e-01,2.285268e-01,5.402628e-01,5.969113e-01
0.0138387,2.515000e+01,-5.070842e+00,8.867349e-01,2.284673e-01,5.396447e-01,5.974890e-01
0.013871,2.515000e+01,-5.071260e+00,8.868079e-01,2.285351e-01,5.400606e-01,5.972551e-01
0.0139032,2.515000e+01,-5.071702e+00,8.868853e-01,2.291569e-01,5.402191e-01,5.987569e-01
0.0139355,2.515000e+01,-5.072161e+00,8.869653e-01,2.293212e-01,5.398005e-01,5.997049e-01
0.0139677,2.515000e+01,-5.072564e+00,8.870357e-01,2.279500e-01,5.397379e-01,5.962358e-01
0.014,2.515000e+01,-5.072926e+00,8.870990e-01,2.269121e-01,5.396220e-01,5.936908e-01
0.0140323,2.515000e+01,-5.073300e+00,8.871641e-01,2.270999e-01,5.393114e-01,5.945681e-01
0.0140645,2.515000e+01,-5.073722e+00,8.872380e-01,2.282433e-01,5.394135e-01,5.974984e-01
0.0140968,2.515000e+01,-5.074150e+00,8.873128e-01,2.282063e-01,5.389428e-01,5.979734e-01
0.014129,2.515000e+01,-5.074519e+00,8.873778e-01,2.271839e-01,5.396747e-01,5.945303e-01
0.0141613,2.515000e+01,-5.074890e+00,8.874421e-01,2.270969e-01,5.392624e-01,5.948007e-01
0.0141935,2.515000e+01,-5.075284e+00,8.875115e-01,2.273718e-01,5.385943e-01,5.963056e-01
0.0142258,2.515000e+01,-5.075704e+00,8.875846e-01,2.278989e-01,5.384564e-01,5.978904e-01
0.0142581,2.515000e+01,-5.076131e+00,8.876593e-01,2.280442e-01,5.384506e-01,5.983288e-01
0.0142903,2.515000e+01,-5.076540e+00,8.877306e-01,2.275866e-01,5.382784e-01,5.973671e-01
0.0143226,2.515000e+01,-5.076916e+00,8.877965e-01,2.271055e-01,5.387433e-01,5.956338e-01
0.0143548,2.515000e+01,-5.077235e+00,8.878528e-01,2.256857e-01,5.384358e-01,5.922857e-01
0.0143871,2.515000e+01,-5.077572e+00,8.879118e-01,2.260337e-01,5.381246e-01,5.935814e-01
0.0144194,2.515000e+01,-5.077957e+00,8.879786e-01,2.270022e-01,5.376876e-01,5.966543e-01
0.0144516,2.515000e+01,-5.078349e+00,8.880472e-01,2.271664e-01,5.374576e-01,5.973878e-01
0.0144839,2.515000e+01,-5.078720e+00,8.881123e-01,2.269329e-01,5.378261e-01,5.964078e-01
0.0145161,2.515000e+01,-5.079055e+00,8.881704e-01,2.261455e-01,5.378751e-01,5.943236e-01
0.0145484,2.515000e+01,-5.079404e+00,8.882319e-01,2.264297e-01,5.374012e-01,5.956362e-01
0.0145806,2.515000e+01,-5.079757e+00,8.882935e-01,2.263366e-01,5.369916e-01,5.958872e-01
0.0146129,2.515000e+01,-5.080134e+00,8.883595e-01,2.267027e-01,5.364630e-01,5.974837e-01
0.0146452,2.515000e+01,-5.080473e+00,8.884184e-01,2.258989e-01,5.367905e-01,5.950411e-01
0.0146774,2.515000e+01,-5.080771e+00,8.884712e-01,2.249713e-01,5.367705e-01,5.926549e-01
0.0147097,2.515000e+01,-5.081019e+00,8.885143e-01,2.240920e-01,5.370311e-01,5.900807e-01
0.0147419,2.515000e+01,-5.081330e+00,8.885688e-01,2.253685e-01,5.368152e-01,5.937170e-01
0.0147742,2.515000e+01,-5.081679e+00,8.886295e-01,2.261160e-01,5.363803e-01,5.962102e-01
0.0148065,2.515000e+01,-5.082033e+00,8.886920e-01,2.261222e-01,5.360291e-01,5.966590e-01
0.0148387,2.515000e+01,-5.082374e+00,8.887509e-01,2.257898e-01,5.358733e-01,5.959949e-01
0.014871,2.515000e+01,-5.082680e+00,8.888045e-01,2.250973e-01,5.360481e-01,5.940088e-01
0.0149032,2.515000e+01,-5.083000e+00,8.888608e-01,2.252645e-01,5.357095e-01,5.948631e-01
0.0149355,2.515000e+01,-5.083293e+00,8.889119e-01,2.247317e-01,5.359849e-01,5.931854e-01
0.0149677,2.515000e+01,-5.083602e+00,8.889655e-01,2.249106e-01,5.350962e-01,5.946800e-01
0.015,2.515000e+01,-5.083927e+00,8.890227e-01,2.253578e-01,5.353436e-01,5.956251e-01
0.0150323,2.515000e+01,-5.084198e+00,8.890702e-01,2.238787e-01,5.349150e-01,5.922215e-01
0.0150645,2.515000e+01,-5.084457e+00,8.891150e-01,2.236429e-01,5.348845e-01,5.916617e-01
0.0150968,2.515000e+01,-5.084750e+00,8.891669e-01,2.244421e-01,5.349293e-01,5.937606e-01
0.015129,2.515000e+01,-5.085075e+00,8.892232e-01,2.252859e-01,5.351793e-01,5.957525e-01
0.0151613,2.515000e+01,-5.085393e+00,8.892786e-01,2.250172e-01,5.350367e-01,5.952378e-01
0.0151935,2.515000e+01,-5.085683e+00,8.893297e-01,2.242081e-01,5.345523e-01,5.936687e-01
0.0152258,2.515000e+01,-5.085952e+00,8.893772e-01,2.235771e-01,5.340289e-01,5.926092e-01
0.0152581,2.515000e+01,-5.086228e+00,8.894255e-01,2.236180e-01,5.337920e-01,5.930131e-01
0.0152903,2.515000e+01,-5.086507e+00,8.894739e-01,2.237626e-01,5.338420e-01,5.933731e-01
0.0153226,2.515000e+01,-5.086789e+00,8.895232e-01,2.240101e-01,5.342264e-01,5.936355e-01
0.0153548,2.515000e+01,-5.087076e+00,8.895733e-01,2.240483e-01,5.340547e-01,5.939610e-01
0.0153871,2.515000e+01,-5.087354e+00,8.896217e-01,2.236306e-01,5.334297e-01,5.935804e-01
0.0154194,2.515000e+01,-5.087611e+00,8.896665e-01,2.229808e-01,5.331381e-01,5.922094e-01
0.0154516,2.515000e+01,-5.087898e+00,8.897167e-01,2.237392e-01,5.332976e-01,5.940796e-01
0.0154839,2.515000e+01,-5.088205e+00,8.897712e-01,2.242744e-01,5.335219e-01,5.952858e-01
0.0155161,2.515000e+01,-5.088498e+00,8.898222e-01,2.240090e-01,5.337604e-01,5.943500e-01
0.0155484,2.515000e+01,-5.088737e+00,8.898636e-01,2.223776e-01,5.329048e-01,5.909966e-01
0.0155806,2.515000e+01,-5.088976e+00,8.899058e-01,2.221898e-01,5.323946e-01,5.910915e-01
0.0156129,2.515000e+01,-5.089215e+00,8.899471e-01,2.221229e-01,5.320482e-01,5.913258e-01
0.0156452,2.515000e+01,-5.089469e+00,8.899920e-01,2.225744e-01,5.322609e-01,5.923207e-01
0.0156774,2.515000e+01,-5.089744e+00,8.900395e-01,2.232277e-01,5.328659e-01,5.934171e-01
0.0157097,2.515000e+01,-5.090046e+00,8.900923e-01,2.240364e-01,5.329938e-01,5.954589e-01
0.0157419,2.515000e+01,-5.090317e+00,8.901398e-01,2.231514e-01,5.324399e-01,5.937551e-01
0.0157742,2.515000e+01,-5.090560e+00,8.901829e-01,2.221453e-01,5.315943e-01,5.920470e-01
0.0158065,2.515000e+01,-5.090812e+00,8.902268e-01,2.225418e-01,5.318697e-01,5.928255e-01
0.0158387,2.515000e+01,-5.091089e+00,8.902752e-01,2.231390e-01,5.319392e-01,5.943718e-01
0.015871,2.515000e+01,-5.091378e+00,8.903254e-01,2.234155e-01,5.319381e-01,5.951429e-01
0.0159032,2.515000e+01,-5.091594e+00,8.903632e-01,2.215831e-01,5.316286e-01,5.906303e-01
0.0159355,2.515000e+01,-5.091817e+00,8.904028e-01,2.215506e-01,5.310257e-01,5.912403e-01
0.0159677,2.515000e+01,-5.092043e+00,8.904423e-01,2.216926e-01,5.310984e-01,5.915645e-01
0.016,2.515000e+01,-5.092287e+00,8.904846e-01,2.220745e-01,5.309809e-01,5.927427e-01
0.0160313,2.515000e+01,-5.092536e+00,8.905285e-01,2.223222e-01,5.315517e-01,5.927960e-01
0.0160625,2.515000e+01,-5.092792e+00,8.905725e-01,2.223368e-01,5.313105e-01,5.931340e-01
0.0160938,2.515000e+01,-5.093051e+00,8.906183e-01,2.222978e-01,5.309983e-01,5.934087e-01
0.016125,2.515000e+01,-5.093259e+00,8.906543e-01,2.210065e-01,5.306298e-01,5.903954e-01
0.0161563,2.515000e+01,-5.093462e+00,8.906904e-01,2.207169e-01,5.303007e-01,5.900113e-01
0.0161875,2.515000e+01,-5.093687e+00,8.907300e-01,2.212522e-01,5.303170e-01,5.914500e-01
0.0162188,2.515000e+01,-5.093939e+00,8.907731e-01,2.218975e-01,5.304950e-01,5.930050e-01
0.01625,2.515000e+01,-5.094173e+00,8.908144e-01,2.212728e-01,5.298737e-01,5.920565e-01
0.0162813,2.515000e+01,-5.094401e+00,8.908540e-01,2.210024e-01,5.294735e-01,5.918067e-01
0.0163125,2.515000e+01,-5.094631e+00,8.908945e-01,2.212366e-01,5.298521e-01,5.920368e-01
0.0163438,2.515000e+01,-5.094882e+00,8.909384e-01,2.219092e-01,5.303660e-01,5.932909e-01
0.016375,2.515000e+01,-5.095141e+00,8.909833e-01,2.219529e-01,5.301211e-01,5.937114e-01
0.0164063,2.515000e+01,-5.095381e+00,8.910255e-01,2.213502e-01,5.296452e-01,5.926593e-01
0.0164375,2.515000e+01,-5.095621e+00,8.910677e-01,2.210621e-01,5.290265e-01,5.926080e-01
0.0164688,2.515000e+01,-5.095858e+00,8.911091e-01,2.209829e-01,5.291603e-01,5.922735e-01
0.0165,2.515000e+01,-5.096067e+00,8.911460e-01,2.199354e-01,5.284031e-01,5.903348e-01
0.0165313,2.515000e+01,-5.096300e+00,8.911865e-01,2.202530e-01,5.279261e-01,5.917487e-01
0.0165625,2.515000e+01,-5.096518e+00,8.912243e-01,2.200174e-01,5.282178e-01,5.908150e-01
0.0165938,2.515000e+01,-5.096747e+00,8.912648e-01,2.203581e-01,5.284474e-01,5.914992e-01
0.016625,2.515000e+01,-5.096979e+00,8.913052e-01,2.204661e-01,5.284668e-01,5.917940e-01
0.0166563,2.515000e+01,-5.097218e+00,8.913466e-01,2.205588e-01,5.283494e-01,5.922025e-01
0.0166875,2.515000e+01,-5.097471e+00,8.913914e-01,2.207950e-01,5.281346e-01,5.931072e-01
0.0167188,2.515000e+01,-5.097709e+00,8.914328e-01,2.201953e-01,5.278192e-01,5.918772e-01
0.01675,2.515000e+01,-5.097940e+00,8.914732e-01,2.196212e-01,5.269884e-01,5.912917e-01
0.0167813,2.515000e+01,-5.098158e+00,8.915111e-01,2.193729e-01,5.270948e-01,5.905288e-01
0.0168125,2.515000e+01,-5.098372e+00,8.915489e-01,2.193925e-01,5.272817e-01,5.903972e-01
0.0168438,2.515000e+01,-5.098592e+00,8.915876e-01,2.196945e-01,5.276997e-01,5.907672e-01
0.016875,2.515000e+01,-5.098832e+00,8.916289e-01,2.199898e-01,5.274649e-01,5.918525e-01
0.0169063,2.515000e+01,-5.099087e+00,8.916738e-01,2.200892e-01,5.270542e-01,5.926110e-01
0.0169375,2.515000e+01,-5.099328e+00,8.917160e-01,2.195739e-01,5.265351e-01,5.918341e-01
0.0169688,2.515000e+01,-5.099569e+00,8.917582e-01,2.195273e-01,5.264471e-01,5.918354e-01
0.017,2.515000e+01,-5.099811e+00,8.918004e-01,2.195762e-01,5.265361e-01,5.918955e-01
0.0170313,2.515000e+01,-5.100077e+00,8.918471e-01,2.203225e-01,5.269989e-01,5.934161e-01
0.0170625,2.515000e+01,-5.100340e+00,8.918928e-01,2.199166e-01,5.265151e-01,5.928982e-01
0.0170938,2.515000e+01,-5.100571e+00,8.919333e-01,2.185730e-01,5.250344e-01,5.909641e-01
0.017125,2.515000e+01,-5.100797e+00,8.919728e-01,2.181035e-01,5.243397e-01,5.905023e-01
0.0171563,2.515000e+01,-5.101013e+00,8.920107e-01,2.180505e-01,5.247893e-01,5.898779e-01
0.0171875,2.515000e+01,-5.101250e+00,8.920520e-01,2.188443e-01,5.255001e-01,5.912522e-01
0.0172188,2.515000e+01,-5.101489e+00,8.920942e-01,2.189763e-01,5.257874e-01,5.913132e-01
0.01725,2.515000e+01,-5.101740e+00,8.921382e-01,2.190308e-01,5.252328e-01,5.921141e-01
0.0172813,2.515000e+01,-5.101987e+00,8.921813e-01,2.189622e-01,5.250446e-01,5.921694e-01
0.0173125,2.515000e+01,-5.102223e+00,8.922226e-01,2.182855e-01,5.241970e-01,5.913214e-01
0.0173438,2.515000e+01,-5.102466e+00,8.922649e-01,2.183134e-01,5.239857e-01,5.916635e-01
0.017375,2.515000e+01,-5.102703e+00,8.923062e-01,2.182807e-01,5.244022e-01,5.911324e-01
0.0174063,2.515000e+01,-5.102947e+00,8.923484e-01,2.184580e-01,5.244076e-01,5.916348e-01
0.0174375,2.515000e+01,-5.103180e+00,8.923898e-01,2.181049e-01,5.240246e-01,5.911372e-01
0.0174688,2.515000e+01,-5.103392e+00,8.924267e-01,2.172745e-01,5.232195e-01,5.898174e-01
0.0175,2.515000e+01,-5.103592e+00,8.924619e-01,2.169634e-01,5.231337e-01,5.890924e-01
0.0175313,2.515000e+01,-5.103805e+00,8.924988e-01,2.175509e-01,5.237105e-01,5.900616e-01
0.0175625,2.515000e+01,-5.104047e+00,8.925411e-01,2.184133e-01,5.242196e-01,5.918533e-01
0.0175938,2.515000e+01,-5.104294e+00,8.925842e-01,2.183430e-01,5.236627e-01,5.923208e-01
0.017625,2.515000e+01,-5.104532e+00,8.926255e-01,2.181017e-01,5.234836e-01,5.918963e-01
0.0176563,2.515000e+01,-5.104773e+00,8.926677e-01,2.180359e-01,5.231141e-01,5.921635e-01
0.0176875,2.515000e+01,-5.105009e+00,8.927091e-01,2.175554e-01,5.223500e-01,5.917503e-01
0.0177188,2.515000e+01,-5.105250e+00,8.927513e-01,2.174685e-01,5.217902e-01,5.921764e-01
0.01775,2.515000e+01,-5.105473e+00,8.927909e-01,2.171511e-01,5.219762e-01,5.911273e-01
0.0177813,2.515000e+01,-5.105685e+00,8.928278e-01,2.171517e-01,5.221624e-01,5.909428e-01
0.0178125,2.515000e+01,-5.105891e+00,8.928639e-01,2.172489e-01,5.225745e-01,5.907649e-01
0.0178438,2.515000e+01,-5.106102e+00,8.929008e-01,2.174859e-01,5.227175e-01,5.912719e-01
0.017875,2.515000e+01,-5.106303e+00,8.929360e-01,2.174410e-01,5.230642e-01,5.907814e-01
0.0179063,2.515000e+01,-5.106525e+00,8.929747e-01,2.175102e-01,5.220576e-01,5.921345e-01
0.0179375,2.515000e+01,-5.106747e+00,8.930134e-01,2.173984e-01,5.214183e-01,5.925816e-01
0.0179688,2.515000e+01,-5.106953e+00,8.930495e-01,2.172024e-01,5.215767e-01,5.918914e-01
0.018,2.515000e+01,-5.107134e+00,8.930811e-01,2.167379e-01,5.217170e-01,5.904876e-01
0.0180323,2.515000e+01,-5.107304e+00,8.931110e-01,2.166380e-01,5.214321e-01,5.905576e-01
0.0180645,2.515000e+01,-5.107473e+00,8.931401e-01,2.166690e-01,5.215567e-01,5.905208e-01
0.0180968,2.515000e+01,-5.107649e+00,8.931708e-01,2.167359e-01,5.212405e-01,5.910816e-01
0.018129,2.515000e+01,-5.107817e+00,8.932007e-01,2.168627e-01,5.215049e-01,5.911469e-01
0.0181613,2.515000e+01,-5.107984e+00,8.932298e-01,2.170069e-01,5.218241e-01,5.911976e-01
0.0181935,2.515000e+01,-5.108148e+00,8.932579e-01,2.171868e-01,5.220694e-01,5.914286e-01
0.0182258,2.515000e+01,-5.108313e+00,8.932869e-01,2.173524e-01,5.222882e-01,5.916507e-01
0.0182581,2.515000e+01,-5.108492e+00,8.933186e-01,2.172127e-01,5.209723e-01,5.927846e-01
0.0182903,2.515000e+01,-5.108665e+00,8.933485e-01,2.167569e-01,5.200171e-01,5.926474e-01
0.0183226,2.515000e+01,-5.108837e+00,8.933784e-01,2.168636e-01,5.199614e-01,5.930228e-01
0.0183548,2.515000e+01,-5.108971e+00,8.934022e-01,2.165866e-01,5.210594e-01,5.910326e-01
0.0183871,2.515000e+01,-5.109090e+00,8.934233e-01,2.166034e-01,5.216089e-01,5.904696e-01
0.0184194,2.515000e+01,-5.109206e+00,8.934435e-01,2.166546e-01,5.217133e-01,5.905044e-01
0.0184516,2.515000e+01,-5.109337e+00,8.934664e-01,2.170222e-01,5.213363e-01,5.919492e-01
0.0184839,2.515000e+01,-5.109458e+00,8.934875e-01,2.169082e-01,5.213338e-01,5.916552e-01
0.0185161,2.515000e+01,-5.109583e+00,8.935095e-01,2.168079e-01,5.207899e-01,5.920135e-01
0.0185484,2.515000e+01,-5.109703e+00,8.935297e-01,2.170722e-01,5.215187e-01,5.919208e-01
0.0185806,2.515000e+01,-5.109826e+00,8.935517e-01,2.172509e-01,5.211524e-01,5.928387e-01
0.0186129,2.515000e+01,-5.109937e+00,8.935711e-01,2.169124e-01,5.206593e-01,5.924885e-01
0.0186452,2.515000e+01,-5.110041e+00,8.935895e-01,2.164906e-01,5.200842e-01,5.920024e-01
0.0186774,2.515000e+01,-5.110143e+00,8.936071e-01,2.166412e-01,5.204334e-01,5.920283e-01
0.0187097,2.515000e+01,-5.110214e+00,8.936194e-01,2.166374e-01,5.218071e-01,5.904677e-01
0.0187419,2.515000e+01,-5.110257e+00,8.936274e-01,2.161622e-01,5.218653e-01,5.891119e-01
0.0187742,2.515000e+01,-5.110311e+00,8.936361e-01,2.164814e-01,5.217193e-01,5.901533e-01
0.0188065,2.515000e+01,-5.110386e+00,8.936493e-01,2.169434e-01,5.215506e-01,5.916125e-01
0.0188387,2.515000e+01,-5.110475e+00,8.936652e-01,2.174924e-01,5.217724e-01,5.928679e-01
0.018871,2.515000e+01,-5.110565e+00,8.936810e-01,2.172534e-01,5.211057e-01,5.929847e-01
0.0189032,2.515000e+01,-5.110647e+00,8.936951e-01,2.171313e-01,5.211138e-01,5.926516e-01
0.0189355,2.515000e+01,-5.110728e+00,8.937092e-01,2.172443e-01,5.212454e-01,5.928196e-01
0.0189677,2.515000e+01,-5.110785e+00,8.937197e-01,2.167282e-01,5.211255e-01,5.915541e-01
0.019,2.515000e+01,-5.110848e+00,8.937303e-01,2.168829e-01,5.211113e-01,5.919997e-01
0.0190323,2.515000e+01,-5.110885e+00,8.937373e-01,2.167731e-01,5.219591e-01,5.907434e-01
0.0190645,2.515000e+01,-5.110919e+00,8.937426e-01,2.170419e-01,5.224293e-01,5.909473e-01
0.0190968,2.515000e+01,-5.110962e+00,8.937505e-01,2.172550e-01,5.219957e-01,5.920239e-01
0.019129,2.515000e+01,-5.111025e+00,8.937610e-01,2.176435e-01,5.216671e-01,5.934634e-01
0.0191613,2.515000e+01,-5.111068e+00,8.937690e-01,2.175071e-01,5.224217e-01,5.922399e-01
0.0191935,2.515000e+01,-5.111083e+00,8.937716e-01,2.171168e-01,5.227673e-01,5.907880e-01
0.0192258,2.515000e+01,-5.111128e+00,8.937795e-01,2.171264e-01,5.208370e-01,5.930090e-01
0.0192581,2.515000e+01,-5.111172e+00,8.937874e-01,2.172821e-01,5.210378e-01,5.932106e-01
0.0192903,2.515000e+01,-5.111220e+00,8.937954e-01,2.177795e-01,5.219233e-01,5.935654e-01
0.0193226,2.515000e+01,-5.111238e+00,8.937989e-01,2.172389e-01,5.222048e-01,5.917748e-01
0.0193548,2.515000e+01,-5.111246e+00,8.937998e-01,2.168742e-01,5.218700e-01,5.911613e-01
0.0193871,2.515000e+01,-5.111232e+00,8.937971e-01,2.165258e-01,5.222441e-01,5.897874e-01
0.0194194,2.515000e+01,-5.111203e+00,8.937927e-01,2.167355e-01,5.232624e-01,5.892063e-01
0.0194516,2.515000e+01,-5.111218e+00,8.937954e-01,2.175334e-01,5.222849e-01,5.924840e-01
0.0194839,2.515000e+01,-5.111264e+00,8.938033e-01,2.182224e-01,5.220009e-01,5.946892e-01
0.0195161,2.515000e+01,-5.111308e+00,8.938112e-01,2.183558e-01,5.224521e-01,5.945440e-01
0.0195484,2.515000e+01,-5.111268e+00,8.938041e-01,2.165017e-01,5.227863e-01,5.891141e-01
0.0195806,2.515000e+01,-5.111234e+00,8.937980e-01,2.162141e-01,5.216714e-01,5.895849e-01
0.0196129,2.515000e+01,-5.111223e+00,8.937962e-01,2.167558e-01,5.216062e-01,5.911349e-01
0.0196452,2.515000e+01,-5.111254e+00,8.938015e-01,2.179753e-01,5.220271e-01,5.939848e-01
0.0196774,2.515000e+01,-5.111263e+00,8.938033e-01,2.180304e-01,5.232229e-01,5.927782e-01
0.0197097,2.515000e+01,-5.111258e+00,8.938024e-01,2.179629e-01,5.238049e-01,5.919357e-01
0.0197419,2.515000e+01,-5.111239e+00,8.937989e-01,2.176899e-01,5.238004e-01,5.911974e-01
0.0197742,2.515000e+01,-5.111211e+00,8.937936e-01,2.174965e-01,5.238612e-01,5.906001e-01
0.0198065,2.515000e+01,-5.111235e+00,8.937980e-01,2.177833e-01,5.215681e-01,5.939819e-01
0.0198387,2.515000e+01,-5.111302e+00,8.938094e-01,2.186851e-01,5.212373e-01,5.968278e-01
0.019871,2.515000e+01,-5.111365e+00,8.938209e-01,2.190117e-01,5.222561e-01,5.965605e-01
0.0199032,2.515000e+01,-5.111344e+00,8.938173e-01,2.175484e-01,5.239003e-01,5.907125e-01
0.0199355,2.515000e+01,-5.111271e+00,8.938041e-01,2.159865e-01,5.233691e-01,5.870581e-01
0.0199677,2.515000e+01,-5.111217e+00,8.937954e-01,2.162919e-01,5.230106e-01,5.882849e-01
0.02,2.515000e+01,-5.111236e+00,8.937980e-01,2.181528e-01,5.232242e-01,5.931063e-01
0.0200323,2.515000e+01,-5.111269e+00,8.938041e-01,2.186388e-01,5.239068e-01,5.936570e-01
0.0200645,2.515000e+01,-5.111282e+00,8.938059e-01,2.182178e-01,5.238559e-01,5.925731e-01
0.0200968,2.515000e+01,-5.111266e+00,8.938033e-01,2.176647e-01,5.241511e-01,5.907364e-01
0.020129,2.515000e+01,-5.111253e+00,8.938015e-01,2.176316e-01,5.240872e-01,5.907171e-01
0.0201613,2.515000e+01,-5.111273e+00,8.938050e-01,2.179030e-01,5.230109e-01,5.926730e-01
0.0201935,2.515000e+01,-5.111328e+00,8.938147e-01,2.185970e-01,5.226833e-01,5.949397e-01
0.0202258,2.515000e+01,-5.111374e+00,8.938226e-01,2.185759e-01,5.231286e-01,5.943815e-01
0.0202581,2.515000e+01,-5.111390e+00,8.938253e-01,2.184656e-01,5.245789e-01,5.924409e-01
0.0202903,2.515000e+01,-5.111360e+00,8.938200e-01,2.174682e-01,5.248228e-01,5.894587e-01
0.0203226,2.515000e+01,-5.111345e+00,8.938173e-01,2.177463e-01,5.249849e-01,5.900286e-01
0.0203548,2.515000e+01,-5.111342e+00,8.938165e-01,2.182154e-01,5.254486e-01,5.907774e-01
0.0203871,2.515000e+01,-5.111380e+00,8.938235e-01,2.189091e-01,5.246106e-01,5.936065e-01
0.0204194,2.515000e+01,-5.111443e+00,8.938341e-01,2.191180e-01,5.232750e-01,5.956969e-01
0.0204516,2.515000e+01,-5.111486e+00,8.938420e-01,2.187072e-01,5.231697e-01,5.947046e-01
0.0204839,2.515000e+01,-5.111474e+00,8.938402e-01,2.182422e-01,5.250027e-01,5.913671e-01
0.0205161,2.515000e+01,-5.111464e+00,8.938385e-01,2.185633e-01,5.252791e-01,5.919243e-01
0.0205484,2.515000e+01,-5.111467e+00,8.938385e-01,2.187506e-01,5.248562e-01,5.929092e-01
0.0205806,2.515000e+01,-5.111458e+00,8.938367e-01,2.184331e-01,5.245208e-01,5.924264e-01
0.0206129,2.515000e+01,-5.111429e+00,8.938323e-01,2.183839e-01,5.254267e-01,5.912681e-01
0.0206452,2.515000e+01,-5.111404e+00,8.938279e-01,2.185062e-01,5.253045e-01,5.917339e-01
0.0206774,2.515000e+01,-5.111398e+00,8.938261e-01,2.189265e-01,5.252532e-01,5.929293e-01
0.0207097,2.515000e+01,-5.111384e+00,8.938244e-01,2.190254e-01,5.258550e-01,5.925169e-01
0.0207419,2.515000e+01,-5.111362e+00,8.938200e-01,2.187989e-01,5.256783e-01,5.921004e-01
0.0207742,2.515000e+01,-5.111345e+00,8.938173e-01,2.187944e-01,5.249959e-01,5.928561e-01
0.0208065,2.515000e+01,-5.111319e+00,8.938129e-01,2.185608e-01,5.247608e-01,5.924851e-01
0.0208387,2.515000e+01,-5.111296e+00,8.938085e-01,2.189835e-01,5.253035e-01,5.930153e-01
0.020871,2.515000e+01,-5.111252e+00,8.938006e-01,2.188524e-01,5.260594e-01,5.918036e-01
0.0209032,2.515000e+01,-5.111207e+00,8.937936e-01,2.190203e-01,5.262164e-01,5.920757e-01
0.0209355,2.515000e+01,-5.111140e+00,8.937813e-01,2.187388e-01,5.263784e-01,5.911248e-01
0.0209677,2.515000e+01,-5.111068e+00,8.937690e-01,2.189049e-01,5.263398e-01,5.916090e-01
0.021,2.515000e+01,-5.111028e+00,8.937619e-01,2.194862e-01,5.255858e-01,5.940260e-01
0.0210323,2.515000e+01,-5.110997e+00,8.937567e-01,2.200366e-01,5.259615e-01,5.950866e-01
0.0210645,2.515000e+01,-5.110952e+00,8.937487e-01,2.200724e-01,5.264974e-01,5.945724e-01
0.0210968,2.515000e+01,-5.110866e+00,8.937338e-01,2.191783e-01,5.266072e-01,5.920234e-01
0.021129,2.515000e+01,-5.110759e+00,8.937153e-01,2.186735e-01,5.259890e-01,5.913420e-01
0.0211613,2.515000e+01,-5.110661e+00,8.936977e-01,2.190041e-01,5.259404e-01,5.922792e-01
0.0211935,2.515000e+01,-5.110574e+00,8.936828e-01,2.197344e-01,5.266557e-01,5.934371e-01
0.0212258,2.515000e+01,-5.110475e+00,8.936652e-01,2.198933e-01,5.272348e-01,5.932023e-01
0.0212581,2.515000e+01,-5.110357e+00,8.936441e-01,2.196177e-01,5.270368e-01,5.926679e-01
0.0212903,2.515000e+01,-5.110224e+00,8.936212e-01,2.194688e-01,5.269468e-01,5.923515e-01
0.0213226,2.515000e+01,-5.110082e+00,8.935966e-01,2.195344e-01,5.273554e-01,5.920533e-01
0.0213548,2.515000e+01,-5.109945e+00,8.935728e-01,2.197566e-01,5.270995e-01,5.929245e-01
0.0213871,2.515000e+01,-5.109805e+00,8.935482e-01,2.199239e-01,5.273622e-01,5.930637e-01
0.0214194,2.515000e+01,-5.109650e+00,8.935209e-01,2.197060e-01,5.273012e-01,5.925270e-01
0.0214516,2.515000e+01,-5.109485e+00,8.934919e-01,2.194512e-01,5.270379e-01,5.921162e-01
0.0214839,2.515000e+01,-5.109315e+00,8.934620e-01,2.191657e-01,5.265435e-01,5.918816e-01
0.0215161,2.515000e+01,-5.109151e+00,8.934338e-01,2.194809e-01,5.268773e-01,5.923383e-01
0.0215484,2.515000e+01,-5.108985e+00,8.934048e-01,2.197980e-01,5.276787e-01,5.922739e-01
0.0215806,2.515000e+01,-5.108805e+00,8.933731e-01,2.199219e-01,5.281757e-01,5.920295e-01
0.0216129,2.515000e+01,-5.108613e+00,8.933397e-01,2.196723e-01,5.279019e-01,5.916418e-01
0.0216452,2.515000e+01,-5.108423e+00,8.933063e-01,2.195564e-01,5.276913e-01,5.915437e-01
0.0216774,2.515000e+01,-5.108257e+00,8.932773e-01,2.200122e-01,5.272769e-01,5.932184e-01
0.0217097,2.515000e+01,-5.108110e+00,8.932518e-01,2.203442e-01,5.270595e-01,5.943410e-01
0.0217419,2.515000e+01,-5.107963e+00,8.932263e-01,2.204781e-01,5.272685e-01,5.944497e-01
0.0217742,2.515000e+01,-5.107791e+00,8.931955e-01,2.201195e-01,5.278019e-01,5.928632e-01
0.0218065,2.515000e+01,-5.107605e+00,8.931629e-01,2.198210e-01,5.278514e-01,5.919820e-01
0.0218387,2.515000e+01,-5.107423e+00,8.931313e-01,2.199494e-01,5.279430e-01,5.922042e-01
0.021871,2.515000e+01,-5.107245e+00,8.931005e-01,2.198775e-01,5.277034e-01,5.922581e-01
0.0219032,2.515000e+01,-5.107061e+00,8.930679e-01,2.199573e-01,5.283463e-01,5.917312e-01
0.0219355,2.515000e+01,-5.106878e+00,8.930363e-01,2.198927e-01,5.282141e-01,5.916843e-01
0.0219677,2.515000e+01,-5.106689e+00,8.930028e-01,2.197439e-01,5.283547e-01,5.911047e-01
0.022,2.515000e+01,-5.106513e+00,8.929721e-01,2.198906e-01,5.280525e-01,5.918173e-01
0.0220323,2.515000e+01,-5.106353e+00,8.929448e-01,2.198669e-01,5.273875e-01,5.924813e-01
0.0220645,2.515000e+01,-5.106196e+00,8.929166e-01,2.198614e-01,5.273533e-01,5.924868e-01
0.0220968,2.515000e+01,-5.106029e+00,8.928876e-01,2.197816e-01,5.277713e-01,5.917831e-01
0.022129,2.515000e+01,-5.105846e+00,8.928559e-01,2.195612e-01,5.283758e-01,5.904919e-01
0.0221613,2.515000e+01,-5.105667e+00,8.928243e-01,2.198468e-01,5.290086e-01,5.905323e-01
0.0221935,2.515000e+01,-5.105496e+00,8.927944e-01,2.198254e-01,5.288570e-01,5.906243e-01
0.0222258,2.515000e+01,-5.105332e+00,8.927662e-01,2.199160e-01,5.287638e-01,5.909530e-01
0.0222581,2.515000e+01,-5.105186e+00,8.927398e-01,2.200376e-01,5.281794e-01,5.919171e-01
0.0222903,2.515000e+01,-5.105064e+00,8.927187e-01,2.202666e-01,5.275065e-01,5.932745e-01
0.0223226,2.515000e+01,-5.104949e+00,8.926985e-01,2.203016e-01,5.276139e-01,5.932347e-01
0.0223548,2.515000e+01,-5.104823e+00,8.926765e-01,2.203341e-01,5.286495e-01,5.921451e-01
0.0223871,2.515000e+01,-5.104689e+00,8.926536e-01,2.200842e-01,5.289376e-01,5.911363e-01
0.0224194,2.515000e+01,-5.104559e+00,8.926308e-01,2.200538e-01,5.289365e-01,5.910403e-01
0.0224516,2.515000e+01,-5.104435e+00,8.926088e-01,2.199288e-01,5.285353e-01,5.911387e-01
0.0224839,2.515000e+01,-5.104319e+00,8.925886e-01,2.201016e-01,5.286553e-01,5.914552e-01
0.0225161,2.515000e+01,-5.104206e+00,8.925692e-01,2.202901e-01,5.293819e-01,5.911362e-01
0.0225484,2.515000e+01,-5.104107e+00,8.925516e-01,2.203047e-01,5.291387e-01,5.914358e-01
0.0225806,2.515000e+01,-5.104012e+00,8.925349e-01,2.202195e-01,5.291429e-01,5.911914e-01
0.0226129,2.515000e+01,-5.103918e+00,8.925182e-01,2.199195e-01,5.285632e-01,5.910224e-01
0.0226452,2.515000e+01,-5.103849e+00,8.925068e-01,2.200824e-01,5.279619e-01,5.921262e-01
0.0226774,2.515000e+01,-5.103800e+00,8.924980e-01,2.202190e-01,5.279651e-01,5.924842e-01
0.0227097,2.515000e+01,-5.103742e+00,8.924874e-01,2.201787e-01,5.288891e-01,5.913341e-01
0.0227419,2.515000e+01,-5.103645e+00,8.924707e-01,2.195834e-01,5.301743e-01,5.882951e-01
0.0227742,2.515000e+01,-5.103559e+00,8.924557e-01,2.194928e-01,5.298753e-01,5.883739e-01
0.0228065,2.515000e+01,-5.103505e+00,8.924461e-01,2.198806e-01,5.292050e-01,5.901535e-01
0.0228387,2.515000e+01,-5.103475e+00,8.924408e-01,2.200233e-01,5.286359e-01,5.911692e-01
0.022871,2.515000e+01,-5.103463e+00,8.924390e-01,2.203129e-01,5.287938e-01,5.917689e-01
0.0229032,2.515000e+01,-5.103446e+00,8.924364e-01,2.202440e-01,5.293245e-01,5.909890e-01
0.0229355,2.515000e+01,-5.103437e+00,8.924346e-01,2.204045e-01,5.294109e-01,5.913221e-01
0.0229677,2.515000e+01,-5.103421e+00,8.924320e-01,2.203600e-01,5.298563e-01,5.907039e-01
0.023,2.515000e+01,-5.103428e+00,8.924329e-01,2.203381e-01,5.289054e-01,5.917078e-01
0.0230323,2.515000e+01,-5.103435e+00,8.924337e-01,2.201095e-01,5.288101e-01,5.912015e-01
0.0230645,2.515000e+01,-5.103446e+00,8.924364e-01,2.200243e-01,5.289044e-01,5.908684e-01
0.0230968,2.515000e+01,-5.103429e+00,8.924329e-01,2.197176e-01,5.299011e-01,5.889330e-01
0.023129,2.515000e+01,-5.103427e+00,8.924329e-01,2.200365e-01,5.300696e-01,5.895998e-01
0.0231613,2.515000e+01,-5.103448e+00,8.924364e-01,2.203045e-01,5.297289e-01,5.907003e-01
0.0231935,2.515000e+01,-5.103491e+00,8.924443e-01,2.207044e-01,5.297205e-01,5.917870e-01
0.0232258,2.515000e+01,-5.103558e+00,8.924557e-01,2.210303e-01,5.293093e-01,5.931286e-01
0.0232581,2.515000e+01,-5.103611e+00,8.924645e-01,2.205537e-01,5.291345e-01,5.920513e-01
0.0232903,2.515000e+01,-5.103660e+00,8.924733e-01,2.202974e-01,5.289639e-01,5.915598e-01
0.0233226,2.515000e+01,-5.103670e+00,8.924751e-01,2.197056e-01,5.302138e-01,5.885810e-01
0.0233548,2.515000e+01,-5.103697e+00,8.924804e-01,2.199847e-01,5.302417e-01,5.893009e-01
0.0233871,2.515000e+01,-5.103747e+00,8.924883e-01,2.202274e-01,5.298463e-01,5.903972e-01
0.0234194,2.515000e+01,-5.103791e+00,8.924962e-01,2.199848e-01,5.297642e-01,5.898430e-01
0.0234516,2.515000e+01,-5.103820e+00,8.925015e-01,2.197035e-01,5.299195e-01,5.889199e-01
0.0234839,2.515000e+01,-5.103876e+00,8.925111e-01,2.202345e-01,5.300153e-01,5.902425e-01
0.0235161,2.515000e+01,-5.103956e+00,8.925252e-01,2.202555e-01,5.292945e-01,5.911124e-01
0.0235484,2.515000e+01,-5.104019e+00,8.925367e-01,2.198212e-01,5.296246e-01,5.895861e-01
0.0235806,2.515000e+01,-5.104073e+00,8.925455e-01,2.198107e-01,5.302275e-01,5.888938e-01
0.0236129,2.515000e+01,-5.104160e+00,8.925613e-01,2.203645e-01,5.296399e-01,5.910429e-01
0.0236452,2.515000e+01,-5.104279e+00,8.925815e-01,2.209374e-01,5.295057e-01,5.927434e-01
0.0236774,2.515000e+01,-5.104379e+00,8.925991e-01,2.205257e-01,5.300722e-01,5.910184e-01
0.0237097,2.515000e+01,-5.104455e+00,8.926123e-01,2.197636e-01,5.301791e-01,5.888656e-01
0.0237419,2.515000e+01,-5.104557e+00,8.926299e-01,2.201613e-01,5.299948e-01,5.901481e-01
0.0237742,2.515000e+01,-5.104665e+00,8.926492e-01,2.199261e-01,5.293287e-01,5.902723e-01
0.0238065,2.515000e+01,-5.104788e+00,8.926704e-01,2.202678e-01,5.295341e-01,5.909740e-01
0.0238387,2.515000e+01,-5.104913e+00,8.926923e-01,2.205329e-01,5.299437e-01,5.912424e-01
0.023871,2.515000e+01,-5.105062e+00,8.927187e-01,2.207590e-01,5.297205e-01,5.921153e-01
0.0239032,2.515000e+01,-5.105198e+00,8.927425e-01,2.203042e-01,5.298084e-01,5.908130e-01
0.0239355,2.515000e+01,-5.105287e+00,8.927583e-01,2.191310e-01,5.299216e-01,5.875515e-01
0.0239677,2.515000e+01,-5.105395e+00,8.927768e-01,2.193772e-01,5.295757e-01,5.886086e-01
0.024,2.515000e+01,-5.105527e+00,8.927997e-01,2.198837e-01,5.295936e-01,5.899628e-01
0.0240323,2.515000e+01,-5.105688e+00,8.928278e-01,2.202254e-01,5.290576e-01,5.914966e-01
0.0240645,2.515000e+01,-5.105813e+00,8.928498e-01,2.197645e-01,5.301180e-01,5.890927e-01
0.0240968,2.515000e+01,-5.105927e+00,8.928700e-01,2.194609e-01,5.300353e-01,5.883835e-01
0.024129,2.515000e+01,-5.106065e+00,8.928938e-01,2.196584e-01,5.290618e-01,5.900128e-01
0.0241613,2.515000e+01,-5.106209e+00,8.929193e-01,2.198654e-01,5.289707e-01,5.906874e-01
0.0241935,2.515000e+01,-5.106361e+00,8.929457e-01,2.199393e-01,5.286948e-01,5.912114e-01
0.0242258,2.515000e+01,-5.106495e+00,8.929694e-01,2.196976e-01,5.290734e-01,5.901550e-01
0.0242581,2.515000e+01,-5.106621e+00,8.929914e-01,2.197677e-01,5.294214e-01,5.899700e-01
0.0242903,2.515000e+01,-5.106703e+00,8.930055e-01,2.189090e-01,5.296441e-01,5.874268e-01
0.0243226,2.515000e+01,-5.106804e+00,8.930231e-01,2.192039e-01,5.289655e-01,5.889849e-01
0.0243548,2.515000e+01,-5.106915e+00,8.930424e-01,2.194220e-01,5.287422e-01,5.898323e-01
0.0243871,2.515000e+01,-5.107050e+00,8.930662e-01,2.199526e-01,5.283463e-01,5.917173e-01
0.0244194,2.515000e+01,-5.107179e+00,8.930890e-01,2.200253e-01,5.286701e-01,5.915655e-01
0.0244516,2.515000e+01,-5.107266e+00,8.931040e-01,2.192958e-01,5.290218e-01,5.892217e-01
0.0244839,2.515000e+01,-5.107365e+00,8.931216e-01,2.194741e-01,5.285906e-01,5.901936e-01
0.0245161,2.515000e+01,-5.107456e+00,8.931374e-01,2.192996e-01,5.282083e-01,5.901619e-01
0.0245484,2.515000e+01,-5.107563e+00,8.931559e-01,2.194748e-01,5.275723e-01,5.913576e-01
0.0245806,2.515000e+01,-5.107639e+00,8.931691e-01,2.189682e-01,5.278145e-01,5.897304e-01
0.0246129,2.515000e+01,-5.107669e+00,8.931744e-01,2.181320e-01,5.282489e-01,5.869989e-01
0.0246452,2.515000e+01,-5.107691e+00,8.931788e-01,2.181196e-01,5.284811e-01,5.867104e-01
0.0246774,2.515000e+01,-5.107729e+00,8.931849e-01,2.184283e-01,5.282341e-01,5.878199e-01
0.0247097,2.515000e+01,-5.107788e+00,8.931955e-01,2.187618e-01,5.275655e-01,5.894701e-01
0.0247419,2.515000e+01,-5.107859e+00,8.932078e-01,2.189325e-01,5.271711e-01,5.903793e-01
0.0247742,2.515000e+01,-5.107924e+00,8.932192e-01,2.188449e-01,5.271511e-01,5.901729e-01
0.0248065,2.515000e+01,-5.107962e+00,8.932254e-01,2.183419e-01,5.274265e-01,5.885136e-01
0.0248387,2.515000e+01,-5.107998e+00,8.932324e-01,2.182529e-01,5.271285e-01,5.886106e-01
0.024871,2.515000e+01,-5.108019e+00,8.932359e-01,2.181344e-01,5.274249e-01,5.879623e-01
0.0249032,2.515000e+01,-5.108072e+00,8.932447e-01,2.184387e-01,5.265293e-01,5.897902e-01
0.0249355,2.515000e+01,-5.108130e+00,8.932553e-01,2.186156e-01,5.267225e-01,5.900581e-01
0.0249677,2.515000e+01,-5.108150e+00,8.932588e-01,2.175751e-01,5.263877e-01,5.876258e-01
0.025,2.515000e+01,-5.108163e+00,8.932606e-01,2.174410e-01,5.263511e-01,5.873059e-01
0.0250323,2.515000e+01,-5.108188e+00,8.932650e-01,2.176711e-01,5.262331e-01,5.880620e-01
0.0250645,2.515000e+01,-5.108231e+00,8.932729e-01,2.182027e-01,5.262485e-01,5.894859e-01
0.0250968,2.515000e+01,-5.108270e+00,8.932799e-01,2.181931e-01,5.261875e-01,5.895329e-01
0.025129,2.515000e+01,-5.108286e+00,8.932826e-01,2.175694e-01,5.258031e-01,5.882792e-01
0.0251613,2.515000e+01,-5.108294e+00,8.932834e-01,2.173369e-01,5.253897e-01,5.881141e-01
0.0251935,2.515000e+01,-5.108279e+00,8.932808e-01,2.167451e-01,5.250036e-01,5.869423e-01
0.0252258,2.515000e+01,-5.108279e+00,8.932808e-01,2.171275e-01,5.248142e-01,5.881900e-01
0.0252581,2.515000e+01,-5.108269e+00,8.932790e-01,2.171543e-01,5.253218e-01,5.876930e-01
0.0252903,2.515000e+01,-5.108274e+00,8.932799e-01,2.173437e-01,5.250088e-01,5.885568e-01
0.0253226,2.515000e+01,-5.108260e+00,8.932782e-01,2.168730e-01,5.245431e-01,5.878020e-01
0.0253548,2.515000e+01,-5.108220e+00,8.932711e-01,2.160895e-01,5.241202e-01,5.861463e-01
0.0253871,2.515000e+01,-5.108194e+00,8.932667e-01,2.164184e-01,5.239385e-01,5.872391e-01
0.0254194,2.515000e+01,-5.108175e+00,8.932632e-01,2.167130e-01,5.241556e-01,5.877927e-01
0.0254516,2.515000e+01,-5.108159e+00,8.932606e-01,2.167870e-01,5.241171e-01,5.880349e-01
0.0254839,2.515000e+01,-5.108104e+00,8.932509e-01,2.157572e-01,5.236405e-01,5.857678e-01
0.0255161,2.515000e+01,-5.108047e+00,8.932403e-01,2.154784e-01,5.230835e-01,5.856272e-01
0.0255484,2.515000e+01,-5.107986e+00,8.932298e-01,2.151954e-01,5.225155e-01,5.854869e-01
0.0255806,2.515000e+01,-5.107937e+00,8.932210e-01,2.155795e-01,5.225828e-01,5.864509e-01
0.0256129,2.515000e+01,-5.107889e+00,8.932131e-01,2.157276e-01,5.229543e-01,5.864313e-01
0.0256452,2.515000e+01,-5.107868e+00,8.932095e-01,2.163337e-01,5.228379e-01,5.882072e-01
0.0256774,2.515000e+01,-5.107836e+00,8.932034e-01,2.159777e-01,5.225162e-01,5.875973e-01
0.0257097,2.515000e+01,-5.107781e+00,8.931937e-01,2.150588e-01,5.216172e-01,5.860994e-01
0.0257419,2.515000e+01,-5.107724e+00,8.931840e-01,2.150375e-01,5.215935e-01,5.860616e-01
0.0257742,2.515000e+01,-5.107676e+00,8.931752e-01,2.151030e-01,5.214781e-01,5.863640e-01
0.0258065,2.515000e+01,-5.107638e+00,8.931691e-01,2.153189e-01,5.212304e-01,5.872274e-01
0.0258387,2.515000e+01,-5.107573e+00,8.931576e-01,2.146167e-01,5.212399e-01,5.852941e-01
0.025871,2.515000e+01,-5.107507e+00,8.931462e-01,2.142389e-01,5.205402e-01,5.850416e-01
0.0259032,2.515000e+01,-5.107442e+00,8.931348e-01,2.142151e-01,5.203663e-01,5.851645e-01
0.0259355,2.515000e+01,-5.107378e+00,8.931233e-01,2.140052e-01,5.202495e-01,5.847150e-01
0.0259677,2.515000e+01,-5.107328e+00,8.931145e-01,2.140526e-01,5.198321e-01,5.853087e-01
0.026,2.515000e+01,-5.107285e+00,8.931075e-01,2.141583e-01,5.197228e-01,5.857158e-01
0.0260312,2.515000e+01,-5.107248e+00,8.931005e-01,2.140808e-01,5.201465e-01,5.850225e-01
0.0260313,2.515000e+01,-5.107248e+00,8.931005e-01,2.140808e-01,5.201465e-01,5.850225e-01
0.0260625,2.515000e+01,-5.107200e+00,8.930926e-01,2.133877e-01,5.195147e-01,5.838322e-01
0.0260937,2.515000e+01,-5.107144e+00,8.930829e-01,2.128779e-01,5.192301e-01,5.827504e-01
0.0260938,2.515000e+01,-5.107144e+00,8.930829e-01,2.128779e-01,5.192301e-01,5.827504e-01
0.026125,2.515000e+01,-5.107104e+00,8.930758e-01,2.129514e-01,5.189085e-01,5.833082e-01
0.0261562,2.515000e+01,-5.107084e+00,8.930723e-01,2.132257e-01,5.186473e-01,5.843515e-01
0.0261563,2.515000e+01,-5.107084e+00,8.930723e-01,2.132257e-01,5.186473e-01,5.843515e-01
0.0261875,2.515000e+01,-5.107067e+00,8.930688e-01,2.129090e-01,5.180895e-01,5.841098e-01
0.0262187,2.515000e+01,-5.107055e+00,8.930671e-01,2.127777e-01,5.177036e-01,5.841833e-01
0.0262188,2.515000e+01,-5.107055e+00,8.930671e-01,2.127777e-01,5.177036e-01,5.841833e-01
0.02625,2.515000e+01,-5.107049e+00,8.930662e-01,2.130080e-01,5.180241e-01,5.844530e-01
0.0262812,2.515000e+01,-5.107057e+00,8.930671e-01,2.131743e-01,5.182294e-01,5.846786e-01
0.0262813,2.515000e+01,-5.107057e+00,8.930671e-01,2.131743e-01,5.182294e-01,5.846786e-01
0.0263125,2.515000e+01,-5.107072e+00,8.930697e-01,2.130316e-01,5.178724e-01,5.846917e-01
0.0263437,2.515000e+01,-5.107082e+00,8.930714e-01,2.127150e-01,5.175365e-01,5.842029e-01
0.0263438,2.515000e+01,-5.107082e+00,8.930714e-01,2.127150e-01,5.175365e-01,5.842029e-01
0.026375,2.515000e+01,-5.107105e+00,8.930758e-01,2.125799e-01,5.168296e-01,5.846330e-01
0.0264062,2.515000e+01,-5.107129e+00,8.930802e-01,2.125085e-01,5.168974e-01,5.843624e-01
0.0264063,2.515000e+01,-5.107129e+00,8.930802e-01,2.125085e-01,5.168974e-01,5.843624e-01
0.0264375,2.515000e+01,-5.107140e+00,8.930820e-01,2.118161e-01,5.163919e-01,5.830302e-01
0.0264687,2.515000e+01,-5.107170e+00,8.930873e-01,2.119004e-01,5.158896e-01,5.838336e-01
0.0264688,2.515000e+01,-5.107170e+00,8.930873e-01,2.119004e-01,5.158896e-01,5.838336e-01
0.0265,2.515000e+01,-5.107195e+00,8.930917e-01,2.118633e-01,5.160293e-01,5.835761e-01
0.0265312,2.515000e+01,-5.107219e+00,8.930961e-01,2.117487e-01,5.159775e-01,5.833220e-01
0.0265313,2.515000e+01,-5.107219e+00,8.930961e-01,2.117487e-01,5.159775e-01,5.833220e-01
0.0265625,2.515000e+01,-5.107248e+00,8.931005e-01,2.118320e-01,5.160750e-01,5.834442e-01
0.0265937,2.515000e+01,-5.107281e+00,8.931066e-01,2.117306e-01,5.158330e-01,5.834423e-01
0.0265938,2.515000e+01,-5.107281e+00,8.931066e-01,2.117306e-01,5.158330e-01,5.834423e-01
0.026625,2.515000e+01,-5.107321e+00,8.931137e-01,2.117561e-01,5.156564e-01,5.837169e-01
0.0266562,2.515000e+01,-5.107361e+00,8.931207e-01,2.114448e-01,5.152472e-01,5.833263e-01
0.0266563,2.515000e+01,-5.107361e+00,8.931207e-01,2.114448e-01,5.152472e-01,5.833263e-01
0.0266875,2.515000e+01,-5.107399e+00,8.931269e-01,2.109876e-01,5.145472e-01,5.828613e-01
0.0267187,2.515000e+01,-5.107432e+00,8.931330e-01,2.110082e-01,5.148380e-01,5.825927e-01
0.0267188,2.515000e+01,-5.107432e+00,8.931330e-01,2.110082e-01,5.148380e-01,5.825927e-01
0.02675,2.515000e+01,-5.107455e+00,8.931374e-01,2.108389e-01,5.149140e-01,5.820421e-01
0.0267812,2.515000e+01,-5.107482e+00,8.931418e-01,2.110710e-01,5.153437e-01,5.821998e-01
0.0267813,2.515000e+01,-5.107482e+00,8.931418e-01,2.110710e-01,5.153437e-01,5.821998e-01
0.0268125,2.515000e+01,-5.107527e+00,8.931497e-01,2.112058e-01,5.150000e-01,5.829657e-01
0.0268437,2.515000e+01,-5.107591e+00,8.931612e-01,2.114591e-01,5.147869e-01,5.839139e-01
0.0268438,2.515000e+01,-5.107591e+00,8.931612e-01,2.114591e-01,5.147869e-01,5.839139e-01
0.026875,2.515000e+01,-5.107660e+00,8.931726e-01,2.112679e-01,5.142936e-01,5.839534e-01
0.0269062,2.515000e+01,-5.107726e+00,8.931840e-01,2.110126e-01,5.141917e-01,5.833707e-01
0.0269063,2.515000e+01,-5.107726e+00,8.931840e-01,2.110126e-01,5.141917e-01,5.833707e-01
0.0269375,2.515000e+01,-5.107793e+00,8.931964e-01,2.109314e-01,5.142994e-01,5.830318e-01
0.0269687,2.515000e+01,-5.107877e+00,8.932113e-01,2.113299e-01,5.144768e-01,5.839414e-01
0.027,2.515000e+01,-5.107971e+00,8.932271e-01,2.112638e-01,5.142712e-01,5.840030e-01
0.0270312,2.515000e+01,-5.108069e+00,8.932447e-01,2.109013e-01,5.134143e-01,5.839853e-01
0.0270313,2.515000e+01,-5.108069e+00,8.932447e-01,2.109013e-01,5.134143e-01,5.839853e-01
0.0270625,2.515000e+01,-5.108175e+00,8.932632e-01,2.106604e-01,5.125824e-01,5.842770e-01
0.0270937,2.515000e+01,-5.108270e+00,8.932799e-01,2.104465e-01,5.129862e-01,5.832349e-01
0.0270938,2.515000e+01,-5.108270e+00,8.932799e-01,2.104465e-01,5.129862e-01,5.832349e-01
0.027125,2.515000e+01,-5.108360e+00,8.932957e-01,2.104811e-01,5.135514e-01,5.826991e-01
0.0271562,2.515000e+01,-5.108452e+00,8.933116e-01,2.106261e-01,5.140374e-01,5.825600e-01
0.0271563,2.515000e+01,-5.108452e+00,8.933116e-01,2.106261e-01,5.140374e-01,5.825600e-01
0.0271875,2.515000e+01,-5.108567e+00,8.933318e-01,2.108902e-01,5.136470e-01,5.837469e-01
0.0272187,2.515000e+01,-5.108691e+00,8.933529e-01,2.110785e-01,5.136344e-01,5.842964e-01
0.0272188,2.515000e+01,-5.108691e+00,8.933529e-01,2.110785e-01,5.136344e-01,5.842964e-01
0.02725,2.515000e+01,-5.108821e+00,8.933758e-01,2.107999e-01,5.128823e-01,5.843957e-01
0.0272812,2.515000e+01,-5.108946e+00,8.933978e-01,2.104764e-01,5.126802e-01,5.837432e-01
0.0272813,2.515000e+01,-5.108946e+00,8.933978e-01,2.104764e-01,5.126802e-01,5.837432e-01
0.0273125,2.515000e+01,-5.109065e+00,8.934189e-01,2.104260e-01,5.131661e-01,5.830644e-01
0.0273438,2.515000e+01,-5.109187e+00,8.934400e-01,2.104853e-01,5.133635e-01,5.830185e-01
0.027375,2.515000e+01,-5.109318e+00,8.934629e-01,2.105312e-01,5.132165e-01,5.833275e-01
0.0274063,2.515000e+01,-5.109459e+00,8.934875e-01,2.104424e-01,5.127976e-01,5.835739e-01
0.0274375,2.515000e+01,-5.109597e+00,8.935121e-01,2.102735e-01,5.128343e-01,5.830796e-01
0.0274688,2.515000e+01,-5.109740e+00,8.935368e-01,2.104199e-01,5.132593e-01,5.830187e-01
0.0275,2.515000e+01,-5.109895e+00,8.935640e-01,2.107407e-01,5.137325e-01,5.833875e-01
0.0275313,2.515000e+01,-5.110063e+00,8.935930e-01,2.109602e-01,5.135531e-01,5.842181e-01
0.0275625,2.515000e+01,-5.110239e+00,8.936238e-01,2.111215e-01,5.134177e-01,5.848394e-01
0.0275938,2.515000e+01,-5.110417e+00,8.936546e-01,2.111177e-01,5.133047e-01,5.849778e-01
0.027625,2.515000e+01,-5.110598e+00,8.936863e-01,2.110073e-01,5.128082e-01,5.852588e-01
0.0276563,2.515000e+01,-5.110796e+00,8.937215e-01,2.110545e-01,5.122852e-01,5.860099e-01
0.0276875,2.515000e+01,-5.110981e+00,8.937540e-01,2.107824e-01,5.126046e-01,5.849109e-01
0.0277188,2.515000e+01,-5.111163e+00,8.937857e-01,2.109281e-01,5.129773e-01,5.849111e-01
0.02775,2.515000e+01,-5.111344e+00,8.938173e-01,2.110691e-01,5.135243e-01,5.846991e-01
0.0277813,2.515000e+01,-5.111526e+00,8.938490e-01,2.111842e-01,5.137453e-01,5.847873e-01
0.0278125,2.515000e+01,-5.111702e+00,8.938798e-01,2.111025e-01,5.140954e-01,5.841828e-01
0.0278438,2.515000e+01,-5.111895e+00,8.939132e-01,2.112339e-01,5.134650e-01,5.852865e-01
0.027875,2.515000e+01,-5.112111e+00,8.939510e-01,2.115331e-01,5.129303e-01,5.867512e-01
0.0279063,2.515000e+01,-5.112321e+00,8.939880e-01,2.116096e-01,5.132659e-01,5.866036e-01
0.0279375,2.515000e+01,-5.112506e+00,8.940205e-01,2.111869e-01,5.135670e-01,5.851100e-01
0.0279688,2.515000e+01,-5.112673e+00,8.940496e-01,2.109787e-01,5.139383e-01,5.841296e-01
0.028,2.515000e+01,-5.112845e+00,8.940795e-01,2.111327e-01,5.140065e-01,5.844984e-01
0.0280323,2.515000e+01,-5.113037e+00,8.941129e-01,2.114332e-01,5.131497e-01,5.863295e-01
0.0280645,2.515000e+01,-5.113228e+00,8.941463e-01,2.117313e-01,5.137630e-01,5.864772e-01
0.0280968,2.515000e+01,-5.113405e+00,8.941771e-01,2.117047e-01,5.142804e-01,5.858338e-01
0.028129,2.515000e+01,-5.113577e+00,8.942079e-01,2.118296e-01,5.145628e-01,5.858774e-01
0.0281613,2.515000e+01,-5.113741e+00,8.942360e-01,2.120189e-01,5.150108e-01,5.859097e-01
0.0281935,2.515000e+01,-5.113917e+00,8.942668e-01,2.120001e-01,5.141709e-01,5.868350e-01
0.0282258,2.515000e+01,-5.114116e+00,8.943020e-01,2.121977e-01,5.133804e-01,5.883092e-01
0.0282581,2.515000e+01,-5.114323e+00,8.943381e-01,2.123947e-01,5.132484e-01,5.890307e-01
0.0282903,2.515000e+01,-5.114501e+00,8.943688e-01,2.122318e-01,5.141523e-01,5.875646e-01
0.0283226,2.515000e+01,-5.114648e+00,8.943952e-01,2.119413e-01,5.150373e-01,5.857690e-01
0.0283548,2.515000e+01,-5.114798e+00,8.944207e-01,2.120966e-01,5.152178e-01,5.860099e-01
0.0283871,2.515000e+01,-5.114967e+00,8.944507e-01,2.127004e-01,5.151378e-01,5.877891e-01
0.0284194,2.515000e+01,-5.115136e+00,8.944806e-01,2.127913e-01,5.153122e-01,5.878605e-01
0.0284516,2.515000e+01,-5.115307e+00,8.945105e-01,2.127632e-01,5.148848e-01,5.882905e-01
0.0284839,2.515000e+01,-5.115469e+00,8.945386e-01,2.129077e-01,5.154509e-01,5.880620e-01
0.0285161,2.515000e+01,-5.115636e+00,8.945676e-01,2.132238e-01,5.154452e-01,5.889609e-01
0.0285484,2.515000e+01,-5.115788e+00,8.945940e-01,2.130083e-01,5.153044e-01,5.885439e-01
0.0285806,2.515000e+01,-5.115943e+00,8.946213e-01,2.129268e-01,5.147243e-01,5.889997e-01
0.0286129,2.515000e+01,-5.116091e+00,8.946468e-01,2.129647e-01,5.150457e-01,5.887539e-01
0.0286452,2.515000e+01,-5.116215e+00,8.946688e-01,2.130680e-01,5.161907e-01,5.877473e-01
0.0286774,2.515000e+01,-5.116308e+00,8.946855e-01,2.126806e-01,5.167273e-01,5.860797e-01
0.0287097,2.515000e+01,-5.116402e+00,8.947013e-01,2.129059e-01,5.168176e-01,5.866089e-01
0.0287419,2.515000e+01,-5.116520e+00,8.947224e-01,2.135331e-01,5.165671e-01,5.886361e-01
0.0287742,2.515000e+01,-5.116640e+00,8.947436e-01,2.140967e-01,5.171962e-01,5.894858e-01
0.0288065,2.515000e+01,-5.116768e+00,8.947655e-01,2.141078e-01,5.165460e-01,5.902729e-01
0.0288387,2.515000e+01,-5.116889e+00,8.947867e-01,2.141124e-01,5.166460e-01,5.901854e-01
0.028871,2.515000e+01,-5.117007e+00,8.948078e-01,2.142931e-01,5.169533e-01,5.903459e-01
0.0289032,2.515000e+01,-5.117105e+00,8.948245e-01,2.139934e-01,5.171170e-01,5.893450e-01
0.0289355,2.515000e+01,-5.117207e+00,8.948421e-01,2.140787e-01,5.169285e-01,5.898068e-01
0.0289677,2.515000e+01,-5.117285e+00,8.948561e-01,2.139800e-01,5.177698e-01,5.885856e-01
0.029,2.515000e+01,-5.117364e+00,8.948693e-01,2.144075e-01,5.183496e-01,5.891110e-01
0.0290323,2.515000e+01,-5.117449e+00,8.948843e-01,2.146720e-01,5.184293e-01,5.897570e-01
0.0290645,2.515000e+01,-5.117564e+00,8.949045e-01,2.152876e-01,5.181712e-01,5.917559e-01
0.0290968,2.515000e+01,-5.117660e+00,8.949212e-01,2.151549e-01,5.188971e-01,5.905752e-01
0.029129,2.515000e+01,-5.117722e+00,8.949327e-01,2.147361e-01,5.196128e-01,5.886208e-01
0.0291613,2.515000e+01,-5.117836e+00,8.949520e-01,2.152813e-01,5.179057e-01,5.920734e-01
0.0291935,2.515000e+01,-5.117954e+00,8.949731e-01,2.154876e-01,5.181155e-01,5.924145e-01
0.0292258,2.515000e+01,-5.118075e+00,8.949942e-01,2.159857e-01,5.190409e-01,5.927393e-01
0.0292581,2.515000e+01,-5.118162e+00,8.950092e-01,2.155183e-01,5.197075e-01,5.907080e-01
0.0292903,2.515000e+01,-5.118236e+00,8.950224e-01,2.150357e-01,5.193233e-01,5.898299e-01
0.0293226,2.515000e+01,-5.118293e+00,8.950321e-01,2.149707e-01,5.198470e-01,5.890641e-01
0.0293548,2.515000e+01,-5.118341e+00,8.950409e-01,2.152544e-01,5.206534e-01,5.889336e-01
0.0293871,2.515000e+01,-5.118414e+00,8.950532e-01,2.161661e-01,5.207002e-01,5.913832e-01
0.0294194,2.515000e+01,-5.118521e+00,8.950725e-01,2.168685e-01,5.203966e-01,5.936633e-01
0.0294516,2.515000e+01,-5.118623e+00,8.950901e-01,2.169840e-01,5.207799e-01,5.935543e-01
0.0294839,2.515000e+01,-5.118669e+00,8.950980e-01,2.158825e-01,5.213598e-01,5.898895e-01
0.0295161,2.515000e+01,-5.118722e+00,8.951077e-01,2.156130e-01,5.203059e-01,5.903526e-01
0.0295484,2.515000e+01,-5.118794e+00,8.951200e-01,2.161513e-01,5.203030e-01,5.918382e-01
0.0295806,2.515000e+01,-5.118899e+00,8.951385e-01,2.172291e-01,5.205966e-01,5.944660e-01
0.0296129,2.515000e+01,-5.118974e+00,8.951517e-01,2.172351e-01,5.219870e-01,5.929075e-01
0.0296452,2.515000e+01,-5.119024e+00,8.951605e-01,2.170426e-01,5.228314e-01,5.914310e-01
0.0296774,2.515000e+01,-5.119072e+00,8.951684e-01,2.170762e-01,5.230460e-01,5.912855e-01
0.0297097,2.515000e+01,-5.119120e+00,8.951772e-01,2.171285e-01,5.230864e-01,5.913879e-01
0.0297419,2.515000e+01,-5.119214e+00,8.951930e-01,2.176362e-01,5.216595e-01,5.944031e-01
0.0297742,2.515000e+01,-5.119349e+00,8.952168e-01,2.184571e-01,5.210575e-01,5.973502e-01
0.0298065,2.515000e+01,-5.119476e+00,8.952388e-01,2.187114e-01,5.219403e-01,5.970488e-01
0.0298387,2.515000e+01,-5.119533e+00,8.952493e-01,2.178658e-01,5.237558e-01,5.926854e-01
0.029871,2.515000e+01,-5.119541e+00,8.952502e-01,2.165565e-01,5.234742e-01,5.894416e-01
0.0299032,2.515000e+01,-5.119562e+00,8.952546e-01,2.167613e-01,5.232226e-01,5.902852e-01
0.0299355,2.515000e+01,-5.119631e+00,8.952660e-01,2.179420e-01,5.231749e-01,5.935624e-01
0.0299677,2.515000e+01,-5.119711e+00,8.952801e-01,2.189021e-01,5.243267e-01,5.948769e-01
0.03,2.515000e+01,-5.119787e+00,8.952933e-01,2.188721e-01,5.244307e-01,5.946864e-01
0.0300323,2.515000e+01,-5.119833e+00,8.953012e-01,2.184568e-01,5.248334e-01,5.931078e-01
0.0300645,2.515000e+01,-5.119873e+00,8.953083e-01,2.184818e-01,5.250745e-01,5.929080e-01
0.0300968,2.515000e+01,-5.119940e+00,8.953206e-01,2.186825e-01,5.241740e-01,5.944800e-01
0.030129,2.515000e+01,-5.120040e+00,8.953382e-01,2.194057e-01,5.238830e-01,5.967887e-01
0.0301613,2.515000e+01,-5.120131e+00,8.953540e-01,2.194742e-01,5.244157e-01,5.963793e-01
0.0301935,2.515000e+01,-5.120194e+00,8.953645e-01,2.194917e-01,5.257022e-01,5.949746e-01
0.0302258,2.515000e+01,-5.120223e+00,8.953698e-01,2.188700e-01,5.262076e-01,5.927230e-01
0.0302581,2.515000e+01,-5.120259e+00,8.953760e-01,2.191249e-01,5.264209e-01,5.931770e-01
0.0302903,2.515000e+01,-5.120289e+00,8.953813e-01,2.192398e-01,5.270579e-01,5.927740e-01
0.0303226,2.515000e+01,-5.120340e+00,8.953901e-01,2.198100e-01,5.270479e-01,5.943333e-01
0.0303548,2.515000e+01,-5.120455e+00,8.954103e-01,2.207726e-01,5.254780e-01,5.987326e-01
0.0303871,2.515000e+01,-5.120571e+00,8.954305e-01,2.208924e-01,5.254569e-01,5.990949e-01
0.0304194,2.515000e+01,-5.120636e+00,8.954420e-01,2.205013e-01,5.268815e-01,5.964249e-01
0.0304516,2.515000e+01,-5.120671e+00,8.954481e-01,2.201929e-01,5.277687e-01,5.945936e-01
0.0304839,2.515000e+01,-5.120718e+00,8.954560e-01,2.203615e-01,5.273280e-01,5.955520e-01
0.0305161,2.515000e+01,-5.120765e+00,8.954648e-01,2.204002e-01,5.272211e-01,5.957826e-01
0.0305484,2.515000e+01,-5.120790e+00,8.954692e-01,2.204705e-01,5.280230e-01,5.950708e-01
0.0305806,2.515000e+01,-5.120816e+00,8.954736e-01,2.207312e-01,5.283021e-01,5.954623e-01
0.0306129,2.515000e+01,-5.120861e+00,8.954815e-01,2.212094e-01,5.282920e-01,5.967691e-01
0.0306452,2.515000e+01,-5.120892e+00,8.954868e-01,2.212724e-01,5.290592e-01,5.960770e-01
0.0306774,2.515000e+01,-5.120911e+00,8.954903e-01,2.211424e-01,5.292461e-01,5.955186e-01
0.0307097,2.515000e+01,-5.120942e+00,8.954956e-01,2.213152e-01,5.285937e-01,5.967232e-01
0.0307419,2.515000e+01,-5.120979e+00,8.955018e-01,2.215494e-01,5.284742e-01,5.974941e-01
0.0307742,2.515000e+01,-5.121020e+00,8.955088e-01,2.220086e-01,5.289481e-01,5.982005e-01
0.0308065,2.515000e+01,-5.121029e+00,8.955106e-01,2.216335e-01,5.297958e-01,5.962353e-01
0.0308387,2.515000e+01,-5.121025e+00,8.955097e-01,2.216646e-01,5.300906e-01,5.959869e-01
0.030871,2.515000e+01,-5.121005e+00,8.955062e-01,2.215056e-01,5.303128e-01,5.953078e-01
0.0309032,2.515000e+01,-5.120986e+00,8.955035e-01,2.218505e-01,5.305550e-01,5.959601e-01
0.0309355,2.515000e+01,-5.121003e+00,8.955062e-01,2.226442e-01,5.300201e-01,5.986978e-01
0.0309677,2.515000e+01,-5.121027e+00,8.955106e-01,2.231076e-01,5.304081e-01,5.995077e-01
0.031,2.515000e+01,-5.121043e+00,8.955132e-01,2.232215e-01,5.309309e-01,5.992257e-01
0.0310323,2.515000e+01,-5.121019e+00,8.955088e-01,2.225671e-01,5.315980e-01,5.967163e-01
0.0310645,2.515000e+01,-5.120994e+00,8.955044e-01,2.221948e-01,5.307303e-01,5.966889e-01
0.0310968,2.515000e+01,-5.120982e+00,8.955026e-01,2.226890e-01,5.307782e-01,5.979607e-01
0.031129,2.515000e+01,-5.120978e+00,8.955018e-01,2.232813e-01,5.315469e-01,5.986838e-01
0.0311613,2.515000e+01,-5.120967e+00,8.955000e-01,2.234658e-01,5.322920e-01,5.983382e-01
0.0311935,2.515000e+01,-5.120943e+00,8.954956e-01,2.233165e-01,5.323051e-01,5.979211e-01
0.0312258,2.515000e+01,-5.120920e+00,8.954912e-01,2.232905e-01,5.321361e-01,5.980384e-01
0.0312581,2.515000e+01,-5.120885e+00,8.954859e-01,2.233933e-01,5.328843e-01,5.974697e-01
0.0312903,2.515000e+01,-5.120865e+00,8.954824e-01,2.236719e-01,5.326853e-01,5.984363e-01
0.0313226,2.515000e+01,-5.120843e+00,8.954780e-01,2.239371e-01,5.331428e-01,5.986290e-01
0.0313548,2.515000e+01,-5.120821e+00,8.954745e-01,2.239009e-01,5.333008e-01,5.983523e-01
0.0313871,2.515000e+01,-5.120794e+00,8.954692e-01,2.237704e-01,5.331696e-01,5.981473e-01
0.0314194,2.515000e+01,-5.120766e+00,8.954648e-01,2.235151e-01,5.326395e-01,5.980566e-01
0.0314516,2.515000e+01,-5.120743e+00,8.954604e-01,2.238098e-01,5.328074e-01,5.986532e-01
0.0314839,2.515000e+01,-5.120712e+00,8.954551e-01,2.241084e-01,5.337841e-01,5.983517e-01
0.0315161,2.515000e+01,-5.120669e+00,8.954481e-01,2.242559e-01,5.345991e-01,5.978278e-01
0.0315484,2.515000e+01,-5.120633e+00,8.954411e-01,2.243446e-01,5.345186e-01,5.981500e-01
0.0315806,2.515000e+01,-5.120593e+00,8.954340e-01,2.241664e-01,5.343406e-01,5.978692e-01
0.0316129,2.515000e+01,-5.120575e+00,8.954314e-01,2.246185e-01,5.341590e-01,5.992771e-01
0.0316452,2.515000e+01,-5.120577e+00,8.954314e-01,2.249068e-01,5.337772e-01,6.004755e-01
0.0316774,2.515000e+01,-5.120583e+00,8.954332e-01,2.251774e-01,5.340947e-01,6.008408e-01
0.0317097,2.515000e+01,-5.120577e+00,8.954314e-01,2.252325e-01,5.349866e-01,5.999853e-01
0.0317419,2.515000e+01,-5.120560e+00,8.954288e-01,2.249748e-01,5.350540e-01,5.992215e-01
0.0317742,2.515000e+01,-5.120539e+00,8.954252e-01,2.249619e-01,5.353431e-01,5.988611e-01
0.0318065,2.515000e+01,-5.120523e+00,8.954226e-01,2.248183e-01,5.349550e-01,5.989114e-01
0.0318387,2.515000e+01,-5.120496e+00,8.954173e-01,2.248883e-01,5.356664e-01,5.982990e-01
0.031871,2.515000e+01,-5.120476e+00,8.954138e-01,2.251866e-01,5.359470e-01,5.987766e-01
0.0319032,2.515000e+01,-5.120459e+00,8.954112e-01,2.250897e-01,5.360118e-01,5.984447e-01
0.0319355,2.515000e+01,-5.120457e+00,8.954112e-01,2.253201e-01,5.359965e-01,5.990738e-01
0.0319677,2.515000e+01,-5.120471e+00,8.954129e-01,2.252769e-01,5.353152e-01,5.997233e-01
0.032,2.515000e+01,-5.120488e+00,8.954164e-01,2.252116e-01,5.352425e-01,5.996329e-01
0.0320323,2.515000e+01,-5.120497e+00,8.954182e-01,2.251934e-01,5.355516e-01,5.992396e-01
0.0320645,2.515000e+01,-5.120496e+00,8.954173e-01,2.252314e-01,5.363782e-01,5.984162e-01
0.0320968,2.515000e+01,-5.120488e+00,8.954164e-01,2.254979e-01,5.372564e-01,5.981444e-01
0.032129,2.515000e+01,-5.120488e+00,8.954164e-01,2.254621e-01,5.372280e-01,5.980809e-01
0.0321613,2.515000e+01,-5.120490e+00,8.954164e-01,2.254615e-01,5.373459e-01,5.979484e-01
0.0321935,2.515000e+01,-5.120518e+00,8.954217e-01,2.257338e-01,5.368910e-01,5.991813e-01
0.0322258,2.515000e+01,-5.120584e+00,8.954332e-01,2.261000e-01,5.361439e-01,6.009969e-01
0.0322581,2.515000e+01,-5.120661e+00,8.954463e-01,2.262696e-01,5.361766e-01,6.014204e-01
0.0322903,2.515000e+01,-5.120722e+00,8.954569e-01,2.262895e-01,5.372475e-01,6.002815e-01
0.0323226,2.515000e+01,-5.120766e+00,8.954648e-01,2.260403e-01,5.378535e-01,5.989499e-01
0.0323548,2.515000e+01,-5.120811e+00,8.954727e-01,2.260053e-01,5.380678e-01,5.986239e-01
0.0323871,2.515000e+01,-5.120873e+00,8.954833e-01,2.260440e-01,5.377040e-01,5.991387e-01
0.0324194,2.515000e+01,-5.120948e+00,8.954965e-01,2.262575e-01,5.376208e-01,5.998064e-01
0.0324516,2.515000e+01,-5.121015e+00,8.955088e-01,2.263952e-01,5.385316e-01,5.991640e-01
0.0324839,2.515000e+01,-5.121094e+00,8.955220e-01,2.265249e-01,5.384721e-01,5.995827e-01
0.0325161,2.515000e+01,-5.121169e+00,8.955352e-01,2.264123e-01,5.386485e-01,5.990974e-01
0.0325484,2.515000e+01,-5.121254e+00,8.955501e-01,2.263893e-01,5.383437e-01,5.993855e-01
0.0325806,2.515000e+01,-5.121353e+00,8.955677e-01,2.263837e-01,5.375787e-01,6.002351e-01
0.0326129,2.515000e+01,-5.121468e+00,8.955871e-01,2.266831e-01,5.375560e-01,6.010681e-01
0.0326452,2.515000e+01,-5.121575e+00,8.956064e-01,2.266492e-01,5.381199e-01,6.003608e-01
0.0326774,2.515000e+01,-5.121623e+00,8.956144e-01,2.259732e-01,5.398463e-01,5.966614e-01
0.0327097,2.515000e+01,-5.121672e+00,8.956231e-01,2.260197e-01,5.399922e-01,5.966289e-01
0.0327419,2.515000e+01,-5.121756e+00,8.956381e-01,2.265055e-01,5.393356e-01,5.986488e-01
0.0327742,2.515000e+01,-5.121861e+00,8.956566e-01,2.266516e-01,5.387280e-01,5.997231e-01
0.0328065,2.515000e+01,-5.121977e+00,8.956768e-01,2.269404e-01,5.387823e-01,6.004406e-01
0.0328387,2.515000e+01,-5.122076e+00,8.956935e-01,2.268081e-01,5.393446e-01,5.994764e-01
0.032871,2.515000e+01,-5.122177e+00,8.957111e-01,2.269785e-01,5.395562e-01,5.997033e-01
0.0329032,2.515000e+01,-5.122276e+00,8.957287e-01,2.272165e-01,5.403313e-01,5.994827e-01
0.0329355,2.515000e+01,-5.122397e+00,8.957498e-01,2.272669e-01,5.394457e-01,6.006144e-01
0.0329677,2.515000e+01,-5.122513e+00,8.957700e-01,2.269917e-01,5.391724e-01,6.002043e-01
0.033,2.515000e+01,-5.122619e+00,8.957885e-01,2.267563e-01,5.391292e-01,5.996421e-01
0.0330323,2.515000e+01,-5.122694e+00,8.958017e-01,2.265706e-01,5.404171e-01,5.977321e-01
0.0330645,2.515000e+01,-5.122784e+00,8.958175e-01,2.269702e-01,5.406609e-01,5.985269e-01
0.0330968,2.515000e+01,-5.122892e+00,8.958369e-01,2.272526e-01,5.404566e-01,5.995108e-01
0.033129,2.515000e+01,-5.123019e+00,8.958589e-01,2.275739e-01,5.403328e-01,6.005107e-01
0.0331613,2.515000e+01,-5.123167e+00,8.958844e-01,2.278349e-01,5.400227e-01,6.015624e-01
0.0331935,2.515000e+01,-5.123302e+00,8.959081e-01,2.275968e-01,5.398637e-01,6.011264e-01
0.0332258,2.515000e+01,-5.123435e+00,8.959310e-01,2.274052e-01,5.397905e-01,6.007169e-01
0.0332581,2.515000e+01,-5.123537e+00,8.959495e-01,2.269704e-01,5.407330e-01,5.985359e-01
0.0332903,2.515000e+01,-5.123633e+00,8.959662e-01,2.270630e-01,5.412295e-01,5.982414e-01
0.0333226,2.515000e+01,-5.123751e+00,8.959864e-01,2.272340e-01,5.406140e-01,5.993877e-01
0.0333548,2.515000e+01,-5.123858e+00,8.960058e-01,2.269334e-01,5.407540e-01,5.984520e-01
0.0333871,2.515000e+01,-5.123961e+00,8.960234e-01,2.267164e-01,5.407272e-01,5.979214e-01
0.0334194,2.515000e+01,-5.124090e+00,8.960462e-01,2.274803e-01,5.410668e-01,5.995747e-01
0.0334516,2.515000e+01,-5.124238e+00,8.960717e-01,2.275841e-01,5.405303e-01,6.004612e-01
0.0334839,2.515000e+01,-5.124375e+00,8.960955e-01,2.271144e-01,5.404550e-01,5.993214e-01
0.0335161,2.515000e+01,-5.124483e+00,8.961148e-01,2.267126e-01,5.411347e-01,5.975224e-01
0.0335484,2.515000e+01,-5.124627e+00,8.961403e-01,2.274170e-01,5.407656e-01,5.998049e-01
0.0335806,2.515000e+01,-5.124815e+00,8.961729e-01,2.283655e-01,5.406672e-01,6.024377e-01
0.0336129,2.515000e+01,-5.124991e+00,8.962037e-01,2.280239e-01,5.409941e-01,6.011938e-01
0.0336452,2.515000e+01,-5.125128e+00,8.962274e-01,2.270804e-01,5.413785e-01,5.982974e-01
0.0336774,2.515000e+01,-5.125277e+00,8.962538e-01,2.272213e-01,5.412553e-01,5.988221e-01
0.0337097,2.515000e+01,-5.125439e+00,8.962820e-01,2.271297e-01,5.405550e-01,5.993755e-01
0.0337419,2.515000e+01,-5.125625e+00,8.963145e-01,2.276604e-01,5.406361e-01,6.007071e-01
0.0337742,2.515000e+01,-5.125812e+00,8.963471e-01,2.279238e-01,5.412511e-01,6.007409e-01
0.0338065,2.515000e+01,-5.126018e+00,8.963831e-01,2.281647e-01,5.410468e-01,6.016271e-01
0.0338387,2.515000e+01,-5.126219e+00,8.964183e-01,2.279216e-01,5.410005e-01,6.010610e-01
0.033871,2.515000e+01,-5.126362e+00,8.964438e-01,2.265547e-01,5.413185e-01,5.971222e-01
0.0339032,2.515000e+01,-5.126519e+00,8.964711e-01,2.267653e-01,5.411252e-01,5.979089e-01
0.0339355,2.515000e+01,-5.126699e+00,8.965027e-01,2.273548e-01,5.409768e-01,5.996487e-01
0.0339677,2.515000e+01,-5.126905e+00,8.965379e-01,2.277793e-01,5.406535e-01,6.011521e-01
0.034,2.515000e+01,-5.127090e+00,8.965705e-01,2.276886e-01,5.415754e-01,5.999109e-01
0.0340323,2.515000e+01,-5.127235e+00,8.965960e-01,2.267459e-01,5.416891e-01,5.973189e-01
0.0340645,2.515000e+01,-5.127413e+00,8.966268e-01,2.271406e-01,5.409341e-01,5.992146e-01
0.0340968,2.515000e+01,-5.127615e+00,8.966628e-01,2.276560e-01,5.408751e-01,6.006632e-01
0.034129,2.515000e+01,-5.127828e+00,8.966998e-01,2.278355e-01,5.405345e-01,6.015409e-01
0.0341613,2.515000e+01,-5.128022e+00,8.967341e-01,2.274687e-01,5.406166e-01,6.005035e-01
0.0341935,2.515000e+01,-5.128201e+00,8.967649e-01,2.272916e-01,5.408309e-01,5.998195e-01
0.0342258,2.515000e+01,-5.128335e+00,8.967886e-01,2.266877e-01,5.416760e-01,5.973081e-01
0.0342581,2.515000e+01,-5.128499e+00,8.968168e-01,2.272497e-01,5.411510e-01,5.993891e-01
0.0342903,2.515000e+01,-5.128671e+00,8.968475e-01,2.273709e-01,5.409847e-01,5.999134e-01
0.0343226,2.515000e+01,-5.128870e+00,8.968818e-01,2.278164e-01,5.404502e-01,6.017063e-01
0.0343548,2.515000e+01,-5.129071e+00,8.969170e-01,2.282047e-01,5.408851e-01,6.022713e-01
0.0343871,2.515000e+01,-5.129235e+00,8.969461e-01,2.274497e-01,5.412263e-01,5.999191e-01
0.0344194,2.515000e+01,-5.129404e+00,8.969751e-01,2.275856e-01,5.410526e-01,6.004901e-01
0.0344516,2.515000e+01,-5.129577e+00,8.970059e-01,2.275986e-01,5.408551e-01,6.007642e-01
0.0344839,2.515000e+01,-5.129764e+00,8.970384e-01,2.277411e-01,5.403944e-01,6.016747e-01
0.0345161,2.515000e+01,-5.129958e+00,8.970718e-01,2.277445e-01,5.400880e-01,6.020476e-01
0.0345484,2.515000e+01,-5.130080e+00,8.970938e-01,2.262636e-01,5.406772e-01,5.974954e-01
0.0345806,2.515000e+01,-5.130199e+00,8.971141e-01,2.263639e-01,5.410326e-01,5.973816e-01
0.0346129,2.515000e+01,-5.130331e+00,8.971378e-01,2.267546e-01,5.412126e-01,5.982285e-01
0.0346452,2.515000e+01,-5.130498e+00,8.971668e-01,2.272542e-01,5.406845e-01,6.001518e-01
0.0346774,2.515000e+01,-5.130693e+00,8.972011e-01,2.277516e-01,5.402665e-01,6.019538e-01
0.0347097,2.515000e+01,-5.130881e+00,8.972337e-01,2.276004e-01,5.402660e-01,6.015765e-01
0.0347419,2.515000e+01,-5.131041e+00,8.972618e-01,2.270387e-01,5.405698e-01,5.997736e-01
0.0347742,2.515000e+01,-5.131203e+00,8.972900e-01,2.270219e-01,5.405908e-01,5.997248e-01
0.0348065,2.515000e+01,-5.131356e+00,8.973164e-01,2.269492e-01,5.408420e-01,5.992724e-01
0.0348387,2.515000e+01,-5.131529e+00,8.973471e-01,2.274572e-01,5.403639e-01,6.011652e-01
0.034871,2.515000e+01,-5.131711e+00,8.973788e-01,2.277619e-01,5.403829e-01,6.019709e-01
0.0349032,2.515000e+01,-5.131854e+00,8.974034e-01,2.268882e-01,5.400712e-01,6.000243e-01
0.0349355,2.515000e+01,-5.131980e+00,8.974254e-01,2.266242e-01,5.401085e-01,5.992997e-01
0.0349677,2.515000e+01,-5.132103e+00,8.974474e-01,2.267308e-01,5.402702e-01,5.994162e-01
0.035,2.515000e+01,-5.132251e+00,8.974729e-01,2.275692e-01,5.404624e-01,6.014365e-01
0.0350323,2.515000e+01,-5.132407e+00,8.975002e-01,2.279344e-01,5.405045e-01,6.023727e-01
0.0350645,2.515000e+01,-5.132533e+00,8.975222e-01,2.272078e-01,5.402049e-01,6.008003e-01
0.0350968,2.515000e+01,-5.132650e+00,8.975424e-01,2.271070e-01,5.400554e-01,6.007139e-01
0.035129,2.515000e+01,-5.132741e+00,8.975591e-01,2.264504e-01,5.397231e-01,5.993565e-01
0.0351613,2.515000e+01,-5.132847e+00,8.975776e-01,2.269475e-01,5.394952e-01,6.009381e-01
0.0351935,2.515000e+01,-5.132937e+00,8.975934e-01,2.270785e-01,5.402138e-01,6.004955e-01
0.0352258,2.515000e+01,-5.133033e+00,8.976101e-01,2.273637e-01,5.400901e-01,6.013991e-01
0.0352581,2.515000e+01,-5.133111e+00,8.976233e-01,2.270839e-01,5.398321e-01,6.009550e-01
0.0352903,2.515000e+01,-5.133160e+00,8.976321e-01,2.263045e-01,5.394283e-01,5.993461e-01
0.0353226,2.515000e+01,-5.133217e+00,8.976418e-01,2.265524e-01,5.392967e-01,6.001563e-01
0.0353548,2.515000e+01,-5.133281e+00,8.976532e-01,2.271000e-01,5.397116e-01,6.011517e-01
0.0353871,2.515000e+01,-5.133344e+00,8.976647e-01,2.272922e-01,5.397237e-01,6.016547e-01
0.0354194,2.515000e+01,-5.133372e+00,8.976691e-01,2.265366e-01,5.398221e-01,5.995483e-01
0.0354516,2.515000e+01,-5.133399e+00,8.976735e-01,2.263056e-01,5.391440e-01,5.996934e-01
0.0354839,2.515000e+01,-5.133411e+00,8.976761e-01,2.259437e-01,5.387770e-01,5.991435e-01
0.0355161,2.515000e+01,-5.133427e+00,8.976788e-01,2.262900e-01,5.388312e-01,6.000033e-01
0.0355484,2.515000e+01,-5.133443e+00,8.976814e-01,2.266583e-01,5.393182e-01,6.004392e-01
0.0355806,2.515000e+01,-5.133477e+00,8.976876e-01,2.274144e-01,5.394757e-01,6.022703e-01
0.0356129,2.515000e+01,-5.133504e+00,8.976919e-01,2.273598e-01,5.393646e-01,6.022525e-01
0.0356452,2.515000e+01,-5.133504e+00,8.976919e-01,2.265140e-01,5.387380e-01,6.007106e-01
0.0356774,2.515000e+01,-5.133503e+00,8.976919e-01,2.265438e-01,5.387491e-01,6.007767e-01
0.0357097,2.515000e+01,-5.133504e+00,8.976919e-01,2.267030e-01,5.388181e-01,6.011222e-01
0.0357419,2.515000e+01,-5.133519e+00,8.976946e-01,2.270494e-01,5.387401e-01,6.021295e-01
0.0357742,2.515000e+01,-5.133514e+00,8.976937e-01,2.267341e-01,5.389771e-01,6.010284e-01
0.0358065,2.515000e+01,-5.133491e+00,8.976902e-01,2.260968e-01,5.384669e-01,5.999041e-01
0.0358387,2.515000e+01,-5.133471e+00,8.976867e-01,2.262954e-01,5.384269e-01,6.004736e-01
0.035871,2.515000e+01,-5.133442e+00,8.976814e-01,2.262037e-01,5.385364e-01,6.001047e-01
0.0359032,2.515000e+01,-5.133425e+00,8.976788e-01,2.263802e-01,5.382394e-01,6.009024e-01
0.0359355,2.515000e+01,-5.133420e+00,8.976779e-01,2.267839e-01,5.384000e-01,6.017940e-01
0.0359677,2.515000e+01,-5.133409e+00,8.976752e-01,2.267745e-01,5.383274e-01,6.018488e-01
0.036,2.515000e+01,-5.133374e+00,8.976691e-01,2.262692e-01,5.382794e-01,6.005570e-01
0.0360323,2.515000e+01,-5.133312e+00,8.976585e-01,2.256135e-01,5.381252e-01,5.989811e-01
0.0360645,2.515000e+01,-5.133258e+00,8.976488e-01,2.257715e-01,5.380862e-01,5.994375e-01
0.0360968,2.515000e+01,-5.133232e+00,8.976445e-01,2.263958e-01,5.380762e-01,6.011035e-01
0.036129,2.515000e+01,-5.133209e+00,8.976409e-01,2.262373e-01,5.376145e-01,6.011958e-01
0.0361613,2.515000e+01,-5.133180e+00,8.976357e-01,2.260632e-01,5.373770e-01,6.009951e-01
0.0361935,2.515000e+01,-5.133158e+00,8.976321e-01,2.264297e-01,5.379177e-01,6.013619e-01
0.0362258,2.515000e+01,-5.133139e+00,8.976286e-01,2.266294e-01,5.382694e-01,6.014965e-01
0.0362581,2.515000e+01,-5.133127e+00,8.976260e-01,2.266901e-01,5.380599e-01,6.018909e-01
0.0362903,2.515000e+01,-5.133111e+00,8.976233e-01,2.264899e-01,5.377819e-01,6.016680e-01
0.0363226,2.515000e+01,-5.133101e+00,8.976216e-01,2.263994e-01,5.373665e-01,6.018919e-01
0.0363548,2.515000e+01,-5.133087e+00,8.976189e-01,2.263595e-01,5.375497e-01,6.015790e-01
0.0363871,2.515000e+01,-5.133059e+00,8.976145e-01,2.257443e-01,5.371080e-01,6.004342e-01
0.0364194,2.515000e+01,-5.133054e+00,8.976137e-01,2.261142e-01,5.368068e-01,6.017547e-01
0.0364516,2.515000e+01,-5.133043e+00,8.976119e-01,2.261527e-01,5.372117e-01,6.014024e-01
0.0364839,2.515000e+01,-5.133032e+00,8.976093e-01,2.262067e-01,5.373707e-01,6.013661e-01
0.0365161,2.515000e+01,-5.133022e+00,8.976084e-01,2.262142e-01,5.374591e-01,6.012861e-01
0.0365484,2.515000e+01,-5.133018e+00,8.976075e-01,2.261965e-01,5.373823e-01,6.013246e-01
0.0365806,2.515000e+01,-5.133037e+00,8.976101e-01,2.265158e-01,5.370521e-01,6.025458e-01
0.0366129,2.515000e+01,-5.133044e+00,8.976119e-01,2.259660e-01,5.368152e-01,6.013495e-01
0.0366452,2.515000e+01,-5.133045e+00,8.976119e-01,2.257072e-01,5.366910e-01,6.007999e-01
0.0366774,2.515000e+01,-5.133038e+00,8.976110e-01,2.255752e-01,5.368584e-01,6.002607e-01
0.0367097,2.515000e+01,-5.133039e+00,8.976110e-01,2.258952e-01,5.372822e-01,6.006379e-01
0.0367419,2.515000e+01,-5.133056e+00,8.976137e-01,2.261451e-01,5.372870e-01,6.012989e-01
0.0367742,2.515000e+01,-5.133097e+00,8.976207e-01,2.265948e-01,5.374376e-01,6.023305e-01
0.0368065,2.515000e+01,-5.133145e+00,8.976295e-01,2.264445e-01,5.368568e-01,6.025878e-01
0.0368387,2.515000e+01,-5.133187e+00,8.976365e-01,2.262203e-01,5.368716e-01,6.019794e-01
0.036871,2.515000e+01,-5.133236e+00,8.976453e-01,2.261269e-01,5.368105e-01,6.018054e-01
0.0369032,2.515000e+01,-5.133301e+00,8.976568e-01,2.264614e-01,5.370948e-01,6.023844e-01
0.0369355,2.515000e+01,-5.133382e+00,8.976708e-01,2.267543e-01,5.373407e-01,6.028967e-01
0.0369677,2.515000e+01,-5.133471e+00,8.976867e-01,2.265039e-01,5.367394e-01,6.029162e-01
0.037,2.515000e+01,-5.133582e+00,8.977060e-01,2.263110e-01,5.356211e-01,6.036734e-01
0.0370323,2.515000e+01,-5.133681e+00,8.977227e-01,2.260211e-01,5.360539e-01,6.024249e-01
0.0370645,2.515000e+01,-5.133772e+00,8.977394e-01,2.259840e-01,5.366294e-01,6.016910e-01
0.0370968,2.515000e+01,-5.133867e+00,8.977562e-01,2.261822e-01,5.371243e-01,6.016749e-01
0.037129,2.515000e+01,-5.133991e+00,8.977773e-01,2.265093e-01,5.368536e-01,6.028632e-01
0.0371613,2.515000e+01,-5.134124e+00,8.978010e-01,2.266794e-01,5.368521e-01,6.033335e-01
0.0371935,2.515000e+01,-5.134268e+00,8.978256e-01,2.265492e-01,5.362813e-01,6.036454e-01
0.0372258,2.515000e+01,-5.134412e+00,8.978512e-01,2.263582e-01,5.361350e-01,6.033185e-01
0.0372581,2.515000e+01,-5.134549e+00,8.978749e-01,2.261709e-01,5.365493e-01,6.023697e-01
0.0372903,2.515000e+01,-5.134689e+00,8.978995e-01,2.261695e-01,5.366251e-01,6.022971e-01
0.0373226,2.515000e+01,-5.134830e+00,8.979242e-01,2.261642e-01,5.365525e-01,6.023810e-01
0.0373548,2.515000e+01,-5.134986e+00,8.979514e-01,2.261857e-01,5.360481e-01,6.030238e-01
0.0373871,2.515000e+01,-5.135135e+00,8.979778e-01,2.260339e-01,5.362361e-01,6.024251e-01
0.0374194,2.515000e+01,-5.135286e+00,8.980042e-01,2.262580e-01,5.368084e-01,6.023976e-01
0.0374516,2.515000e+01,-5.135452e+00,8.980332e-01,2.266425e-01,5.371316e-01,6.030774e-01
0.0374839,2.515000e+01,-5.135631e+00,8.980640e-01,2.267080e-01,5.367884e-01,6.036583e-01
0.0375161,2.515000e+01,-5.135821e+00,8.980974e-01,2.269195e-01,5.369484e-01,6.040640e-01
0.0375484,2.515000e+01,-5.136021e+00,8.981326e-01,2.268652e-01,5.364045e-01,6.045549e-01
0.0375806,2.515000e+01,-5.136235e+00,8.981696e-01,2.268446e-01,5.360649e-01,6.049086e-01
0.0376129,2.515000e+01,-5.136455e+00,8.982083e-01,2.267489e-01,5.358291e-01,6.049456e-01
0.0376452,2.515000e+01,-5.136661e+00,8.982443e-01,2.265169e-01,5.361508e-01,6.039880e-01
0.0376774,2.515000e+01,-5.136863e+00,8.982795e-01,2.266065e-01,5.364524e-01,6.039106e-01
0.0377097,2.515000e+01,-5.137065e+00,8.983147e-01,2.268965e-01,5.370643e-01,6.040185e-01
0.0377419,2.515000e+01,-5.137269e+00,8.983508e-01,2.268865e-01,5.370790e-01,6.039992e-01
0.0377742,2.515000e+01,-5.137473e+00,8.983859e-01,2.269609e-01,5.372591e-01,6.040187e-01
0.0378065,2.515000e+01,-5.137704e+00,8.984264e-01,2.271992e-01,5.364314e-01,6.056130e-01
0.0378387,2.515000e+01,-5.137941e+00,8.984686e-01,2.273977e-01,5.365083e-01,6.060836e-01
0.037871,2.515000e+01,-5.138160e+00,8.985065e-01,2.269645e-01,5.365920e-01,6.048600e-01
0.0379032,2.515000e+01,-5.138357e+00,8.985408e-01,2.265579e-01,5.368294e-01,6.035329e-01
0.0379355,2.515000e+01,-5.138557e+00,8.985759e-01,2.267158e-01,5.371832e-01,6.035790e-01
0.0379677,2.515000e+01,-5.138771e+00,8.986129e-01,2.269635e-01,5.370190e-01,6.044486e-01
0.038,2.515000e+01,-5.138996e+00,8.986525e-01,2.272008e-01,5.369089e-01,6.052310e-01
0.0380323,2.515000e+01,-5.139211e+00,8.986903e-01,2.272089e-01,5.374560e-01,6.046617e-01
0.0380645,2.515000e+01,-5.139427e+00,8.987281e-01,2.272246e-01,5.376224e-01,6.045422e-01
0.0380968,2.515000e+01,-5.139642e+00,8.987659e-01,2.274017e-01,5.380041e-01,6.046095e-01
0.038129,2.515000e+01,-5.139863e+00,8.988046e-01,2.272670e-01,5.373707e-01,6.049890e-01
0.0381613,2.515000e+01,-5.140113e+00,8.988477e-01,2.275532e-01,5.364456e-01,6.068251e-01
0.0381935,2.515000e+01,-5.140366e+00,8.988926e-01,2.276676e-01,5.363177e-01,6.073052e-01
0.0382258,2.515000e+01,-5.140607e+00,8.989339e-01,2.277183e-01,5.367905e-01,6.069338e-01
0.0382581,2.515000e+01,-5.140801e+00,8.989682e-01,2.271930e-01,5.377561e-01,6.044691e-01
0.0382903,2.515000e+01,-5.140994e+00,8.990017e-01,2.273057e-01,5.378482e-01,6.046881e-01
0.0383226,2.515000e+01,-5.141202e+00,8.990386e-01,2.277826e-01,5.379193e-01,6.059014e-01
0.0383548,2.515000e+01,-5.141414e+00,8.990755e-01,2.279714e-01,5.379883e-01,6.063506e-01
0.0383871,2.515000e+01,-5.141631e+00,8.991134e-01,2.279785e-01,5.375755e-01,6.068609e-01
0.0384194,2.515000e+01,-5.141844e+00,8.991503e-01,2.280725e-01,5.378103e-01,6.068710e-01
0.0384516,2.515000e+01,-5.142055e+00,8.991873e-01,2.283408e-01,5.380857e-01,6.072986e-01
0.0384839,2.515000e+01,-5.142253e+00,8.992224e-01,2.280600e-01,5.378819e-01,6.068053e-01
0.0385161,2.515000e+01,-5.142462e+00,8.992585e-01,2.280058e-01,5.371174e-01,6.075492e-01
0.0385484,2.515000e+01,-5.142661e+00,8.992937e-01,2.279529e-01,5.374433e-01,6.070633e-01
0.0385806,2.515000e+01,-5.142848e+00,8.993262e-01,2.281183e-01,5.383216e-01,6.065349e-01
0.0386129,2.515000e+01,-5.143005e+00,8.993535e-01,2.278372e-01,5.389908e-01,6.050541e-01
0.0386452,2.515000e+01,-5.143161e+00,8.993808e-01,2.278613e-01,5.389192e-01,6.052167e-01
0.0386774,2.515000e+01,-5.143338e+00,8.994116e-01,2.282328e-01,5.384843e-01,6.067136e-01
0.0387097,2.515000e+01,-5.143520e+00,8.994441e-01,2.287320e-01,5.391292e-01,6.073346e-01
0.0387419,2.515000e+01,-5.143712e+00,8.994775e-01,2.287885e-01,5.384743e-01,6.082465e-01
0.0387742,2.515000e+01,-5.143902e+00,8.995109e-01,2.287984e-01,5.385274e-01,6.082356e-01
0.0388065,2.515000e+01,-5.144092e+00,8.995435e-01,2.288289e-01,5.386290e-01,6.082240e-01
0.0388387,2.515000e+01,-5.144271e+00,8.995752e-01,2.285888e-01,5.386896e-01,6.075383e-01
0.038871,2.515000e+01,-5.144453e+00,8.996068e-01,2.284001e-01,5.381936e-01,6.076180e-01
0.0389032,2.515000e+01,-5.144626e+00,8.996367e-01,2.285726e-01,5.391155e-01,6.070578e-01
0.0389355,2.515000e+01,-5.144801e+00,8.996675e-01,2.289721e-01,5.397663e-01,6.074061e-01
0.0389677,2.515000e+01,-5.144968e+00,8.996974e-01,2.289533e-01,5.399390e-01,6.071818e-01
0.039,2.515000e+01,-5.145170e+00,8.997326e-01,2.294922e-01,5.393198e-01,6.093334e-01
0.0390323,2.515000e+01,-5.145359e+00,8.997651e-01,2.294327e-01,5.398474e-01,6.086026e-01
0.0390645,2.515000e+01,-5.145524e+00,8.997942e-01,2.291327e-01,5.405050e-01,6.070864e-01
0.0390968,2.515000e+01,-5.145716e+00,8.998276e-01,2.292975e-01,5.393288e-01,6.088712e-01
0.039129,2.515000e+01,-5.145923e+00,8.998637e-01,2.295939e-01,5.391013e-01,6.099397e-01
0.0391613,2.515000e+01,-5.146139e+00,8.999015e-01,2.301196e-01,5.396742e-01,6.107128e-01
0.0391935,2.515000e+01,-5.146318e+00,8.999332e-01,2.295189e-01,5.403518e-01,6.083760e-01
0.0392258,2.515000e+01,-5.146486e+00,8.999622e-01,2.288703e-01,5.396020e-01,6.075198e-01
0.0392581,2.515000e+01,-5.146646e+00,8.999903e-01,2.288488e-01,5.400591e-01,6.069675e-01
0.0392903,2.515000e+01,-5.146801e+00,9.000176e-01,2.291807e-01,5.408778e-01,6.069461e-01
0.0393226,2.515000e+01,-5.146967e+00,9.000466e-01,2.298540e-01,5.414606e-01,6.080932e-01
0.0393548,2.515000e+01,-5.147174e+00,9.000827e-01,2.304098e-01,5.405450e-01,6.106207e-01
0.0393871,2.515000e+01,-5.147376e+00,9.001179e-01,2.303907e-01,5.406340e-01,6.104937e-01
0.0394194,2.515000e+01,-5.147542e+00,9.001469e-01,2.297746e-01,5.412548e-01,6.081823e-01
0.0394516,2.515000e+01,-5.147702e+00,9.001750e-01,2.292258e-01,5.404408e-01,6.076626e-01
0.0394839,2.515000e+01,-5.147882e+00,9.002067e-01,2.296475e-01,5.401486e-01,6.091307e-01
0.0395161,2.515000e+01,-5.148094e+00,9.002436e-01,2.304767e-01,5.402196e-01,6.112752e-01
0.0395484,2.515000e+01,-5.148288e+00,9.002771e-01,2.305128e-01,5.412432e-01,6.102382e-01
0.0395806,2.515000e+01,-5.148455e+00,9.003070e-01,2.302362e-01,5.421493e-01,6.085068e-01
0.0396129,2.515000e+01,-5.148613e+00,9.003342e-01,2.300641e-01,5.422809e-01,6.079229e-01
0.0396452,2.515000e+01,-5.148780e+00,9.003633e-01,2.302762e-01,5.422041e-01,6.085894e-01
0.0396774,2.515000e+01,-5.148971e+00,9.003967e-01,2.305299e-01,5.414959e-01,6.100791e-01
0.0397097,2.515000e+01,-5.149213e+00,9.004389e-01,2.312228e-01,5.400522e-01,6.135773e-01
0.0397419,2.515000e+01,-5.149446e+00,9.004803e-01,2.313319e-01,5.407103e-01,6.131479e-01
0.0397742,2.515000e+01,-5.149628e+00,9.005119e-01,2.308943e-01,5.423088e-01,6.102056e-01
0.0398065,2.515000e+01,-5.149757e+00,9.005339e-01,2.295994e-01,5.423141e-01,6.067923e-01
0.0398387,2.515000e+01,-5.149894e+00,9.005585e-01,2.295253e-01,5.417439e-01,6.072515e-01
0.039871,2.515000e+01,-5.150073e+00,9.005893e-01,2.304354e-01,5.414317e-01,6.100317e-01
0.0399032,2.515000e+01,-5.150261e+00,9.006228e-01,2.313092e-01,5.426326e-01,6.110120e-01
0.0399355,2.515000e+01,-5.150447e+00,9.006553e-01,2.314238e-01,5.426858e-01,6.112770e-01
0.0399677,2.515000e+01,-5.150602e+00,9.006817e-01,2.309155e-01,5.430065e-01,6.095925e-01
0.04,2.515000e+01,-5.150750e+00,9.007081e-01,2.307746e-01,5.431581e-01,6.090685e-01
0.0400333,2.515000e+01,-5.150936e+00,9.007406e-01,2.309680e-01,5.416307e-01,6.113198e-01
0.0400667,2.515000e+01,-5.151146e+00,9.007776e-01,2.315190e-01,5.414648e-01,6.129907e-01
0.0401,2.515000e+01,-5.151347e+00,9.008127e-01,2.315502e-01,5.418634e-01,6.126460e-01
0.0401333,2.515000e+01,-5.151518e+00,9.008426e-01,2.314243e-01,5.430275e-01,6.110211e-01
0.0401667,2.515000e+01,-5.151659e+00,9.008673e-01,2.310738e-01,5.436472e-01,6.094170e-01
0.0402,2.515000e+01,-5.151810e+00,9.008937e-01,2.312623e-01,5.436578e-01,6.099198e-01
0.0402333,2.515000e+01,-5.151940e+00,9.009157e-01,2.309656e-01,5.440437e-01,6.087204e-01
0.0402667,2.515000e+01,-5.152081e+00,9.009412e-01,2.312987e-01,5.437752e-01,6.099159e-01
0.0403,2.515000e+01,-5.152292e+00,9.009772e-01,2.324276e-01,5.424136e-01,6.144566e-01
0.0403333,2.515000e+01,-5.152509e+00,9.010159e-01,2.326518e-01,5.424436e-01,6.150412e-01
0.0403667,2.515000e+01,-5.152668e+00,9.010432e-01,2.319873e-01,5.439573e-01,6.115967e-01
0.0404,2.515000e+01,-5.152810e+00,9.010687e-01,2.315007e-01,5.439652e-01,6.103217e-01
0.0404333,2.515000e+01,-5.152965e+00,9.010951e-01,2.316085e-01,5.434651e-01,6.111867e-01
0.0404667,2.515000e+01,-5.153113e+00,9.011215e-01,2.314771e-01,5.433045e-01,6.110376e-01
0.0405,2.515000e+01,-5.153240e+00,9.011435e-01,2.316445e-01,5.443422e-01,6.103289e-01
0.0405333,2.515000e+01,-5.153388e+00,9.011690e-01,2.320889e-01,5.441701e-01,6.117110e-01
0.0405667,2.515000e+01,-5.153546e+00,9.011971e-01,2.323931e-01,5.442222e-01,6.124726e-01
0.0406,2.515000e+01,-5.153677e+00,9.012200e-01,2.320604e-01,5.449440e-01,6.108017e-01
0.0406333,2.515000e+01,-5.153802e+00,9.012420e-01,2.316788e-01,5.443069e-01,6.105253e-01
0.0406667,2.515000e+01,-5.153935e+00,9.012649e-01,2.320203e-01,5.439484e-01,6.118439e-01
0.0407,2.515000e+01,-5.154082e+00,9.012904e-01,2.324640e-01,5.438842e-01,6.131040e-01
0.0407333,2.515000e+01,-5.154213e+00,9.013132e-01,2.326088e-01,5.446618e-01,6.126257e-01
0.0407667,2.515000e+01,-5.154315e+00,9.013317e-01,2.320555e-01,5.448861e-01,6.109293e-01
0.0408,2.515000e+01,-5.154406e+00,9.013475e-01,2.318857e-01,5.448751e-01,6.105053e-01
0.0408333,2.515000e+01,-5.154488e+00,9.013616e-01,2.319810e-01,5.451420e-01,6.104667e-01
0.0408667,2.515000e+01,-5.154595e+00,9.013801e-01,2.325051e-01,5.447945e-01,6.122488e-01
0.0409,2.515000e+01,-5.154725e+00,9.014030e-01,2.331176e-01,5.447803e-01,6.138936e-01
0.0409333,2.515000e+01,-5.154845e+00,9.014241e-01,2.330377e-01,5.451320e-01,6.133013e-01
0.0409667,2.515000e+01,-5.154932e+00,9.014390e-01,2.325290e-01,5.457522e-01,6.112776e-01
0.041,2.515000e+01,-5.155018e+00,9.014540e-01,2.319908e-01,5.447155e-01,6.110332e-01
0.0410333,2.515000e+01,-5.155116e+00,9.014716e-01,2.323689e-01,5.446086e-01,6.121611e-01
0.0410667,2.515000e+01,-5.155216e+00,9.014892e-01,2.329103e-01,5.453068e-01,6.128134e-01
0.0411,2.515000e+01,-5.155307e+00,9.015050e-01,2.331931e-01,5.461034e-01,6.126732e-01
0.0411333,2.515000e+01,-5.155391e+00,9.015199e-01,2.329326e-01,5.458802e-01,6.122493e-01
0.0411667,2.515000e+01,-5.155476e+00,9.015340e-01,2.328197e-01,5.455279e-01,6.123578e-01
0.0412,2.515000e+01,-5.155551e+00,9.015472e-01,2.327814e-01,5.460945e-01,6.116305e-01
0.0412333,2.515000e+01,-5.155640e+00,9.015630e-01,2.329761e-01,5.459776e-01,6.122840e-01
0.0412667,2.515000e+01,-5.155724e+00,9.015780e-01,2.330668e-01,5.464404e-01,6.120138e-01
0.0413,2.515000e+01,-5.155807e+00,9.015921e-01,2.330181e-01,5.464972e-01,6.118320e-01
0.0413333,2.515000e+01,-5.155897e+00,9.016079e-01,2.328621e-01,5.459944e-01,6.119959e-01
0.0413667,2.515000e+01,-5.155997e+00,9.016255e-01,2.326551e-01,5.451699e-01,6.123885e-01
0.0414,2.515000e+01,-5.156103e+00,9.016440e-01,2.329641e-01,5.455664e-01,6.127690e-01
0.0414333,2.515000e+01,-5.156192e+00,9.016598e-01,2.330317e-01,5.465683e-01,6.118336e-01
0.0414667,2.515000e+01,-5.156268e+00,9.016730e-01,2.330009e-01,5.471022e-01,6.111649e-01
0.0415,2.515000e+01,-5.156348e+00,9.016871e-01,2.330098e-01,5.468916e-01,6.114328e-01
0.0415333,2.515000e+01,-5.156436e+00,9.017020e-01,2.329573e-01,5.466736e-01,6.115495e-01
0.0415667,2.515000e+01,-5.156556e+00,9.017231e-01,2.333382e-01,5.459528e-01,6.133722e-01
0.0416,2.515000e+01,-5.156687e+00,9.017460e-01,2.336044e-01,5.459913e-01,6.140445e-01
0.0416333,2.515000e+01,-5.156815e+00,9.017689e-01,2.337376e-01,5.463951e-01,6.139556e-01
0.0416667,2.515000e+01,-5.156926e+00,9.017882e-01,2.335427e-01,5.470985e-01,6.126681e-01
0.0417,2.515000e+01,-5.157031e+00,9.018067e-01,2.333195e-01,5.470632e-01,6.121346e-01
0.0417333,2.515000e+01,-5.157141e+00,9.018252e-01,2.332316e-01,5.466683e-01,6.123593e-01
0.0417667,2.515000e+01,-5.157239e+00,9.018427e-01,2.330735e-01,5.468426e-01,6.117606e-01
0.0418,2.515000e+01,-5.157334e+00,9.018595e-01,2.332474e-01,5.475066e-01,6.114855e-01
0.0418333,2.515000e+01,-5.157429e+00,9.018762e-01,2.332360e-01,5.474497e-01,6.115306e-01
0.0418667,2.515000e+01,-5.157533e+00,9.018938e-01,2.333535e-01,5.475466e-01,6.117427e-01
0.0419,2.515000e+01,-5.157656e+00,9.019158e-01,2.334512e-01,5.468711e-01,6.127695e-01
0.0419333,2.515000e+01,-5.157786e+00,9.019386e-01,2.333307e-01,5.463646e-01,6.130367e-01
0.0419667,2.515000e+01,-5.157913e+00,9.019606e-01,2.331229e-01,5.462250e-01,6.126622e-01
0.042,2.515000e+01,-5.158029e+00,9.019808e-01,2.331355e-01,5.471143e-01,6.117132e-01
0.0420333,2.515000e+01,-5.158137e+00,9.020002e-01,2.332935e-01,5.480604e-01,6.110835e-01
0.0420667,2.515000e+01,-5.158251e+00,9.020195e-01,2.332055e-01,5.479720e-01,6.109652e-01
0.0421,2.515000e+01,-5.158367e+00,9.020398e-01,2.331659e-01,5.480689e-01,6.107674e-01
0.0421333,2.515000e+01,-5.158495e+00,9.020626e-01,2.332641e-01,5.476608e-01,6.114950e-01
0.0421667,2.515000e+01,-5.158664e+00,9.020917e-01,2.337015e-01,5.467010e-01,6.137374e-01
0.0422,2.515000e+01,-5.158857e+00,9.021260e-01,2.339527e-01,5.466378e-01,6.144907e-01
0.0422333,2.515000e+01,-5.159040e+00,9.021576e-01,2.339442e-01,5.476408e-01,6.133654e-01
0.0422667,2.515000e+01,-5.159207e+00,9.021867e-01,2.334884e-01,5.481973e-01,6.115684e-01
0.0423,2.515000e+01,-5.159371e+00,9.022157e-01,2.333020e-01,5.482252e-01,6.110683e-01
0.0423333,2.515000e+01,-5.159551e+00,9.022474e-01,2.333286e-01,5.476603e-01,6.117899e-01
0.0423667,2.515000e+01,-5.159748e+00,9.022817e-01,2.335428e-01,5.476598e-01,6.123754e-01
0.0424,2.515000e+01,-5.159945e+00,9.023160e-01,2.338125e-01,5.485543e-01,6.121067e-01
0.0424333,2.515000e+01,-5.160143e+00,9.023503e-01,2.336398e-01,5.483479e-01,6.119083e-01
0.0424667,2.515000e+01,-5.160338e+00,9.023846e-01,2.335585e-01,5.485206e-01,6.115254e-01
0.0425,2.515000e+01,-5.160548e+00,9.024215e-01,2.333540e-01,5.477661e-01,6.118565e-01
0.0425333,2.515000e+01,-5.160790e+00,9.024637e-01,2.336342e-01,5.469806e-01,6.134996e-01
0.0425667,2.515000e+01,-5.161047e+00,9.025086e-01,2.337120e-01,5.467858e-01,6.139535e-01
0.0426,2.515000e+01,-5.161263e+00,9.025464e-01,2.333359e-01,5.482610e-01,6.113417e-01
0.0426333,2.515000e+01,-5.161437e+00,9.025772e-01,2.327934e-01,5.494094e-01,6.086656e-01
0.0426667,2.515000e+01,-5.161635e+00,9.026115e-01,2.330385e-01,5.488697e-01,6.099292e-01
0.0427,2.515000e+01,-5.161865e+00,9.026520e-01,2.334904e-01,5.482653e-01,6.118132e-01
0.0427333,2.515000e+01,-5.162107e+00,9.026942e-01,2.336231e-01,5.479336e-01,6.125598e-01
0.0427667,2.515000e+01,-5.162348e+00,9.027364e-01,2.335790e-01,5.478046e-01,6.126174e-01
0.0428,2.515000e+01,-5.162565e+00,9.027742e-01,2.333914e-01,5.484285e-01,6.114544e-01
0.0428333,2.515000e+01,-5.162790e+00,9.028138e-01,2.337714e-01,5.489697e-01,6.118727e-01
0.0428667,2.515000e+01,-5.163026e+00,9.028552e-01,2.338763e-01,5.488434e-01,6.123166e-01
0.0429,2.515000e+01,-5.163274e+00,9.028983e-01,2.337812e-01,5.480231e-01,6.130128e-01
0.0429333,2.515000e+01,-5.163515e+00,9.029405e-01,2.334674e-01,5.476613e-01,6.126232e-01
0.0429667,2.515000e+01,-5.163718e+00,9.029757e-01,2.329613e-01,5.486391e-01,6.102296e-01
0.043,2.515000e+01,-5.163929e+00,9.030126e-01,2.333084e-01,5.491751e-01,6.105672e-01
0.0430323,2.515000e+01,-5.164145e+00,9.030504e-01,2.336403e-01,5.497600e-01,6.108108e-01
0.0430645,2.515000e+01,-5.164374e+00,9.030900e-01,2.338534e-01,5.491940e-01,6.120250e-01
0.0430968,2.515000e+01,-5.164614e+00,9.031322e-01,2.339736e-01,5.487407e-01,6.128740e-01
0.043129,2.515000e+01,-5.164856e+00,9.031744e-01,2.338479e-01,5.482321e-01,6.131419e-01
0.0431613,2.515000e+01,-5.165091e+00,9.032158e-01,2.336079e-01,5.482116e-01,6.125632e-01
0.0431935,2.515000e+01,-5.165310e+00,9.032545e-01,2.333223e-01,5.488918e-01,6.110821e-01
0.0432258,2.515000e+01,-5.165515e+00,9.032897e-01,2.332108e-01,5.497105e-01,6.099042e-01
0.0432581,2.515000e+01,-5.165749e+00,9.033310e-01,2.335217e-01,5.490513e-01,6.114785e-01
0.0432903,2.515000e+01,-5.165961e+00,9.033680e-01,2.330235e-01,5.490998e-01,6.101450e-01
0.0433226,2.515000e+01,-5.166169e+00,9.034040e-01,2.327638e-01,5.489318e-01,6.096763e-01
0.0433548,2.515000e+01,-5.166400e+00,9.034445e-01,2.334246e-01,5.493172e-01,6.110056e-01
0.0433871,2.515000e+01,-5.166650e+00,9.034885e-01,2.336447e-01,5.490050e-01,6.119590e-01
0.0434194,2.515000e+01,-5.166902e+00,9.035324e-01,2.333230e-01,5.485006e-01,6.117085e-01
0.0434516,2.515000e+01,-5.167115e+00,9.035694e-01,2.326142e-01,5.490387e-01,6.092772e-01
0.0434839,2.515000e+01,-5.167353e+00,9.036116e-01,2.333125e-01,5.490792e-01,6.110892e-01
0.0435161,2.515000e+01,-5.167640e+00,9.036617e-01,2.344604e-01,5.490113e-01,6.142062e-01
0.0435484,2.515000e+01,-5.167924e+00,9.037110e-01,2.342857e-01,5.490034e-01,6.137908e-01
0.0435806,2.515000e+01,-5.168154e+00,9.037515e-01,2.330432e-01,5.495210e-01,6.099877e-01
0.0436129,2.515000e+01,-5.168383e+00,9.037919e-01,2.329408e-01,5.493214e-01,6.099689e-01
0.0436452,2.515000e+01,-5.168627e+00,9.038341e-01,2.329639e-01,5.485764e-01,6.108863e-01
0.0436774,2.515000e+01,-5.168896e+00,9.038808e-01,2.335110e-01,5.485380e-01,6.123954e-01
0.0437097,2.515000e+01,-5.169161e+00,9.039274e-01,2.338344e-01,5.493873e-01,6.123270e-01
0.0437419,2.515000e+01,-5.169441e+00,9.039766e-01,2.340208e-01,5.491572e-01,6.131057e-01
0.0437742,2.515000e+01,-5.169729e+00,9.040268e-01,2.339754e-01,5.487960e-01,6.134239e-01
0.0438065,2.515000e+01,-5.169953e+00,9.040664e-01,2.324165e-01,5.491424e-01,6.089785e-01
0.0438387,2.515000e+01,-5.170180e+00,9.041059e-01,2.324902e-01,5.490419e-01,6.093102e-01
0.043871,2.515000e+01,-5.170430e+00,9.041490e-01,2.330253e-01,5.489244e-01,6.108729e-01
0.0439032,2.515000e+01,-5.170709e+00,9.041983e-01,2.334830e-01,5.486554e-01,6.124058e-01
0.0439355,2.515000e+01,-5.170985e+00,9.042467e-01,2.336114e-01,5.491393e-01,6.122352e-01
0.0439677,2.515000e+01,-5.171203e+00,9.042845e-01,2.323415e-01,5.493678e-01,6.086796e-01
0.044,2.515000e+01,-5.171442e+00,9.043267e-01,2.326272e-01,5.487628e-01,6.101284e-01
0.0440323,2.515000e+01,-5.171714e+00,9.043742e-01,2.332837e-01,5.485533e-01,6.121160e-01
0.0440645,2.515000e+01,-5.172002e+00,9.044244e-01,2.335097e-01,5.483648e-01,6.129535e-01
0.0440968,2.515000e+01,-5.172280e+00,9.044727e-01,2.332325e-01,5.482321e-01,6.124077e-01
0.044129,2.515000e+01,-5.172538e+00,9.045185e-01,2.327164e-01,5.481484e-01,6.111758e-01
0.0441613,2.515000e+01,-5.172755e+00,9.045563e-01,2.322377e-01,5.491951e-01,6.087818e-01
0.0441935,2.515000e+01,-5.172998e+00,9.045985e-01,2.327233e-01,5.488097e-01,6.105121e-01
0.0442258,2.515000e+01,-5.173245e+00,9.046416e-01,2.328327e-01,5.486775e-01,6.109754e-01
0.0442581,2.515000e+01,-5.173520e+00,9.046900e-01,2.332185e-01,5.480031e-01,6.127731e-01
0.0442903,2.515000e+01,-5.173804e+00,9.047392e-01,2.337383e-01,5.484232e-01,6.137025e-01
0.0443226,2.515000e+01,-5.174053e+00,9.047832e-01,2.330229e-01,5.485717e-01,6.116878e-01
0.0443548,2.515000e+01,-5.174292e+00,9.048246e-01,2.328304e-01,5.485217e-01,6.112667e-01
0.0443871,2.515000e+01,-5.174543e+00,9.048685e-01,2.330334e-01,5.483126e-01,6.120623e-01
0.0444194,2.515000e+01,-5.174803e+00,9.049143e-01,2.330868e-01,5.478188e-01,6.127854e-01
0.0444516,2.515000e+01,-5.175085e+00,9.049635e-01,2.334763e-01,5.475134e-01,6.141848e-01
0.0444839,2.515000e+01,-5.175283e+00,9.049978e-01,2.316378e-01,5.478804e-01,6.089638e-01
0.0445161,2.515000e+01,-5.175472e+00,9.050313e-01,2.315945e-01,5.481563e-01,6.085660e-01
0.0445484,2.515000e+01,-5.175659e+00,9.050638e-01,2.317113e-01,5.485438e-01,6.084645e-01
0.0445806,2.515000e+01,-5.175887e+00,9.051034e-01,2.324849e-01,5.481010e-01,6.110160e-01
0.0446129,2.515000e+01,-5.176150e+00,9.051500e-01,2.331132e-01,5.475661e-01,6.132972e-01
0.0446452,2.515000e+01,-5.176400e+00,9.051931e-01,2.328088e-01,5.475102e-01,6.125884e-01
0.0446774,2.515000e+01,-5.176629e+00,9.052336e-01,2.322290e-01,5.475255e-01,6.110730e-01
0.0447097,2.515000e+01,-5.176850e+00,9.052723e-01,2.321111e-01,5.477851e-01,6.104991e-01
0.0447419,2.515000e+01,-5.177069e+00,9.053101e-01,2.320633e-01,5.477840e-01,6.104002e-01
0.0447742,2.515000e+01,-5.177307e+00,9.053523e-01,2.324809e-01,5.476366e-01,6.116916e-01
0.0448065,2.515000e+01,-5.177564e+00,9.053972e-01,2.328915e-01,5.474734e-01,6.129851e-01
0.0448387,2.515000e+01,-5.177803e+00,9.054385e-01,2.323072e-01,5.472454e-01,6.117299e-01
0.044871,2.515000e+01,-5.178020e+00,9.054763e-01,2.316823e-01,5.471401e-01,6.102277e-01
0.0449032,2.515000e+01,-5.178227e+00,9.055133e-01,2.315291e-01,5.472075e-01,6.097732e-01
0.0449355,2.515000e+01,-5.178464e+00,9.055546e-01,2.324332e-01,5.473670e-01,6.120040e-01
0.0449677,2.515000e+01,-5.178721e+00,9.055995e-01,2.331701e-01,5.476103e-01,6.137021e-01
0.045,2.515000e+01,-5.178942e+00,9.056382e-01,2.322451e-01,5.472259e-01,6.117228e-01
0.0450323,2.515000e+01,-5.179157e+00,9.056751e-01,2.320924e-01,5.469590e-01,6.116442e-01
0.0450645,2.515000e+01,-5.179343e+00,9.057077e-01,2.313227e-01,5.465915e-01,6.100477e-01
0.0450968,2.515000e+01,-5.179544e+00,9.057429e-01,2.318147e-01,5.463598e-01,6.116279e-01
0.045129,2.515000e+01,-5.179734e+00,9.057763e-01,2.319786e-01,5.469800e-01,6.113892e-01
0.0451613,2.515000e+01,-5.179927e+00,9.058106e-01,2.322598e-01,5.470032e-01,6.121269e-01
0.0451935,2.515000e+01,-5.180109e+00,9.058423e-01,2.320626e-01,5.467937e-01,6.118634e-01
0.0452258,2.515000e+01,-5.180258e+00,9.058678e-01,2.312679e-01,5.463214e-01,6.103125e-01
0.0452581,2.515000e+01,-5.180404e+00,9.058933e-01,2.313160e-01,5.461113e-01,6.106915e-01
0.0452903,2.515000e+01,-5.180556e+00,9.059205e-01,2.318608e-01,5.464425e-01,6.117771e-01
0.0453226,2.515000e+01,-5.180713e+00,9.059478e-01,2.320496e-01,5.463724e-01,6.123718e-01
0.0453548,2.515000e+01,-5.180834e+00,9.059689e-01,2.315346e-01,5.469769e-01,6.103520e-01
0.0453871,2.515000e+01,-5.180950e+00,9.059891e-01,2.311154e-01,5.459934e-01,6.103579e-01
0.0454194,2.515000e+01,-5.181053e+00,9.060067e-01,2.307543e-01,5.456132e-01,6.098410e-01
0.0454516,2.515000e+01,-5.181157e+00,9.060252e-01,2.309075e-01,5.455169e-01,6.103658e-01
0.0454839,2.515000e+01,-5.181265e+00,9.060446e-01,2.313658e-01,5.460076e-01,6.110404e-01
0.0455161,2.515000e+01,-5.181389e+00,9.060657e-01,2.320481e-01,5.463214e-01,6.125055e-01
0.0455484,2.515000e+01,-5.181518e+00,9.060885e-01,2.322884e-01,5.462450e-01,6.132405e-01
0.0455806,2.515000e+01,-5.181617e+00,9.061061e-01,2.313694e-01,5.455911e-01,6.115584e-01
0.0456129,2.515000e+01,-5.181709e+00,9.061220e-01,2.312642e-01,5.454411e-01,6.114587e-01
0.0456452,2.515000e+01,-5.181799e+00,9.061378e-01,2.313345e-01,5.455485e-01,6.115353e-01
0.0456774,2.515000e+01,-5.181901e+00,9.061554e-01,2.316308e-01,5.454384e-01,6.124539e-01
0.0457097,2.515000e+01,-5.181994e+00,9.061721e-01,2.315322e-01,5.456675e-01,6.119474e-01
0.0457419,2.515000e+01,-5.182061e+00,9.061835e-01,2.306546e-01,5.451699e-01,6.101922e-01
0.0457742,2.515000e+01,-5.182136e+00,9.061967e-01,2.309004e-01,5.449956e-01,6.110464e-01
0.0458065,2.515000e+01,-5.182202e+00,9.062082e-01,2.308273e-01,5.451741e-01,6.106610e-01
0.0458387,2.515000e+01,-5.182281e+00,9.062214e-01,2.310000e-01,5.447345e-01,6.116202e-01
0.045871,2.515000e+01,-5.182363e+00,9.062363e-01,2.313600e-01,5.450372e-01,6.122424e-01
0.0459032,2.515000e+01,-5.182442e+00,9.062504e-01,2.314573e-01,5.450783e-01,6.124636e-01
0.0459355,2.515000e+01,-5.182503e+00,9.062609e-01,2.311106e-01,5.450198e-01,6.116190e-01
0.0459677,2.515000e+01,-5.182522e+00,9.062645e-01,2.300305e-01,5.446076e-01,6.092236e-01
0.046,2.515000e+01,-5.182546e+00,9.062680e-01,2.301305e-01,5.444702e-01,6.096449e-01
0.0460323,2.515000e+01,-5.182592e+00,9.062759e-01,2.308236e-01,5.446644e-01,6.112680e-01
0.0460645,2.515000e+01,-5.182642e+00,9.062847e-01,2.307541e-01,5.443670e-01,6.114237e-01
0.0460968,2.515000e+01,-5.182694e+00,9.062944e-01,2.306417e-01,5.439442e-01,6.116076e-01
0.046129,2.515000e+01,-5.182742e+00,9.063023e-01,2.308347e-01,5.443970e-01,6.116158e-01
0.0461613,2.515000e+01,-5.182794e+00,9.063120e-01,2.311296e-01,5.446450e-01,6.121241e-01
0.0461935,2.515000e+01,-5.182844e+00,9.063199e-01,2.310824e-01,5.446529e-01,6.119967e-01
0.0462258,2.515000e+01,-5.182893e+00,9.063287e-01,2.310119e-01,5.444881e-01,6.120007e-01
0.0462581,2.515000e+01,-5.182947e+00,9.063383e-01,2.308201e-01,5.438189e-01,6.122514e-01
0.0462903,2.515000e+01,-5.183000e+00,9.063471e-01,2.309041e-01,5.441084e-01,6.121546e-01
0.0463226,2.515000e+01,-5.183039e+00,9.063542e-01,2.302248e-01,5.436583e-01,6.108635e-01
0.0463548,2.515000e+01,-5.183098e+00,9.063647e-01,2.304368e-01,5.432476e-01,6.118952e-01
0.0463871,2.515000e+01,-5.183151e+00,9.063744e-01,2.304849e-01,5.436177e-01,6.116128e-01
0.0464194,2.515000e+01,-5.183203e+00,9.063832e-01,2.305784e-01,5.438405e-01,6.116166e-01
0.0464516,2.515000e+01,-5.183255e+00,9.063920e-01,2.306221e-01,5.439131e-01,6.116569e-01
0.0464839,2.515000e+01,-5.183313e+00,9.064026e-01,2.306420e-01,5.438262e-01,6.118139e-01
0.0465161,2.515000e+01,-5.183384e+00,9.064149e-01,2.308166e-01,5.435856e-01,6.125563e-01
0.0465484,2.515000e+01,-5.183442e+00,9.064245e-01,2.302808e-01,5.433903e-01,6.113615e-01
0.0465806,2.515000e+01,-5.183493e+00,9.064333e-01,2.297934e-01,5.428396e-01,6.106918e-01
0.0466129,2.515000e+01,-5.183538e+00,9.064421e-01,2.298230e-01,5.430739e-01,6.105125e-01
0.0466452,2.515000e+01,-5.183596e+00,9.064518e-01,2.302379e-01,5.434866e-01,6.111567e-01
0.0466774,2.515000e+01,-5.183663e+00,9.064632e-01,2.304673e-01,5.437120e-01,6.115207e-01
0.0467097,2.515000e+01,-5.183741e+00,9.064773e-01,2.306914e-01,5.438373e-01,6.119832e-01
0.0467419,2.515000e+01,-5.183834e+00,9.064932e-01,2.306352e-01,5.431707e-01,6.125956e-01
0.0467742,2.515000e+01,-5.183922e+00,9.065090e-01,2.304526e-01,5.430997e-01,6.122012e-01
0.0468065,2.515000e+01,-5.184010e+00,9.065239e-01,2.303338e-01,5.429538e-01,6.120602e-01
0.0468387,2.515000e+01,-5.184103e+00,9.065407e-01,2.304827e-01,5.432281e-01,6.121580e-01
0.046871,2.515000e+01,-5.184206e+00,9.065582e-01,2.308544e-01,5.436730e-01,6.126557e-01
0.0469032,2.515000e+01,-5.184310e+00,9.065767e-01,2.306161e-01,5.431760e-01,6.125956e-01
0.0469355,2.515000e+01,-5.184438e+00,9.065987e-01,2.302812e-01,5.416170e-01,6.134815e-01
0.0469677,2.515000e+01,-5.184551e+00,9.066189e-01,2.300189e-01,5.420372e-01,6.123213e-01
0.047,2.515000e+01,-5.184656e+00,9.066374e-01,2.300443e-01,5.426342e-01,6.117271e-01
0.0470323,2.515000e+01,-5.184763e+00,9.066559e-01,2.303031e-01,5.432576e-01,6.117256e-01
0.0470645,2.515000e+01,-5.184886e+00,9.066770e-01,2.304518e-01,5.429686e-01,6.124606e-01
0.0470968,2.515000e+01,-5.185016e+00,9.066999e-01,2.305373e-01,5.427785e-01,6.129180e-01
0.047129,2.515000e+01,-5.185157e+00,9.067245e-01,2.305432e-01,5.423041e-01,6.134867e-01
0.0471613,2.515000e+01,-5.185292e+00,9.067482e-01,2.301935e-01,5.420798e-01,6.128254e-01
0.0471935,2.515000e+01,-5.185423e+00,9.067711e-01,2.301810e-01,5.424499e-01,6.123896e-01
0.0472258,2.515000e+01,-5.185552e+00,9.067940e-01,2.300696e-01,5.425584e-01,6.119859e-01
0.0472581,2.515000e+01,-5.185682e+00,9.068168e-01,2.299537e-01,5.422420e-01,6.120497e-01
0.0472903,2.515000e+01,-5.185820e+00,9.068406e-01,2.298980e-01,5.419118e-01,6.122906e-01
0.0473226,2.515000e+01,-5.185955e+00,9.068643e-01,2.297741e-01,5.419282e-01,6.119585e-01
0.0473548,2.515000e+01,-5.186097e+00,9.068890e-01,2.300999e-01,5.424168e-01,6.122911e-01
0.0473871,2.515000e+01,-5.186242e+00,9.069145e-01,2.302842e-01,5.428348e-01,6.123261e-01
0.0474194,2.515000e+01,-5.186399e+00,9.069417e-01,2.303389e-01,5.424294e-01,6.129483e-01
0.0474516,2.515000e+01,-5.186568e+00,9.069717e-01,2.305659e-01,5.424615e-01,6.135356e-01
0.0474839,2.515000e+01,-5.186743e+00,9.070024e-01,2.305125e-01,5.421593e-01,6.137561e-01
0.0475161,2.515000e+01,-5.186927e+00,9.070341e-01,2.303198e-01,5.416181e-01,6.138782e-01
0.0475484,2.515000e+01,-5.187118e+00,9.070675e-01,2.302350e-01,5.412395e-01,6.141038e-01
0.0475806,2.515000e+01,-5.187294e+00,9.070983e-01,2.298998e-01,5.413932e-01,6.130564e-01
0.0476129,2.515000e+01,-5.187470e+00,9.071291e-01,2.300841e-01,5.417128e-01,6.132062e-01
0.0476452,2.515000e+01,-5.187645e+00,9.071599e-01,2.302981e-01,5.423346e-01,6.130939e-01
0.0476774,2.515000e+01,-5.187823e+00,9.071907e-01,2.303428e-01,5.423225e-01,6.132478e-01
0.0477097,2.515000e+01,-5.187994e+00,9.072206e-01,2.302693e-01,5.426068e-01,6.127507e-01
0.0477419,2.515000e+01,-5.188192e+00,9.072558e-01,2.304262e-01,5.416449e-01,6.142804e-01
0.0477742,2.515000e+01,-5.188400e+00,9.072918e-01,2.306187e-01,5.415586e-01,6.149165e-01
0.0478065,2.515000e+01,-5.188594e+00,9.073261e-01,2.303187e-01,5.415638e-01,6.141338e-01
0.0478387,2.515000e+01,-5.188767e+00,9.073560e-01,2.298680e-01,5.417723e-01,6.127163e-01
0.047871,2.515000e+01,-5.188937e+00,9.073859e-01,2.298463e-01,5.420092e-01,6.124109e-01
0.0479032,2.515000e+01,-5.189114e+00,9.074167e-01,2.299715e-01,5.418534e-01,6.129417e-01
0.0479355,2.515000e+01,-5.189303e+00,9.074493e-01,2.301348e-01,5.415896e-01,6.136983e-01
0.0479677,2.515000e+01,-5.189481e+00,9.074809e-01,2.302733e-01,5.421751e-01,6.134252e-01
0.048,2.515000e+01,-5.189655e+00,9.075108e-01,2.302246e-01,5.423015e-01,6.131731e-01
0.0480323,2.515000e+01,-5.189826e+00,9.075416e-01,2.303484e-01,5.425710e-01,6.132184e-01
0.0480645,2.515000e+01,-5.189999e+00,9.075715e-01,2.301830e-01,5.421672e-01,6.132548e-01
0.0480968,2.515000e+01,-5.190195e+00,9.076058e-01,2.302845e-01,5.409831e-01,6.148914e-01
0.048129,2.515000e+01,-5.190394e+00,9.076401e-01,2.302458e-01,5.406619e-01,6.151765e-01
0.0481613,2.515000e+01,-5.190587e+00,9.076744e-01,2.303689e-01,5.409467e-01,6.152043e-01
0.0481935,2.515000e+01,-5.190742e+00,9.077017e-01,2.300502e-01,5.420003e-01,6.131772e-01
0.0482258,2.515000e+01,-5.190891e+00,9.077272e-01,2.300826e-01,5.421072e-01,6.131605e-01
0.0482581,2.515000e+01,-5.191051e+00,9.077554e-01,2.304331e-01,5.421772e-01,6.140345e-01
0.0482903,2.515000e+01,-5.191213e+00,9.077835e-01,2.305854e-01,5.421293e-01,6.145135e-01
0.0483226,2.515000e+01,-5.191371e+00,9.078117e-01,2.303969e-01,5.416744e-01,6.145455e-01
0.0483548,2.515000e+01,-5.191525e+00,9.078380e-01,2.303720e-01,5.416417e-01,6.145343e-01
0.0483871,2.515000e+01,-5.191679e+00,9.078653e-01,2.307259e-01,5.420888e-01,6.149893e-01
0.0484194,2.515000e+01,-5.191823e+00,9.078908e-01,2.305953e-01,5.418613e-01,6.149164e-01
0.0484516,2.515000e+01,-5.191976e+00,9.079172e-01,2.304658e-01,5.410263e-01,6.155377e-01
0.0484839,2.515000e+01,-5.192113e+00,9.079410e-01,2.302511e-01,5.411800e-01,6.148056e-01
0.0485161,2.515000e+01,-5.192238e+00,9.079630e-01,2.303498e-01,5.418450e-01,6.143292e-01
0.0485484,2.515000e+01,-5.192332e+00,9.079797e-01,2.301693e-01,5.428090e-01,6.127685e-01
0.0485806,2.515000e+01,-5.192427e+00,9.079964e-01,2.302111e-01,5.426958e-01,6.130189e-01
0.0486129,2.515000e+01,-5.192542e+00,9.080157e-01,2.305499e-01,5.422341e-01,6.144573e-01
0.0486452,2.515000e+01,-5.192655e+00,9.080360e-01,2.307777e-01,5.425805e-01,6.146852e-01
0.0486774,2.515000e+01,-5.192776e+00,9.080571e-01,2.308440e-01,5.421277e-01,6.153901e-01
0.0487097,2.515000e+01,-5.192899e+00,9.080782e-01,2.307107e-01,5.419466e-01,6.152544e-01
0.0487419,2.515000e+01,-5.193024e+00,9.081002e-01,2.307960e-01,5.419561e-01,6.154861e-01
0.0487742,2.515000e+01,-5.193144e+00,9.081213e-01,2.306946e-01,5.420619e-01,6.151096e-01
0.0488065,2.515000e+01,-5.193266e+00,9.081424e-01,2.304610e-01,5.415249e-01,6.151104e-01
0.0488387,2.515000e+01,-5.193377e+00,9.081626e-01,2.305743e-01,5.422825e-01,6.145663e-01
0.048871,2.515000e+01,-5.193484e+00,9.081811e-01,2.308413e-01,5.430544e-01,6.144162e-01
0.0489032,2.515000e+01,-5.193579e+00,9.081978e-01,2.307639e-01,5.432471e-01,6.140035e-01
0.0489355,2.515000e+01,-5.193705e+00,9.082198e-01,2.311791e-01,5.424889e-01,6.159827e-01
0.0489677,2.515000e+01,-5.193824e+00,9.082400e-01,2.312130e-01,5.428238e-01,6.157075e-01
0.049,2.515000e+01,-5.193918e+00,9.082567e-01,2.309348e-01,5.433650e-01,6.143647e-01
0.0490323,2.515000e+01,-5.194015e+00,9.082734e-01,2.308742e-01,5.428511e-01,6.147966e-01
0.0490645,2.515000e+01,-5.194133e+00,9.082946e-01,2.311320e-01,5.420429e-01,6.164149e-01
0.0490968,2.515000e+01,-5.194260e+00,9.083165e-01,2.316471e-01,5.424241e-01,6.173694e-01
0.049129,2.515000e+01,-5.194355e+00,9.083333e-01,2.312815e-01,5.431465e-01,6.155865e-01
0.0491613,2.515000e+01,-5.194434e+00,9.083473e-01,2.306102e-01,5.424842e-01,6.145591e-01
0.0491935,2.515000e+01,-5.194505e+00,9.083596e-01,2.304900e-01,5.427158e-01,6.139846e-01
0.0492258,2.515000e+01,-5.194567e+00,9.083702e-01,2.306311e-01,5.434145e-01,6.135776e-01
0.0492581,2.515000e+01,-5.194623e+00,9.083799e-01,2.311185e-01,5.444617e-01,6.136988e-01
0.0492903,2.515000e+01,-5.194724e+00,9.083975e-01,2.317661e-01,5.430928e-01,6.169814e-01
0.0493226,2.515000e+01,-5.194825e+00,9.084151e-01,2.317267e-01,5.430739e-01,6.169097e-01
0.0493548,2.515000e+01,-5.194896e+00,9.084283e-01,2.312927e-01,5.437362e-01,6.150132e-01
0.0493871,2.515000e+01,-5.194947e+00,9.084371e-01,2.305750e-01,5.433229e-01,6.135768e-01
0.0494194,2.515000e+01,-5.195022e+00,9.084502e-01,2.309584e-01,5.427279e-01,6.152796e-01
0.0494516,2.515000e+01,-5.195123e+00,9.084678e-01,2.316531e-01,5.426990e-01,6.171754e-01
0.0494839,2.515000e+01,-5.195214e+00,9.084837e-01,2.318952e-01,5.434308e-01,6.169994e-01
0.0495161,2.515000e+01,-5.195264e+00,9.084925e-01,2.313918e-01,5.444101e-01,6.145583e-01
0.0495484,2.515000e+01,-5.195301e+00,9.084986e-01,2.312301e-01,5.446339e-01,6.138809e-01
0.0495806,2.515000e+01,-5.195346e+00,9.085065e-01,2.314170e-01,5.445049e-01,6.145282e-01
0.0496129,2.515000e+01,-5.195397e+00,9.085153e-01,2.314835e-01,5.442611e-01,6.149860e-01
0.0496452,2.515000e+01,-5.195513e+00,9.085356e-01,2.321491e-01,5.421514e-01,6.191679e-01
0.0496774,2.515000e+01,-5.195620e+00,9.085540e-01,2.321685e-01,5.426042e-01,6.187158e-01
0.0497097,2.515000e+01,-5.195688e+00,9.085664e-01,2.320229e-01,5.441448e-01,6.165855e-01
0.0497419,2.515000e+01,-5.195694e+00,9.085672e-01,2.308200e-01,5.446818e-01,6.127845e-01
0.0497742,2.515000e+01,-5.195702e+00,9.085690e-01,2.306062e-01,5.439816e-01,6.130062e-01
0.0498065,2.515000e+01,-5.195748e+00,9.085769e-01,2.313194e-01,5.435962e-01,6.153434e-01
0.0498387,2.515000e+01,-5.195810e+00,9.085875e-01,2.322171e-01,5.445381e-01,6.166701e-01
0.049871,2.515000e+01,-5.195869e+00,9.085980e-01,2.322742e-01,5.446023e-01,6.167558e-01
0.0499032,2.515000e+01,-5.195899e+00,9.086033e-01,2.317830e-01,5.449119e-01,6.151057e-01
0.0499355,2.515000e+01,-5.195916e+00,9.086059e-01,2.315540e-01,5.450541e-01,6.143395e-01
0.0499677,2.515000e+01,-5.195956e+00,9.086130e-01,2.317034e-01,5.444275e-01,6.154480e-01
0.05,2.515000e+01,-5.196031e+00,9.086262e-01,2.322027e-01,5.435014e-01,6.178344e-01
0.0500333,2.515000e+01,-5.196101e+00,9.086385e-01,2.321346e-01,5.430175e-01,6.182121e-01
0.0500667,2.515000e+01,-5.196148e+00,9.086464e-01,2.321736e-01,5.442685e-01,6.169002e-01
0.0501,2.515000e+01,-5.196157e+00,9.086482e-01,2.317518e-01,5.453963e-01,6.145069e-01
0.0501333,2.515000e+01,-5.196177e+00,9.086517e-01,2.319437e-01,5.454021e-01,6.150119e-01
0.0501667,2.515000e+01,-5.196182e+00,9.086526e-01,2.316426e-01,5.455005e-01,6.141034e-01
0.0502,2.515000e+01,-5.196187e+00,9.086534e-01,2.317550e-01,5.456501e-01,6.142331e-01
0.0502333,2.515000e+01,-5.196253e+00,9.086649e-01,2.325885e-01,5.440995e-01,6.182071e-01
0.0502667,2.515000e+01,-5.196334e+00,9.086789e-01,2.330196e-01,5.440010e-01,6.194746e-01
0.0503,2.515000e+01,-5.196379e+00,9.086869e-01,2.326695e-01,5.449398e-01,6.174838e-01
0.0503333,2.515000e+01,-5.196385e+00,9.086877e-01,2.320438e-01,5.456811e-01,6.149871e-01
0.0503667,2.515000e+01,-5.196405e+00,9.086921e-01,2.321063e-01,5.449835e-01,6.159426e-01
0.0504,2.515000e+01,-5.196420e+00,9.086948e-01,2.320065e-01,5.446960e-01,6.160045e-01
0.0504333,2.515000e+01,-5.196410e+00,9.086921e-01,2.320014e-01,5.454716e-01,6.151140e-01
0.0504667,2.515000e+01,-5.196402e+00,9.086913e-01,2.322475e-01,5.456322e-01,6.155843e-01
0.0505,2.515000e+01,-5.196416e+00,9.086939e-01,2.327274e-01,5.455263e-01,6.169773e-01
0.0505333,2.515000e+01,-5.196400e+00,9.086904e-01,2.324394e-01,5.460271e-01,6.156474e-01
0.0505667,2.515000e+01,-5.196369e+00,9.086851e-01,2.319982e-01,5.457048e-01,6.148378e-01
0.0506,2.515000e+01,-5.196353e+00,9.086825e-01,2.321963e-01,5.451399e-01,6.159986e-01
0.0506333,2.515000e+01,-5.196349e+00,9.086816e-01,2.325053e-01,5.450335e-01,6.169382e-01
0.0506667,2.515000e+01,-5.196339e+00,9.086798e-01,2.327721e-01,5.456364e-01,6.169625e-01
0.0507,2.515000e+01,-5.196299e+00,9.086728e-01,2.322493e-01,5.459602e-01,6.152070e-01
0.0507333,2.515000e+01,-5.196251e+00,9.086649e-01,2.321900e-01,5.458554e-01,6.151623e-01
0.0507667,2.515000e+01,-5.196183e+00,9.086526e-01,2.319816e-01,5.460708e-01,6.143595e-01
0.0508,2.515000e+01,-5.196131e+00,9.086438e-01,2.324067e-01,5.459102e-01,6.156606e-01
0.0508333,2.515000e+01,-5.196107e+00,9.086394e-01,2.329791e-01,5.456101e-01,6.175131e-01
0.0508667,2.515000e+01,-5.196071e+00,9.086332e-01,2.328743e-01,5.458907e-01,6.169138e-01
0.0509,2.515000e+01,-5.196015e+00,9.086235e-01,2.326308e-01,5.463798e-01,6.157105e-01
0.0509333,2.515000e+01,-5.195952e+00,9.086130e-01,2.321864e-01,5.458101e-01,6.151688e-01
0.0509667,2.515000e+01,-5.195898e+00,9.086033e-01,2.322754e-01,5.454600e-01,6.157929e-01
0.051,2.515000e+01,-5.195851e+00,9.085945e-01,2.325572e-01,5.457817e-01,6.161710e-01
0.0510333,2.515000e+01,-5.195798e+00,9.085857e-01,2.329805e-01,5.467510e-01,6.161918e-01
0.0510667,2.515000e+01,-5.195740e+00,9.085751e-01,2.328433e-01,5.465162e-01,6.160866e-01
0.0511,2.515000e+01,-5.195674e+00,9.085637e-01,2.326640e-01,5.462203e-01,6.159381e-01
0.0511333,2.515000e+01,-5.195601e+00,9.085514e-01,2.326644e-01,5.465399e-01,6.155702e-01
0.0511667,2.515000e+01,-5.195523e+00,9.085373e-01,2.326769e-01,5.465941e-01,6.155332e-01
0.0512,2.515000e+01,-5.195442e+00,9.085233e-01,2.327403e-01,5.468400e-01,6.154143e-01
0.0512333,2.515000e+01,-5.195353e+00,9.085074e-01,2.325558e-01,5.468310e-01,6.149256e-01
0.0512667,2.515000e+01,-5.195267e+00,9.084925e-01,2.325710e-01,5.465857e-01,6.152318e-01
0.0513,2.515000e+01,-5.195191e+00,9.084793e-01,2.324494e-01,5.457817e-01,6.158073e-01
0.0513333,2.515000e+01,-5.195123e+00,9.084678e-01,2.326589e-01,5.457791e-01,6.163569e-01
0.0513667,2.515000e+01,-5.195036e+00,9.084520e-01,2.326379e-01,5.466436e-01,6.153165e-01
0.0514,2.515000e+01,-5.194931e+00,9.084335e-01,2.325520e-01,5.472923e-01,6.143479e-01
0.0514333,2.515000e+01,-5.194829e+00,9.084159e-01,2.325262e-01,5.471580e-01,6.144180e-01
0.0514667,2.515000e+01,-5.194731e+00,9.083992e-01,2.324102e-01,5.468437e-01,6.144533e-01
0.0515,2.515000e+01,-5.194657e+00,9.083860e-01,2.327885e-01,5.464314e-01,6.159090e-01
0.0515333,2.515000e+01,-5.194603e+00,9.083764e-01,2.330715e-01,5.460523e-01,6.170791e-01
0.0515667,2.515000e+01,-5.194544e+00,9.083667e-01,2.330897e-01,5.463224e-01,6.168154e-01
0.0516,2.515000e+01,-5.194467e+00,9.083526e-01,2.329494e-01,5.470990e-01,6.155595e-01
0.0516333,2.515000e+01,-5.194381e+00,9.083377e-01,2.327068e-01,5.470395e-01,6.149756e-01
0.0516667,2.515000e+01,-5.194300e+00,9.083236e-01,2.326958e-01,5.468384e-01,6.151629e-01
0.0517,2.515000e+01,-5.194215e+00,9.083086e-01,2.325268e-01,5.466547e-01,6.149128e-01
0.0517333,2.515000e+01,-5.194116e+00,9.082910e-01,2.325152e-01,5.473881e-01,6.140467e-01
0.0517667,2.515000e+01,-5.194025e+00,9.082752e-01,2.325886e-01,5.473528e-01,6.142694e-01
0.0518,2.515000e+01,-5.193936e+00,9.082603e-01,2.326300e-01,5.475071e-01,6.141953e-01
0.0518333,2.515000e+01,-5.193868e+00,9.082479e-01,2.327631e-01,5.470069e-01,6.151001e-01
0.0518667,2.515000e+01,-5.193809e+00,9.082374e-01,2.326167e-01,5.462371e-01,6.155728e-01
0.0519,2.515000e+01,-5.193749e+00,9.082268e-01,2.325086e-01,5.461192e-01,6.154121e-01
0.0519333,2.515000e+01,-5.193683e+00,9.082154e-01,2.325015e-01,5.466441e-01,6.147951e-01
0.0519667,2.515000e+01,-5.193595e+00,9.082004e-01,2.324432e-01,5.476624e-01,6.134874e-01
0.052,2.515000e+01,-5.193512e+00,9.081855e-01,2.324596e-01,5.477677e-01,6.134026e-01
0.0520333,2.515000e+01,-5.193423e+00,9.081705e-01,2.324083e-01,5.478330e-01,6.131841e-01
0.0520667,2.515000e+01,-5.193341e+00,9.081556e-01,2.323270e-01,5.474529e-01,6.133855e-01
0.0521,2.515000e+01,-5.193298e+00,9.081485e-01,2.326544e-01,5.465367e-01,6.152743e-01
0.0521333,2.515000e+01,-5.193284e+00,9.081459e-01,2.330702e-01,5.462566e-01,6.166886e-01
0.0521667,2.515000e+01,-5.193265e+00,9.081424e-01,2.330404e-01,5.468116e-01,6.159818e-01
0.0522,2.515000e+01,-5.193222e+00,9.081354e-01,2.326307e-01,5.477640e-01,6.138243e-01
0.0522333,2.515000e+01,-5.193172e+00,9.081266e-01,2.323523e-01,5.478462e-01,6.129924e-01
0.0522667,2.515000e+01,-5.193142e+00,9.081213e-01,2.324614e-01,5.473497e-01,6.138324e-01
0.0523,2.515000e+01,-5.193127e+00,9.081186e-01,2.326220e-01,5.471117e-01,6.145218e-01
0.0523333,2.515000e+01,-5.193105e+00,9.081142e-01,2.327258e-01,5.479051e-01,6.139033e-01
0.0523667,2.515000e+01,-5.193092e+00,9.081125e-01,2.327742e-01,5.478293e-01,6.141145e-01
0.0524,2.515000e+01,-5.193069e+00,9.081081e-01,2.325090e-01,5.478493e-01,6.133894e-01
0.0524333,2.515000e+01,-5.193053e+00,9.081054e-01,2.323511e-01,5.474839e-01,6.133807e-01
0.0524667,2.515000e+01,-5.193069e+00,9.081081e-01,2.325636e-01,5.465130e-01,6.150337e-01
0.0525,2.515000e+01,-5.193106e+00,9.081151e-01,2.328092e-01,5.462492e-01,6.159850e-01
0.0525333,2.515000e+01,-5.193123e+00,9.081178e-01,2.326179e-01,5.471075e-01,6.145154e-01
0.0525667,2.515000e+01,-5.193079e+00,9.081098e-01,2.317739e-01,5.486296e-01,6.105819e-01
0.0526,2.515000e+01,-5.193047e+00,9.081046e-01,2.318756e-01,5.484027e-01,6.110985e-01
0.0526333,2.515000e+01,-5.193048e+00,9.081046e-01,2.323210e-01,5.478109e-01,6.129343e-01
0.0526667,2.515000e+01,-5.193067e+00,9.081081e-01,2.324784e-01,5.471901e-01,6.140472e-01
0.0527,2.515000e+01,-5.193090e+00,9.081125e-01,2.325326e-01,5.471464e-01,6.142429e-01
0.0527333,2.515000e+01,-5.193092e+00,9.081125e-01,2.323333e-01,5.476556e-01,6.131460e-01
0.0527667,2.515000e+01,-5.193097e+00,9.081134e-01,2.325888e-01,5.480004e-01,6.134341e-01
0.0528,2.515000e+01,-5.193097e+00,9.081134e-01,2.326187e-01,5.483663e-01,6.131035e-01
0.0528333,2.515000e+01,-5.193117e+00,9.081169e-01,2.326429e-01,5.474249e-01,6.142243e-01
0.0528667,2.515000e+01,-5.193133e+00,9.081195e-01,2.324487e-01,5.470237e-01,6.141636e-01
0.0529,2.515000e+01,-5.193114e+00,9.081160e-01,2.320443e-01,5.475582e-01,6.124945e-01
0.0529333,2.515000e+01,-5.193081e+00,9.081107e-01,2.320451e-01,5.483890e-01,6.115646e-01
0.0529667,2.515000e+01,-5.193065e+00,9.081072e-01,2.324166e-01,5.484248e-01,6.125021e-01
0.053,2.515000e+01,-5.193064e+00,9.081072e-01,2.327151e-01,5.482495e-01,6.134846e-01
0.0530323,2.515000e+01,-5.193077e+00,9.081098e-01,2.329198e-01,5.486259e-01,6.136044e-01
0.0530645,2.515000e+01,-5.193099e+00,9.081134e-01,2.328039e-01,5.475687e-01,6.144855e-01
0.0530968,2.515000e+01,-5.193108e+00,9.081151e-01,2.324640e-01,5.474950e-01,6.136725e-01
0.053129,2.515000e+01,-5.193102e+00,9.081142e-01,2.322573e-01,5.479204e-01,6.126503e-01
0.0531613,2.515000e+01,-5.193064e+00,9.081072e-01,2.319259e-01,5.489876e-01,6.105819e-01
0.0531935,2.515000e+01,-5.193051e+00,9.081054e-01,2.323097e-01,5.484258e-01,6.122174e-01
0.0532258,2.515000e+01,-5.193017e+00,9.080993e-01,2.319502e-01,5.483732e-01,6.113246e-01
0.0532581,2.515000e+01,-5.192977e+00,9.080923e-01,2.316794e-01,5.479762e-01,6.110489e-01
0.0532903,2.515000e+01,-5.192937e+00,9.080852e-01,2.319612e-01,5.486154e-01,6.110744e-01
0.0533226,2.515000e+01,-5.192922e+00,9.080826e-01,2.323543e-01,5.483748e-01,6.123767e-01
0.0533548,2.515000e+01,-5.192920e+00,9.080826e-01,2.322955e-01,5.477614e-01,6.129074e-01
0.0533871,2.515000e+01,-5.192881e+00,9.080755e-01,2.315581e-01,5.481573e-01,6.105156e-01
0.0534194,2.515000e+01,-5.192851e+00,9.080703e-01,2.319667e-01,5.483879e-01,6.113320e-01
0.0534516,2.515000e+01,-5.192868e+00,9.080729e-01,2.329330e-01,5.481236e-01,6.141773e-01
0.0534839,2.515000e+01,-5.192897e+00,9.080782e-01,2.330713e-01,5.480031e-01,6.146804e-01
0.0535161,2.515000e+01,-5.192873e+00,9.080738e-01,2.319981e-01,5.487944e-01,6.109649e-01
0.0535484,2.515000e+01,-5.192840e+00,9.080685e-01,2.317123e-01,5.485838e-01,6.104426e-01
0.0535806,2.515000e+01,-5.192825e+00,9.080659e-01,2.318537e-01,5.478651e-01,6.116144e-01
0.0536129,2.515000e+01,-5.192825e+00,9.080659e-01,2.321360e-01,5.476382e-01,6.126131e-01
0.0536452,2.515000e+01,-5.192819e+00,9.080650e-01,2.323525e-01,5.484374e-01,6.122903e-01
0.0536774,2.515000e+01,-5.192831e+00,9.080667e-01,2.327081e-01,5.483458e-01,6.133310e-01
0.0537097,2.515000e+01,-5.192858e+00,9.080711e-01,2.327667e-01,5.479351e-01,6.139484e-01
0.0537419,2.515000e+01,-5.192830e+00,9.080667e-01,2.314789e-01,5.482452e-01,6.102032e-01
0.0537742,2.515000e+01,-5.192793e+00,9.080606e-01,2.311624e-01,5.481605e-01,6.094586e-01
0.0538065,2.515000e+01,-5.192775e+00,9.080571e-01,2.314932e-01,5.480241e-01,6.104806e-01
0.0538387,2.515000e+01,-5.192780e+00,9.080579e-01,2.320971e-01,5.478925e-01,6.122207e-01
0.053871,2.515000e+01,-5.192791e+00,9.080597e-01,2.322522e-01,5.479472e-01,6.125698e-01
0.0539032,2.515000e+01,-5.192751e+00,9.080527e-01,2.312806e-01,5.485585e-01,6.093228e-01
0.0539355,2.515000e+01,-5.192723e+00,9.080474e-01,2.313865e-01,5.480478e-01,6.101666e-01
0.0539677,2.515000e+01,-5.192717e+00,9.080465e-01,2.317168e-01,5.475782e-01,6.115613e-01
0.054,2.515000e+01,-5.192730e+00,9.080492e-01,2.320898e-01,5.474365e-01,6.127054e-01
0.0540323,2.515000e+01,-5.192738e+00,9.080500e-01,2.319449e-01,5.474044e-01,6.123594e-01
0.0540645,2.515000e+01,-5.192728e+00,9.080483e-01,2.314658e-01,5.472085e-01,6.113126e-01
0.0540968,2.515000e+01,-5.192688e+00,9.080421e-01,2.313088e-01,5.483527e-01,6.096186e-01
0.054129,2.515000e+01,-5.192650e+00,9.080351e-01,2.311413e-01,5.479846e-01,6.095820e-01
0.0541613,2.515000e+01,-5.192622e+00,9.080298e-01,2.313577e-01,5.478025e-01,6.103521e-01
0.0541935,2.515000e+01,-5.192621e+00,9.080298e-01,2.317223e-01,5.470953e-01,6.121041e-01
0.0542258,2.515000e+01,-5.192634e+00,9.080324e-01,2.322051e-01,5.472933e-01,6.131589e-01
0.0542581,2.515000e+01,-5.192623e+00,9.080307e-01,2.317702e-01,5.476108e-01,6.116543e-01
0.0542903,2.515000e+01,-5.192592e+00,9.080245e-01,2.313914e-01,5.476629e-01,6.105931e-01
0.0543226,2.515000e+01,-5.192574e+00,9.080219e-01,2.316279e-01,5.473654e-01,6.115473e-01
0.0543548,2.515000e+01,-5.192565e+00,9.080201e-01,2.315912e-01,5.468837e-01,6.119878e-01
0.0543871,2.515000e+01,-5.192579e+00,9.080228e-01,2.319167e-01,5.464541e-01,6.133311e-01
0.0544194,2.515000e+01,-5.192530e+00,9.080140e-01,2.306065e-01,5.469374e-01,6.093213e-01
0.0544516,2.515000e+01,-5.192464e+00,9.080025e-01,2.303714e-01,5.471148e-01,6.084952e-01
0.0544839,2.515000e+01,-5.192379e+00,9.079876e-01,2.301466e-01,5.475876e-01,6.073667e-01
0.0545161,2.515000e+01,-5.192336e+00,9.079805e-01,2.308856e-01,5.471601e-01,6.097882e-01
0.0545484,2.515000e+01,-5.192324e+00,9.079779e-01,2.315099e-01,5.465867e-01,6.120771e-01
0.0545806,2.515000e+01,-5.192299e+00,9.079735e-01,2.313030e-01,5.465162e-01,6.116061e-01
0.0546129,2.515000e+01,-5.192265e+00,9.079673e-01,2.310493e-01,5.464672e-01,6.109858e-01
0.0546452,2.515000e+01,-5.192210e+00,9.079586e-01,2.306672e-01,5.467136e-01,6.096942e-01
0.0546774,2.515000e+01,-5.192163e+00,9.079498e-01,2.306566e-01,5.465262e-01,6.098698e-01
0.0547097,2.515000e+01,-5.192117e+00,9.079418e-01,2.308145e-01,5.467447e-01,6.100380e-01
0.0547419,2.515000e+01,-5.192094e+00,9.079374e-01,2.311764e-01,5.463130e-01,6.114743e-01
0.0547742,2.515000e+01,-5.192065e+00,9.079330e-01,2.310204e-01,5.462440e-01,6.111357e-01
0.0548065,2.515000e+01,-5.192003e+00,9.079216e-01,2.302394e-01,5.460571e-01,6.092705e-01
0.0548387,2.515000e+01,-5.191932e+00,9.079093e-01,2.300912e-01,5.461387e-01,6.087794e-01
0.054871,2.515000e+01,-5.191883e+00,9.079014e-01,2.307995e-01,5.462319e-01,6.105434e-01
0.0549032,2.515000e+01,-5.191852e+00,9.078952e-01,2.314162e-01,5.464630e-01,6.119123e-01
0.0549355,2.515000e+01,-5.191797e+00,9.078855e-01,2.308547e-01,5.461761e-01,6.107419e-01
0.0549677,2.515000e+01,-5.191734e+00,9.078750e-01,2.305889e-01,5.458923e-01,6.103479e-01
0.055,2.515000e+01,-5.191649e+00,9.078600e-01,2.298938e-01,5.454700e-01,6.089695e-01
0.0550323,2.515000e+01,-5.191578e+00,9.078477e-01,2.302095e-01,5.452210e-01,6.100754e-01
0.0550645,2.515000e+01,-5.191501e+00,9.078345e-01,2.304031e-01,5.456643e-01,6.100839e-01
0.0550968,2.515000e+01,-5.191425e+00,9.078205e-01,2.306489e-01,5.459002e-01,6.104615e-01
0.055129,2.515000e+01,-5.191344e+00,9.078064e-01,2.305332e-01,5.457054e-01,6.103639e-01
0.0551613,2.515000e+01,-5.191240e+00,9.077888e-01,2.299100e-01,5.451652e-01,6.093046e-01
0.0551935,2.515000e+01,-5.191126e+00,9.077686e-01,2.297135e-01,5.449661e-01,6.089931e-01
0.0552258,2.515000e+01,-5.191021e+00,9.077501e-01,2.302634e-01,5.451783e-01,6.102009e-01
0.0552581,2.515000e+01,-5.190917e+00,9.077316e-01,2.304467e-01,5.451646e-01,6.106894e-01
0.0552903,2.515000e+01,-5.190782e+00,9.077087e-01,2.300513e-01,5.457764e-01,6.089427e-01
0.0553226,2.515000e+01,-5.190636e+00,9.076832e-01,2.294110e-01,5.448524e-01,6.082608e-01
0.0553548,2.515000e+01,-5.190486e+00,9.076569e-01,2.292184e-01,5.444696e-01,6.081597e-01
0.0553871,2.515000e+01,-5.190336e+00,9.076305e-01,2.293946e-01,5.443301e-01,6.087652e-01
0.0554194,2.515000e+01,-5.190191e+00,9.076050e-01,2.297635e-01,5.446171e-01,6.094061e-01
0.0554516,2.515000e+01,-5.190050e+00,9.075803e-01,2.302036e-01,5.450751e-01,6.100438e-01
0.0554839,2.515000e+01,-5.189921e+00,9.075575e-01,2.306633e-01,5.450467e-01,6.112787e-01
0.0555161,2.515000e+01,-5.189768e+00,9.075311e-01,2.299062e-01,5.444612e-01,6.099096e-01
0.0555484,2.515000e+01,-5.189606e+00,9.075029e-01,2.296263e-01,5.441353e-01,6.095132e-01
0.0555806,2.515000e+01,-5.189440e+00,9.074739e-01,2.297353e-01,5.443169e-01,6.095793e-01
0.0556129,2.515000e+01,-5.189286e+00,9.074466e-01,2.299800e-01,5.441743e-01,6.103705e-01
0.0556452,2.515000e+01,-5.189129e+00,9.074194e-01,2.300657e-01,5.443501e-01,6.103822e-01
0.0556774,2.515000e+01,-5.188936e+00,9.073859e-01,2.290157e-01,5.440500e-01,6.079087e-01
0.0557097,2.515000e+01,-5.188758e+00,9.073543e-01,2.293007e-01,5.437683e-01,6.089594e-01
0.0557419,2.515000e+01,-5.188573e+00,9.073217e-01,2.293132e-01,5.439494e-01,6.087683e-01
0.0557742,2.515000e+01,-5.188400e+00,9.072918e-01,2.293847e-01,5.434824e-01,6.094610e-01
0.0558065,2.515000e+01,-5.188225e+00,9.072610e-01,2.295781e-01,5.437199e-01,6.096883e-01
0.0558387,2.515000e+01,-5.188044e+00,9.072294e-01,2.296586e-01,5.438305e-01,6.097563e-01
0.055871,2.515000e+01,-5.187855e+00,9.071968e-01,2.295602e-01,5.437278e-01,6.095883e-01
0.0559032,2.515000e+01,-5.187631e+00,9.071572e-01,2.286330e-01,5.434687e-01,6.073897e-01
0.0559355,2.515000e+01,-5.187408e+00,9.071185e-01,2.286993e-01,5.432566e-01,6.077768e-01
0.0559677,2.515000e+01,-5.187194e+00,9.070807e-01,2.290917e-01,5.434408e-01,6.085878e-01
0.056,2.515000e+01,-5.186982e+00,9.070438e-01,2.290502e-01,5.432076e-01,6.087139e-01
0.0560323,2.515000e+01,-5.186777e+00,9.070077e-01,2.289591e-01,5.427258e-01,6.089882e-01
0.0560645,2.515000e+01,-5.186572e+00,9.069725e-01,2.291535e-01,5.430159e-01,6.091555e-01
0.0560968,2.515000e+01,-5.186373e+00,9.069373e-01,2.294916e-01,5.432829e-01,6.097308e-01
0.056129,2.515000e+01,-5.186170e+00,9.069022e-01,2.294842e-01,5.434877e-01,6.094578e-01
0.0561613,2.515000e+01,-5.185962e+00,9.068652e-01,2.293501e-01,5.433397e-01,6.092429e-01
0.0561935,2.515000e+01,-5.185760e+00,9.068300e-01,2.291774e-01,5.425784e-01,6.096146e-01
0.0562258,2.515000e+01,-5.185558e+00,9.067949e-01,2.293117e-01,5.428038e-01,6.096948e-01
0.0562581,2.515000e+01,-5.185341e+00,9.067570e-01,2.287525e-01,5.424731e-01,6.085535e-01
0.0562903,2.515000e+01,-5.185137e+00,9.067210e-01,2.287380e-01,5.420582e-01,6.089564e-01
0.0563226,2.515000e+01,-5.184930e+00,9.066849e-01,2.287660e-01,5.422388e-01,6.088039e-01
0.0563548,2.515000e+01,-5.184722e+00,9.066488e-01,2.288486e-01,5.424810e-01,6.087273e-01
0.0563871,2.515000e+01,-5.184517e+00,9.066128e-01,2.289996e-01,5.426411e-01,6.089253e-01
0.0564194,2.515000e+01,-5.184315e+00,9.065776e-01,2.290386e-01,5.425758e-01,6.090791e-01
0.0564516,2.515000e+01,-5.184121e+00,9.065433e-01,2.291273e-01,5.424394e-01,6.094448e-01
0.0564839,2.515000e+01,-5.183915e+00,9.065072e-01,2.286809e-01,5.422304e-01,6.084679e-01
0.0565161,2.515000e+01,-5.183709e+00,9.064712e-01,2.282530e-01,5.415201e-01,6.081019e-01
0.0565484,2.515000e+01,-5.183501e+00,9.064351e-01,2.282866e-01,5.418281e-01,6.078209e-01
0.0565806,2.515000e+01,-5.183300e+00,9.063999e-01,2.285299e-01,5.421288e-01,6.081077e-01
0.0566129,2.515000e+01,-5.183104e+00,9.063656e-01,2.287779e-01,5.425215e-01,6.083041e-01
0.0566452,2.515000e+01,-5.182920e+00,9.063339e-01,2.289190e-01,5.424947e-01,6.086877e-01
0.0566774,2.515000e+01,-5.182749e+00,9.063040e-01,2.289855e-01,5.420466e-01,6.093477e-01
0.0567097,2.515000e+01,-5.182578e+00,9.062741e-01,2.289047e-01,5.418244e-01,6.093627e-01
0.0567419,2.515000e+01,-5.182405e+00,9.062433e-01,2.287599e-01,5.417207e-01,6.090732e-01
0.0567742,2.515000e+01,-5.182232e+00,9.062134e-01,2.288358e-01,5.419582e-01,6.089879e-01
0.0568065,2.515000e+01,-5.182070e+00,9.061853e-01,2.292695e-01,5.424478e-01,6.095722e-01
0.0568387,2.515000e+01,-5.181907e+00,9.061563e-01,2.289509e-01,5.419787e-01,6.092330e-01
0.056871,2.515000e+01,-5.181759e+00,9.061308e-01,2.285608e-01,5.405066e-01,6.098341e-01
0.0569032,2.515000e+01,-5.181605e+00,9.061035e-01,2.283613e-01,5.406919e-01,6.090748e-01
0.0569355,2.515000e+01,-5.181441e+00,9.060753e-01,2.283470e-01,5.412806e-01,6.083551e-01
0.0569677,2.515000e+01,-5.181282e+00,9.060472e-01,2.287244e-01,5.419376e-01,6.086032e-01
0.057,2.515000e+01,-5.181132e+00,9.060208e-01,2.288052e-01,5.418350e-01,6.089159e-01
0.0570323,2.515000e+01,-5.180997e+00,9.059971e-01,2.289748e-01,5.414791e-01,6.097518e-01
0.0570645,2.515000e+01,-5.180869e+00,9.059751e-01,2.289741e-01,5.412163e-01,6.100308e-01
0.0570968,2.515000e+01,-5.180734e+00,9.059513e-01,2.284776e-01,5.408699e-01,6.090823e-01
0.057129,2.515000e+01,-5.180602e+00,9.059285e-01,2.285162e-01,5.410315e-01,6.089874e-01
0.0571613,2.515000e+01,-5.180467e+00,9.059047e-01,2.283910e-01,5.413053e-01,6.083303e-01
0.0571935,2.515000e+01,-5.180343e+00,9.058827e-01,2.285216e-01,5.410647e-01,6.089344e-01
0.0572258,2.515000e+01,-5.180220e+00,9.058616e-01,2.282823e-01,5.407735e-01,6.086094e-01
0.0572581,2.515000e+01,-5.180098e+00,9.058405e-01,2.281127e-01,5.406066e-01,6.083307e-01
0.0572903,2.515000e+01,-5.179981e+00,9.058194e-01,2.283268e-01,5.409467e-01,6.085051e-01
0.0573226,2.515000e+01,-5.179866e+00,9.057992e-01,2.286273e-01,5.415912e-01,6.085673e-01
0.0573548,2.515000e+01,-5.179768e+00,9.057824e-01,2.287431e-01,5.412258e-01,6.092754e-01
0.0573871,2.515000e+01,-5.179681e+00,9.057675e-01,2.289257e-01,5.411400e-01,6.098482e-01
0.0574194,2.515000e+01,-5.179599e+00,9.057525e-01,2.289058e-01,5.410273e-01,6.099121e-01
0.0574516,2.515000e+01,-5.179523e+00,9.057393e-01,2.286224e-01,5.404029e-01,6.098521e-01
0.0574839,2.515000e+01,-5.179463e+00,9.057288e-01,2.285948e-01,5.399348e-01,6.103004e-01
0.0575161,2.515000e+01,-5.179391e+00,9.057165e-01,2.282817e-01,5.401122e-01,6.092557e-01
0.0575484,2.515000e+01,-5.179323e+00,9.057042e-01,2.285700e-01,5.404060e-01,6.096856e-01
0.0575806,2.515000e+01,-5.179251e+00,9.056918e-01,2.286517e-01,5.409383e-01,6.092946e-01
0.0576129,2.515000e+01,-5.179180e+00,9.056795e-01,2.287294e-01,5.410526e-01,6.093645e-01
0.0576452,2.515000e+01,-5.179099e+00,9.056655e-01,2.286230e-01,5.413990e-01,6.086820e-01
0.0576774,2.515000e+01,-5.179043e+00,9.056558e-01,2.287391e-01,5.404360e-01,6.100697e-01
0.0577097,2.515000e+01,-5.178997e+00,9.056479e-01,2.289254e-01,5.402007e-01,6.108268e-01
0.0577419,2.515000e+01,-5.178938e+00,9.056373e-01,2.287706e-01,5.402560e-01,6.103443e-01
0.0577742,2.515000e+01,-5.178857e+00,9.056232e-01,2.283404e-01,5.404608e-01,6.089561e-01
0.0578065,2.515000e+01,-5.178765e+00,9.056074e-01,2.282379e-01,5.407225e-01,6.083777e-01
0.0578387,2.515000e+01,-5.178684e+00,9.055924e-01,2.282922e-01,5.405950e-01,6.086564e-01
0.057871,2.515000e+01,-5.178616e+00,9.055810e-01,2.284598e-01,5.402786e-01,6.094520e-01
0.0579032,2.515000e+01,-5.178546e+00,9.055687e-01,2.286536e-01,5.407972e-01,6.093758e-01
0.0579355,2.515000e+01,-5.178473e+00,9.055555e-01,2.285980e-01,5.409694e-01,6.090249e-01
0.0579677,2.515000e+01,-5.178397e+00,9.055423e-01,2.286764e-01,5.411932e-01,6.089729e-01
0.058,2.515000e+01,-5.178324e+00,9.055300e-01,2.287158e-01,5.411516e-01,6.091166e-01
0.0580323,2.515000e+01,-5.178275e+00,9.055212e-01,2.287474e-01,5.399279e-01,6.105754e-01
0.0580645,2.515000e+01,-5.178233e+00,9.055142e-01,2.286183e-01,5.393383e-01,6.108924e-01
0.0580968,2.515000e+01,-5.178190e+00,9.055062e-01,2.287344e-01,5.395515e-01,6.109561e-01
0.058129,2.515000e+01,-5.178112e+00,9.054931e-01,2.284819e-01,5.405824e-01,6.091088e-01
0.0581613,2.515000e+01,-5.178031e+00,9.054790e-01,2.285054e-01,5.407609e-01,6.089607e-01
0.0581935,2.515000e+01,-5.177952e+00,9.054649e-01,2.287750e-01,5.409752e-01,6.094285e-01
0.0582258,2.515000e+01,-5.177884e+00,9.054526e-01,2.290722e-01,5.407888e-01,6.104225e-01
0.0582581,2.515000e+01,-5.177810e+00,9.054403e-01,2.288613e-01,5.405219e-01,6.101531e-01
0.0582903,2.515000e+01,-5.177731e+00,9.054262e-01,2.287930e-01,5.403565e-01,6.101485e-01
0.0583226,2.515000e+01,-5.177647e+00,9.054113e-01,2.290303e-01,5.408883e-01,6.101709e-01
0.0583548,2.515000e+01,-5.177562e+00,9.053963e-01,2.291761e-01,5.406272e-01,6.108445e-01
0.0583871,2.515000e+01,-5.177478e+00,9.053822e-01,2.290274e-01,5.399353e-01,6.112202e-01
0.0584194,2.515000e+01,-5.177379e+00,9.053646e-01,2.286601e-01,5.398253e-01,6.103530e-01
0.0584516,2.515000e+01,-5.177271e+00,9.053462e-01,2.287803e-01,5.403976e-01,6.100141e-01
0.0584839,2.515000e+01,-5.177125e+00,9.053207e-01,2.285085e-01,5.415280e-01,6.080005e-01
0.0585161,2.515000e+01,-5.176978e+00,9.052943e-01,2.285118e-01,5.414053e-01,6.081297e-01
0.0585484,2.515000e+01,-5.176853e+00,9.052723e-01,2.289808e-01,5.411416e-01,6.096600e-01
0.0585806,2.515000e+01,-5.176735e+00,9.052520e-01,2.292577e-01,5.411463e-01,6.103783e-01
0.0586129,2.515000e+01,-5.176620e+00,9.052318e-01,2.294468e-01,5.411837e-01,6.108253e-01
0.0586452,2.515000e+01,-5.176500e+00,9.052107e-01,2.291552e-01,5.407920e-01,6.104770e-01
0.0586774,2.515000e+01,-5.176383e+00,9.051905e-01,2.292774e-01,5.407535e-01,6.108326e-01
0.0587097,2.515000e+01,-5.176266e+00,9.051702e-01,2.293570e-01,5.408346e-01,6.109391e-01
0.0587419,2.515000e+01,-5.176144e+00,9.051483e-01,2.291155e-01,5.404703e-01,6.106926e-01
0.0587742,2.515000e+01,-5.176015e+00,9.051263e-01,2.291038e-01,5.408741e-01,6.101904e-01
0.0588065,2.515000e+01,-5.175867e+00,9.050999e-01,2.290823e-01,5.417607e-01,6.091171e-01
0.0588387,2.515000e+01,-5.175717e+00,9.050744e-01,2.292001e-01,5.420566e-01,6.090801e-01
0.058871,2.515000e+01,-5.175600e+00,9.050533e-01,2.296962e-01,5.414501e-01,6.110686e-01
0.0589032,2.515000e+01,-5.175494e+00,9.050348e-01,2.299211e-01,5.414970e-01,6.116010e-01
0.0589355,2.515000e+01,-5.175357e+00,9.050110e-01,2.295227e-01,5.420793e-01,6.098694e-01
0.0589677,2.515000e+01,-5.175206e+00,9.049847e-01,2.292865e-01,5.421172e-01,6.091815e-01
0.059,2.515000e+01,-5.175088e+00,9.049644e-01,2.296151e-01,5.408141e-01,6.115104e-01
0.0590323,2.515000e+01,-5.174978e+00,9.049451e-01,2.299652e-01,5.410652e-01,6.121454e-01
0.0590645,2.515000e+01,-5.174848e+00,9.049222e-01,2.300177e-01,5.419645e-01,6.112537e-01
0.0590968,2.515000e+01,-5.174698e+00,9.048958e-01,2.294376e-01,5.415959e-01,6.101096e-01
0.059129,2.515000e+01,-5.174542e+00,9.048685e-01,2.292793e-01,5.415275e-01,6.097472e-01
0.0591613,2.515000e+01,-5.174364e+00,9.048378e-01,2.290149e-01,5.421224e-01,6.083546e-01
0.0591935,2.515000e+01,-5.174170e+00,9.048035e-01,2.293657e-01,5.433524e-01,6.078849e-01
0.0592258,2.515000e+01,-5.174035e+00,9.047797e-01,2.303118e-01,5.420145e-01,6.118827e-01
0.0592581,2.515000e+01,-5.173910e+00,9.047577e-01,2.305653e-01,5.419877e-01,6.125716e-01
0.0592903,2.515000e+01,-5.173758e+00,9.047313e-01,2.302180e-01,5.425136e-01,6.110379e-01
0.0593226,2.515000e+01,-5.173554e+00,9.046961e-01,2.289803e-01,5.424815e-01,6.077653e-01
0.0593548,2.515000e+01,-5.173378e+00,9.046654e-01,2.293067e-01,5.415691e-01,6.096361e-01
0.0593871,2.515000e+01,-5.173227e+00,9.046390e-01,2.299974e-01,5.415775e-01,6.114452e-01
0.0594194,2.515000e+01,-5.173086e+00,9.046135e-01,2.305924e-01,5.421614e-01,6.123499e-01
0.0594516,2.515000e+01,-5.172908e+00,9.045827e-01,2.301998e-01,5.432666e-01,6.100429e-01
0.0594839,2.515000e+01,-5.172718e+00,9.045493e-01,2.300240e-01,5.436109e-01,6.091687e-01
0.0595161,2.515000e+01,-5.172534e+00,9.045176e-01,2.300406e-01,5.434556e-01,6.093651e-01
0.0595484,2.515000e+01,-5.172349e+00,9.044850e-01,2.299998e-01,5.434651e-01,6.092244e-01
0.0595806,2.515000e+01,-5.172238e+00,9.044657e-01,2.308138e-01,5.412827e-01,6.138322e-01
0.0596129,2.515000e+01,-5.172129e+00,9.044463e-01,2.309989e-01,5.415291e-01,6.140322e-01
0.0596452,2.515000e+01,-5.171996e+00,9.044235e-01,2.310177e-01,5.427522e-01,6.126827e-01
0.0596774,2.515000e+01,-5.171787e+00,9.043865e-01,2.295974e-01,5.437578e-01,6.077648e-01
0.0597097,2.515000e+01,-5.171572e+00,9.043496e-01,2.290725e-01,5.429980e-01,6.071988e-01
0.0597419,2.515000e+01,-5.171384e+00,9.043162e-01,2.295648e-01,5.426453e-01,6.088772e-01
0.0597742,2.515000e+01,-5.171235e+00,9.042907e-01,2.308819e-01,5.432455e-01,6.116766e-01
0.0598065,2.515000e+01,-5.171083e+00,9.042634e-01,2.309971e-01,5.436599e-01,6.114970e-01
0.0598387,2.515000e+01,-5.170904e+00,9.042326e-01,2.305658e-01,5.438699e-01,6.100984e-01
0.059871,2.515000e+01,-5.170707e+00,9.041983e-01,2.302407e-01,5.440637e-01,6.089981e-01
0.0599032,2.515000e+01,-5.170523e+00,9.041658e-01,2.303503e-01,5.436720e-01,6.097056e-01
0.0599355,2.515000e+01,-5.170376e+00,9.041402e-01,2.308161e-01,5.426695e-01,6.120496e-01
0.0599677,2.515000e+01,-5.170245e+00,9.041174e-01,2.311093e-01,5.426447e-01,6.128392e-01
0.06,2.515000e+01,-5.170096e+00,9.040910e-01,2.310097e-01,5.432439e-01,6.118817e-01
