time,n,U_aval,J,KT,10KQ,eta0,tours,angle_deg
1.20482e-05,2.515000e+01,-4.881229e+00,8.743465e-01,4.146149e+02,1.005826e+02,5.736221e+00,0.000303,0.1091
2.65769e-05,2.515000e+01,-4.887893e+00,8.743465e-01,5.667370e+00,8.393866e+00,9.395575e-01,0.000668,0.2406
4.39595e-05,2.515000e+01,-4.897410e+00,8.743465e-01,1.131424e+00,1.397278e+00,1.126798e+00,0.001105,0.3980
6.47429e-05,2.515000e+01,-4.903759e+00,8.743465e-01,6.408110e-01,9.503278e-01,9.383407e-01,0.001628,0.5861
8.87239e-05,2.515000e+01,-4.908511e+00,8.743465e-01,4.787839e-01,8.042956e-01,8.283758e-01,0.002231,0.8032
0.000116338,2.515000e+01,-4.912495e+00,8.743465e-01,3.936199e-01,7.125063e-01,7.687621e-01,0.002925,1.0532
0.000146809,2.515000e+01,-4.915958e+00,8.743465e-01,3.417348e-01,6.479723e-01,7.338991e-01,0.003692,1.3290
0.000178409,2.515000e+01,-4.918978e+00,8.743465e-01,3.082138e-01,6.036990e-01,7.104530e-01,0.004486,1.6151
0.000210009,2.515000e+01,-4.921663e+00,8.743465e-01,2.875565e-01,5.737216e-01,6.974701e-01,0.005281,1.9012
0.000241608,2.515000e+01,-4.924110e+00,8.743465e-01,2.752270e-01,5.558165e-01,6.890697e-01,0.006076,2.1872
0.000273208,2.515000e+01,-4.926449e+00,8.743465e-01,2.705415e-01,5.468431e-01,6.884542e-01,0.006870,2.4733
0.000303491,2.515000e+01,-4.928580e+00,8.743465e-01,2.693421e-01,5.477472e-01,6.842704e-01,0.007632,2.7474
0.000333774,2.515000e+01,-4.930566e+00,8.743465e-01,2.687851e-01,5.502244e-01,6.797813e-01,0.008393,3.0216
0.000364057,2.515000e+01,-4.932414e+00,8.743465e-01,2.696619e-01,5.556106e-01,6.753871e-01,0.009155,3.2957
0.00039434,2.515000e+01,-4.934142e+00,8.743465e-01,2.703559e-01,5.601228e-01,6.716707e-01,0.009916,3.5699
0.000424623,2.515000e+01,-4.935796e+00,8.743465e-01,2.726160e-01,5.655949e-01,6.707331e-01,0.010678,3.8440
0.000454906,2.515000e+01,-4.937356e+00,8.743465e-01,2.747794e-01,5.726148e-01,6.677676e-01,0.011439,4.1181
0.000485189,2.515000e+01,-4.938833e+00,8.743465e-01,2.773589e-01,5.798333e-01,6.656450e-01,0.012201,4.3923
0.000515472,2.515000e+01,-4.940318e+00,8.743465e-01,2.813234e-01,5.850705e-01,6.691158e-01,0.012962,4.6664
0.000545755,2.515000e+01,-4.941773e+00,8.743465e-01,2.841061e-01,5.899255e-01,6.701730e-01,0.013724,4.9406
0.000576038,2.515000e+01,-4.943170e+00,8.743465e-01,2.856080e-01,5.941665e-01,6.689073e-01,0.014485,5.2147
0.000606321,2.515000e+01,-4.944458e+00,8.743465e-01,2.858434e-01,5.993000e-01,6.637243e-01,0.015247,5.4889
0.000636604,2.515000e+01,-4.945713e+00,8.743465e-01,2.873747e-01,6.029034e-01,6.632915e-01,0.016008,5.7630
0.000666887,2.515000e+01,-4.946934e+00,8.743465e-01,2.890773e-01,6.065248e-01,6.632375e-01,0.016770,6.0372
0.00069717,2.515000e+01,-4.948115e+00,8.743465e-01,2.900750e-01,6.093174e-01,6.624761e-01,0.017531,6.3113
0.000727453,2.515000e+01,-4.949241e+00,8.743465e-01,2.911556e-01,6.129782e-01,6.609733e-01,0.018293,6.5854
0.000757736,2.515000e+01,-4.950350e+00,8.743465e-01,2.923457e-01,6.151001e-01,6.613852e-01,0.019054,6.8596
0.000788019,2.515000e+01,-4.951444e+00,8.743465e-01,2.934918e-01,6.172335e-01,6.616833e-01,0.019816,7.1337
0.000818302,2.515000e+01,-4.952477e+00,8.743465e-01,2.936272e-01,6.198508e-01,6.591936e-01,0.020577,7.4079
0.000848585,2.515000e+01,-4.953464e+00,8.743465e-01,2.939235e-01,6.220406e-01,6.575356e-01,0.021339,7.6820
0.000878868,2.515000e+01,-4.954445e+00,8.743465e-01,2.949673e-01,6.233574e-01,6.584770e-01,0.022100,7.9562
0.000909151,2.515000e+01,-4.955412e+00,8.743465e-01,2.957299e-01,6.247389e-01,6.587195e-01,0.022862,8.2303
0.000939434,2.515000e+01,-4.956364e+00,8.743465e-01,2.963666e-01,6.261373e-01,6.586634e-01,0.023623,8.5044
0.000969717,2.515000e+01,-4.957275e+00,8.743465e-01,2.963896e-01,6.277448e-01,6.570276e-01,0.024385,8.7786
0.001,2.515000e+01,-4.958138e+00,8.743465e-01,2.960760e-01,6.290890e-01,6.549302e-01,0.025146,9.0527
0.0010303,2.515000e+01,-4.958978e+00,8.743465e-01,2.961331e-01,6.298750e-01,6.542385e-01,0.025908,9.3270
0.00106061,2.515000e+01,-4.959787e+00,8.743465e-01,2.961838e-01,6.308602e-01,6.533291e-01,0.026671,9.6014
0.00109091,2.515000e+01,-4.960598e+00,8.743465e-01,2.970647e-01,6.316705e-01,6.544314e-01,0.027433,9.8757
0.00112121,2.515000e+01,-4.961425e+00,8.743465e-01,2.982860e-01,6.324644e-01,6.562970e-01,0.028194,10.1500
0.00115152,2.515000e+01,-4.962207e+00,8.743465e-01,2.980321e-01,6.339913e-01,6.541591e-01,0.028957,10.4244
0.00118182,2.515000e+01,-4.962950e+00,8.743465e-01,2.977014e-01,6.351323e-01,6.522598e-01,0.029719,10.6987
0.00121212,2.515000e+01,-4.963664e+00,8.743465e-01,2.972385e-01,6.352644e-01,6.511098e-01,0.030481,10.9730
0.00124242,2.515000e+01,-4.964381e+00,8.743465e-01,2.974382e-01,6.349912e-01,6.518276e-01,0.031242,11.2473
0.00127273,2.515000e+01,-4.965091e+00,8.743465e-01,2.977294e-01,6.354171e-01,6.520286e-01,0.032005,11.5217
0.00130303,2.515000e+01,-4.965785e+00,8.743465e-01,2.979498e-01,6.362242e-01,6.516831e-01,0.032767,11.7960
0.00133333,2.515000e+01,-4.966445e+00,8.743465e-01,2.979605e-01,6.373815e-01,6.505236e-01,0.033529,12.0703
0.00136364,2.515000e+01,-4.967091e+00,8.743465e-01,2.977795e-01,6.373873e-01,6.501223e-01,0.034291,12.3447
0.00139394,2.515000e+01,-4.967728e+00,8.743465e-01,2.975895e-01,6.371077e-01,6.499923e-01,0.035053,12.6190
0.00142424,2.515000e+01,-4.968347e+00,8.743465e-01,2.975344e-01,6.376743e-01,6.492946e-01,0.035815,12.8933
0.00145455,2.515000e+01,-4.968953e+00,8.743465e-01,2.976617e-01,6.381950e-01,6.490426e-01,0.036577,13.1677
0.00148485,2.515000e+01,-4.969550e+00,8.743465e-01,2.977955e-01,6.385888e-01,6.489343e-01,0.037339,13.4420
0.00151515,2.515000e+01,-4.970113e+00,8.743465e-01,2.973030e-01,6.392090e-01,6.472319e-01,0.038101,13.7162
0.00154545,2.515000e+01,-4.970670e+00,8.743465e-01,2.971777e-01,6.389779e-01,6.471935e-01,0.038863,13.9905
0.00157576,2.515000e+01,-4.971233e+00,8.743465e-01,2.970037e-01,6.381539e-01,6.476496e-01,0.039625,14.2649
0.00160606,2.515000e+01,-4.971805e+00,8.743465e-01,2.969817e-01,6.373141e-01,6.484551e-01,0.040387,14.5392
0.00163636,2.515000e+01,-4.972357e+00,8.743465e-01,2.968405e-01,6.378317e-01,6.476205e-01,0.041149,14.8135
0.00166667,2.515000e+01,-4.972864e+00,8.743465e-01,2.962236e-01,6.388484e-01,6.452464e-01,0.041911,15.0879
0.00169697,2.515000e+01,-4.973354e+00,8.743465e-01,2.962898e-01,6.395718e-01,6.446604e-01,0.042673,15.3622
0.00172727,2.515000e+01,-4.973846e+00,8.743465e-01,2.963510e-01,6.393944e-01,6.449727e-01,0.043435,15.6365
0.00175758,2.515000e+01,-4.974331e+00,8.743465e-01,2.961984e-01,6.392327e-01,6.448035e-01,0.044197,15.9109
0.00178788,2.515000e+01,-4.974823e+00,8.743465e-01,2.965475e-01,6.393517e-01,6.454432e-01,0.044959,16.1852
0.00181818,2.515000e+01,-4.975323e+00,8.743465e-01,2.967013e-01,6.389926e-01,6.461408e-01,0.045721,16.4595
0.00184848,2.515000e+01,-4.975806e+00,8.743465e-01,2.965094e-01,6.393344e-01,6.453778e-01,0.046483,16.7338
0.00187879,2.515000e+01,-4.976263e+00,8.743465e-01,2.960926e-01,6.399161e-01,6.438846e-01,0.047245,17.0082
0.00190909,2.515000e+01,-4.976707e+00,8.743465e-01,2.957221e-01,6.397540e-01,6.432422e-01,0.048007,17.2825
0.00193939,2.515000e+01,-4.977143e+00,8.743465e-01,2.954536e-01,6.396197e-01,6.427928e-01,0.048769,17.5568
0.0019697,2.515000e+01,-4.977584e+00,8.743465e-01,2.953493e-01,6.390216e-01,6.431676e-01,0.049531,17.8312
0.002,2.515000e+01,-4.977997e+00,8.743465e-01,2.948186e-01,6.393965e-01,6.416351e-01,0.050293,18.1055
0.0020303,2.515000e+01,-4.978396e+00,8.743465e-01,2.948671e-01,6.401841e-01,6.409515e-01,0.051055,18.3798
0.00206061,2.515000e+01,-4.978797e+00,8.743465e-01,2.949318e-01,6.401136e-01,6.411628e-01,0.051817,18.6542
0.00209091,2.515000e+01,-4.979195e+00,8.743465e-01,2.948566e-01,6.400604e-01,6.410527e-01,0.052579,18.9285
0.00212121,2.515000e+01,-4.979599e+00,8.743465e-01,2.947000e-01,6.394328e-01,6.413406e-01,0.053341,19.2027
0.00215152,2.515000e+01,-4.980006e+00,8.743465e-01,2.945863e-01,6.388821e-01,6.416460e-01,0.054103,19.4771
0.00218182,2.515000e+01,-4.980397e+00,8.743465e-01,2.940447e-01,6.386157e-01,6.407336e-01,0.054865,19.7514
0.00221212,2.515000e+01,-4.980786e+00,8.743465e-01,2.941473e-01,6.388810e-01,6.406907e-01,0.055627,20.0257
0.00224242,2.515000e+01,-4.981151e+00,8.743465e-01,2.937481e-01,6.394749e-01,6.392273e-01,0.056389,20.3000
0.00227273,2.515000e+01,-4.981507e+00,8.743465e-01,2.937939e-01,6.400478e-01,6.387545e-01,0.057151,20.5744
0.00230303,2.515000e+01,-4.981854e+00,8.743465e-01,2.933145e-01,6.395729e-01,6.381861e-01,0.057913,20.8487
0.00233333,2.515000e+01,-4.982184e+00,8.743465e-01,2.929312e-01,6.396571e-01,6.372680e-01,0.058675,21.1230
0.00236364,2.515000e+01,-4.982518e+00,8.743465e-01,2.930628e-01,6.396355e-01,6.375757e-01,0.059437,21.3974
0.00239394,2.515000e+01,-4.982887e+00,8.743465e-01,2.936170e-01,6.387336e-01,6.396835e-01,0.060199,21.6717
0.00242424,2.515000e+01,-4.983271e+00,8.743465e-01,2.939177e-01,6.384693e-01,6.406039e-01,0.060961,21.9460
0.00245455,2.515000e+01,-4.983635e+00,8.743465e-01,2.934528e-01,6.387241e-01,6.393354e-01,0.061723,22.2204
0.00248485,2.515000e+01,-4.983954e+00,8.743465e-01,2.925432e-01,6.395560e-01,6.365244e-01,0.062485,22.4947
0.00251515,2.515000e+01,-4.984253e+00,8.743465e-01,2.920259e-01,6.396281e-01,6.353272e-01,0.063247,22.7690
0.00254545,2.515000e+01,-4.984566e+00,8.743465e-01,2.921466e-01,6.390785e-01,6.361364e-01,0.064009,23.0433
0.00257576,2.515000e+01,-4.984893e+00,8.743465e-01,2.921740e-01,6.384045e-01,6.368677e-01,0.064771,23.3177
0.00260606,2.515000e+01,-4.985205e+00,8.743465e-01,2.919607e-01,6.388273e-01,6.359815e-01,0.065533,23.5920
0.00263636,2.515000e+01,-4.985510e+00,8.743465e-01,2.920462e-01,6.393675e-01,6.356305e-01,0.066295,23.8663
0.00266667,2.515000e+01,-4.985805e+00,8.743465e-01,2.914962e-01,6.389553e-01,6.348426e-01,0.067057,24.1407
0.00269697,2.515000e+01,-4.986089e+00,8.743465e-01,2.912512e-01,6.390448e-01,6.342204e-01,0.067819,24.4149
0.00272727,2.515000e+01,-4.986383e+00,8.743465e-01,2.910715e-01,6.383271e-01,6.345418e-01,0.068581,24.6892
0.00275758,2.515000e+01,-4.986707e+00,8.743465e-01,2.914797e-01,6.372752e-01,6.364803e-01,0.069343,24.9636
0.00278788,2.515000e+01,-4.987038e+00,8.743465e-01,2.914624e-01,6.369477e-01,6.367701e-01,0.070105,25.2379
0.00281818,2.515000e+01,-4.987352e+00,8.743465e-01,2.911622e-01,6.373957e-01,6.356666e-01,0.070867,25.5122
0.00284848,2.515000e+01,-4.987589e+00,8.743465e-01,2.896594e-01,6.388536e-01,6.309428e-01,0.071629,25.7865
0.00287879,2.515000e+01,-4.987817e+00,8.743465e-01,2.894134e-01,6.389416e-01,6.303201e-01,0.072391,26.0609
0.00290909,2.515000e+01,-4.988079e+00,8.743465e-01,2.899034e-01,6.381360e-01,6.321843e-01,0.073153,26.3352
0.00293939,2.515000e+01,-4.988364e+00,8.743465e-01,2.900541e-01,6.372136e-01,6.334287e-01,0.073915,26.6095
0.0029697,2.515000e+01,-4.988650e+00,8.743465e-01,2.899550e-01,6.370251e-01,6.333996e-01,0.074678,26.8839
0.003,2.515000e+01,-4.988925e+00,8.743465e-01,2.895505e-01,6.367487e-01,6.327907e-01,0.075439,27.1582
0.00303125,2.515000e+01,-4.989186e+00,8.743465e-01,2.891921e-01,6.366971e-01,6.320586e-01,0.076225,27.4411
0.0030625,2.515000e+01,-4.989457e+00,8.743465e-01,2.896487e-01,6.375000e-01,6.322589e-01,0.077011,27.7240
0.00309375,2.515000e+01,-4.989729e+00,8.743465e-01,2.894172e-01,6.372525e-01,6.319991e-01,0.077797,28.0069
0.003125,2.515000e+01,-4.990012e+00,8.743465e-01,2.889797e-01,6.359305e-01,6.323558e-01,0.078583,28.2898
0.00315625,2.515000e+01,-4.990274e+00,8.743465e-01,2.880705e-01,6.352897e-01,6.310017e-01,0.079369,28.5727
0.0031875,2.515000e+01,-4.990511e+00,8.743465e-01,2.873774e-01,6.354061e-01,6.293683e-01,0.080154,28.8556
0.00321875,2.515000e+01,-4.990749e+00,8.743465e-01,2.876043e-01,6.360489e-01,6.292288e-01,0.080940,29.1385
0.00325,2.515000e+01,-4.990999e+00,8.743465e-01,2.879190e-01,6.361605e-01,6.298066e-01,0.081726,29.4214
0.00328125,2.515000e+01,-4.991250e+00,8.743465e-01,2.876544e-01,6.356798e-01,6.297038e-01,0.082512,29.7043
0.0033125,2.515000e+01,-4.991506e+00,8.743465e-01,2.876816e-01,6.355308e-01,6.299111e-01,0.083298,29.9872
0.00334375,2.515000e+01,-4.991777e+00,8.743465e-01,2.876224e-01,6.346068e-01,6.306981e-01,0.084084,30.2701
0.003375,2.515000e+01,-4.992041e+00,8.743465e-01,2.870841e-01,6.339350e-01,6.301851e-01,0.084869,30.5530
0.00340625,2.515000e+01,-4.992305e+00,8.743465e-01,2.868203e-01,6.336307e-01,6.299086e-01,0.085655,30.8359
0.0034375,2.515000e+01,-4.992526e+00,8.743465e-01,2.859088e-01,6.345552e-01,6.269920e-01,0.086441,31.1188
0.00346875,2.515000e+01,-4.992755e+00,8.743465e-01,2.860055e-01,6.345405e-01,6.272185e-01,0.087227,31.4017
0.0035,2.515000e+01,-4.992995e+00,8.743465e-01,2.859356e-01,6.338444e-01,6.277537e-01,0.088013,31.6846
0.00353125,2.515000e+01,-4.993208e+00,8.743465e-01,2.849277e-01,6.332895e-01,6.260892e-01,0.088799,31.9675
0.0035625,2.515000e+01,-4.993410e+00,8.743465e-01,2.844197e-01,6.330225e-01,6.252366e-01,0.089584,32.2504
0.00359375,2.515000e+01,-4.993645e+00,8.743465e-01,2.852970e-01,6.331315e-01,6.270568e-01,0.090370,32.5333
0.003625,2.515000e+01,-4.993891e+00,8.743465e-01,2.850604e-01,6.322186e-01,6.274416e-01,0.091156,32.8162
0.00365625,2.515000e+01,-4.994126e+00,8.743465e-01,2.842658e-01,6.315536e-01,6.263513e-01,0.091942,33.0991
0.0036875,2.515000e+01,-4.994318e+00,8.743465e-01,2.831447e-01,6.316799e-01,6.237565e-01,0.092728,33.3820
0.00371875,2.515000e+01,-4.994530e+00,8.743465e-01,2.835249e-01,6.312893e-01,6.249808e-01,0.093513,33.6649
0.00375,2.515000e+01,-4.994788e+00,8.743465e-01,2.845520e-01,6.310213e-01,6.275108e-01,0.094299,33.9477
0.00378125,2.515000e+01,-4.995035e+00,8.743465e-01,2.839498e-01,6.305627e-01,6.266386e-01,0.095085,34.2306
0.0038125,2.515000e+01,-4.995240e+00,8.743465e-01,2.826987e-01,6.307859e-01,6.236564e-01,0.095871,34.5135
0.00384375,2.515000e+01,-4.995441e+00,8.743465e-01,2.823113e-01,6.303542e-01,6.232286e-01,0.096657,34.7964
0.003875,2.515000e+01,-4.995655e+00,8.743465e-01,2.820464e-01,6.291400e-01,6.238453e-01,0.097443,35.0793
0.00390625,2.515000e+01,-4.995891e+00,8.743465e-01,2.823099e-01,6.286172e-01,6.249476e-01,0.098228,35.3622
0.0039375,2.515000e+01,-4.996109e+00,8.743465e-01,2.821000e-01,6.291027e-01,6.240010e-01,0.099014,35.6451
0.00396875,2.515000e+01,-4.996337e+00,8.743465e-01,2.820169e-01,6.285472e-01,6.243682e-01,0.099800,35.9280
0.004,2.515000e+01,-4.996574e+00,8.743465e-01,2.818640e-01,6.279438e-01,6.246296e-01,0.100586,36.2109
0.00403125,2.515000e+01,-4.996758e+00,8.743465e-01,2.802159e-01,6.278227e-01,6.210973e-01,0.101372,36.4938
0.0040625,2.515000e+01,-4.996933e+00,8.743465e-01,2.796155e-01,6.273094e-01,6.202737e-01,0.102158,36.7767
0.00409375,2.515000e+01,-4.997124e+00,8.743465e-01,2.797556e-01,6.267734e-01,6.211150e-01,0.102943,37.0596
0.004125,2.515000e+01,-4.997341e+00,8.743465e-01,2.803034e-01,6.265654e-01,6.225375e-01,0.103729,37.3425
0.00415625,2.515000e+01,-4.997570e+00,8.743465e-01,2.802113e-01,6.259346e-01,6.229602e-01,0.104515,37.6254
0.0041875,2.515000e+01,-4.997756e+00,8.743465e-01,2.791613e-01,6.263322e-01,6.202322e-01,0.105301,37.9083
0.00421875,2.515000e+01,-4.997934e+00,8.743465e-01,2.785322e-01,6.256082e-01,6.195504e-01,0.106087,38.1912
0.00425,2.515000e+01,-4.998138e+00,8.743465e-01,2.786924e-01,6.245736e-01,6.209336e-01,0.106873,38.4741
0.00428125,2.515000e+01,-4.998359e+00,8.743465e-01,2.788730e-01,6.241919e-01,6.217161e-01,0.107658,38.7570
0.0043125,2.515000e+01,-4.998579e+00,8.743465e-01,2.784315e-01,6.234827e-01,6.214378e-01,0.108444,39.0399
0.00434375,2.515000e+01,-4.998777e+00,8.743465e-01,2.775926e-01,6.230609e-01,6.199848e-01,0.109230,39.3228
0.004375,2.515000e+01,-4.998964e+00,8.743465e-01,2.772698e-01,6.231325e-01,6.191925e-01,0.110016,39.6057
0.00440625,2.515000e+01,-4.999128e+00,8.743465e-01,2.764975e-01,6.233068e-01,6.172951e-01,0.110802,39.8886
0.0044375,2.515000e+01,-4.999317e+00,8.743465e-01,2.766932e-01,6.224839e-01,6.185490e-01,0.111588,40.1715
0.00446875,2.515000e+01,-4.999513e+00,8.743465e-01,2.764891e-01,6.217715e-01,6.188009e-01,0.112373,40.4544
0.0045,2.515000e+01,-4.999734e+00,8.743465e-01,2.768738e-01,6.212597e-01,6.201721e-01,0.113159,40.7373
0.00453125,2.515000e+01,-4.999947e+00,8.743465e-01,2.765635e-01,6.212197e-01,6.195168e-01,0.113945,41.0202
0.0045625,2.515000e+01,-5.000139e+00,8.743465e-01,2.758133e-01,6.210112e-01,6.180442e-01,0.114731,41.3031
0.00459375,2.515000e+01,-5.000340e+00,8.743465e-01,2.757643e-01,6.205010e-01,6.184426e-01,0.115517,41.5860
0.004625,2.515000e+01,-5.000539e+00,8.743465e-01,2.752931e-01,6.198555e-01,6.180285e-01,0.116302,41.8689
0.00465625,2.515000e+01,-5.000747e+00,8.743465e-01,2.750103e-01,6.189952e-01,6.182517e-01,0.117088,42.1518
0.0046875,2.515000e+01,-5.000960e+00,8.743465e-01,2.747175e-01,6.182207e-01,6.183672e-01,0.117874,42.4347
0.00471875,2.515000e+01,-5.001115e+00,8.743465e-01,2.730506e-01,6.181786e-01,6.146571e-01,0.118660,42.7176
0.00475,2.515000e+01,-5.001270e+00,8.743465e-01,2.729543e-01,6.181681e-01,6.144509e-01,0.119446,43.0005
0.00478125,2.515000e+01,-5.001429e+00,8.743465e-01,2.730465e-01,6.184129e-01,6.144150e-01,0.120232,43.2834
0.0048125,2.515000e+01,-5.001615e+00,8.743465e-01,2.732791e-01,6.175905e-01,6.157571e-01,0.121017,43.5663
0.00484375,2.515000e+01,-5.001825e+00,8.743465e-01,2.734463e-01,6.164469e-01,6.172769e-01,0.121803,43.8492
0.004875,2.515000e+01,-5.002019e+00,8.743465e-01,2.726876e-01,6.159936e-01,6.160171e-01,0.122589,44.1321
0.00490625,2.515000e+01,-5.002211e+00,8.743465e-01,2.723421e-01,6.156434e-01,6.155867e-01,0.123375,44.4150
0.0049375,2.515000e+01,-5.002399e+00,8.743465e-01,2.721592e-01,6.156298e-01,6.151870e-01,0.124161,44.6979
0.00496875,2.515000e+01,-5.002590e+00,8.743465e-01,2.718097e-01,6.150559e-01,6.149702e-01,0.124947,44.9808
0.005,2.515000e+01,-5.002775e+00,8.743465e-01,2.715226e-01,6.149311e-01,6.144452e-01,0.125732,45.2637
0.00503125,2.515000e+01,-5.002975e+00,8.743465e-01,2.714101e-01,6.140860e-01,6.150361e-01,0.126518,45.5466
0.0050625,2.515000e+01,-5.003165e+00,8.743465e-01,2.707970e-01,6.133715e-01,6.143613e-01,0.127304,45.8295
0.00509375,2.515000e+01,-5.003340e+00,8.743465e-01,2.700359e-01,6.127640e-01,6.132423e-01,0.128090,46.1124
0.005125,2.515000e+01,-5.003505e+00,8.743465e-01,2.695212e-01,6.126081e-01,6.122287e-01,0.128876,46.3953
0.00515625,2.515000e+01,-5.003693e+00,8.743465e-01,2.700389e-01,6.124733e-01,6.135398e-01,0.129662,46.6782
0.0051875,2.515000e+01,-5.003893e+00,8.743465e-01,2.703083e-01,6.123638e-01,6.142619e-01,0.130447,46.9611
0.00521875,2.515000e+01,-5.004078e+00,8.743465e-01,2.695208e-01,6.116241e-01,6.132128e-01,0.131233,47.2440
0.00525,2.515000e+01,-5.004250e+00,8.743465e-01,2.686419e-01,6.107279e-01,6.121099e-01,0.132019,47.5268
0.00528125,2.515000e+01,-5.004421e+00,8.743465e-01,2.680872e-01,6.100008e-01,6.115743e-01,0.132805,47.8097
0.0053125,2.515000e+01,-5.004602e+00,8.743465e-01,2.680787e-01,6.097139e-01,6.118429e-01,0.133591,48.0926
0.00534375,2.515000e+01,-5.004797e+00,8.743465e-01,2.683038e-01,6.094617e-01,6.126103e-01,0.134377,48.3755
0.005375,2.515000e+01,-5.004986e+00,8.743465e-01,2.681780e-01,6.096670e-01,6.121170e-01,0.135162,48.6584
0.00540625,2.515000e+01,-5.005179e+00,8.743465e-01,2.679414e-01,6.091347e-01,6.121108e-01,0.135948,48.9413
0.0054375,2.515000e+01,-5.005366e+00,8.743465e-01,2.672546e-01,6.082281e-01,6.114523e-01,0.136734,49.2242
0.00546875,2.515000e+01,-5.005538e+00,8.743465e-01,2.664015e-01,6.074894e-01,6.102418e-01,0.137520,49.5071
0.0055,2.515000e+01,-5.005719e+00,8.743465e-01,2.663501e-01,6.070176e-01,6.105978e-01,0.138306,49.7900
0.00553125,2.515000e+01,-5.005911e+00,8.743465e-01,2.667145e-01,6.071250e-01,6.113253e-01,0.139091,50.0729
0.0055625,2.515000e+01,-5.006113e+00,8.743465e-01,2.667808e-01,6.067917e-01,6.118129e-01,0.139877,50.3558
0.00559375,2.515000e+01,-5.006274e+00,8.743465e-01,2.654001e-01,6.066001e-01,6.088388e-01,0.140663,50.6387
0.005625,2.515000e+01,-5.006437e+00,8.743465e-01,2.645962e-01,6.051727e-01,6.084262e-01,0.141449,50.9216
0.00565625,2.515000e+01,-5.006601e+00,8.743465e-01,2.641454e-01,6.044435e-01,6.081226e-01,0.142235,51.2045
0.0056875,2.515000e+01,-5.006788e+00,8.743465e-01,2.647181e-01,6.043508e-01,6.095346e-01,0.143021,51.4874
0.00571875,2.515000e+01,-5.006969e+00,8.743465e-01,2.646117e-01,6.045362e-01,6.091026e-01,0.143806,51.7703
0.00575,2.515000e+01,-5.007158e+00,8.743465e-01,2.647838e-01,6.043361e-01,6.097004e-01,0.144592,52.0532
0.00578125,2.515000e+01,-5.007356e+00,8.743465e-01,2.647142e-01,6.039317e-01,6.099484e-01,0.145378,52.3361
0.0058125,2.515000e+01,-5.007542e+00,8.743465e-01,2.637474e-01,6.030056e-01,6.086538e-01,0.146164,52.6190
0.00584375,2.515000e+01,-5.007725e+00,8.743465e-01,2.633370e-01,6.025123e-01,6.082050e-01,0.146950,52.9019
0.005875,2.515000e+01,-5.007908e+00,8.743465e-01,2.631896e-01,6.020989e-01,6.082812e-01,0.147736,53.1848
0.00590625,2.515000e+01,-5.008099e+00,8.743465e-01,2.631356e-01,6.016167e-01,6.086441e-01,0.148521,53.4677
0.0059375,2.515000e+01,-5.008292e+00,8.743465e-01,2.630015e-01,6.014171e-01,6.085358e-01,0.149307,53.7506
0.00596875,2.515000e+01,-5.008454e+00,8.743465e-01,2.616534e-01,6.008532e-01,6.059847e-01,0.150093,54.0335
0.006,2.515000e+01,-5.008631e+00,8.743465e-01,2.617044e-01,6.003088e-01,6.066525e-01,0.150879,54.3164
0.00603226,2.515000e+01,-5.008816e+00,8.743465e-01,2.616792e-01,5.995417e-01,6.073705e-01,0.151690,54.6084
0.00606452,2.515000e+01,-5.009013e+00,8.743465e-01,2.618324e-01,5.993637e-01,6.079063e-01,0.152501,54.9005
0.00609677,2.515000e+01,-5.009209e+00,8.743465e-01,2.615421e-01,5.990289e-01,6.075717e-01,0.153312,55.1924
0.00612903,2.515000e+01,-5.009399e+00,8.743465e-01,2.612392e-01,5.989499e-01,6.069482e-01,0.154124,55.4845
0.00616129,2.515000e+01,-5.009588e+00,8.743465e-01,2.609201e-01,5.985676e-01,6.065940e-01,0.154935,55.7765
0.00619355,2.515000e+01,-5.009761e+00,8.743465e-01,2.600649e-01,5.980111e-01,6.051683e-01,0.155746,56.0686
0.00622581,2.515000e+01,-5.009944e+00,8.743465e-01,2.599816e-01,5.974693e-01,6.055231e-01,0.156557,56.3606
0.00625806,2.515000e+01,-5.010134e+00,8.743465e-01,2.600445e-01,5.970292e-01,6.061160e-01,0.157368,56.6525
0.00629032,2.515000e+01,-5.010322e+00,8.743465e-01,2.596238e-01,5.964932e-01,6.056794e-01,0.158179,56.9446
0.00632258,2.515000e+01,-5.010509e+00,8.743465e-01,2.590566e-01,5.957750e-01,6.050846e-01,0.158991,57.2366
0.00635484,2.515000e+01,-5.010696e+00,8.743465e-01,2.589828e-01,5.957313e-01,6.049565e-01,0.159802,57.5287
0.0063871,2.515000e+01,-5.010892e+00,8.743465e-01,2.592249e-01,5.957145e-01,6.055393e-01,0.160613,57.8207
0.00641935,2.515000e+01,-5.011082e+00,8.743465e-01,2.590235e-01,5.954886e-01,6.052983e-01,0.161424,58.1127
0.00645161,2.515000e+01,-5.011274e+00,8.743465e-01,2.587739e-01,5.951453e-01,6.050638e-01,0.162235,58.4047
0.00648387,2.515000e+01,-5.011470e+00,8.743465e-01,2.582376e-01,5.941986e-01,6.047719e-01,0.163047,58.6967
0.00651613,2.515000e+01,-5.011664e+00,8.743465e-01,2.581564e-01,5.941349e-01,6.046465e-01,0.163858,58.9888
0.00654839,2.515000e+01,-5.011848e+00,8.743465e-01,2.573465e-01,5.932799e-01,6.036181e-01,0.164669,59.2808
0.00658065,2.515000e+01,-5.012038e+00,8.743465e-01,2.569685e-01,5.923490e-01,6.036786e-01,0.165480,59.5729
0.0066129,2.515000e+01,-5.012229e+00,8.743465e-01,2.568450e-01,5.922595e-01,6.034796e-01,0.166291,59.8648
0.00664516,2.515000e+01,-5.012422e+00,8.743465e-01,2.570178e-01,5.924211e-01,6.037213e-01,0.167102,60.1569
0.00667742,2.515000e+01,-5.012617e+00,8.743465e-01,2.571192e-01,5.925454e-01,6.038324e-01,0.167914,60.4489
0.00670968,2.515000e+01,-5.012809e+00,8.743465e-01,2.567584e-01,5.920968e-01,6.034420e-01,0.168725,60.7409
0.00674194,2.515000e+01,-5.012998e+00,8.743465e-01,2.563314e-01,5.914397e-01,6.031077e-01,0.169536,61.0330
0.00677419,2.515000e+01,-5.013180e+00,8.743465e-01,2.556829e-01,5.906673e-01,6.023687e-01,0.170347,61.3249
0.00680645,2.515000e+01,-5.013360e+00,8.743465e-01,2.549561e-01,5.896101e-01,6.017332e-01,0.171158,61.6170
0.00683871,2.515000e+01,-5.013543e+00,8.743465e-01,2.550583e-01,5.897991e-01,6.017819e-01,0.171969,61.9090
0.00687097,2.515000e+01,-5.013731e+00,8.743465e-01,2.553276e-01,5.900002e-01,6.022118e-01,0.172781,62.2011
0.00690323,2.515000e+01,-5.013928e+00,8.743465e-01,2.556647e-01,5.902140e-01,6.027883e-01,0.173592,62.4931
0.00693548,2.515000e+01,-5.014123e+00,8.743465e-01,2.551371e-01,5.894579e-01,6.023162e-01,0.174403,62.7850
0.00696774,2.515000e+01,-5.014321e+00,8.743465e-01,2.547054e-01,5.885971e-01,6.021761e-01,0.175214,63.0771
0.007,2.515000e+01,-5.014518e+00,8.743465e-01,2.543677e-01,5.881143e-01,6.018716e-01,0.176025,63.3691
0.00703226,2.515000e+01,-5.014708e+00,8.743465e-01,2.540819e-01,5.878547e-01,6.014610e-01,0.176837,63.6612
0.00706452,2.515000e+01,-5.014897e+00,8.743465e-01,2.540805e-01,5.878768e-01,6.014348e-01,0.177648,63.9532
0.00709677,2.515000e+01,-5.015087e+00,8.743465e-01,2.541168e-01,5.879163e-01,6.014805e-01,0.178459,64.2452
0.00712903,2.515000e+01,-5.015282e+00,8.743465e-01,2.537976e-01,5.871323e-01,6.015274e-01,0.179270,64.5372
0.00716129,2.515000e+01,-5.015498e+00,8.743465e-01,2.530987e-01,5.853011e-01,6.017473e-01,0.180081,64.8292
0.00719355,2.515000e+01,-5.015705e+00,8.743465e-01,2.527167e-01,5.850821e-01,6.010641e-01,0.180892,65.1213
0.00722581,2.515000e+01,-5.015887e+00,8.743465e-01,2.522861e-01,5.854096e-01,5.997044e-01,0.181704,65.4133
0.00725806,2.515000e+01,-5.016067e+00,8.743465e-01,2.526094e-01,5.859745e-01,5.998936e-01,0.182515,65.7053
0.00729032,2.515000e+01,-5.016250e+00,8.743465e-01,2.524924e-01,5.856834e-01,5.999143e-01,0.183326,65.9973
0.00732258,2.515000e+01,-5.016453e+00,8.743465e-01,2.526105e-01,5.850710e-01,6.008228e-01,0.184137,66.2894
0.00735484,2.515000e+01,-5.016663e+00,8.743465e-01,2.524660e-01,5.844987e-01,6.010675e-01,0.184948,66.5814
0.0073871,2.515000e+01,-5.016860e+00,8.743465e-01,2.517058e-01,5.838427e-01,5.999310e-01,0.185760,66.8734
0.00741935,2.515000e+01,-5.017053e+00,8.743465e-01,2.514588e-01,5.835994e-01,5.995916e-01,0.186571,67.1654
0.00745161,2.515000e+01,-5.017231e+00,8.743465e-01,2.510499e-01,5.835026e-01,5.987162e-01,0.187382,67.4574
0.00748387,2.515000e+01,-5.017421e+00,8.743465e-01,2.511127e-01,5.830861e-01,5.992938e-01,0.188193,67.7495
0.00751613,2.515000e+01,-5.017624e+00,8.743465e-01,2.510157e-01,5.825770e-01,5.995859e-01,0.189004,68.0415
0.00754839,2.515000e+01,-5.017835e+00,8.743465e-01,2.508669e-01,5.821726e-01,5.996465e-01,0.189815,68.3336
0.00758065,2.515000e+01,-5.018040e+00,8.743465e-01,2.506710e-01,5.820036e-01,5.993522e-01,0.190627,68.6256
0.0076129,2.515000e+01,-5.018227e+00,8.743465e-01,2.506199e-01,5.824938e-01,5.987261e-01,0.191438,68.9176
0.00764516,2.515000e+01,-5.018421e+00,8.743465e-01,2.504242e-01,5.818014e-01,5.989701e-01,0.192249,69.2096
0.00767742,2.515000e+01,-5.018618e+00,8.743465e-01,2.501806e-01,5.813486e-01,5.988538e-01,0.193060,69.5016
0.00770968,2.515000e+01,-5.018815e+00,8.743465e-01,2.499520e-01,5.809611e-01,5.987054e-01,0.193871,69.7937
0.00774194,2.515000e+01,-5.019025e+00,8.743465e-01,2.496989e-01,5.799233e-01,5.991694e-01,0.194683,70.0857
0.00777419,2.515000e+01,-5.019246e+00,8.743465e-01,2.493443e-01,5.789166e-01,5.993593e-01,0.195494,70.3777
0.00780645,2.515000e+01,-5.019454e+00,8.743465e-01,2.488190e-01,5.787266e-01,5.982925e-01,0.196305,70.6697
0.00783871,2.515000e+01,-5.019650e+00,8.743465e-01,2.486616e-01,5.788656e-01,5.977711e-01,0.197116,70.9617
0.00787097,2.515000e+01,-5.019848e+00,8.743465e-01,2.488475e-01,5.792573e-01,5.978131e-01,0.197927,71.2538
0.00790323,2.515000e+01,-5.020047e+00,8.743465e-01,2.487822e-01,5.790872e-01,5.978319e-01,0.198738,71.5458
0.00793548,2.515000e+01,-5.020235e+00,8.743465e-01,2.484735e-01,5.791099e-01,5.970667e-01,0.199549,71.8378
0.00796774,2.515000e+01,-5.020436e+00,8.743465e-01,2.480677e-01,5.776620e-01,5.975857e-01,0.200361,72.1298
0.008,2.515000e+01,-5.020650e+00,8.743465e-01,2.480242e-01,5.771328e-01,5.980286e-01,0.201172,72.4219
0.00803226,2.515000e+01,-5.020862e+00,8.743465e-01,2.478352e-01,5.769201e-01,5.977931e-01,0.201983,72.7139
0.00806452,2.515000e+01,-5.021057e+00,8.743465e-01,2.473397e-01,5.768627e-01,5.966576e-01,0.202794,73.0059
0.00809677,2.515000e+01,-5.021256e+00,8.743465e-01,2.474122e-01,5.768496e-01,5.968460e-01,0.203605,73.2979
0.00812903,2.515000e+01,-5.021473e+00,8.743465e-01,2.475395e-01,5.764921e-01,5.975234e-01,0.204416,73.5899
0.00816129,2.515000e+01,-5.021694e+00,8.743465e-01,2.472024e-01,5.758013e-01,5.974254e-01,0.205228,73.8820
0.00819355,2.515000e+01,-5.021898e+00,8.743465e-01,2.469925e-01,5.760403e-01,5.966708e-01,0.206039,74.1740
0.0220323,2.515000e+01,-5.109894e+00,8.743465e-01,2.154768e-01,5.301127e-01,5.656350e-01,0.554035,199.4525
0.0220645,2.515000e+01,-5.109751e+00,8.743465e-01,2.154751e-01,5.299837e-01,5.657677e-01,0.554845,199.7440
0.0220968,2.515000e+01,-5.109600e+00,8.743465e-01,2.154555e-01,5.303654e-01,5.653091e-01,0.555657,200.0364
0.022129,2.515000e+01,-5.109432e+00,8.743465e-01,2.152375e-01,5.310636e-01,5.639948e-01,0.556466,200.3279
0.0221613,2.515000e+01,-5.109266e+00,8.743465e-01,2.154539e-01,5.317144e-01,5.638708e-01,0.557279,200.6203
0.0221935,2.515000e+01,-5.109106e+00,8.743465e-01,2.154106e-01,5.315517e-01,5.639303e-01,0.558088,200.9118
0.0222258,2.515000e+01,-5.108953e+00,8.743465e-01,2.154130e-01,5.315011e-01,5.639904e-01,0.558901,201.2042
0.0222581,2.515000e+01,-5.108823e+00,8.743465e-01,2.156062e-01,5.309641e-01,5.650663e-01,0.559713,201.4966
0.0222903,2.515000e+01,-5.108726e+00,8.743465e-01,2.158910e-01,5.301317e-01,5.667020e-01,0.560523,201.7881
0.0223226,2.515000e+01,-5.108635e+00,8.743465e-01,2.159442e-01,5.301764e-01,5.667938e-01,0.561335,202.0805
0.0223548,2.515000e+01,-5.108526e+00,8.743465e-01,2.158442e-01,5.312911e-01,5.653422e-01,0.562145,202.3720
0.0223871,2.515000e+01,-5.108406e+00,8.743465e-01,2.154952e-01,5.316459e-01,5.640515e-01,0.562957,202.6644
0.0224194,2.515000e+01,-5.108292e+00,8.743465e-01,2.154549e-01,5.315706e-01,5.640261e-01,0.563769,202.9568
0.0224516,2.515000e+01,-5.108188e+00,8.743465e-01,2.153975e-01,5.311136e-01,5.643612e-01,0.564579,203.2483
0.0224839,2.515000e+01,-5.108098e+00,8.743465e-01,2.155951e-01,5.311584e-01,5.648311e-01,0.565391,203.5407
0.0225161,2.515000e+01,-5.108011e+00,8.743465e-01,2.158132e-01,5.318597e-01,5.646570e-01,0.566201,203.8322
0.0225484,2.515000e+01,-5.107931e+00,8.743465e-01,2.157274e-01,5.317291e-01,5.645714e-01,0.567013,204.1246
0.0225806,2.515000e+01,-5.107853e+00,8.743465e-01,2.156101e-01,5.318139e-01,5.641741e-01,0.567823,204.4161
0.0226129,2.515000e+01,-5.107781e+00,8.743465e-01,2.153661e-01,5.312384e-01,5.641462e-01,0.568635,204.7085
0.0226452,2.515000e+01,-5.107737e+00,8.743465e-01,2.156358e-01,5.304729e-01,5.656671e-01,0.569447,205.0010
0.0226774,2.515000e+01,-5.107708e+00,8.743465e-01,2.158016e-01,5.303460e-01,5.662382e-01,0.570257,205.2925
0.0227097,2.515000e+01,-5.107666e+00,8.743465e-01,2.157324e-01,5.313105e-01,5.650285e-01,0.571069,205.5849
0.0227419,2.515000e+01,-5.107586e+00,8.743465e-01,2.151073e-01,5.327195e-01,5.619014e-01,0.571879,205.8764
0.0227742,2.515000e+01,-5.107516e+00,8.743465e-01,2.150167e-01,5.324562e-01,5.619422e-01,0.572691,206.1688
0.0228065,2.515000e+01,-5.107480e+00,8.743465e-01,2.153877e-01,5.318607e-01,5.635423e-01,0.573503,206.4612
0.0228387,2.515000e+01,-5.107469e+00,8.743465e-01,2.155147e-01,5.313169e-01,5.644523e-01,0.574313,206.7527
0.022871,2.515000e+01,-5.107480e+00,8.743465e-01,2.158380e-01,5.312526e-01,5.653670e-01,0.575125,207.0451
0.0229032,2.515000e+01,-5.107474e+00,8.743465e-01,2.156996e-01,5.318523e-01,5.643679e-01,0.575935,207.3366
0.0229355,2.515000e+01,-5.107480e+00,8.743465e-01,2.158416e-01,5.320119e-01,5.645693e-01,0.576747,207.6290
0.0229677,2.515000e+01,-5.107483e+00,8.743465e-01,2.157957e-01,5.325368e-01,5.638933e-01,0.577557,207.9205
0.023,2.515000e+01,-5.107512e+00,8.743465e-01,2.157873e-01,5.315812e-01,5.648850e-01,0.578369,208.2129
0.0230323,2.515000e+01,-5.107542e+00,8.743465e-01,2.155802e-01,5.313016e-01,5.646397e-01,0.579181,208.5053
0.0230645,2.515000e+01,-5.107569e+00,8.743465e-01,2.154527e-01,5.314027e-01,5.641990e-01,0.579991,208.7968
0.0230968,2.515000e+01,-5.107572e+00,8.743465e-01,2.152181e-01,5.324557e-01,5.624694e-01,0.580803,209.0892
0.023129,2.515000e+01,-5.107586e+00,8.743465e-01,2.154519e-01,5.326710e-01,5.628527e-01,0.581613,209.3807
0.0231613,2.515000e+01,-5.107622e+00,8.743465e-01,2.157292e-01,5.323488e-01,5.639182e-01,0.582425,209.6731
0.0231935,2.515000e+01,-5.107674e+00,8.743465e-01,2.160637e-01,5.323688e-01,5.647717e-01,0.583235,209.9646
0.0232258,2.515000e+01,-5.107752e+00,8.743465e-01,2.164316e-01,5.318908e-01,5.662416e-01,0.584047,210.2570
0.0232581,2.515000e+01,-5.107818e+00,8.743465e-01,2.159856e-01,5.316501e-01,5.653308e-01,0.584859,210.5494
0.0232903,2.515000e+01,-5.107881e+00,8.743465e-01,2.157688e-01,5.315833e-01,5.648345e-01,0.585669,210.8409
0.0233226,2.515000e+01,-5.107906e+00,8.743465e-01,2.152335e-01,5.327827e-01,5.621649e-01,0.586481,211.1333
0.0233548,2.515000e+01,-5.107936e+00,8.743465e-01,2.154380e-01,5.328680e-01,5.626090e-01,0.587291,211.4248
0.0233871,2.515000e+01,-5.107987e+00,8.743465e-01,2.157027e-01,5.324399e-01,5.637526e-01,0.588103,211.7172
0.0234194,2.515000e+01,-5.108026e+00,8.743465e-01,2.153782e-01,5.323962e-01,5.629510e-01,0.588915,212.0096
0.0234516,2.515000e+01,-5.108057e+00,8.743465e-01,2.151748e-01,5.325426e-01,5.622649e-01,0.589725,212.3011
0.0234839,2.515000e+01,-5.108117e+00,8.743465e-01,2.157521e-01,5.326131e-01,5.636986e-01,0.590537,212.5935
0.0235161,2.515000e+01,-5.108197e+00,8.743465e-01,2.157338e-01,5.319371e-01,5.643669e-01,0.591347,212.8850
0.0235484,2.515000e+01,-5.108261e+00,8.743465e-01,2.153066e-01,5.320829e-01,5.630951e-01,0.592159,213.1774
0.0235806,2.515000e+01,-5.108311e+00,8.743465e-01,2.151742e-01,5.327337e-01,5.620611e-01,0.592969,213.4689
0.0236129,2.515000e+01,-5.108398e+00,8.743465e-01,2.157875e-01,5.321635e-01,5.642674e-01,0.593781,213.7613
0.0236452,2.515000e+01,-5.108514e+00,8.743465e-01,2.162977e-01,5.320871e-01,5.656828e-01,0.594594,214.0537
0.0236774,2.515000e+01,-5.108613e+00,8.743465e-01,2.159584e-01,5.326579e-01,5.641902e-01,0.595403,214.3452
0.0237097,2.515000e+01,-5.108690e+00,8.743465e-01,2.151553e-01,5.327358e-01,5.620100e-01,0.596216,214.6376
0.0237419,2.515000e+01,-5.108778e+00,8.743465e-01,2.155113e-01,5.326110e-01,5.630711e-01,0.597025,214.9291
0.0237742,2.515000e+01,-5.108876e+00,8.743465e-01,2.153374e-01,5.319144e-01,5.633544e-01,0.597837,215.2215
0.0238065,2.515000e+01,-5.108982e+00,8.743465e-01,2.155514e-01,5.321656e-01,5.636482e-01,0.598650,215.5139
0.0238387,2.515000e+01,-5.109103e+00,8.743465e-01,2.158786e-01,5.323772e-01,5.642793e-01,0.599459,215.8054
0.023871,2.515000e+01,-5.109250e+00,8.743465e-01,2.160784e-01,5.321524e-01,5.650397e-01,0.600272,216.0978
0.0239032,2.515000e+01,-5.109376e+00,8.743465e-01,2.156388e-01,5.322946e-01,5.637395e-01,0.601081,216.3893
0.0239355,2.515000e+01,-5.109455e+00,8.743465e-01,2.144966e-01,5.323988e-01,5.606442e-01,0.601894,216.6817
0.0239677,2.515000e+01,-5.109552e+00,8.743465e-01,2.147009e-01,5.320682e-01,5.615266e-01,0.602703,216.9732
0.024,2.515000e+01,-5.109682e+00,8.743465e-01,2.152922e-01,5.320640e-01,5.630774e-01,0.603516,217.2656
0.0240323,2.515000e+01,-5.109837e+00,8.743465e-01,2.155170e-01,5.315633e-01,5.641964e-01,0.604328,217.5580
0.0240645,2.515000e+01,-5.109964e+00,8.743465e-01,2.151659e-01,5.325410e-01,5.622430e-01,0.605137,217.8495
0.0240968,2.515000e+01,-5.110082e+00,8.743465e-01,2.148379e-01,5.324773e-01,5.614531e-01,0.605950,218.1419
0.024129,2.515000e+01,-5.110225e+00,8.743465e-01,2.150599e-01,5.316307e-01,5.629285e-01,0.606759,218.4334
0.0241613,2.515000e+01,-5.110379e+00,8.743465e-01,2.152559e-01,5.314469e-01,5.636362e-01,0.607572,218.7258
0.0241935,2.515000e+01,-5.110541e+00,8.743465e-01,2.153347e-01,5.311278e-01,5.641812e-01,0.608381,219.0173
0.0242258,2.515000e+01,-5.110685e+00,8.743465e-01,2.150960e-01,5.313695e-01,5.632994e-01,0.609194,219.3097
0.0242581,2.515000e+01,-5.110819e+00,8.743465e-01,2.151094e-01,5.317396e-01,5.629428e-01,0.610006,219.6021
0.0242903,2.515000e+01,-5.110913e+00,8.743465e-01,2.143198e-01,5.320550e-01,5.605436e-01,0.610816,219.8936
0.0243226,2.515000e+01,-5.111022e+00,8.743465e-01,2.145344e-01,5.314480e-01,5.617458e-01,0.611628,220.1860
0.0243548,2.515000e+01,-5.111148e+00,8.743465e-01,2.147924e-01,5.311173e-01,5.627716e-01,0.612438,220.4775
0.0243871,2.515000e+01,-5.111286e+00,8.743465e-01,2.151171e-01,5.308288e-01,5.639288e-01,0.613250,220.7699
0.0244194,2.515000e+01,-5.111415e+00,8.743465e-01,2.151962e-01,5.311526e-01,5.637920e-01,0.614062,221.0623
0.0244516,2.515000e+01,-5.111512e+00,8.743465e-01,2.146500e-01,5.313721e-01,5.621289e-01,0.614872,221.3538
0.0244839,2.515000e+01,-5.111617e+00,8.743465e-01,2.148437e-01,5.310346e-01,5.629938e-01,0.615684,221.6462
0.0245161,2.515000e+01,-5.111717e+00,8.743465e-01,2.145894e-01,5.305992e-01,5.627887e-01,0.616494,221.9377
0.0245484,2.515000e+01,-5.111828e+00,8.743465e-01,2.146773e-01,5.300569e-01,5.635950e-01,0.617306,222.2301
0.0245806,2.515000e+01,-5.111923e+00,8.743465e-01,2.143195e-01,5.302096e-01,5.624940e-01,0.618116,222.5216
0.0246129,2.515000e+01,-5.111970e+00,8.743465e-01,2.135346e-01,5.305897e-01,5.600325e-01,0.618928,222.8140
0.0246452,2.515000e+01,-5.112005e+00,8.743465e-01,2.134995e-01,5.308672e-01,5.596477e-01,0.619740,223.1064
0.0246774,2.515000e+01,-5.112064e+00,8.743465e-01,2.138963e-01,5.305840e-01,5.609871e-01,0.620550,223.3979
0.0247097,2.515000e+01,-5.112146e+00,8.743465e-01,2.141814e-01,5.299669e-01,5.623895e-01,0.621362,223.6903
0.0247419,2.515000e+01,-5.112237e+00,8.743465e-01,2.143219e-01,5.297026e-01,5.630387e-01,0.622172,223.9818
0.0247742,2.515000e+01,-5.112322e+00,8.743465e-01,2.142101e-01,5.296504e-01,5.628005e-01,0.622984,224.2742
0.0248065,2.515000e+01,-5.112389e+00,8.743465e-01,2.138701e-01,5.297763e-01,5.617737e-01,0.623796,224.5666
0.0248387,2.515000e+01,-5.112462e+00,8.743465e-01,2.138567e-01,5.294735e-01,5.620599e-01,0.624606,224.8581
0.024871,2.515000e+01,-5.112516e+00,8.743465e-01,2.136004e-01,5.298300e-01,5.610083e-01,0.625418,225.1505
0.0249032,2.515000e+01,-5.112589e+00,8.743465e-01,2.137388e-01,5.290687e-01,5.621798e-01,0.626228,225.4420
0.0249355,2.515000e+01,-5.112665e+00,8.743465e-01,2.139093e-01,5.291755e-01,5.625148e-01,0.627040,225.7344
0.0249677,2.515000e+01,-5.112711e+00,8.743465e-01,2.130533e-01,5.287996e-01,5.606612e-01,0.627850,226.0259
0.025,2.515000e+01,-5.112750e+00,8.743465e-01,2.129109e-01,5.288012e-01,5.602857e-01,0.628662,226.3183
0.0250323,2.515000e+01,-5.112800e+00,8.743465e-01,2.131411e-01,5.286617e-01,5.610392e-01,0.629474,226.6107
0.0250645,2.515000e+01,-5.112866e+00,8.743465e-01,2.136665e-01,5.287954e-01,5.622798e-01,0.630284,226.9022
0.0250968,2.515000e+01,-5.112930e+00,8.743465e-01,2.136562e-01,5.287764e-01,5.622732e-01,0.631096,227.1946
0.025129,2.515000e+01,-5.112970e+00,8.743465e-01,2.130016e-01,5.283647e-01,5.609868e-01,0.631906,227.4861
0.0251613,2.515000e+01,-5.113009e+00,8.743465e-01,2.128865e-01,5.279014e-01,5.611756e-01,0.632718,227.7785
0.0251935,2.515000e+01,-5.113026e+00,8.743465e-01,2.123944e-01,5.274970e-01,5.603081e-01,0.633528,228.0700
0.0252258,2.515000e+01,-5.113044e+00,8.743465e-01,2.127253e-01,5.273849e-01,5.613002e-01,0.634340,228.3624
0.0252581,2.515000e+01,-5.113044e+00,8.743465e-01,2.126950e-01,5.279409e-01,5.606291e-01,0.635152,228.6548
0.0252903,2.515000e+01,-5.113043e+00,8.743465e-01,2.127644e-01,5.277255e-01,5.610405e-01,0.635962,228.9463
0.0253226,2.515000e+01,-5.113037e+00,8.743465e-01,2.125756e-01,5.271448e-01,5.611608e-01,0.636774,229.2387
0.0253548,2.515000e+01,-5.113013e+00,8.743465e-01,2.119076e-01,5.266693e-01,5.599020e-01,0.637584,229.5302
0.0253871,2.515000e+01,-5.112997e+00,8.743465e-01,2.121898e-01,5.265614e-01,5.607631e-01,0.638396,229.8226
0.0254194,2.515000e+01,-5.112984e+00,8.743465e-01,2.124551e-01,5.267499e-01,5.612626e-01,0.639208,230.1150
0.0254516,2.515000e+01,-5.112971e+00,8.743465e-01,2.124852e-01,5.267925e-01,5.612972e-01,0.640018,230.4065
0.0254839,2.515000e+01,-5.112920e+00,8.743465e-01,2.114962e-01,5.265267e-01,5.589665e-01,0.640830,230.6989
0.0255161,2.515000e+01,-5.112872e+00,8.743465e-01,2.112271e-01,5.258210e-01,5.590045e-01,0.641640,230.9904
0.0255484,2.515000e+01,-5.112822e+00,8.743465e-01,2.110735e-01,5.251904e-01,5.592687e-01,0.642452,231.2828
0.0255806,2.515000e+01,-5.112782e+00,8.743465e-01,2.114624e-01,5.252875e-01,5.601956e-01,0.643262,231.5743
0.0256129,2.515000e+01,-5.112734e+00,8.743465e-01,2.114779e-01,5.257225e-01,5.597733e-01,0.644074,231.8667
0.0256452,2.515000e+01,-5.112704e+00,8.743465e-01,2.120392e-01,5.257056e-01,5.612770e-01,0.644887,232.1592
0.0256774,2.515000e+01,-5.112669e+00,8.743465e-01,2.117287e-01,5.253476e-01,5.608370e-01,0.645696,232.4507
0.0257097,2.515000e+01,-5.112618e+00,8.743465e-01,2.109763e-01,5.244358e-01,5.598157e-01,0.646508,232.7431
0.0257419,2.515000e+01,-5.112566e+00,8.743465e-01,2.109804e-01,5.244672e-01,5.597930e-01,0.647318,233.0346
0.0257742,2.515000e+01,-5.112517e+00,8.743465e-01,2.110403e-01,5.244129e-01,5.600099e-01,0.648130,233.3270
0.0258065,2.515000e+01,-5.112476e+00,8.743465e-01,2.111646e-01,5.241892e-01,5.605787e-01,0.648943,233.6194
0.0258387,2.515000e+01,-5.112413e+00,8.743465e-01,2.105948e-01,5.241894e-01,5.590663e-01,0.649752,233.9109
0.025871,2.515000e+01,-5.112345e+00,8.743465e-01,2.102501e-01,5.235130e-01,5.588719e-01,0.650565,234.2033
0.0259032,2.515000e+01,-5.112285e+00,8.743465e-01,2.102643e-01,5.234116e-01,5.590182e-01,0.651374,234.4948
0.0259355,2.515000e+01,-5.112229e+00,8.743465e-01,2.102175e-01,5.232947e-01,5.590184e-01,0.652187,234.7872
0.0259677,2.515000e+01,-5.112183e+00,8.743465e-01,2.102244e-01,5.229584e-01,5.593962e-01,0.652996,235.0787
0.026,2.515000e+01,-5.112148e+00,8.743465e-01,2.103165e-01,5.229224e-01,5.596798e-01,0.653809,235.3711
0.0260323,2.515000e+01,-5.112116e+00,8.743465e-01,2.102010e-01,5.226574e-01,5.596563e-01,0.654621,235.6635
0.0260645,2.515000e+01,-5.112066e+00,8.743465e-01,2.096598e-01,5.224808e-01,5.584043e-01,0.655430,235.9550
0.0260968,2.515000e+01,-5.112010e+00,8.743465e-01,2.093016e-01,5.222721e-01,5.576728e-01,0.656243,236.2474
0.026129,2.515000e+01,-5.111970e+00,8.743465e-01,2.094448e-01,5.220816e-01,5.582582e-01,0.657052,236.5389
0.0261613,2.515000e+01,-5.111942e+00,8.743465e-01,2.096146e-01,5.219781e-01,5.588211e-01,0.657865,236.8313
0.0261935,2.515000e+01,-5.111918e+00,8.743465e-01,2.092947e-01,5.212773e-01,5.587184e-01,0.658674,237.1228
0.0262258,2.515000e+01,-5.111898e+00,8.743465e-01,2.092164e-01,5.209570e-01,5.588529e-01,0.659487,237.4152
0.0262581,2.515000e+01,-5.111881e+00,8.743465e-01,2.094065e-01,5.213052e-01,5.589868e-01,0.660299,237.7076
0.0262903,2.515000e+01,-5.111866e+00,8.743465e-01,2.094915e-01,5.215565e-01,5.589445e-01,0.661109,237.9991
0.0263226,2.515000e+01,-5.111859e+00,8.743465e-01,2.094387e-01,5.212508e-01,5.591314e-01,0.661921,238.2915
0.0263548,2.515000e+01,-5.111855e+00,8.743465e-01,2.091905e-01,5.206925e-01,5.590679e-01,0.662730,238.5830
0.0263871,2.515000e+01,-5.111857e+00,8.743465e-01,2.091425e-01,5.203418e-01,5.593160e-01,0.663543,238.8754
0.0264194,2.515000e+01,-5.111853e+00,8.743465e-01,2.087389e-01,5.201750e-01,5.584156e-01,0.664355,239.1678
0.0264516,2.515000e+01,-5.111844e+00,8.743465e-01,2.081341e-01,5.196387e-01,5.573724e-01,0.665165,239.4593
0.0264839,2.515000e+01,-5.111853e+00,8.743465e-01,2.083457e-01,5.194405e-01,5.581519e-01,0.665977,239.7517
0.0265161,2.515000e+01,-5.111867e+00,8.743465e-01,2.084019e-01,5.195727e-01,5.581601e-01,0.666787,240.0432
0.0265484,2.515000e+01,-5.111886e+00,8.743465e-01,2.085227e-01,5.197021e-01,5.583446e-01,0.667599,240.3356
0.0265806,2.515000e+01,-5.111906e+00,8.743465e-01,2.084724e-01,5.196707e-01,5.582437e-01,0.668409,240.6271
0.0266129,2.515000e+01,-5.111929e+00,8.743465e-01,2.084269e-01,5.195104e-01,5.582944e-01,0.669221,240.9195
0.0266452,2.515000e+01,-5.111962e+00,8.743465e-01,2.083662e-01,5.189744e-01,5.587081e-01,0.670033,241.2119
0.0266774,2.515000e+01,-5.111981e+00,8.743465e-01,2.076963e-01,5.184885e-01,5.574341e-01,0.670843,241.5034
0.0267097,2.515000e+01,-5.112002e+00,8.743465e-01,2.076763e-01,5.184839e-01,5.573847e-01,0.671655,241.7958
0.0267419,2.515000e+01,-5.112022e+00,8.743465e-01,2.076523e-01,5.186047e-01,5.571910e-01,0.672465,242.0873
0.0267742,2.515000e+01,-5.112044e+00,8.743465e-01,2.079146e-01,5.190224e-01,5.574455e-01,0.673277,242.3797
0.0268065,2.515000e+01,-5.112081e+00,8.743465e-01,2.080069e-01,5.187624e-01,5.579728e-01,0.674089,242.6721
0.0268387,2.515000e+01,-5.112131e+00,8.743465e-01,2.082188e-01,5.187433e-01,5.585616e-01,0.674899,242.9636
0.026871,2.515000e+01,-5.112186e+00,8.743465e-01,2.079338e-01,5.179463e-01,5.586555e-01,0.675711,243.2560
0.0269032,2.515000e+01,-5.112236e+00,8.743465e-01,2.077793e-01,5.179829e-01,5.582011e-01,0.676521,243.5475
0.0269355,2.515000e+01,-5.112291e+00,8.743465e-01,2.077470e-01,5.180310e-01,5.580624e-01,0.677333,243.8399
0.0269677,2.515000e+01,-5.112362e+00,8.743465e-01,2.080984e-01,5.182418e-01,5.587790e-01,0.678143,244.1314
0.027,2.515000e+01,-5.112437e+00,8.743465e-01,2.080211e-01,5.181349e-01,5.586865e-01,0.678955,244.4238
0.0270323,2.515000e+01,-5.112517e+00,8.743465e-01,2.075927e-01,5.171892e-01,5.585556e-01,0.679767,244.7162
0.0270645,2.515000e+01,-5.112608e+00,8.743465e-01,2.073162e-01,5.164320e-01,5.586295e-01,0.680577,245.0077
0.0270968,2.515000e+01,-5.112687e+00,8.743465e-01,2.070997e-01,5.168637e-01,5.575798e-01,0.681389,245.3001
0.027129,2.515000e+01,-5.112767e+00,8.743465e-01,2.073670e-01,5.174606e-01,5.576554e-01,0.682199,245.5916
0.0271613,2.515000e+01,-5.112852e+00,8.743465e-01,2.074668e-01,5.178695e-01,5.574833e-01,0.683011,245.8840
0.0271935,2.515000e+01,-5.112958e+00,8.743465e-01,2.076951e-01,5.174474e-01,5.585519e-01,0.683821,246.1755
0.0272258,2.515000e+01,-5.113074e+00,8.743465e-01,2.079150e-01,5.173574e-01,5.592406e-01,0.684633,246.4679
0.0272581,2.515000e+01,-5.113187e+00,8.743465e-01,2.074269e-01,5.167824e-01,5.585491e-01,0.685445,246.7603
0.0272903,2.515000e+01,-5.113309e+00,8.743465e-01,2.074280e-01,5.167323e-01,5.586061e-01,0.686255,247.0518
0.0273226,2.515000e+01,-5.113423e+00,8.743465e-01,2.072173e-01,5.170534e-01,5.576920e-01,0.687067,247.3442
0.0273548,2.515000e+01,-5.113544e+00,8.743465e-01,2.073360e-01,5.171337e-01,5.579246e-01,0.687877,247.6357
0.0273871,2.515000e+01,-5.113667e+00,8.743465e-01,2.073331e-01,5.171083e-01,5.579443e-01,0.688689,247.9281
0.0274194,2.515000e+01,-5.113803e+00,8.743465e-01,2.071697e-01,5.164880e-01,5.581740e-01,0.689501,248.2205
0.0274516,2.515000e+01,-5.113937e+00,8.743465e-01,2.071688e-01,5.167261e-01,5.579148e-01,0.690311,248.5120
0.0274839,2.515000e+01,-5.114074e+00,8.743465e-01,2.073743e-01,5.173923e-01,5.577485e-01,0.691123,248.8044
0.0275161,2.515000e+01,-5.114229e+00,8.743465e-01,2.077295e-01,5.175650e-01,5.585179e-01,0.691933,249.0959
0.0275484,2.515000e+01,-5.114397e+00,8.743465e-01,2.078082e-01,5.171768e-01,5.591485e-01,0.692745,249.3883
0.0275806,2.515000e+01,-5.114569e+00,8.743465e-01,2.078811e-01,5.172919e-01,5.592203e-01,0.693555,249.6798
0.0276129,2.515000e+01,-5.114750e+00,8.743465e-01,2.078047e-01,5.166790e-01,5.596780e-01,0.694367,249.9722
0.0276452,2.515000e+01,-5.114940e+00,8.743465e-01,2.076126e-01,5.162818e-01,5.595907e-01,0.695179,250.2646
0.0276774,2.515000e+01,-5.115135e+00,8.743465e-01,2.074856e-01,5.160627e-01,5.594862e-01,0.695989,250.5561
0.0277097,2.515000e+01,-5.115321e+00,8.743465e-01,2.074979e-01,5.165333e-01,5.590096e-01,0.696801,250.8485
0.0277419,2.515000e+01,-5.115504e+00,8.743465e-01,2.076354e-01,5.169236e-01,5.589575e-01,0.697611,251.1400
0.0277742,2.515000e+01,-5.115685e+00,8.743465e-01,2.077818e-01,5.173357e-01,5.589061e-01,0.698423,251.4324
0.0278065,2.515000e+01,-5.115864e+00,8.743465e-01,2.077973e-01,5.176233e-01,5.586372e-01,0.699236,251.7248
0.0278387,2.515000e+01,-5.116052e+00,8.743465e-01,2.078748e-01,5.173868e-01,5.591007e-01,0.700045,252.0163
0.027871,2.515000e+01,-5.116262e+00,8.743465e-01,2.080456e-01,5.166208e-01,5.603896e-01,0.700858,252.3087
0.0279032,2.515000e+01,-5.116474e+00,8.743465e-01,2.082064e-01,5.168425e-01,5.605825e-01,0.701667,252.6002
0.0279355,2.515000e+01,-5.116667e+00,8.743465e-01,2.078601e-01,5.170354e-01,5.594411e-01,0.702480,252.8926
0.0279677,2.515000e+01,-5.116840e+00,8.743465e-01,2.076535e-01,5.174489e-01,5.584390e-01,0.703289,253.1841
0.028,2.515000e+01,-5.117015e+00,8.743465e-01,2.077140e-01,5.175562e-01,5.584856e-01,0.704101,253.4765
0.0280323,2.515000e+01,-5.117201e+00,8.743465e-01,2.079414e-01,5.173826e-01,5.592848e-01,0.704914,253.7689
0.0280645,2.515000e+01,-5.117392e+00,8.743465e-01,2.081940e-01,5.174741e-01,5.598649e-01,0.705723,254.0604
0.0280968,2.515000e+01,-5.117571e+00,8.743465e-01,2.081997e-01,5.179696e-01,5.593445e-01,0.706536,254.3528
0.028129,2.515000e+01,-5.117746e+00,8.743465e-01,2.083514e-01,5.181766e-01,5.595285e-01,0.707345,254.6443
0.0281613,2.515000e+01,-5.117920e+00,8.743465e-01,2.085296e-01,5.186295e-01,5.595183e-01,0.708158,254.9367
0.0281935,2.515000e+01,-5.118106e+00,8.743465e-01,2.085073e-01,5.178262e-01,5.603263e-01,0.708967,255.2282
0.0282258,2.515000e+01,-5.118306e+00,8.743465e-01,2.086340e-01,5.170486e-01,5.615098e-01,0.709780,255.5206
0.0282581,2.515000e+01,-5.118510e+00,8.743465e-01,2.087861e-01,5.170006e-01,5.619716e-01,0.710592,255.8130
0.0282903,2.515000e+01,-5.118691e+00,8.743465e-01,2.087298e-01,5.178699e-01,5.608770e-01,0.711401,256.1045
0.0283226,2.515000e+01,-5.118843e+00,8.743465e-01,2.085786e-01,5.187275e-01,5.595435e-01,0.712214,256.3969
0.0283548,2.515000e+01,-5.118996e+00,8.743465e-01,2.086493e-01,5.189072e-01,5.595397e-01,0.713023,256.6884
0.0283871,2.515000e+01,-5.119169e+00,8.743465e-01,2.091290e-01,5.187898e-01,5.609528e-01,0.713836,256.9808
0.0284194,2.515000e+01,-5.119339e+00,8.743465e-01,2.092138e-01,5.190198e-01,5.609321e-01,0.714648,257.2732
0.0284516,2.515000e+01,-5.119508e+00,8.743465e-01,2.092076e-01,5.186796e-01,5.612832e-01,0.715458,257.5647
0.0284839,2.515000e+01,-5.119670e+00,8.743465e-01,2.093789e-01,5.192118e-01,5.611669e-01,0.716270,257.8571
0.0285161,2.515000e+01,-5.119840e+00,8.743465e-01,2.096940e-01,5.192316e-01,5.619898e-01,0.717080,258.1486
0.0285484,2.515000e+01,-5.119999e+00,8.743465e-01,2.095658e-01,5.190445e-01,5.618492e-01,0.717892,258.4410
0.0285806,2.515000e+01,-5.120157e+00,8.743465e-01,2.094090e-01,5.185736e-01,5.619381e-01,0.718702,258.7325
0.0286129,2.515000e+01,-5.120305e+00,8.743465e-01,2.094078e-01,5.189354e-01,5.615434e-01,0.719514,259.0249
0.0286452,2.515000e+01,-5.120437e+00,8.743465e-01,2.095874e-01,5.199981e-01,5.608760e-01,0.720326,259.3174
0.0286774,2.515000e+01,-5.120544e+00,8.743465e-01,2.093563e-01,5.206225e-01,5.595859e-01,0.721136,259.6089
0.0287097,2.515000e+01,-5.120655e+00,8.743465e-01,2.095271e-01,5.206254e-01,5.600395e-01,0.721948,259.9013
0.0287419,2.515000e+01,-5.120792e+00,8.743465e-01,2.101379e-01,5.203322e-01,5.619885e-01,0.722758,260.1928
0.0287742,2.515000e+01,-5.120931e+00,8.743465e-01,2.105816e-01,5.209378e-01,5.625203e-01,0.723570,260.4852
0.0288065,2.515000e+01,-5.121079e+00,8.743465e-01,2.105748e-01,5.203344e-01,5.631546e-01,0.724382,260.7776
0.0288387,2.515000e+01,-5.121221e+00,8.743465e-01,2.105868e-01,5.204874e-01,5.630211e-01,0.725192,261.0691
0.028871,2.515000e+01,-5.121363e+00,8.743465e-01,2.108491e-01,5.207663e-01,5.634201e-01,0.726004,261.3615
0.0289032,2.515000e+01,-5.121487e+00,8.743465e-01,2.106005e-01,5.209199e-01,5.625905e-01,0.726814,261.6530
0.0289355,2.515000e+01,-5.121614e+00,8.743465e-01,2.106464e-01,5.207723e-01,5.628726e-01,0.727626,261.9454
0.0289677,2.515000e+01,-5.121714e+00,8.743465e-01,2.104871e-01,5.216932e-01,5.614540e-01,0.728436,262.2369
0.029,2.515000e+01,-5.121814e+00,8.743465e-01,2.108722e-01,5.222571e-01,5.618737e-01,0.729248,262.5293
0.0290323,2.515000e+01,-5.121919e+00,8.743465e-01,2.111880e-01,5.222872e-01,5.626829e-01,0.730060,262.8217
0.0290645,2.515000e+01,-5.122047e+00,8.743465e-01,2.117040e-01,5.220098e-01,5.643571e-01,0.730870,263.1132
0.0290968,2.515000e+01,-5.122159e+00,8.743465e-01,2.115587e-01,5.227556e-01,5.631652e-01,0.731682,263.4056
0.029129,2.515000e+01,-5.122235e+00,8.743465e-01,2.111855e-01,5.234748e-01,5.613994e-01,0.732492,263.6971
0.0291613,2.515000e+01,-5.122360e+00,8.743465e-01,2.117175e-01,5.218514e-01,5.645645e-01,0.733304,263.9895
0.0291935,2.515000e+01,-5.122485e+00,8.743465e-01,2.118428e-01,5.220237e-01,5.647120e-01,0.734114,264.2810
0.0292258,2.515000e+01,-5.122612e+00,8.743465e-01,2.123051e-01,5.228364e-01,5.650648e-01,0.734926,264.5734
0.0292581,2.515000e+01,-5.122716e+00,8.743465e-01,2.120820e-01,5.235323e-01,5.637206e-01,0.735738,264.8658
0.0292903,2.515000e+01,-5.122813e+00,8.743465e-01,2.117227e-01,5.231557e-01,5.631708e-01,0.736548,265.1573
0.0293226,2.515000e+01,-5.122894e+00,8.743465e-01,2.115594e-01,5.236473e-01,5.622081e-01,0.737360,265.4497
0.0293548,2.515000e+01,-5.122958e+00,8.743465e-01,2.117294e-01,5.245046e-01,5.617402e-01,0.738170,265.7412
0.0293871,2.515000e+01,-5.123051e+00,8.743465e-01,2.125595e-01,5.244758e-01,5.639735e-01,0.738982,266.0336
0.0294194,2.515000e+01,-5.123177e+00,8.743465e-01,2.132557e-01,5.241200e-01,5.662051e-01,0.739794,266.3260
0.0294516,2.515000e+01,-5.123301e+00,8.743465e-01,2.134232e-01,5.245186e-01,5.662190e-01,0.740604,266.6175
0.0294839,2.515000e+01,-5.123364e+00,8.743465e-01,2.123177e-01,5.251557e-01,5.626025e-01,0.741416,266.9099
0.0295161,2.515000e+01,-5.123436e+00,8.743465e-01,2.120745e-01,5.241705e-01,5.630144e-01,0.742226,267.2014
0.0295484,2.515000e+01,-5.123524e+00,8.743465e-01,2.125475e-01,5.241258e-01,5.643187e-01,0.743038,267.4938
0.0295806,2.515000e+01,-5.123647e+00,8.743465e-01,2.135261e-01,5.244036e-01,5.666159e-01,0.743848,267.7853
0.0296129,2.515000e+01,-5.123743e+00,8.743465e-01,2.135671e-01,5.256853e-01,5.653430e-01,0.744660,268.0777
0.0296452,2.515000e+01,-5.123818e+00,8.743465e-01,2.134126e-01,5.265319e-01,5.640259e-01,0.745472,268.3701
0.0296774,2.515000e+01,-5.123885e+00,8.743465e-01,2.134329e-01,5.267188e-01,5.638793e-01,0.746282,268.6616
0.0297097,2.515000e+01,-5.123952e+00,8.743465e-01,2.134629e-01,5.267941e-01,5.638783e-01,0.747094,268.9540
0.0297419,2.515000e+01,-5.124060e+00,8.743465e-01,2.138507e-01,5.254107e-01,5.663896e-01,0.747904,269.2455
0.0297742,2.515000e+01,-5.124208e+00,8.743465e-01,2.146537e-01,5.248272e-01,5.691487e-01,0.748716,269.5379
0.0298065,2.515000e+01,-5.124347e+00,8.743465e-01,2.148562e-01,5.256760e-01,5.687658e-01,0.749529,269.8303
0.0298387,2.515000e+01,-5.124421e+00,8.743465e-01,2.141485e-01,5.274475e-01,5.649879e-01,0.750338,270.1218
0.029871,2.515000e+01,-5.124454e+00,8.743465e-01,2.129696e-01,5.271895e-01,5.621530e-01,0.751151,270.4142
0.0299032,2.515000e+01,-5.124496e+00,8.743465e-01,2.131540e-01,5.268831e-01,5.629673e-01,0.751960,270.7057
0.0299355,2.515000e+01,-5.124583e+00,8.743465e-01,2.142922e-01,5.268863e-01,5.659696e-01,0.752772,270.9981
0.0299677,2.515000e+01,-5.124677e+00,8.743465e-01,2.151051e-01,5.279761e-01,5.669437e-01,0.753582,271.2896
0.03,2.515000e+01,-5.124766e+00,8.743465e-01,2.150683e-01,5.280862e-01,5.667289e-01,0.754394,271.5820
0.0300323,2.515000e+01,-5.124826e+00,8.743465e-01,2.146498e-01,5.284663e-01,5.652191e-01,0.755207,271.8744
0.0300645,2.515000e+01,-5.124886e+00,8.743465e-01,2.146668e-01,5.285700e-01,5.651528e-01,0.756016,272.1659
0.0300968,2.515000e+01,-5.124974e+00,8.743465e-01,2.148958e-01,5.277703e-01,5.666132e-01,0.756829,272.4583
0.030129,2.515000e+01,-5.125090e+00,8.743465e-01,2.155684e-01,5.275060e-01,5.686713e-01,0.757638,272.7498
0.0301613,2.515000e+01,-5.125194e+00,8.743465e-01,2.155924e-01,5.280309e-01,5.681697e-01,0.758451,273.0422
0.0301935,2.515000e+01,-5.125278e+00,8.743465e-01,2.156319e-01,5.292524e-01,5.669620e-01,0.759260,273.3337
0.0302258,2.515000e+01,-5.125330e+00,8.743465e-01,2.150183e-01,5.296941e-01,5.648772e-01,0.760073,273.6261
0.0302581,2.515000e+01,-5.125392e+00,8.743465e-01,2.152412e-01,5.298300e-01,5.653174e-01,0.760885,273.9185
0.0302903,2.515000e+01,-5.125446e+00,8.743465e-01,2.153049e-01,5.304255e-01,5.648504e-01,0.761694,274.2100
0.0303226,2.515000e+01,-5.125517e+00,8.743465e-01,2.158143e-01,5.304155e-01,5.661977e-01,0.762507,274.5024
0.0303548,2.515000e+01,-5.125648e+00,8.743465e-01,2.167098e-01,5.289844e-01,5.700843e-01,0.763316,274.7939
0.0303871,2.515000e+01,-5.125774e+00,8.743465e-01,2.167423e-01,5.289302e-01,5.702288e-01,0.764129,275.0863
0.0304194,2.515000e+01,-5.125858e+00,8.743465e-01,2.163802e-01,5.302191e-01,5.678923e-01,0.764941,275.3787
0.0304516,2.515000e+01,-5.125918e+00,8.743465e-01,2.161476e-01,5.310152e-01,5.664314e-01,0.765751,275.6702
0.0304839,2.515000e+01,-5.125988e+00,8.743465e-01,2.162700e-01,5.306456e-01,5.671468e-01,0.766563,275.9626
0.0305161,2.515000e+01,-5.126057e+00,8.743465e-01,2.163154e-01,5.305223e-01,5.673974e-01,0.767373,276.2541
0.0305484,2.515000e+01,-5.126102e+00,8.743465e-01,2.163524e-01,5.313047e-01,5.666590e-01,0.768185,276.5465
0.0305806,2.515000e+01,-5.126150e+00,8.743465e-01,2.166221e-01,5.314901e-01,5.671677e-01,0.768994,276.8380
0.0306129,2.515000e+01,-5.126219e+00,8.743465e-01,2.171045e-01,5.314332e-01,5.684910e-01,0.769807,277.1304
0.0306452,2.515000e+01,-5.126272e+00,8.743465e-01,2.170740e-01,5.321203e-01,5.676773e-01,0.770619,277.4228
0.0306774,2.515000e+01,-5.126312e+00,8.743465e-01,2.169621e-01,5.323041e-01,5.671889e-01,0.771429,277.7143
0.0307097,2.515000e+01,-5.126364e+00,8.743465e-01,2.171246e-01,5.317402e-01,5.682155e-01,0.772241,278.0067
0.0307419,2.515000e+01,-5.126426e+00,8.743465e-01,2.172796e-01,5.315633e-01,5.688108e-01,0.773051,278.2982
0.0307742,2.515000e+01,-5.126485e+00,8.743465e-01,2.176174e-01,5.319513e-01,5.692794e-01,0.773863,278.5906
0.0308065,2.515000e+01,-5.126517e+00,8.743465e-01,2.173979e-01,5.326974e-01,5.679089e-01,0.774675,278.8830
0.0308387,2.515000e+01,-5.126539e+00,8.743465e-01,2.174519e-01,5.330043e-01,5.677223e-01,0.775485,279.1745
0.030871,2.515000e+01,-5.126543e+00,8.743465e-01,2.172856e-01,5.332607e-01,5.670156e-01,0.776297,279.4669
0.0309032,2.515000e+01,-5.126545e+00,8.743465e-01,2.175298e-01,5.334982e-01,5.674003e-01,0.777107,279.7584
0.0309355,2.515000e+01,-5.126583e+00,8.743465e-01,2.183003e-01,5.330001e-01,5.699423e-01,0.777919,280.0508
0.0309677,2.515000e+01,-5.126626e+00,8.743465e-01,2.186180e-01,5.333039e-01,5.704465e-01,0.778729,280.3423
0.031,2.515000e+01,-5.126658e+00,8.743465e-01,2.187075e-01,5.338015e-01,5.701482e-01,0.779541,280.6347
0.0310323,2.515000e+01,-5.126656e+00,8.743465e-01,2.180974e-01,5.343569e-01,5.679665e-01,0.780353,280.9271
0.0310645,2.515000e+01,-5.126656e+00,8.743465e-01,2.178140e-01,5.335287e-01,5.681089e-01,0.781163,281.2186
0.0310968,2.515000e+01,-5.126669e+00,8.743465e-01,2.182173e-01,5.335466e-01,5.691421e-01,0.781975,281.5110
0.031129,2.515000e+01,-5.126685e+00,8.743465e-01,2.186647e-01,5.342285e-01,5.695809e-01,0.782785,281.8025
0.0311613,2.515000e+01,-5.126693e+00,8.743465e-01,2.188113e-01,5.349808e-01,5.691615e-01,0.783597,282.0949
0.0311935,2.515000e+01,-5.126697e+00,8.743465e-01,2.187613e-01,5.349245e-01,5.690909e-01,0.784407,282.3864
0.0312258,2.515000e+01,-5.126701e+00,8.743465e-01,2.187618e-01,5.347129e-01,5.693177e-01,0.785219,282.6788
0.0312581,2.515000e+01,-5.126696e+00,8.743465e-01,2.188456e-01,5.353957e-01,5.688090e-01,0.786031,282.9712
0.0312903,2.515000e+01,-5.126704e+00,8.743465e-01,2.190755e-01,5.352115e-01,5.696033e-01,0.786841,283.2627
0.0313226,2.515000e+01,-5.126706e+00,8.743465e-01,2.192311e-01,5.356758e-01,5.695133e-01,0.787653,283.5551
0.0313548,2.515000e+01,-5.126702e+00,8.743465e-01,2.191016e-01,5.357290e-01,5.691203e-01,0.788463,283.8466
0.0313871,2.515000e+01,-5.126701e+00,8.743465e-01,2.190836e-01,5.355337e-01,5.692813e-01,0.789275,284.1390
0.0314194,2.515000e+01,-5.126708e+00,8.743465e-01,2.190042e-01,5.349682e-01,5.696766e-01,0.790087,284.4314
0.0314516,2.515000e+01,-5.126718e+00,8.743465e-01,2.192322e-01,5.351246e-01,5.701030e-01,0.790897,284.7229
0.0314839,2.515000e+01,-5.126713e+00,8.743465e-01,2.193408e-01,5.360597e-01,5.693905e-01,0.791709,285.0153
0.0315161,2.515000e+01,-5.126688e+00,8.743465e-01,2.194234e-01,5.368800e-01,5.687342e-01,0.792519,285.3068
0.0315484,2.515000e+01,-5.126669e+00,8.743465e-01,2.195118e-01,5.367757e-01,5.690738e-01,0.793331,285.5992
0.0315806,2.515000e+01,-5.126652e+00,8.743465e-01,2.194197e-01,5.365683e-01,5.690552e-01,0.794141,285.8907
0.0316129,2.515000e+01,-5.126659e+00,8.743465e-01,2.199139e-01,5.363250e-01,5.705956e-01,0.794953,286.1831
0.0316452,2.515000e+01,-5.126682e+00,8.743465e-01,2.200901e-01,5.359086e-01,5.714964e-01,0.795765,286.4756
0.0316774,2.515000e+01,-5.126702e+00,8.743465e-01,2.202094e-01,5.362334e-01,5.714601e-01,0.796575,286.7670
0.0317097,2.515000e+01,-5.126701e+00,8.743465e-01,2.201530e-01,5.371037e-01,5.703876e-01,0.797387,287.0595
0.0317419,2.515000e+01,-5.126690e+00,8.743465e-01,2.199421e-01,5.371811e-01,5.697589e-01,0.798197,287.3510
0.0317742,2.515000e+01,-5.126680e+00,8.743465e-01,2.200527e-01,5.373244e-01,5.698934e-01,0.799009,287.6434
0.0318065,2.515000e+01,-5.126672e+00,8.743465e-01,2.199314e-01,5.369584e-01,5.699681e-01,0.799822,287.9358
0.0318387,2.515000e+01,-5.126658e+00,8.743465e-01,2.199752e-01,5.376624e-01,5.693353e-01,0.800631,288.2273
0.031871,2.515000e+01,-5.126648e+00,8.743465e-01,2.201825e-01,5.379372e-01,5.695806e-01,0.801443,288.5197
0.0319032,2.515000e+01,-5.126637e+00,8.743465e-01,2.201211e-01,5.380204e-01,5.693334e-01,0.802253,288.8112
0.0319355,2.515000e+01,-5.126638e+00,8.743465e-01,2.203229e-01,5.379283e-01,5.699530e-01,0.803065,289.1036
0.0319677,2.515000e+01,-5.126656e+00,8.743465e-01,2.202883e-01,5.372406e-01,5.705925e-01,0.803875,289.3951
0.032,2.515000e+01,-5.126680e+00,8.743465e-01,2.203055e-01,5.370716e-01,5.708167e-01,0.804687,289.6875
0.0320323,2.515000e+01,-5.126702e+00,8.743465e-01,2.203125e-01,5.373802e-01,5.705072e-01,0.805500,289.9799
0.0320645,2.515000e+01,-5.126711e+00,8.743465e-01,2.203331e-01,5.382568e-01,5.696313e-01,0.806309,290.2714
0.0320968,2.515000e+01,-5.126717e+00,8.743465e-01,2.204890e-01,5.390750e-01,5.691688e-01,0.807122,290.5638
0.032129,2.515000e+01,-5.126726e+00,8.743465e-01,2.204183e-01,5.389981e-01,5.690680e-01,0.807931,290.8553
0.0321613,2.515000e+01,-5.126732e+00,8.743465e-01,2.203321e-01,5.391171e-01,5.687197e-01,0.808744,291.1477
0.0321935,2.515000e+01,-5.126763e+00,8.743465e-01,2.206165e-01,5.387538e-01,5.698379e-01,0.809553,291.4392
0.0322258,2.515000e+01,-5.126832e+00,8.743465e-01,2.211324e-01,5.379593e-01,5.720139e-01,0.810365,291.7316
0.0322581,2.515000e+01,-5.126915e+00,8.743465e-01,2.213269e-01,5.379235e-01,5.725551e-01,0.811178,292.0240
0.0322903,2.515000e+01,-5.126981e+00,8.743465e-01,2.212358e-01,5.389034e-01,5.712783e-01,0.811987,292.3155
0.0323226,2.515000e+01,-5.127029e+00,8.743465e-01,2.207925e-01,5.395052e-01,5.694982e-01,0.812800,292.6079
0.0323548,2.515000e+01,-5.127076e+00,8.743465e-01,2.207321e-01,5.396394e-01,5.692009e-01,0.813609,292.8994
0.0323871,2.515000e+01,-5.127138e+00,8.743465e-01,2.208438e-01,5.392993e-01,5.698478e-01,0.814422,293.1918
0.0324194,2.515000e+01,-5.127215e+00,8.743465e-01,2.210882e-01,5.391893e-01,5.705953e-01,0.815234,293.4842
0.0324516,2.515000e+01,-5.127292e+00,8.743465e-01,2.212866e-01,5.400464e-01,5.702010e-01,0.816044,293.7757
0.0324839,2.515000e+01,-5.127374e+00,8.743465e-01,2.212699e-01,5.400185e-01,5.701869e-01,0.816856,294.0681
0.0325161,2.515000e+01,-5.127451e+00,8.743465e-01,2.211418e-01,5.401859e-01,5.696803e-01,0.817665,294.3596
0.0325484,2.515000e+01,-5.127532e+00,8.743465e-01,2.210663e-01,5.399148e-01,5.697720e-01,0.818478,294.6520
0.0325806,2.515000e+01,-5.127640e+00,8.743465e-01,2.212856e-01,5.390555e-01,5.712458e-01,0.819287,294.9435
0.0326129,2.515000e+01,-5.127767e+00,8.743465e-01,2.216554e-01,5.389481e-01,5.723150e-01,0.820100,295.2359
0.0326452,2.515000e+01,-5.127888e+00,8.743465e-01,2.216337e-01,5.394973e-01,5.716764e-01,0.820912,295.5283
0.0326774,2.515000e+01,-5.127946e+00,8.743465e-01,2.208627e-01,5.412811e-01,5.678108e-01,0.821722,295.8198
0.0327097,2.515000e+01,-5.128000e+00,8.743465e-01,2.207999e-01,5.414627e-01,5.674584e-01,0.822534,296.1122
0.0327419,2.515000e+01,-5.128089e+00,8.743465e-01,2.212788e-01,5.408567e-01,5.693264e-01,0.823344,296.4037
0.0327742,2.515000e+01,-5.128199e+00,8.743465e-01,2.214350e-01,5.402944e-01,5.703210e-01,0.824156,296.6961
0.0328065,2.515000e+01,-5.128326e+00,8.743465e-01,2.218242e-01,5.401780e-01,5.714468e-01,0.824968,296.9885
0.0328387,2.515000e+01,-5.128436e+00,8.743465e-01,2.216692e-01,5.407272e-01,5.704670e-01,0.825778,297.2800
0.032871,2.515000e+01,-5.128545e+00,8.743465e-01,2.217624e-01,5.409968e-01,5.704227e-01,0.826590,297.5724
0.0329032,2.515000e+01,-5.128651e+00,8.743465e-01,2.219118e-01,5.417876e-01,5.699742e-01,0.827400,297.8639
0.0329355,2.515000e+01,-5.128778e+00,8.743465e-01,2.219960e-01,5.409562e-01,5.710665e-01,0.828212,298.1563
0.0329677,2.515000e+01,-5.128905e+00,8.743465e-01,2.218334e-01,5.406014e-01,5.710229e-01,0.829022,298.4478
0.033,2.515000e+01,-5.129027e+00,8.743465e-01,2.215765e-01,5.405097e-01,5.704585e-01,0.829834,298.7402
0.0330323,2.515000e+01,-5.129119e+00,8.743465e-01,2.213940e-01,5.417155e-01,5.687196e-01,0.830646,299.0326
0.0330645,2.515000e+01,-5.129222e+00,8.743465e-01,2.216946e-01,5.420503e-01,5.691404e-01,0.831456,299.3241
0.0330968,2.515000e+01,-5.129345e+00,8.743465e-01,2.219934e-01,5.419140e-01,5.700508e-01,0.832268,299.6165
0.033129,2.515000e+01,-5.129478e+00,8.743465e-01,2.223096e-01,5.418871e-01,5.708909e-01,0.833078,299.9080
0.0331613,2.515000e+01,-5.129634e+00,8.743465e-01,2.226433e-01,5.415059e-01,5.721505e-01,0.833890,300.2004
0.0331935,2.515000e+01,-5.129789e+00,8.743465e-01,2.225085e-01,5.413011e-01,5.720199e-01,0.834700,300.4919
0.0332258,2.515000e+01,-5.129937e+00,8.743465e-01,2.222552e-01,5.412742e-01,5.713974e-01,0.835512,300.7843
0.0332581,2.515000e+01,-5.130059e+00,8.743465e-01,2.218867e-01,5.422046e-01,5.694717e-01,0.836324,301.0767
0.0332903,2.515000e+01,-5.130172e+00,8.743465e-01,2.219128e-01,5.427680e-01,5.689470e-01,0.837134,301.3682
0.0333226,2.515000e+01,-5.130308e+00,8.743465e-01,2.221652e-01,5.422156e-01,5.701741e-01,0.837946,301.6606
0.0333548,2.515000e+01,-5.130432e+00,8.743465e-01,2.218450e-01,5.423899e-01,5.691696e-01,0.838756,301.9521
0.0333871,2.515000e+01,-5.130548e+00,8.743465e-01,2.215815e-01,5.423962e-01,5.684871e-01,0.839568,302.2445
0.0334194,2.515000e+01,-5.130697e+00,8.743465e-01,2.224398e-01,5.426268e-01,5.704468e-01,0.840380,302.5369
0.0334516,2.515000e+01,-5.130866e+00,8.743465e-01,2.225183e-01,5.421009e-01,5.712013e-01,0.841190,302.8284
0.0334839,2.515000e+01,-5.131025e+00,8.743465e-01,2.221190e-01,5.419856e-01,5.702979e-01,0.842002,303.1208
0.0335161,2.515000e+01,-5.131152e+00,8.743465e-01,2.216562e-01,5.427211e-01,5.683379e-01,0.842812,303.4123
0.0335484,2.515000e+01,-5.131313e+00,8.743465e-01,2.223819e-01,5.424257e-01,5.705096e-01,0.843624,303.7047
0.0335806,2.515000e+01,-5.131512e+00,8.743465e-01,2.231926e-01,5.423668e-01,5.726516e-01,0.844434,303.9962
0.0336129,2.515000e+01,-5.131701e+00,8.743465e-01,2.229604e-01,5.426674e-01,5.717387e-01,0.845246,304.2886
0.0336452,2.515000e+01,-5.131853e+00,8.743465e-01,2.220161e-01,5.430349e-01,5.689320e-01,0.846058,304.5810
0.0336774,2.515000e+01,-5.132015e+00,8.743465e-01,2.221909e-01,5.430286e-01,5.693869e-01,0.846868,304.8725
0.0337097,2.515000e+01,-5.132193e+00,8.743465e-01,2.221776e-01,5.423415e-01,5.700738e-01,0.847680,305.1649
0.0337419,2.515000e+01,-5.132382e+00,8.743465e-01,2.224859e-01,5.424120e-01,5.707907e-01,0.848490,305.4564
0.0337742,2.515000e+01,-5.132577e+00,8.743465e-01,2.228356e-01,5.428954e-01,5.711786e-01,0.849302,305.7488
0.0338065,2.515000e+01,-5.132790e+00,8.743465e-01,2.230826e-01,5.427174e-01,5.719995e-01,0.850115,306.0412
0.0338387,2.515000e+01,-5.132999e+00,8.743465e-01,2.228794e-01,5.427379e-01,5.714571e-01,0.850924,306.3327
0.033871,2.515000e+01,-5.133151e+00,8.743465e-01,2.215338e-01,5.430833e-01,5.676455e-01,0.851736,306.6251
0.0339032,2.515000e+01,-5.133313e+00,8.743465e-01,2.217017e-01,5.428833e-01,5.682856e-01,0.852546,306.9166
0.0339355,2.515000e+01,-5.133509e+00,8.743465e-01,2.224000e-01,5.427995e-01,5.701629e-01,0.853358,307.2090
0.0339677,2.515000e+01,-5.133731e+00,8.743465e-01,2.227190e-01,5.424936e-01,5.713032e-01,0.854168,307.5005
0.034,2.515000e+01,-5.133933e+00,8.743465e-01,2.226369e-01,5.432918e-01,5.702528e-01,0.854980,307.7929
0.0340323,2.515000e+01,-5.134100e+00,8.743465e-01,2.218962e-01,5.434329e-01,5.682085e-01,0.855793,308.0853
0.0340645,2.515000e+01,-5.134293e+00,8.743465e-01,2.222230e-01,5.427527e-01,5.697585e-01,0.856602,308.3768
0.0340968,2.515000e+01,-5.134507e+00,8.743465e-01,2.226658e-01,5.426179e-01,5.710352e-01,0.857415,308.6692
0.034129,2.515000e+01,-5.134735e+00,8.743465e-01,2.228303e-01,5.423167e-01,5.717749e-01,0.858224,308.9607
0.0341613,2.515000e+01,-5.134948e+00,8.743465e-01,2.225935e-01,5.424162e-01,5.710618e-01,0.859036,309.2531
0.0341935,2.515000e+01,-5.135151e+00,8.743465e-01,2.225034e-01,5.426221e-01,5.706147e-01,0.859846,309.5446
0.0342258,2.515000e+01,-5.135308e+00,8.743465e-01,2.217968e-01,5.434203e-01,5.679667e-01,0.860658,309.8370
0.0342581,2.515000e+01,-5.135485e+00,8.743465e-01,2.221532e-01,5.429017e-01,5.694231e-01,0.861471,310.1294
0.0342903,2.515000e+01,-5.135674e+00,8.743465e-01,2.223839e-01,5.427037e-01,5.702220e-01,0.862280,310.4209
0.0343226,2.515000e+01,-5.135884e+00,8.743465e-01,2.227407e-01,5.422836e-01,5.715794e-01,0.863093,310.7133
0.0343548,2.515000e+01,-5.136098e+00,8.743465e-01,2.230026e-01,5.427106e-01,5.718016e-01,0.863902,311.0048
0.0343871,2.515000e+01,-5.136282e+00,8.743465e-01,2.224456e-01,5.429391e-01,5.701330e-01,0.864715,311.2972
0.0344194,2.515000e+01,-5.136471e+00,8.743465e-01,2.226067e-01,5.428132e-01,5.706786e-01,0.865527,311.5896
0.0344516,2.515000e+01,-5.136661e+00,8.743465e-01,2.225551e-01,5.425731e-01,5.707986e-01,0.866337,311.8811
0.0344839,2.515000e+01,-5.136860e+00,8.743465e-01,2.225737e-01,5.421230e-01,5.713201e-01,0.867149,312.1735
0.0345161,2.515000e+01,-5.137064e+00,8.743465e-01,2.226830e-01,5.419713e-01,5.717609e-01,0.867958,312.4650
0.0345484,2.515000e+01,-5.137204e+00,8.743465e-01,2.214728e-01,5.425221e-01,5.680761e-01,0.868771,312.7574
0.0345806,2.515000e+01,-5.137334e+00,8.743465e-01,2.214684e-01,5.428306e-01,5.677423e-01,0.869580,313.0489
0.0346129,2.515000e+01,-5.137481e+00,8.743465e-01,2.218609e-01,5.429033e-01,5.686722e-01,0.870393,313.3413
0.0346452,2.515000e+01,-5.137659e+00,8.743465e-01,2.223353e-01,5.424120e-01,5.704046e-01,0.871205,313.6338
0.0346774,2.515000e+01,-5.137865e+00,8.743465e-01,2.228051e-01,5.420445e-01,5.719973e-01,0.872015,313.9252
0.0347097,2.515000e+01,-5.138058e+00,8.743465e-01,2.225777e-01,5.420919e-01,5.713632e-01,0.872827,314.2177
0.0347419,2.515000e+01,-5.138235e+00,8.743465e-01,2.222264e-01,5.422862e-01,5.702575e-01,0.873637,314.5092
0.0347742,2.515000e+01,-5.138419e+00,8.743465e-01,2.223314e-01,5.422741e-01,5.705395e-01,0.874449,314.8016
0.0348065,2.515000e+01,-5.138592e+00,8.743465e-01,2.221116e-01,5.425258e-01,5.697108e-01,0.875261,315.0940
0.0348387,2.515000e+01,-5.138780e+00,8.743465e-01,2.223183e-01,5.420229e-01,5.707700e-01,0.876071,315.3855
0.034871,2.515000e+01,-5.138975e+00,8.743465e-01,2.225820e-01,5.420888e-01,5.713776e-01,0.876883,315.6779
0.0349032,2.515000e+01,-5.139142e+00,8.743465e-01,2.219484e-01,5.418244e-01,5.700292e-01,0.877693,315.9694
0.0349355,2.515000e+01,-5.139293e+00,8.743465e-01,2.216815e-01,5.418450e-01,5.693225e-01,0.878505,316.2618
0.0349677,2.515000e+01,-5.139443e+00,8.743465e-01,2.217495e-01,5.418471e-01,5.694948e-01,0.879315,316.5533
0.035,2.515000e+01,-5.139616e+00,8.743465e-01,2.225509e-01,5.420314e-01,5.713585e-01,0.880127,316.8457
0.0350323,2.515000e+01,-5.139794e+00,8.743465e-01,2.229045e-01,5.422077e-01,5.720802e-01,0.880939,317.1381
0.0350645,2.515000e+01,-5.139938e+00,8.743465e-01,2.220802e-01,5.418871e-01,5.703021e-01,0.881749,317.4296
0.0350968,2.515000e+01,-5.140077e+00,8.743465e-01,2.220532e-01,5.416170e-01,5.705168e-01,0.882561,317.7220
0.035129,2.515000e+01,-5.140198e+00,8.743465e-01,2.215885e-01,5.412890e-01,5.696682e-01,0.883371,318.0135
0.0351613,2.515000e+01,-5.140328e+00,8.743465e-01,2.220063e-01,5.410763e-01,5.709666e-01,0.884183,318.3059
0.0351935,2.515000e+01,-5.140440e+00,8.743465e-01,2.220208e-01,5.418418e-01,5.701967e-01,0.884993,318.5974
0.0352258,2.515000e+01,-5.140554e+00,8.743465e-01,2.221996e-01,5.417944e-01,5.707059e-01,0.885805,318.8898
0.0352581,2.515000e+01,-5.140665e+00,8.743465e-01,2.221184e-01,5.414817e-01,5.708267e-01,0.886617,319.1822
0.0352903,2.515000e+01,-5.140758e+00,8.743465e-01,2.215309e-01,5.409773e-01,5.698484e-01,0.887427,319.4737
0.0353226,2.515000e+01,-5.140854e+00,8.743465e-01,2.217365e-01,5.408225e-01,5.705396e-01,0.888239,319.7661
0.0353548,2.515000e+01,-5.140957e+00,8.743465e-01,2.222295e-01,5.412405e-01,5.713672e-01,0.889049,320.0576
0.0353871,2.515000e+01,-5.141060e+00,8.743465e-01,2.223739e-01,5.412637e-01,5.717141e-01,0.889861,320.3500
0.0354194,2.515000e+01,-5.141117e+00,8.743465e-01,2.214914e-01,5.414975e-01,5.691990e-01,0.890673,320.6424
0.0354516,2.515000e+01,-5.141174e+00,8.743465e-01,2.212116e-01,5.406940e-01,5.693246e-01,0.891483,320.9339
0.0354839,2.515000e+01,-5.141228e+00,8.743465e-01,2.210843e-01,5.402038e-01,5.695134e-01,0.892295,321.2263
0.0355161,2.515000e+01,-5.141289e+00,8.743465e-01,2.215317e-01,5.403176e-01,5.705460e-01,0.893105,321.5178
0.0355484,2.515000e+01,-5.141344e+00,8.743465e-01,2.216756e-01,5.408088e-01,5.703981e-01,0.893917,321.8102
0.0355806,2.515000e+01,-5.141412e+00,8.743465e-01,2.223108e-01,5.410499e-01,5.717772e-01,0.894727,322.1017
0.0356129,2.515000e+01,-5.141474e+00,8.743465e-01,2.222512e-01,5.408467e-01,5.718388e-01,0.895539,322.3941
0.0356452,2.515000e+01,-5.141515e+00,8.743465e-01,2.215873e-01,5.401659e-01,5.708494e-01,0.896351,322.6865
0.0356774,2.515000e+01,-5.141552e+00,8.743465e-01,2.215831e-01,5.401680e-01,5.708364e-01,0.897161,322.9780
0.0357097,2.515000e+01,-5.141594e+00,8.743465e-01,2.217663e-01,5.402681e-01,5.712024e-01,0.897973,323.2704
0.0357419,2.515000e+01,-5.141645e+00,8.743465e-01,2.219646e-01,5.401717e-01,5.718149e-01,0.898783,323.5619
0.0357742,2.515000e+01,-5.141680e+00,8.743465e-01,2.216614e-01,5.403323e-01,5.708642e-01,0.899595,323.8543
0.0358065,2.515000e+01,-5.141697e+00,8.743465e-01,2.210804e-01,5.398221e-01,5.699059e-01,0.900407,324.1467
0.0358387,2.515000e+01,-5.141719e+00,8.743465e-01,2.212925e-01,5.397584e-01,5.705200e-01,0.901217,324.4382
0.035871,2.515000e+01,-5.141737e+00,8.743465e-01,2.213311e-01,5.398727e-01,5.704992e-01,0.902029,324.7306
0.0359032,2.515000e+01,-5.141764e+00,8.743465e-01,2.214750e-01,5.396031e-01,5.711550e-01,0.902839,325.0221
0.0359355,2.515000e+01,-5.141796e+00,8.743465e-01,2.217307e-01,5.397242e-01,5.716863e-01,0.903651,325.3145
0.0359677,2.515000e+01,-5.141824e+00,8.743465e-01,2.217064e-01,5.396868e-01,5.716632e-01,0.904461,325.6060
0.036,2.515000e+01,-5.141831e+00,8.743465e-01,2.213080e-01,5.396110e-01,5.707161e-01,0.905273,325.8984
0.0360323,2.515000e+01,-5.141816e+00,8.743465e-01,2.207756e-01,5.394262e-01,5.695379e-01,0.906086,326.1908
0.0360645,2.515000e+01,-5.141809e+00,8.743465e-01,2.209620e-01,5.393793e-01,5.700684e-01,0.906895,326.4823
0.0360968,2.515000e+01,-5.141823e+00,8.743465e-01,2.214912e-01,5.395078e-01,5.712975e-01,0.907707,326.7747
0.036129,2.515000e+01,-5.141840e+00,8.743465e-01,2.212523e-01,5.390181e-01,5.711995e-01,0.908517,327.0662
0.0361613,2.515000e+01,-5.141857e+00,8.743465e-01,2.211474e-01,5.387228e-01,5.712422e-01,0.909329,327.3586
0.0361935,2.515000e+01,-5.141871e+00,8.743465e-01,2.214272e-01,5.391613e-01,5.714995e-01,0.910139,327.6501
0.0362258,2.515000e+01,-5.141887e+00,8.743465e-01,2.215940e-01,5.395067e-01,5.715640e-01,0.910951,327.9425
0.0362581,2.515000e+01,-5.141911e+00,8.743465e-01,2.216998e-01,5.393504e-01,5.720024e-01,0.911764,328.2349
0.0362903,2.515000e+01,-5.141934e+00,8.743465e-01,2.215549e-01,5.391382e-01,5.718542e-01,0.912573,328.5264
0.0363226,2.515000e+01,-5.141965e+00,8.743465e-01,2.215557e-01,5.387275e-01,5.722922e-01,0.913386,328.8188
0.0363548,2.515000e+01,-5.141990e+00,8.743465e-01,2.214068e-01,5.388612e-01,5.717657e-01,0.914195,329.1103
0.0363871,2.515000e+01,-5.142000e+00,8.743465e-01,2.207374e-01,5.383784e-01,5.705481e-01,0.915008,329.4027
0.0364194,2.515000e+01,-5.142029e+00,8.743465e-01,2.209947e-01,5.381131e-01,5.714947e-01,0.915820,329.6951
0.0364516,2.515000e+01,-5.142054e+00,8.743465e-01,2.210134e-01,5.384342e-01,5.712020e-01,0.916629,329.9866
0.0364839,2.515000e+01,-5.142087e+00,8.743465e-01,2.213233e-01,5.387028e-01,5.717179e-01,0.917442,330.2790
0.0365161,2.515000e+01,-5.142121e+00,8.743465e-01,2.213722e-01,5.388244e-01,5.717148e-01,0.918251,330.5705
0.0365484,2.515000e+01,-5.142160e+00,8.743465e-01,2.213444e-01,5.387133e-01,5.717611e-01,0.919064,330.8629
0.0365806,2.515000e+01,-5.142213e+00,8.743465e-01,2.215348e-01,5.383363e-01,5.726536e-01,0.919873,331.1544
0.0366129,2.515000e+01,-5.142248e+00,8.743465e-01,2.208707e-01,5.380762e-01,5.712128e-01,0.920686,331.4468
0.0366452,2.515000e+01,-5.142286e+00,8.743465e-01,2.207712e-01,5.378909e-01,5.711521e-01,0.921498,331.7392
0.0366774,2.515000e+01,-5.142319e+00,8.743465e-01,2.207902e-01,5.381578e-01,5.709180e-01,0.922308,332.0307
0.0367097,2.515000e+01,-5.142361e+00,8.743465e-01,2.211516e-01,5.386101e-01,5.713725e-01,0.923120,332.3231
0.0367419,2.515000e+01,-5.142418e+00,8.743465e-01,2.213861e-01,5.386396e-01,5.719469e-01,0.923929,332.6146
0.0367742,2.515000e+01,-5.142488e+00,8.743465e-01,2.216438e-01,5.387865e-01,5.724564e-01,0.924742,332.9070
0.0368065,2.515000e+01,-5.142569e+00,8.743465e-01,2.214346e-01,5.380673e-01,5.726805e-01,0.925554,333.1994
0.0368387,2.515000e+01,-5.142648e+00,8.743465e-01,2.213575e-01,5.381131e-01,5.724329e-01,0.926364,333.4909
0.036871,2.515000e+01,-5.142730e+00,8.743465e-01,2.213333e-01,5.381315e-01,5.723501e-01,0.927176,333.7833
0.0369032,2.515000e+01,-5.142826e+00,8.743465e-01,2.216492e-01,5.384111e-01,5.728697e-01,0.927986,334.0748
0.0369355,2.515000e+01,-5.142930e+00,8.743465e-01,2.218002e-01,5.386448e-01,5.730113e-01,0.928798,334.3672
0.0369677,2.515000e+01,-5.143038e+00,8.743465e-01,2.214623e-01,5.379577e-01,5.728692e-01,0.929608,334.6587
0.037,2.515000e+01,-5.143168e+00,8.743465e-01,2.212176e-01,5.368810e-01,5.733832e-01,0.930420,334.9511
0.0370323,2.515000e+01,-5.143285e+00,8.743465e-01,2.209602e-01,5.372654e-01,5.723068e-01,0.931232,335.2435
0.0370645,2.515000e+01,-5.143400e+00,8.743465e-01,2.211580e-01,5.379799e-01,5.720584e-01,0.932042,335.5350
0.0370968,2.515000e+01,-5.143519e+00,8.743465e-01,2.213806e-01,5.385669e-01,5.720103e-01,0.932854,335.8274
0.037129,2.515000e+01,-5.143658e+00,8.743465e-01,2.216269e-01,5.382794e-01,5.729521e-01,0.933664,336.1189
0.0371613,2.515000e+01,-5.143806e+00,8.743465e-01,2.218636e-01,5.382184e-01,5.736294e-01,0.934476,336.4113
0.0371935,2.515000e+01,-5.143960e+00,8.743465e-01,2.216265e-01,5.376318e-01,5.736413e-01,0.935286,336.7028
0.0372258,2.515000e+01,-5.144113e+00,8.743465e-01,2.214711e-01,5.375876e-01,5.732860e-01,0.936098,336.9952
0.0372581,2.515000e+01,-5.144257e+00,8.743465e-01,2.213156e-01,5.379699e-01,5.724765e-01,0.936910,337.2876
0.0372903,2.515000e+01,-5.144406e+00,8.743465e-01,2.213960e-01,5.380815e-01,5.725658e-01,0.937720,337.5791
0.0373226,2.515000e+01,-5.144560e+00,8.743465e-01,2.214391e-01,5.379699e-01,5.727962e-01,0.938532,337.8715
0.0373548,2.515000e+01,-5.144724e+00,8.743465e-01,2.213493e-01,5.374849e-01,5.730804e-01,0.939342,338.1630
0.0373871,2.515000e+01,-5.144885e+00,8.743465e-01,2.212508e-01,5.376471e-01,5.726523e-01,0.940154,338.4554
0.0374194,2.515000e+01,-5.145047e+00,8.743465e-01,2.215145e-01,5.382373e-01,5.727066e-01,0.940966,338.7478
0.0374516,2.515000e+01,-5.145222e+00,8.743465e-01,2.219164e-01,5.386664e-01,5.732886e-01,0.941776,339.0393
0.0374839,2.515000e+01,-5.145413e+00,8.743465e-01,2.219157e-01,5.381968e-01,5.737872e-01,0.942588,339.3317
0.0375161,2.515000e+01,-5.145609e+00,8.743465e-01,2.220791e-01,5.383874e-01,5.740060e-01,0.943398,339.6232
0.0375484,2.515000e+01,-5.145817e+00,8.743465e-01,2.220667e-01,5.378582e-01,5.745387e-01,0.944210,339.9156
0.0375806,2.515000e+01,-5.146031e+00,8.743465e-01,2.219163e-01,5.375065e-01,5.745250e-01,0.945020,340.2071
0.0376129,2.515000e+01,-5.146249e+00,8.743465e-01,2.218000e-01,5.372238e-01,5.745266e-01,0.945832,340.4995
0.0376452,2.515000e+01,-5.146455e+00,8.743465e-01,2.216607e-01,5.375260e-01,5.738431e-01,0.946644,340.7920
0.0376774,2.515000e+01,-5.146658e+00,8.743465e-01,2.217994e-01,5.379214e-01,5.737801e-01,0.947454,341.0834
0.0377097,2.515000e+01,-5.146859e+00,8.743465e-01,2.220367e-01,5.385064e-01,5.737700e-01,0.948266,341.3759
0.0377419,2.515000e+01,-5.147060e+00,8.743465e-01,2.220485e-01,5.385480e-01,5.737559e-01,0.949076,341.6673
0.0377742,2.515000e+01,-5.147260e+00,8.743465e-01,2.220905e-01,5.387496e-01,5.736496e-01,0.949888,341.9598
0.0378065,2.515000e+01,-5.147486e+00,8.743465e-01,2.222652e-01,5.378572e-01,5.750534e-01,0.950700,342.2522
0.0378387,2.515000e+01,-5.147718e+00,8.743465e-01,2.224547e-01,5.379562e-01,5.754377e-01,0.951510,342.5437
0.037871,2.515000e+01,-5.147936e+00,8.743465e-01,2.221863e-01,5.380346e-01,5.746596e-01,0.952322,342.8361
0.0379032,2.515000e+01,-5.148137e+00,8.743465e-01,2.218916e-01,5.383379e-01,5.735740e-01,0.953132,343.1276
0.0379355,2.515000e+01,-5.148333e+00,8.743465e-01,2.218783e-01,5.386385e-01,5.732193e-01,0.953944,343.4200
0.0379677,2.515000e+01,-5.148542e+00,8.743465e-01,2.220620e-01,5.384837e-01,5.738592e-01,0.954754,343.7115
0.038,2.515000e+01,-5.148764e+00,8.743465e-01,2.223255e-01,5.383584e-01,5.746737e-01,0.955566,344.0039
0.0380323,2.515000e+01,-5.148978e+00,8.743465e-01,2.224170e-01,5.389581e-01,5.742705e-01,0.956379,344.2963
0.0380645,2.515000e+01,-5.149192e+00,8.743465e-01,2.224608e-01,5.390976e-01,5.742353e-01,0.957188,344.5878
0.0380968,2.515000e+01,-5.149403e+00,8.743465e-01,2.225789e-01,5.394809e-01,5.741318e-01,0.958000,344.8802
0.038129,2.515000e+01,-5.149622e+00,8.743465e-01,2.224921e-01,5.388397e-01,5.745912e-01,0.958810,345.1717
0.0381613,2.515000e+01,-5.149862e+00,8.743465e-01,2.226540e-01,5.379383e-01,5.759722e-01,0.959622,345.4641
0.0381935,2.515000e+01,-5.150107e+00,8.743465e-01,2.227365e-01,5.378040e-01,5.763300e-01,0.960432,345.7556
0.0382258,2.515000e+01,-5.150341e+00,8.743465e-01,2.228653e-01,5.383758e-01,5.760505e-01,0.961244,346.0480
0.0382581,2.515000e+01,-5.150537e+00,8.743465e-01,2.225235e-01,5.393025e-01,5.741787e-01,0.962057,346.3404
0.0382903,2.515000e+01,-5.150731e+00,8.743465e-01,2.225515e-01,5.394262e-01,5.741197e-01,0.962866,346.6319
0.0383226,2.515000e+01,-5.150934e+00,8.743465e-01,2.229236e-01,5.393825e-01,5.751257e-01,0.963679,346.9243
0.0383548,2.515000e+01,-5.151137e+00,8.743465e-01,2.230612e-01,5.395483e-01,5.753043e-01,0.964488,347.2158
0.0383871,2.515000e+01,-5.151345e+00,8.743465e-01,2.230812e-01,5.391613e-01,5.757685e-01,0.965300,347.5082
0.0384194,2.515000e+01,-5.151549e+00,8.743465e-01,2.231996e-01,5.393962e-01,5.758229e-01,0.966113,347.8006
0.0384516,2.515000e+01,-5.151753e+00,8.743465e-01,2.234732e-01,5.396679e-01,5.762391e-01,0.966922,348.0921
0.0384839,2.515000e+01,-5.151948e+00,8.743465e-01,2.233113e-01,5.394551e-01,5.760483e-01,0.967735,348.3845
0.0385161,2.515000e+01,-5.152152e+00,8.743465e-01,2.231386e-01,5.387207e-01,5.763878e-01,0.968544,348.6760
0.0385484,2.515000e+01,-5.152344e+00,8.743465e-01,2.230220e-01,5.390671e-01,5.757162e-01,0.969357,348.9684
0.0385806,2.515000e+01,-5.152526e+00,8.743465e-01,2.232486e-01,5.398943e-01,5.754185e-01,0.970166,349.2599
0.0386129,2.515000e+01,-5.152679e+00,8.743465e-01,2.230339e-01,5.406498e-01,5.740611e-01,0.970979,349.5523
0.0386452,2.515000e+01,-5.152834e+00,8.743465e-01,2.230795e-01,5.405666e-01,5.742674e-01,0.971791,349.8447
0.0386774,2.515000e+01,-5.153012e+00,8.743465e-01,2.235290e-01,5.400870e-01,5.759353e-01,0.972601,350.1362
0.0387097,2.515000e+01,-5.153191e+00,8.743465e-01,2.239255e-01,5.406888e-01,5.763149e-01,0.973413,350.4286
0.0387419,2.515000e+01,-5.153381e+00,8.743465e-01,2.239557e-01,5.400254e-01,5.771008e-01,0.974222,350.7201
0.0387742,2.515000e+01,-5.153566e+00,8.743465e-01,2.238804e-01,5.400996e-01,5.768275e-01,0.975035,351.0125
0.0388065,2.515000e+01,-5.153756e+00,8.743465e-01,2.240563e-01,5.402591e-01,5.771100e-01,0.975847,351.3049
0.0388387,2.515000e+01,-5.153938e+00,8.743465e-01,2.239644e-01,5.403997e-01,5.767232e-01,0.976657,351.5964
0.038871,2.515000e+01,-5.154121e+00,8.743465e-01,2.237682e-01,5.399806e-01,5.766652e-01,0.977469,351.8888
0.0389032,2.515000e+01,-5.154285e+00,8.743465e-01,2.236968e-01,5.408915e-01,5.755103e-01,0.978279,352.1803
0.0389355,2.515000e+01,-5.154451e+00,8.743465e-01,2.240362e-01,5.414864e-01,5.757505e-01,0.979091,352.4727
0.0389677,2.515000e+01,-5.154616e+00,8.743465e-01,2.241471e-01,5.416091e-01,5.759047e-01,0.979901,352.7642
0.039,2.515000e+01,-5.154814e+00,8.743465e-01,2.246384e-01,5.409741e-01,5.778450e-01,0.980713,353.0566
0.0390323,2.515000e+01,-5.154999e+00,8.743465e-01,2.245574e-01,5.415722e-01,5.769985e-01,0.981525,353.3490
0.0390645,2.515000e+01,-5.155157e+00,8.743465e-01,2.242856e-01,5.422994e-01,5.755274e-01,0.982335,353.6405
0.0390968,2.515000e+01,-5.155342e+00,8.743465e-01,2.244510e-01,5.411094e-01,5.772183e-01,0.983147,353.9329
0.039129,2.515000e+01,-5.155536e+00,8.743465e-01,2.246325e-01,5.408388e-01,5.779741e-01,0.983957,354.2244
0.0391613,2.515000e+01,-5.155737e+00,8.743465e-01,2.250823e-01,5.413200e-01,5.786168e-01,0.984769,354.5168
0.0391935,2.515000e+01,-5.155912e+00,8.743465e-01,2.248437e-01,5.421209e-01,5.771497e-01,0.985579,354.8083
0.0392258,2.515000e+01,-5.156082e+00,8.743465e-01,2.243577e-01,5.414933e-01,5.765693e-01,0.986391,355.1007
0.0392581,2.515000e+01,-5.156243e+00,8.743465e-01,2.242647e-01,5.419134e-01,5.758835e-01,0.987203,355.3931
0.0392903,2.515000e+01,-5.156387e+00,8.743465e-01,2.242804e-01,5.426816e-01,5.751085e-01,0.988013,355.6846
0.0393226,2.515000e+01,-5.156545e+00,8.743465e-01,2.249207e-01,5.431428e-01,5.762608e-01,0.988825,355.9770
0.0393548,2.515000e+01,-5.156747e+00,8.743465e-01,2.256125e-01,5.422356e-01,5.790003e-01,0.989635,356.2685
0.0393871,2.515000e+01,-5.156951e+00,8.743465e-01,2.257041e-01,5.423936e-01,5.790664e-01,0.990447,356.5609
0.0394194,2.515000e+01,-5.157115e+00,8.743465e-01,2.249871e-01,5.430902e-01,5.764872e-01,0.991259,356.8533
0.0394516,2.515000e+01,-5.157270e+00,8.743465e-01,2.243898e-01,5.423336e-01,5.757588e-01,0.992069,357.1448
0.0394839,2.515000e+01,-5.157442e+00,8.743465e-01,2.247876e-01,5.419750e-01,5.771611e-01,0.992881,357.4372
0.0395161,2.515000e+01,-5.157646e+00,8.743465e-01,2.255500e-01,5.420045e-01,5.790865e-01,0.993691,357.7287
0.0395484,2.515000e+01,-5.157836e+00,8.743465e-01,2.256670e-01,5.429591e-01,5.783687e-01,0.994503,358.0211
0.0395806,2.515000e+01,-5.157996e+00,8.743465e-01,2.253983e-01,5.439247e-01,5.766540e-01,0.995313,358.3126
0.0396129,2.515000e+01,-5.158150e+00,8.743465e-01,2.252916e-01,5.440842e-01,5.762123e-01,0.996125,358.6050
0.0396452,2.515000e+01,-5.158310e+00,8.743465e-01,2.253906e-01,5.439874e-01,5.765679e-01,0.996937,358.8974
0.0396774,2.515000e+01,-5.158488e+00,8.743465e-01,2.255515e-01,5.432350e-01,5.777793e-01,0.997747,359.1889
0.0397097,2.515000e+01,-5.158721e+00,8.743465e-01,2.263117e-01,5.418023e-01,5.812588e-01,0.998559,359.4813
0.0397419,2.515000e+01,-5.158945e+00,8.743465e-01,2.263803e-01,5.424884e-01,5.807005e-01,0.999369,359.7728
0.0397742,2.515000e+01,-5.159122e+00,8.743465e-01,2.259993e-01,5.440705e-01,5.780368e-01,1.000181,0.0652
0.0398065,2.515000e+01,-5.159245e+00,8.743465e-01,2.247567e-01,5.441490e-01,5.747761e-01,1.000993,0.3576
0.0398387,2.515000e+01,-5.159376e+00,8.743465e-01,2.247267e-01,5.435825e-01,5.752982e-01,1.001803,0.6491
0.039871,2.515000e+01,-5.159548e+00,8.743465e-01,2.256235e-01,5.433071e-01,5.778869e-01,1.002615,0.9415
0.0399032,2.515000e+01,-5.159729e+00,8.743465e-01,2.264318e-01,5.444370e-01,5.787531e-01,1.003425,1.2330
0.0399355,2.515000e+01,-5.159910e+00,8.743465e-01,2.264636e-01,5.444159e-01,5.788572e-01,1.004237,1.5254
0.0399677,2.515000e+01,-5.160060e+00,8.743465e-01,2.259347e-01,5.447260e-01,5.771762e-01,1.005047,1.8169
0.04,2.515000e+01,-5.160203e+00,8.743465e-01,2.258315e-01,5.448024e-01,5.768322e-01,1.005859,2.1093
0.0400333,2.515000e+01,-5.160381e+00,8.743465e-01,2.260623e-01,5.433745e-01,5.789384e-01,1.006697,2.4108
0.0400667,2.515000e+01,-5.160589e+00,8.743465e-01,2.266281e-01,5.432029e-01,5.805714e-01,1.007537,2.7131
0.0401,2.515000e+01,-5.160785e+00,8.743465e-01,2.266191e-01,5.436135e-01,5.801096e-01,1.008374,3.0146
0.0401333,2.515000e+01,-5.160952e+00,8.743465e-01,2.265094e-01,5.447260e-01,5.786446e-01,1.009211,3.3161
0.0401667,2.515000e+01,-5.161087e+00,8.743465e-01,2.260678e-01,5.452815e-01,5.769279e-01,1.010051,3.6184
0.0402,2.515000e+01,-5.161230e+00,8.743465e-01,2.262209e-01,5.452705e-01,5.773302e-01,1.010889,3.9199
0.0402333,2.515000e+01,-5.161359e+00,8.743465e-01,2.260632e-01,5.456474e-01,5.765293e-01,1.011726,4.2213
0.0402667,2.515000e+01,-5.161503e+00,8.743465e-01,2.264103e-01,5.453984e-01,5.776783e-01,1.012566,4.5237
0.0403,2.515000e+01,-5.161704e+00,8.743465e-01,2.273117e-01,5.440479e-01,5.814176e-01,1.013403,4.8251
0.0403333,2.515000e+01,-5.161904e+00,8.743465e-01,2.273651e-01,5.439968e-01,5.816087e-01,1.014241,5.1266
0.0403667,2.515000e+01,-5.162051e+00,8.743465e-01,2.267870e-01,5.454405e-01,5.785946e-01,1.015080,5.4290
0.0404,2.515000e+01,-5.162187e+00,8.743465e-01,2.265677e-01,5.455885e-01,5.778781e-01,1.015918,5.7304
0.0404333,2.515000e+01,-5.162330e+00,8.743465e-01,2.266031e-01,5.451609e-01,5.784222e-01,1.016755,6.0319
0.0404667,2.515000e+01,-5.162467e+00,8.743465e-01,2.264683e-01,5.449814e-01,5.782685e-01,1.017595,6.3342
0.0405,2.515000e+01,-5.162581e+00,8.743465e-01,2.265907e-01,5.459981e-01,5.775038e-01,1.018432,6.6357
0.0405333,2.515000e+01,-5.162717e+00,8.743465e-01,2.270148e-01,5.457375e-01,5.788606e-01,1.019270,6.9371
0.0405667,2.515000e+01,-5.162861e+00,8.743465e-01,2.272648e-01,5.457659e-01,5.794677e-01,1.020110,7.2395
0.0406,2.515000e+01,-5.162977e+00,8.743465e-01,2.269975e-01,5.464588e-01,5.780527e-01,1.020947,7.5410
0.0406333,2.515000e+01,-5.163090e+00,8.743465e-01,2.267615e-01,5.459591e-01,5.779803e-01,1.021785,7.8424
0.0406667,2.515000e+01,-5.163216e+00,8.743465e-01,2.270805e-01,5.456201e-01,5.791529e-01,1.022624,8.1448
0.0407,2.515000e+01,-5.163349e+00,8.743465e-01,2.272920e-01,5.455069e-01,5.798125e-01,1.023462,8.4462
0.0407333,2.515000e+01,-5.163466e+00,8.743465e-01,2.274275e-01,5.462024e-01,5.794195e-01,1.024299,8.7477
0.0407667,2.515000e+01,-5.163559e+00,8.743465e-01,2.270459e-01,5.464856e-01,5.781475e-01,1.025139,9.0501
0.0408,2.515000e+01,-5.163640e+00,8.743465e-01,2.269214e-01,5.465146e-01,5.777993e-01,1.025976,9.3515
0.0408333,2.515000e+01,-5.163710e+00,8.743465e-01,2.269419e-01,5.468221e-01,5.775270e-01,1.026814,9.6530
0.0408667,2.515000e+01,-5.163802e+00,8.743465e-01,2.274633e-01,5.465325e-01,5.791604e-01,1.027654,9.9553
0.0409,2.515000e+01,-5.163917e+00,8.743465e-01,2.280218e-01,5.463698e-01,5.807552e-01,1.028491,10.2568
0.0409333,2.515000e+01,-5.164020e+00,8.743465e-01,2.279285e-01,5.467347e-01,5.801308e-01,1.029328,10.5582
0.0409667,2.515000e+01,-5.164091e+00,8.743465e-01,2.274477e-01,5.473691e-01,5.782358e-01,1.030168,10.8606
0.041,2.515000e+01,-5.164159e+00,8.743465e-01,2.270337e-01,5.464767e-01,5.781258e-01,1.031006,11.1621
0.0410333,2.515000e+01,-5.164238e+00,8.743465e-01,2.273994e-01,5.463509e-01,5.791905e-01,1.031843,11.4635
0.0410667,2.515000e+01,-5.164320e+00,8.743465e-01,2.277425e-01,5.469069e-01,5.794747e-01,1.032683,11.7659
0.0411,2.515000e+01,-5.164386e+00,8.743465e-01,2.278855e-01,5.476845e-01,5.790151e-01,1.033520,12.0673
0.0411333,2.515000e+01,-5.164451e+00,8.743465e-01,2.277640e-01,5.474439e-01,5.789606e-01,1.034358,12.3688
0.0411667,2.515000e+01,-5.164518e+00,8.743465e-01,2.277037e-01,5.471369e-01,5.791323e-01,1.035198,12.6712
0.0412,2.515000e+01,-5.164576e+00,8.743465e-01,2.277277e-01,5.477287e-01,5.785672e-01,1.036035,12.9726
0.0412333,2.515000e+01,-5.164643e+00,8.743465e-01,2.279256e-01,5.475845e-01,5.792227e-01,1.036872,13.2741
0.0412667,2.515000e+01,-5.164702e+00,8.743465e-01,2.279104e-01,5.479762e-01,5.787704e-01,1.037712,13.5764
0.0413,2.515000e+01,-5.164755e+00,8.743465e-01,2.277736e-01,5.479478e-01,5.784530e-01,1.038550,13.8779
0.0413333,2.515000e+01,-5.164816e+00,8.743465e-01,2.277415e-01,5.474934e-01,5.788512e-01,1.039387,14.1793
0.0413667,2.515000e+01,-5.164890e+00,8.743465e-01,2.276686e-01,5.467905e-01,5.794099e-01,1.040227,14.4817
0.0414,2.515000e+01,-5.164971e+00,8.743465e-01,2.279447e-01,5.471396e-01,5.797426e-01,1.041064,14.7832
0.0414333,2.515000e+01,-5.165028e+00,8.743465e-01,2.278198e-01,5.480952e-01,5.784141e-01,1.041902,15.0846
0.0414667,2.515000e+01,-5.165076e+00,8.743465e-01,2.278359e-01,5.486164e-01,5.779056e-01,1.042742,15.3870
0.0415,2.515000e+01,-5.165129e+00,8.743465e-01,2.278530e-01,5.483885e-01,5.781893e-01,1.043579,15.6884
0.0415333,2.515000e+01,-5.165188e+00,8.743465e-01,2.278875e-01,5.481642e-01,5.785136e-01,1.044416,15.9899
0.0415667,2.515000e+01,-5.165279e+00,8.743465e-01,2.282911e-01,5.474371e-01,5.803080e-01,1.045256,16.2922
0.0416,2.515000e+01,-5.165373e+00,8.743465e-01,2.283726e-01,5.474855e-01,5.804637e-01,1.046094,16.5937
0.0416333,2.515000e+01,-5.165461e+00,8.743465e-01,2.284175e-01,5.478330e-01,5.802095e-01,1.046931,16.8952
0.0416667,2.515000e+01,-5.165526e+00,8.743465e-01,2.281259e-01,5.484917e-01,5.787731e-01,1.047771,17.1975
0.0417,2.515000e+01,-5.165589e+00,8.743465e-01,2.280157e-01,5.484674e-01,5.785191e-01,1.048608,17.4990
0.0417333,2.515000e+01,-5.165665e+00,8.743465e-01,2.281089e-01,5.481236e-01,5.791186e-01,1.049446,17.8004
0.0417667,2.515000e+01,-5.165723e+00,8.743465e-01,2.278751e-01,5.482926e-01,5.783466e-01,1.050286,18.1028
0.0418,2.515000e+01,-5.165773e+00,8.743465e-01,2.280161e-01,5.489213e-01,5.780414e-01,1.051123,18.4042
0.0418333,2.515000e+01,-5.165825e+00,8.743465e-01,2.280200e-01,5.488713e-01,5.781039e-01,1.051960,18.7057
0.0418667,2.515000e+01,-5.165883e+00,8.743465e-01,2.281343e-01,5.489803e-01,5.782796e-01,1.052800,19.0081
0.0419,2.515000e+01,-5.165964e+00,8.743465e-01,2.281807e-01,5.482558e-01,5.791610e-01,1.053638,19.3095
0.0419333,2.515000e+01,-5.166053e+00,8.743465e-01,2.280905e-01,5.477788e-01,5.794363e-01,1.054475,19.6110
0.0419667,2.515000e+01,-5.166143e+00,8.743465e-01,2.280348e-01,5.476919e-01,5.793866e-01,1.055315,19.9133
0.042,2.515000e+01,-5.166222e+00,8.743465e-01,2.280434e-01,5.485727e-01,5.784781e-01,1.056152,20.2148
0.0420333,2.515000e+01,-5.166289e+00,8.743465e-01,2.280665e-01,5.494689e-01,5.775936e-01,1.056990,20.5162
0.0420667,2.515000e+01,-5.166359e+00,8.743465e-01,2.280295e-01,5.493862e-01,5.775865e-01,1.057829,20.8186
0.0421,2.515000e+01,-5.166425e+00,8.743465e-01,2.278886e-01,5.494899e-01,5.771209e-01,1.058667,21.1201
0.0421333,2.515000e+01,-5.166510e+00,8.743465e-01,2.280425e-01,5.491061e-01,5.779141e-01,1.059504,21.4215
0.0421667,2.515000e+01,-5.166642e+00,8.743465e-01,2.285635e-01,5.481468e-01,5.802486e-01,1.060344,21.7239
0.0422,2.515000e+01,-5.166792e+00,8.743465e-01,2.288068e-01,5.480636e-01,5.809542e-01,1.061181,22.0253
0.0422333,2.515000e+01,-5.166923e+00,8.743465e-01,2.286570e-01,5.490319e-01,5.795502e-01,1.062019,22.3268
0.0422667,2.515000e+01,-5.167031e+00,8.743465e-01,2.280975e-01,5.496021e-01,5.775315e-01,1.062859,22.6292
0.0423,2.515000e+01,-5.167145e+00,8.743465e-01,2.279912e-01,5.495921e-01,5.772728e-01,1.063696,22.9306
0.0423333,2.515000e+01,-5.167280e+00,8.743465e-01,2.281235e-01,5.491329e-01,5.780914e-01,1.064534,23.2321
0.0423667,2.515000e+01,-5.167428e+00,8.743465e-01,2.283712e-01,5.491150e-01,5.787373e-01,1.065373,23.5344
0.0424,2.515000e+01,-5.167571e+00,8.743465e-01,2.285504e-01,5.498985e-01,5.783664e-01,1.066211,23.8359
0.0424333,2.515000e+01,-5.167711e+00,8.743465e-01,2.283296e-01,5.497695e-01,5.779431e-01,1.067048,24.1373
0.0424667,2.515000e+01,-5.167847e+00,8.743465e-01,2.282256e-01,5.499238e-01,5.775183e-01,1.067888,24.4397
0.0425,2.515000e+01,-5.167999e+00,8.743465e-01,2.281027e-01,5.492567e-01,5.779081e-01,1.068725,24.7412
0.0425333,2.515000e+01,-5.168190e+00,8.743465e-01,2.285914e-01,5.484890e-01,5.799571e-01,1.069563,25.0426
0.0425667,2.515000e+01,-5.168398e+00,8.743465e-01,2.287149e-01,5.483095e-01,5.804599e-01,1.070403,25.3450
0.0426,2.515000e+01,-5.168567e+00,8.743465e-01,2.282957e-01,5.497458e-01,5.778824e-01,1.071240,25.6464
0.0426333,2.515000e+01,-5.168688e+00,8.743465e-01,2.276156e-01,5.509315e-01,5.749211e-01,1.072077,25.9479
0.0426667,2.515000e+01,-5.168834e+00,8.743465e-01,2.278245e-01,5.503913e-01,5.760134e-01,1.072917,26.2503
0.0427,2.515000e+01,-5.169012e+00,8.743465e-01,2.282805e-01,5.498595e-01,5.777246e-01,1.073755,26.5517
0.0427333,2.515000e+01,-5.169208e+00,8.743465e-01,2.284870e-01,5.495531e-01,5.785699e-01,1.074592,26.8532
0.0427667,2.515000e+01,-5.169409e+00,8.743465e-01,2.285356e-01,5.493873e-01,5.788675e-01,1.075432,27.1555
0.0428,2.515000e+01,-5.169586e+00,8.743465e-01,2.283123e-01,5.500317e-01,5.776238e-01,1.076269,27.4570
0.0428333,2.515000e+01,-5.169769e+00,8.743465e-01,2.285778e-01,5.505687e-01,5.777319e-01,1.077107,27.7584
0.0428667,2.515000e+01,-5.169959e+00,8.743465e-01,2.286627e-01,5.504482e-01,5.780727e-01,1.077947,28.0608
0.0429,2.515000e+01,-5.170162e+00,8.743465e-01,2.286074e-01,5.496384e-01,5.787847e-01,1.078784,28.3623
0.0429333,2.515000e+01,-5.170354e+00,8.743465e-01,2.282815e-01,5.493193e-01,5.782954e-01,1.079621,28.6637
0.0429667,2.515000e+01,-5.170509e+00,8.743465e-01,2.279348e-01,5.502713e-01,5.764181e-01,1.080461,28.9661
0.043,2.515000e+01,-5.170665e+00,8.743465e-01,2.281581e-01,5.508115e-01,5.764166e-01,1.081299,29.2675
0.0430333,2.515000e+01,-5.170837e+00,8.743465e-01,2.284901e-01,5.508062e-01,5.772611e-01,1.082136,29.5690
0.0430667,2.515000e+01,-5.171025e+00,8.743465e-01,2.287964e-01,5.507467e-01,5.780975e-01,1.082976,29.8713
0.0431,2.515000e+01,-5.171233e+00,8.743465e-01,2.290310e-01,5.503313e-01,5.791273e-01,1.083813,30.1728
0.0431333,2.515000e+01,-5.171448e+00,8.743465e-01,2.289962e-01,5.499485e-01,5.794417e-01,1.084651,30.4743
0.0431667,2.515000e+01,-5.171654e+00,8.743465e-01,2.286937e-01,5.499575e-01,5.786668e-01,1.085491,30.7766
0.0432,2.515000e+01,-5.171833e+00,8.743465e-01,2.282973e-01,5.508230e-01,5.767567e-01,1.086328,31.0781
0.0432333,2.515000e+01,-5.172004e+00,8.743465e-01,2.282982e-01,5.513780e-01,5.761785e-01,1.087165,31.3795
0.0432667,2.515000e+01,-5.172194e+00,8.743465e-01,2.284878e-01,5.508441e-01,5.772158e-01,1.088005,31.6819
0.0433,2.515000e+01,-5.172367e+00,8.743465e-01,2.280640e-01,5.508620e-01,5.761257e-01,1.088843,31.9833
0.0433333,2.515000e+01,-5.172534e+00,8.743465e-01,2.278707e-01,5.509136e-01,5.755838e-01,1.089680,32.2848
0.0433667,2.515000e+01,-5.172736e+00,8.743465e-01,2.287110e-01,5.511111e-01,5.774993e-01,1.090520,32.5872
0.0434,2.515000e+01,-5.172957e+00,8.743465e-01,2.287992e-01,5.505340e-01,5.783280e-01,1.091357,32.8886
0.0434333,2.515000e+01,-5.173155e+00,8.743465e-01,2.281080e-01,5.505319e-01,5.765831e-01,1.092195,33.1901
0.0434667,2.515000e+01,-5.173333e+00,8.743465e-01,2.279631e-01,5.511842e-01,5.755344e-01,1.093035,33.4924
0.0435,2.515000e+01,-5.173560e+00,8.743465e-01,2.289551e-01,5.507193e-01,5.785270e-01,1.093872,33.7939
0.0435333,2.515000e+01,-5.173813e+00,8.743465e-01,2.294234e-01,5.507120e-01,5.797180e-01,1.094709,34.0953
0.0435667,2.515000e+01,-5.174033e+00,8.743465e-01,2.287768e-01,5.513485e-01,5.774168e-01,1.095549,34.3977
0.0436,2.515000e+01,-5.174224e+00,8.743465e-01,2.279855e-01,5.513027e-01,5.754675e-01,1.096387,34.6992
0.0436333,2.515000e+01,-5.174431e+00,8.743465e-01,2.282108e-01,5.509278e-01,5.764280e-01,1.097224,35.0006
0.0436667,2.515000e+01,-5.174656e+00,8.743465e-01,2.284025e-01,5.504608e-01,5.774016e-01,1.098064,35.3030
0.0437,2.515000e+01,-5.174883e+00,8.743465e-01,2.287264e-01,5.510489e-01,5.776032e-01,1.098901,35.6044
0.0437333,2.515000e+01,-5.175125e+00,8.743465e-01,2.291313e-01,5.511026e-01,5.785694e-01,1.099739,35.9059
0.0437667,2.515000e+01,-5.175382e+00,8.743465e-01,2.291836e-01,5.507851e-01,5.790351e-01,1.100578,36.2083
0.0438,2.515000e+01,-5.175580e+00,8.743465e-01,2.278853e-01,5.511042e-01,5.754223e-01,1.101416,36.5097
0.0438333,2.515000e+01,-5.175764e+00,8.743465e-01,2.275270e-01,5.510384e-01,5.745858e-01,1.102253,36.8112
0.0438667,2.515000e+01,-5.175972e+00,8.743465e-01,2.280410e-01,5.509004e-01,5.760279e-01,1.103093,37.1135
0.0439,2.515000e+01,-5.176207e+00,8.743465e-01,2.286448e-01,5.508294e-01,5.776277e-01,1.103931,37.4150
0.0439333,2.515000e+01,-5.176443e+00,8.743465e-01,2.287267e-01,5.509915e-01,5.776644e-01,1.104768,37.7164
0.0439667,2.515000e+01,-5.176629e+00,8.743465e-01,2.277453e-01,5.514338e-01,5.747248e-01,1.105608,38.0188
0.044,2.515000e+01,-5.176830e+00,8.743465e-01,2.279562e-01,5.509041e-01,5.758098e-01,1.106445,38.3203
0.0440323,2.515000e+01,-5.177052e+00,8.743465e-01,2.284574e-01,5.512032e-01,5.767628e-01,1.107257,38.6127
0.0440645,2.515000e+01,-5.177286e+00,8.743465e-01,2.285344e-01,5.505466e-01,5.776448e-01,1.108067,38.9042
0.0440968,2.515000e+01,-5.177516e+00,8.743465e-01,2.284639e-01,5.504919e-01,5.775248e-01,1.108879,39.1966
0.044129,2.515000e+01,-5.177730e+00,8.743465e-01,2.281313e-01,5.504234e-01,5.767551e-01,1.109689,39.4881
0.0441613,2.515000e+01,-5.177897e+00,8.743465e-01,2.275229e-01,5.513538e-01,5.742467e-01,1.110501,39.7805
0.0441935,2.515000e+01,-5.178085e+00,8.743465e-01,2.277185e-01,5.508599e-01,5.752554e-01,1.111311,40.0720
0.0442258,2.515000e+01,-5.178280e+00,8.743465e-01,2.279009e-01,5.507062e-01,5.758774e-01,1.112123,40.3644
0.0442581,2.515000e+01,-5.178500e+00,8.743465e-01,2.283470e-01,5.501565e-01,5.775808e-01,1.112935,40.6568
0.0442903,2.515000e+01,-5.178722e+00,8.743465e-01,2.286491e-01,5.505666e-01,5.779141e-01,1.113745,40.9483
0.0443226,2.515000e+01,-5.178919e+00,8.743465e-01,2.281241e-01,5.506551e-01,5.764943e-01,1.114557,41.2407
0.0443548,2.515000e+01,-5.179111e+00,8.743465e-01,2.280456e-01,5.506214e-01,5.763318e-01,1.115367,41.5322
0.0443871,2.515000e+01,-5.179311e+00,8.743465e-01,2.281771e-01,5.503797e-01,5.769171e-01,1.116179,41.8246
0.0444194,2.515000e+01,-5.179517e+00,8.743465e-01,2.280788e-01,5.498585e-01,5.772150e-01,1.116992,42.1170
0.0444516,2.515000e+01,-5.179741e+00,8.743465e-01,2.284300e-01,5.496653e-01,5.783070e-01,1.117801,42.4085
0.0444839,2.515000e+01,-5.179894e+00,8.743465e-01,2.270070e-01,5.500817e-01,5.742697e-01,1.118614,42.7009
0.0445161,2.515000e+01,-5.180036e+00,8.743465e-01,2.269167e-01,5.502939e-01,5.738200e-01,1.119423,42.9924
0.0445484,2.515000e+01,-5.180177e+00,8.743465e-01,2.270192e-01,5.505266e-01,5.738366e-01,1.120235,43.2848
0.0445806,2.515000e+01,-5.180355e+00,8.743465e-01,2.276508e-01,5.500643e-01,5.759159e-01,1.121045,43.5763
0.0446129,2.515000e+01,-5.180565e+00,8.743465e-01,2.282828e-01,5.496342e-01,5.779672e-01,1.121857,43.8687
0.0446452,2.515000e+01,-5.180764e+00,8.743465e-01,2.279579e-01,5.496574e-01,5.771205e-01,1.122670,44.1611
0.0446774,2.515000e+01,-5.180948e+00,8.743465e-01,2.276016e-01,5.496094e-01,5.762682e-01,1.123479,44.4526
0.0447097,2.515000e+01,-5.181131e+00,8.743465e-01,2.276016e-01,5.497879e-01,5.760811e-01,1.124292,44.7450
0.0447419,2.515000e+01,-5.181308e+00,8.743465e-01,2.274393e-01,5.497932e-01,5.756653e-01,1.125101,45.0365
0.0447742,2.515000e+01,-5.181495e+00,8.743465e-01,2.275693e-01,5.495736e-01,5.762244e-01,1.125914,45.3289
0.0448065,2.515000e+01,-5.181695e+00,8.743465e-01,2.278346e-01,5.494636e-01,5.770115e-01,1.126726,45.6213
0.0448387,2.515000e+01,-5.181880e+00,8.743465e-01,2.274253e-01,5.492967e-01,5.761500e-01,1.127536,45.9128
0.044871,2.515000e+01,-5.182045e+00,8.743465e-01,2.269655e-01,5.491835e-01,5.751034e-01,1.128348,46.2052
0.0449032,2.515000e+01,-5.182206e+00,8.743465e-01,2.267875e-01,5.491135e-01,5.747255e-01,1.129157,46.4967
0.0449355,2.515000e+01,-5.182396e+00,8.743465e-01,2.276740e-01,5.492804e-01,5.767970e-01,1.129970,46.7891
0.0449677,2.515000e+01,-5.182598e+00,8.743465e-01,2.282289e-01,5.496358e-01,5.778288e-01,1.130779,47.0806
0.045,2.515000e+01,-5.182769e+00,8.743465e-01,2.273526e-01,5.492309e-01,5.760344e-01,1.131592,47.3730
0.0450323,2.515000e+01,-5.182937e+00,8.743465e-01,2.272604e-01,5.489339e-01,5.761124e-01,1.132404,47.6654
0.0450645,2.515000e+01,-5.183084e+00,8.743465e-01,2.266793e-01,5.485032e-01,5.750907e-01,1.133214,47.9569
0.0450968,2.515000e+01,-5.183246e+00,8.743465e-01,2.270993e-01,5.482974e-01,5.763729e-01,1.134026,48.2493
0.045129,2.515000e+01,-5.183391e+00,8.743465e-01,2.271641e-01,5.489597e-01,5.758415e-01,1.134836,48.5408
0.0451613,2.515000e+01,-5.183532e+00,8.743465e-01,2.273602e-01,5.490935e-01,5.761984e-01,1.135648,48.8332
0.0451935,2.515000e+01,-5.183667e+00,8.743465e-01,2.272620e-01,5.488144e-01,5.762421e-01,1.136457,49.1247
0.0452258,2.515000e+01,-5.183781e+00,8.743465e-01,2.267194e-01,5.482732e-01,5.754335e-01,1.137270,49.4171
0.0452581,2.515000e+01,-5.183893e+00,8.743465e-01,2.267050e-01,5.480173e-01,5.756659e-01,1.138082,49.7095
0.0452903,2.515000e+01,-5.184013e+00,8.743465e-01,2.272879e-01,5.484153e-01,5.767271e-01,1.138892,50.0010
0.0453226,2.515000e+01,-5.184133e+00,8.743465e-01,2.274256e-01,5.483584e-01,5.771363e-01,1.139704,50.2934
0.0453548,2.515000e+01,-5.184210e+00,8.743465e-01,2.267368e-01,5.489555e-01,5.747624e-01,1.140514,50.5849
0.0453871,2.515000e+01,-5.184283e+00,8.743465e-01,2.262292e-01,5.478825e-01,5.745987e-01,1.141326,50.8773
0.0454194,2.515000e+01,-5.184352e+00,8.743465e-01,2.260848e-01,5.474192e-01,5.747183e-01,1.142138,51.1697
0.0454516,2.515000e+01,-5.184428e+00,8.743465e-01,2.264307e-01,5.473528e-01,5.756676e-01,1.142948,51.4612
0.0454839,2.515000e+01,-5.184496e+00,8.743465e-01,2.266459e-01,5.478777e-01,5.756627e-01,1.143760,51.7536
0.0455161,2.515000e+01,-5.184574e+00,8.743465e-01,2.271790e-01,5.481642e-01,5.767150e-01,1.144570,52.0451
0.0455484,2.515000e+01,-5.184658e+00,8.743465e-01,2.273348e-01,5.480441e-01,5.772369e-01,1.145382,52.3375
0.0455806,2.515000e+01,-5.184722e+00,8.743465e-01,2.266388e-01,5.473718e-01,5.761768e-01,1.146192,52.6290
0.0456129,2.515000e+01,-5.184779e+00,8.743465e-01,2.265132e-01,5.471822e-01,5.760567e-01,1.147004,52.9214
0.0456452,2.515000e+01,-5.184838e+00,8.743465e-01,2.266834e-01,5.473328e-01,5.763310e-01,1.147816,53.2138
0.0456774,2.515000e+01,-5.184904e+00,8.743465e-01,2.268576e-01,5.472312e-01,5.768812e-01,1.148626,53.5053
0.0457097,2.515000e+01,-5.184958e+00,8.743465e-01,2.267197e-01,5.473760e-01,5.763776e-01,1.149438,53.7977
0.0457419,2.515000e+01,-5.184986e+00,8.743465e-01,2.258894e-01,5.469037e-01,5.747630e-01,1.150248,54.0892
0.0457742,2.515000e+01,-5.185021e+00,8.743465e-01,2.261210e-01,5.467099e-01,5.755566e-01,1.151060,54.3816
0.0458065,2.515000e+01,-5.185050e+00,8.743465e-01,2.261810e-01,5.469095e-01,5.754990e-01,1.151872,54.6740
0.0458387,2.515000e+01,-5.185091e+00,8.743465e-01,2.263392e-01,5.465236e-01,5.763079e-01,1.152682,54.9655
0.045871,2.515000e+01,-5.185133e+00,8.743465e-01,2.265452e-01,5.467126e-01,5.766330e-01,1.153494,55.2579
0.0459032,2.515000e+01,-5.185168e+00,8.743465e-01,2.265103e-01,5.467194e-01,5.765374e-01,1.154304,55.5494
0.0459355,2.515000e+01,-5.185189e+00,8.743465e-01,2.262689e-01,5.466347e-01,5.760114e-01,1.155116,55.8418
0.0459677,2.515000e+01,-5.185182e+00,8.743465e-01,2.254960e-01,5.463177e-01,5.743774e-01,1.155926,56.1333
0.046,2.515000e+01,-5.185180e+00,8.743465e-01,2.256481e-01,5.462245e-01,5.748626e-01,1.156738,56.4257
0.0460323,2.515000e+01,-5.185193e+00,8.743465e-01,2.262168e-01,5.463819e-01,5.761452e-01,1.157550,56.7181
0.0460645,2.515000e+01,-5.185204e+00,8.743465e-01,2.259786e-01,5.459986e-01,5.759429e-01,1.158360,57.0096
0.0460968,2.515000e+01,-5.185217e+00,8.743465e-01,2.258448e-01,5.455200e-01,5.761073e-01,1.159172,57.3020
0.046129,2.515000e+01,-5.185228e+00,8.743465e-01,2.260341e-01,5.459060e-01,5.761817e-01,1.159982,57.5935
0.0461613,2.515000e+01,-5.185243e+00,8.743465e-01,2.262674e-01,5.461813e-01,5.764864e-01,1.160794,57.8859
0.0461935,2.515000e+01,-5.185261e+00,8.743465e-01,2.263566e-01,5.462019e-01,5.766920e-01,1.161604,58.1774
0.0462258,2.515000e+01,-5.185277e+00,8.743465e-01,2.262012e-01,5.460523e-01,5.764535e-01,1.162416,58.4698
0.0462581,2.515000e+01,-5.185306e+00,8.743465e-01,2.261379e-01,5.453737e-01,5.770096e-01,1.163228,58.7622
0.0462903,2.515000e+01,-5.185330e+00,8.743465e-01,2.260890e-01,5.455632e-01,5.766843e-01,1.164038,59.0537
0.0463226,2.515000e+01,-5.185339e+00,8.743465e-01,2.253740e-01,5.451057e-01,5.753434e-01,1.164850,59.3461
0.0463548,2.515000e+01,-5.185364e+00,8.743465e-01,2.255152e-01,5.447366e-01,5.760936e-01,1.165660,59.6376
0.0463871,2.515000e+01,-5.185385e+00,8.743465e-01,2.254421e-01,5.450077e-01,5.756202e-01,1.166472,59.9300
0.0464194,2.515000e+01,-5.185413e+00,8.743465e-01,2.257839e-01,5.452568e-01,5.762299e-01,1.167285,60.2224
0.0464516,2.515000e+01,-5.185441e+00,8.743465e-01,2.258719e-01,5.453989e-01,5.763036e-01,1.168094,60.5139
0.0464839,2.515000e+01,-5.185474e+00,8.743465e-01,2.258560e-01,5.452710e-01,5.763984e-01,1.168907,60.8063
0.0465161,2.515000e+01,-5.185520e+00,8.743465e-01,2.259613e-01,5.449688e-01,5.769875e-01,1.169716,61.0978
0.0465484,2.515000e+01,-5.185552e+00,8.743465e-01,2.253685e-01,5.447382e-01,5.757167e-01,1.170528,61.3902
0.0465806,2.515000e+01,-5.185585e+00,8.743465e-01,2.250894e-01,5.442485e-01,5.755216e-01,1.171338,61.6817
0.0466129,2.515000e+01,-5.185616e+00,8.743465e-01,2.251462e-01,5.444844e-01,5.754170e-01,1.172150,61.9741
0.0466452,2.515000e+01,-5.185653e+00,8.743465e-01,2.254796e-01,5.448856e-01,5.758449e-01,1.172963,62.2665
0.0466774,2.515000e+01,-5.185695e+00,8.743465e-01,2.257021e-01,5.451057e-01,5.761805e-01,1.173772,62.5580
0.0467097,2.515000e+01,-5.185747e+00,8.743465e-01,2.258910e-01,5.452283e-01,5.765330e-01,1.174585,62.8505
0.0467419,2.515000e+01,-5.185808e+00,8.743465e-01,2.256675e-01,5.444265e-01,5.768106e-01,1.175394,63.1419
0.0467742,2.515000e+01,-5.185870e+00,8.743465e-01,2.256221e-01,5.443106e-01,5.768177e-01,1.176207,63.4344
0.0468065,2.515000e+01,-5.185931e+00,8.743465e-01,2.255652e-01,5.442601e-01,5.767260e-01,1.177019,63.7268
0.0468387,2.515000e+01,-5.185996e+00,8.743465e-01,2.257247e-01,5.445502e-01,5.768259e-01,1.177828,64.0183
0.046871,2.515000e+01,-5.186067e+00,8.743465e-01,2.259841e-01,5.449235e-01,5.770933e-01,1.178641,64.3107
0.0469032,2.515000e+01,-5.186134e+00,8.743465e-01,2.256070e-01,5.443649e-01,5.767213e-01,1.179450,64.6022
0.0469355,2.515000e+01,-5.186223e+00,8.743465e-01,2.252762e-01,5.428274e-01,5.775071e-01,1.180263,64.8946
0.0469677,2.515000e+01,-5.186300e+00,8.743465e-01,2.250262e-01,5.431902e-01,5.764809e-01,1.181072,65.1861
0.047,2.515000e+01,-5.186371e+00,8.743465e-01,2.251429e-01,5.438510e-01,5.760787e-01,1.181885,65.4785
0.0470323,2.515000e+01,-5.186444e+00,8.743465e-01,2.254045e-01,5.445397e-01,5.760187e-01,1.182697,65.7709
0.0470645,2.515000e+01,-5.186527e+00,8.743465e-01,2.255564e-01,5.442722e-01,5.766905e-01,1.183507,66.0624
0.0470968,2.515000e+01,-5.186620e+00,8.743465e-01,2.257357e-01,5.440679e-01,5.773656e-01,1.184319,66.3548
0.047129,2.515000e+01,-5.186720e+00,8.743465e-01,2.256174e-01,5.435282e-01,5.776357e-01,1.185129,66.6463
0.0471613,2.515000e+01,-5.186811e+00,8.743465e-01,2.252762e-01,5.433734e-01,5.769269e-01,1.185941,66.9387
0.0471935,2.515000e+01,-5.186898e+00,8.743465e-01,2.252197e-01,5.436783e-01,5.764589e-01,1.186750,67.2302
0.0472258,2.515000e+01,-5.186983e+00,8.743465e-01,2.251932e-01,5.438226e-01,5.762380e-01,1.187563,67.5226
0.0472581,2.515000e+01,-5.187077e+00,8.743465e-01,2.252579e-01,5.435351e-01,5.767081e-01,1.188375,67.8150
0.0472903,2.515000e+01,-5.187174e+00,8.743465e-01,2.250774e-01,5.431823e-01,5.766206e-01,1.189185,68.1065
0.0473226,2.515000e+01,-5.187268e+00,8.743465e-01,2.249609e-01,5.432092e-01,5.762937e-01,1.189997,68.3989
0.0473548,2.515000e+01,-5.187368e+00,8.743465e-01,2.251956e-01,5.435946e-01,5.764853e-01,1.190807,68.6904
0.0473871,2.515000e+01,-5.187468e+00,8.743465e-01,2.254648e-01,5.441590e-01,5.765759e-01,1.191619,68.9828
0.0474194,2.515000e+01,-5.187582e+00,8.743465e-01,2.255227e-01,5.436757e-01,5.772374e-01,1.192431,69.2752
0.0474516,2.515000e+01,-5.187703e+00,8.743465e-01,2.256198e-01,5.436651e-01,5.774969e-01,1.193241,69.5667
0.0474839,2.515000e+01,-5.187830e+00,8.743465e-01,2.256159e-01,5.433961e-01,5.777725e-01,1.194053,69.8591
0.0475161,2.515000e+01,-5.187964e+00,8.743465e-01,2.253999e-01,5.428743e-01,5.777744e-01,1.194863,70.1506
0.0475484,2.515000e+01,-5.188108e+00,8.743465e-01,2.253248e-01,5.424673e-01,5.780150e-01,1.195675,70.4430
0.0475806,2.515000e+01,-5.188240e+00,8.743465e-01,2.250389e-01,5.426390e-01,5.770990e-01,1.196485,70.7345
0.0476129,2.515000e+01,-5.188372e+00,8.743465e-01,2.252314e-01,5.430044e-01,5.772036e-01,1.197297,71.0269
0.0476452,2.515000e+01,-5.188501e+00,8.743465e-01,2.253902e-01,5.436267e-01,5.769499e-01,1.198109,71.3193
0.0476774,2.515000e+01,-5.188633e+00,8.743465e-01,2.254460e-01,5.436314e-01,5.770876e-01,1.198919,71.6108
0.0477097,2.515000e+01,-5.188758e+00,8.743465e-01,2.253992e-01,5.439315e-01,5.766497e-01,1.199731,71.9032
0.0477419,2.515000e+01,-5.188907e+00,8.743465e-01,2.255111e-01,5.429849e-01,5.779417e-01,1.200541,72.1947
0.0477742,2.515000e+01,-5.189065e+00,8.743465e-01,2.256886e-01,5.429059e-01,5.784804e-01,1.201353,72.4871
0.0478065,2.515000e+01,-5.189217e+00,8.743465e-01,2.254669e-01,5.428838e-01,5.779359e-01,1.202165,72.7795
0.0478387,2.515000e+01,-5.189349e+00,8.743465e-01,2.251140e-01,5.431665e-01,5.767305e-01,1.202975,73.0710
0.047871,2.515000e+01,-5.189473e+00,8.743465e-01,2.250471e-01,5.434240e-01,5.762866e-01,1.203787,73.3634
0.0479032,2.515000e+01,-5.189602e+00,8.743465e-01,2.251587e-01,5.433097e-01,5.766934e-01,1.204597,73.6549
0.0479355,2.515000e+01,-5.189742e+00,8.743465e-01,2.253506e-01,5.430396e-01,5.774717e-01,1.205409,73.9473
0.0479677,2.515000e+01,-5.189870e+00,8.743465e-01,2.254579e-01,5.436167e-01,5.771337e-01,1.206219,74.2388
0.048,2.515000e+01,-5.189995e+00,8.743465e-01,2.254361e-01,5.437462e-01,5.769405e-01,1.207031,74.5312
0.0480323,2.515000e+01,-5.190117e+00,8.743465e-01,2.255294e-01,5.439963e-01,5.769141e-01,1.207843,74.8236
0.0480645,2.515000e+01,-5.190241e+00,8.743465e-01,2.254818e-01,5.436767e-01,5.771314e-01,1.208653,75.1151
0.0480968,2.515000e+01,-5.190386e+00,8.743465e-01,2.255306e-01,5.425484e-01,5.784562e-01,1.209465,75.4075
0.048129,2.515000e+01,-5.190534e+00,8.743465e-01,2.255005e-01,5.422435e-01,5.787045e-01,1.210275,75.6990
0.0481613,2.515000e+01,-5.190678e+00,8.743465e-01,2.256550e-01,5.425689e-01,5.787534e-01,1.211087,75.9914
0.0481935,2.515000e+01,-5.190787e+00,8.743465e-01,2.253701e-01,5.435746e-01,5.769533e-01,1.211897,76.2829
0.0482258,2.515000e+01,-5.190888e+00,8.743465e-01,2.253264e-01,5.436920e-01,5.767170e-01,1.212709,76.5753
0.0482581,2.515000e+01,-5.190998e+00,8.743465e-01,2.256169e-01,5.437030e-01,5.774493e-01,1.213521,76.8677
0.0482903,2.515000e+01,-5.191109e+00,8.743465e-01,2.257461e-01,5.437125e-01,5.777690e-01,1.214331,77.1592
0.0483226,2.515000e+01,-5.191221e+00,8.743465e-01,2.256496e-01,5.433187e-01,5.779412e-01,1.215143,77.4516
0.0483548,2.515000e+01,-5.191326e+00,8.743465e-01,2.256591e-01,5.433250e-01,5.779589e-01,1.215953,77.7431
0.0483871,2.515000e+01,-5.191430e+00,8.743465e-01,2.259775e-01,5.437457e-01,5.783267e-01,1.216765,78.0355
0.0484194,2.515000e+01,-5.191530e+00,8.743465e-01,2.259247e-01,5.435319e-01,5.784187e-01,1.217578,78.3279
0.0484516,2.515000e+01,-5.191635e+00,8.743465e-01,2.256811e-01,5.426742e-01,5.787086e-01,1.218387,78.6194
0.0484839,2.515000e+01,-5.191724e+00,8.743465e-01,2.254202e-01,5.428622e-01,5.778393e-01,1.219199,78.9118
0.0485161,2.515000e+01,-5.191805e+00,8.743465e-01,2.256244e-01,5.435230e-01,5.776595e-01,1.220009,79.2033
0.0485484,2.515000e+01,-5.191855e+00,8.743465e-01,2.254316e-01,5.445028e-01,5.761269e-01,1.220821,79.4957
0.0485806,2.515000e+01,-5.191906e+00,8.743465e-01,2.254440e-01,5.444017e-01,5.762662e-01,1.221631,79.7872
0.0486129,2.515000e+01,-5.191981e+00,8.743465e-01,2.258364e-01,5.438820e-01,5.778206e-01,1.222443,80.0796
0.0486452,2.515000e+01,-5.192058e+00,8.743465e-01,2.261180e-01,5.442675e-01,5.781314e-01,1.223256,80.3720
0.0486774,2.515000e+01,-5.192146e+00,8.743465e-01,2.262145e-01,5.438373e-01,5.788352e-01,1.224065,80.6635
0.0487097,2.515000e+01,-5.192231e+00,8.743465e-01,2.259987e-01,5.436751e-01,5.784553e-01,1.224878,80.9559
0.0487419,2.515000e+01,-5.192320e+00,8.743465e-01,2.261943e-01,5.437488e-01,5.788783e-01,1.225687,81.2474
0.0487742,2.515000e+01,-5.192408e+00,8.743465e-01,2.261844e-01,5.438784e-01,5.787148e-01,1.226499,81.5398
0.0488065,2.515000e+01,-5.192490e+00,8.743465e-01,2.258820e-01,5.433950e-01,5.784552e-01,1.227312,81.8322
0.0488387,2.515000e+01,-5.192558e+00,8.743465e-01,2.257848e-01,5.440984e-01,5.774588e-01,1.228121,82.1237
0.048871,2.515000e+01,-5.192618e+00,8.743465e-01,2.259907e-01,5.448219e-01,5.772178e-01,1.228934,82.4161
0.0489032,2.515000e+01,-5.192675e+00,8.743465e-01,2.260691e-01,5.450004e-01,5.772291e-01,1.229743,82.7076
0.0489355,2.515000e+01,-5.192765e+00,8.743465e-01,2.265580e-01,5.443091e-01,5.792121e-01,1.230556,83.0000
0.0489677,2.515000e+01,-5.192848e+00,8.743465e-01,2.265184e-01,5.446587e-01,5.787392e-01,1.231365,83.2915
0.049,2.515000e+01,-5.192908e+00,8.743465e-01,2.261760e-01,5.452162e-01,5.772735e-01,1.232178,83.5839
0.0490333,2.515000e+01,-5.192977e+00,8.743465e-01,2.261605e-01,5.440911e-01,5.784274e-01,1.233015,83.8854
0.0490667,2.515000e+01,-5.193064e+00,8.743465e-01,2.265132e-01,5.437341e-01,5.797100e-01,1.233855,84.1877
0.0491,2.515000e+01,-5.193160e+00,8.743465e-01,2.269510e-01,5.441616e-01,5.803739e-01,1.234692,84.4892
0.0491333,2.515000e+01,-5.193230e+00,8.743465e-01,2.267127e-01,5.449461e-01,5.789303e-01,1.235530,84.7907
0.0491667,2.515000e+01,-5.193293e+00,8.743465e-01,2.262082e-01,5.443154e-01,5.783107e-01,1.236369,85.0930
0.0492,2.515000e+01,-5.193341e+00,8.743465e-01,2.260240e-01,5.446987e-01,5.774335e-01,1.237207,85.3945
0.0492333,2.515000e+01,-5.193369e+00,8.743465e-01,2.260386e-01,5.455516e-01,5.765678e-01,1.238044,85.6959
0.0492667,2.515000e+01,-5.193417e+00,8.743465e-01,2.266407e-01,5.458096e-01,5.778305e-01,1.238884,85.9983
0.0493,2.515000e+01,-5.193507e+00,8.743465e-01,2.272535e-01,5.449140e-01,5.803453e-01,1.239722,86.2997
0.0493333,2.515000e+01,-5.193592e+00,8.743465e-01,2.272425e-01,5.450820e-01,5.801387e-01,1.240559,86.6012
0.0493667,2.515000e+01,-5.193626e+00,8.743465e-01,2.263172e-01,5.457685e-01,5.770489e-01,1.241399,86.9036
0.0494,2.515000e+01,-5.193671e+00,8.743465e-01,2.260125e-01,5.447503e-01,5.773497e-01,1.242236,87.2050
0.0494333,2.515000e+01,-5.193733e+00,8.743465e-01,2.264606e-01,5.445549e-01,5.787015e-01,1.243074,87.5065
0.0494667,2.515000e+01,-5.193822e+00,8.743465e-01,2.272847e-01,5.447745e-01,5.805735e-01,1.243913,87.8088
0.0495,2.515000e+01,-5.193875e+00,8.743465e-01,2.270134e-01,5.458865e-01,5.786998e-01,1.244751,88.1103
0.0495333,2.515000e+01,-5.193904e+00,8.743465e-01,2.267216e-01,5.464514e-01,5.773581e-01,1.245588,88.4117
0.0495667,2.515000e+01,-5.193932e+00,8.743465e-01,2.266907e-01,5.464183e-01,5.773144e-01,1.246428,88.7141
0.0496,2.515000e+01,-5.193963e+00,8.743465e-01,2.268087e-01,5.465104e-01,5.775170e-01,1.247265,89.0156
0.0496333,2.515000e+01,-5.194051e+00,8.743465e-01,2.272862e-01,5.445139e-01,5.808548e-01,1.248103,89.3170
0.0496667,2.515000e+01,-5.194151e+00,8.743465e-01,2.275416e-01,5.443201e-01,5.817152e-01,1.248943,89.6194
0.0497,2.515000e+01,-5.194230e+00,8.743465e-01,2.275079e-01,5.453400e-01,5.805409e-01,1.249780,89.9208
0.0497333,2.515000e+01,-5.194243e+00,8.743465e-01,2.265023e-01,5.465815e-01,5.766616e-01,1.250617,90.2223
0.0497667,2.515000e+01,-5.194242e+00,8.743465e-01,2.258822e-01,5.458949e-01,5.758064e-01,1.251457,90.5247
0.0498,2.515000e+01,-5.194267e+00,8.743465e-01,2.263068e-01,5.455005e-01,5.773065e-01,1.252295,90.8261
0.0498333,2.515000e+01,-5.194324e+00,8.743465e-01,2.274602e-01,5.461181e-01,5.795921e-01,1.253132,91.1276
0.0498667,2.515000e+01,-5.194376e+00,8.743465e-01,2.276087e-01,5.464577e-01,5.796101e-01,1.253972,91.4299
0.0499,2.515000e+01,-5.194403e+00,8.743465e-01,2.271371e-01,5.466641e-01,5.781912e-01,1.254809,91.7314
0.0499333,2.515000e+01,-5.194418e+00,8.743465e-01,2.268794e-01,5.467742e-01,5.774184e-01,1.255647,92.0328
0.0499667,2.515000e+01,-5.194453e+00,8.743465e-01,2.269921e-01,5.462198e-01,5.782922e-01,1.256487,92.3352
0.05,2.515000e+01,-5.194525e+00,8.743465e-01,2.274944e-01,5.453031e-01,5.805454e-01,1.257324,92.6367
0.0500333,2.515000e+01,-5.194593e+00,8.743465e-01,2.275149e-01,5.454600e-01,5.804313e-01,1.258161,92.9381
0.0500667,2.515000e+01,-5.194638e+00,8.743465e-01,2.274117e-01,5.462803e-01,5.792970e-01,1.259001,93.2405
0.0501,2.515000e+01,-5.194645e+00,8.743465e-01,2.269512e-01,5.472438e-01,5.771056e-01,1.259839,93.5419
0.0501333,2.515000e+01,-5.194655e+00,8.743465e-01,2.270145e-01,5.471627e-01,5.773523e-01,1.260676,93.8434
0.0501667,2.515000e+01,-5.194655e+00,8.743465e-01,2.268720e-01,5.473344e-01,5.768084e-01,1.261516,94.1457
0.0502,2.515000e+01,-5.194659e+00,8.743465e-01,2.270996e-01,5.475403e-01,5.771706e-01,1.262353,94.4472
0.0502333,2.515000e+01,-5.194722e+00,8.743465e-01,2.278548e-01,5.459755e-01,5.807496e-01,1.263191,94.7487
0.0502667,2.515000e+01,-5.194794e+00,8.743465e-01,2.280862e-01,5.457938e-01,5.815325e-01,1.264031,95.0510
0.0503,2.515000e+01,-5.194830e+00,8.743465e-01,2.277499e-01,5.466973e-01,5.797158e-01,1.264868,95.3525
0.0503333,2.515000e+01,-5.194829e+00,8.743465e-01,2.272335e-01,5.474460e-01,5.776102e-01,1.265705,95.6539
0.0503667,2.515000e+01,-5.194839e+00,8.743465e-01,2.272675e-01,5.468152e-01,5.783633e-01,1.266545,95.9563
0.0504,2.515000e+01,-5.194847e+00,8.743465e-01,2.271858e-01,5.465409e-01,5.784451e-01,1.267383,96.2578
0.0504333,2.515000e+01,-5.194833e+00,8.743465e-01,2.272047e-01,5.473312e-01,5.776581e-01,1.268220,96.5592
0.0504667,2.515000e+01,-5.194822e+00,8.743465e-01,2.274567e-01,5.473665e-01,5.782612e-01,1.269060,96.8616
0.0505,2.515000e+01,-5.194828e+00,8.743465e-01,2.278185e-01,5.472191e-01,5.793372e-01,1.269897,97.1630
0.0505333,2.515000e+01,-5.194811e+00,8.743465e-01,2.275389e-01,5.477140e-01,5.781032e-01,1.270735,97.4645
0.0505667,2.515000e+01,-5.194784e+00,8.743465e-01,2.272905e-01,5.475308e-01,5.776656e-01,1.271575,97.7668
0.0506,2.515000e+01,-5.194775e+00,8.743465e-01,2.275735e-01,5.469948e-01,5.789517e-01,1.272412,98.0683
0.0506333,2.515000e+01,-5.194770e+00,8.743465e-01,2.276552e-01,5.468331e-01,5.793307e-01,1.273249,98.3698
0.0506667,2.515000e+01,-5.194761e+00,8.743465e-01,2.278626e-01,5.473628e-01,5.792971e-01,1.274089,98.6721
0.0507,2.515000e+01,-5.194723e+00,8.743465e-01,2.274114e-01,5.476924e-01,5.778020e-01,1.274927,98.9736
0.0507333,2.515000e+01,-5.194678e+00,8.743465e-01,2.273864e-01,5.476271e-01,5.778073e-01,1.275764,99.2750
0.0507667,2.515000e+01,-5.194615e+00,8.743465e-01,2.271897e-01,5.478799e-01,5.770414e-01,1.276604,99.5774
0.0508,2.515000e+01,-5.194566e+00,8.743465e-01,2.275960e-01,5.478009e-01,5.781566e-01,1.277441,99.8788
0.0508333,2.515000e+01,-5.194547e+00,8.743465e-01,2.282060e-01,5.473849e-01,5.801471e-01,1.278279,100.1803
0.0508667,2.515000e+01,-5.194517e+00,8.743465e-01,2.281442e-01,5.477251e-01,5.796296e-01,1.279119,100.4827
0.0509,2.515000e+01,-5.194464e+00,8.743465e-01,2.278443e-01,5.482026e-01,5.783630e-01,1.279956,100.7841
0.0509333,2.515000e+01,-5.194401e+00,8.743465e-01,2.273282e-01,5.476171e-01,5.776704e-01,1.280793,101.0856
0.0509667,2.515000e+01,-5.194348e+00,8.743465e-01,2.274707e-01,5.472780e-01,5.783902e-01,1.281633,101.3879
0.051,2.515000e+01,-5.194295e+00,8.743465e-01,2.277029e-01,5.475466e-01,5.786967e-01,1.282471,101.6894
0.0510333,2.515000e+01,-5.194231e+00,8.743465e-01,2.279802e-01,5.484716e-01,5.784247e-01,1.283308,101.9908
0.0510667,2.515000e+01,-5.194164e+00,8.743465e-01,2.279248e-01,5.482542e-01,5.785136e-01,1.284148,102.2932
0.0511,2.515000e+01,-5.194099e+00,8.743465e-01,2.278053e-01,5.479541e-01,5.785265e-01,1.284985,102.5947
0.0511333,2.515000e+01,-5.194021e+00,8.743465e-01,2.277735e-01,5.483153e-01,5.780643e-01,1.285823,102.8961
0.0511667,2.515000e+01,-5.193943e+00,8.743465e-01,2.278525e-01,5.483553e-01,5.782230e-01,1.286662,103.1985
0.0512,2.515000e+01,-5.193861e+00,8.743465e-01,2.279424e-01,5.485469e-01,5.782489e-01,1.287500,103.4999
0.0512333,2.515000e+01,-5.193767e+00,8.743465e-01,2.276837e-01,5.485017e-01,5.776404e-01,1.288337,103.8014
0.0512667,2.515000e+01,-5.193677e+00,8.743465e-01,2.277091e-01,5.482447e-01,5.779759e-01,1.289177,104.1038
0.0513,2.515000e+01,-5.193599e+00,8.743465e-01,2.276551e-01,5.475208e-01,5.786022e-01,1.290014,104.4052
0.0513333,2.515000e+01,-5.193527e+00,8.743465e-01,2.278335e-01,5.475076e-01,5.790701e-01,1.290852,104.7067
0.0513667,2.515000e+01,-5.193431e+00,8.743465e-01,2.277098e-01,5.483163e-01,5.779022e-01,1.291692,105.0090
0.0514,2.515000e+01,-5.193318e+00,8.743465e-01,2.276598e-01,5.490076e-01,5.770475e-01,1.292529,105.3105
0.0514333,2.515000e+01,-5.193211e+00,8.743465e-01,2.276810e-01,5.488586e-01,5.772586e-01,1.293367,105.6119
0.0514667,2.515000e+01,-5.193110e+00,8.743465e-01,2.276211e-01,5.485169e-01,5.774658e-01,1.294206,105.9143
0.0515,2.515000e+01,-5.193033e+00,8.743465e-01,2.279936e-01,5.480947e-01,5.788568e-01,1.295044,106.2158
0.0515333,2.515000e+01,-5.192972e+00,8.743465e-01,2.281102e-01,5.476956e-01,5.795743e-01,1.295881,106.5172
0.0515667,2.515000e+01,-5.192904e+00,8.743465e-01,2.281193e-01,5.479815e-01,5.792948e-01,1.296721,106.8196
0.0516,2.515000e+01,-5.192813e+00,8.743465e-01,2.279226e-01,5.487096e-01,5.780276e-01,1.297558,107.1210
0.0516333,2.515000e+01,-5.192718e+00,8.743465e-01,2.277511e-01,5.486449e-01,5.776612e-01,1.298396,107.4225
0.0516667,2.515000e+01,-5.192631e+00,8.743465e-01,2.278018e-01,5.484632e-01,5.779807e-01,1.299236,107.7248
0.0517,2.515000e+01,-5.192541e+00,8.743465e-01,2.275914e-01,5.482732e-01,5.776471e-01,1.300073,108.0263
0.0517333,2.515000e+01,-5.192432e+00,8.743465e-01,2.275731e-01,5.489718e-01,5.768655e-01,1.300910,108.3278
0.0517667,2.515000e+01,-5.192328e+00,8.743465e-01,2.276710e-01,5.489471e-01,5.771397e-01,1.301750,108.6301
0.0518,2.515000e+01,-5.192227e+00,8.743465e-01,2.277466e-01,5.491156e-01,5.771543e-01,1.302588,108.9316
0.0518333,2.515000e+01,-5.192143e+00,8.743465e-01,2.277999e-01,5.485564e-01,5.778782e-01,1.303425,109.2330
0.0518667,2.515000e+01,-5.192069e+00,8.743465e-01,2.276613e-01,5.478240e-01,5.782984e-01,1.304265,109.5354
0.0519,2.515000e+01,-5.191995e+00,8.743465e-01,2.276071e-01,5.477387e-01,5.782507e-01,1.305102,109.8369
0.0519333,2.515000e+01,-5.191918e+00,8.743465e-01,2.277035e-01,5.482926e-01,5.779114e-01,1.305940,110.1383
0.0519667,2.515000e+01,-5.191818e+00,8.743465e-01,2.275683e-01,5.492635e-01,5.765474e-01,1.306780,110.4407
0.052,2.515000e+01,-5.191720e+00,8.743465e-01,2.275597e-01,5.493567e-01,5.764273e-01,1.307617,110.7421
0.0520333,2.515000e+01,-5.191619e+00,8.743465e-01,2.274216e-01,5.494231e-01,5.760079e-01,1.308454,111.0436
0.0520667,2.515000e+01,-5.191527e+00,8.743465e-01,2.274083e-01,5.491166e-01,5.762961e-01,1.309294,111.3459
0.0521,2.515000e+01,-5.191479e+00,8.743465e-01,2.278689e-01,5.481789e-01,5.784508e-01,1.310132,111.6474
0.0521333,2.515000e+01,-5.191457e+00,8.743465e-01,2.282268e-01,5.479030e-01,5.796510e-01,1.310969,111.9489
0.0521667,2.515000e+01,-5.191427e+00,8.743465e-01,2.281560e-01,5.484516e-01,5.788918e-01,1.311809,112.2512
0.0522,2.515000e+01,-5.191367e+00,8.743465e-01,2.276195e-01,5.494299e-01,5.765018e-01,1.312646,112.5527
0.0522333,2.515000e+01,-5.191302e+00,8.743465e-01,2.273850e-01,5.495084e-01,5.758258e-01,1.313484,112.8541
0.0522667,2.515000e+01,-5.191261e+00,8.743465e-01,2.275908e-01,5.490824e-01,5.767941e-01,1.314324,113.1565
0.0523,2.515000e+01,-5.191239e+00,8.743465e-01,2.277647e-01,5.488365e-01,5.774938e-01,1.315161,113.4579
0.0523333,2.515000e+01,-5.191211e+00,8.743465e-01,2.278644e-01,5.495715e-01,5.769736e-01,1.315998,113.7594
0.0523667,2.515000e+01,-5.191186e+00,8.743465e-01,2.278048e-01,5.495463e-01,5.768493e-01,1.316838,114.0618
0.0524,2.515000e+01,-5.191153e+00,8.743465e-01,2.275917e-01,5.496179e-01,5.762351e-01,1.317676,114.3632
0.0524333,2.515000e+01,-5.191128e+00,8.743465e-01,2.274793e-01,5.492756e-01,5.763090e-01,1.318513,114.6647
0.0524667,2.515000e+01,-5.191136e+00,8.743465e-01,2.277718e-01,5.482984e-01,5.780783e-01,1.319353,114.9670
0.0525,2.515000e+01,-5.191167e+00,8.743465e-01,2.280677e-01,5.480452e-01,5.790969e-01,1.320190,115.2685
0.0525333,2.515000e+01,-5.191178e+00,8.743465e-01,2.278500e-01,5.488750e-01,5.776694e-01,1.321028,115.5699
0.0525667,2.515000e+01,-5.191124e+00,8.743465e-01,2.269632e-01,5.504313e-01,5.737939e-01,1.321868,115.8723
0.0526,2.515000e+01,-5.191081e+00,8.743465e-01,2.269800e-01,5.502223e-01,5.740545e-01,1.322705,116.1738
0.0526333,2.515000e+01,-5.191078e+00,8.743465e-01,2.275080e-01,5.496653e-01,5.759733e-01,1.323542,116.4752
0.0526667,2.515000e+01,-5.191094e+00,8.743465e-01,2.276661e-01,5.491140e-01,5.769517e-01,1.324382,116.7776
0.0527,2.515000e+01,-5.191118e+00,8.743465e-01,2.278024e-01,5.489687e-01,5.774503e-01,1.325220,117.0790
0.0527333,2.515000e+01,-5.191117e+00,8.743465e-01,2.275200e-01,5.495110e-01,5.761650e-01,1.326057,117.3805
0.0527667,2.515000e+01,-5.191119e+00,8.743465e-01,2.277833e-01,5.498659e-01,5.764592e-01,1.326897,117.6829
0.0528,2.515000e+01,-5.191118e+00,8.743465e-01,2.278158e-01,5.502144e-01,5.761770e-01,1.327734,117.9843
0.0528333,2.515000e+01,-5.191130e+00,8.743465e-01,2.277978e-01,5.492746e-01,5.771168e-01,1.328572,118.2858
0.0528667,2.515000e+01,-5.191133e+00,8.743465e-01,2.275373e-01,5.488913e-01,5.768600e-01,1.329411,118.5881
0.0529,2.515000e+01,-5.191107e+00,8.743465e-01,2.272438e-01,5.494399e-01,5.755402e-01,1.330249,118.8896
0.0529333,2.515000e+01,-5.191067e+00,8.743465e-01,2.272392e-01,5.502513e-01,5.746798e-01,1.331086,119.1910
0.0529667,2.515000e+01,-5.191040e+00,8.743465e-01,2.275729e-01,5.503244e-01,5.754472e-01,1.331926,119.4934
0.053,2.515000e+01,-5.191030e+00,8.743465e-01,2.278857e-01,5.502102e-01,5.763576e-01,1.332763,119.7949
0.0530333,2.515000e+01,-5.191037e+00,8.743465e-01,2.281144e-01,5.500106e-01,5.771460e-01,1.333601,120.0963
0.0530667,2.515000e+01,-5.191057e+00,8.743465e-01,2.282273e-01,5.494188e-01,5.780534e-01,1.334441,120.3987
0.0531,2.515000e+01,-5.191060e+00,8.743465e-01,2.278190e-01,5.493746e-01,5.770655e-01,1.335278,120.7001
0.0531333,2.515000e+01,-5.191047e+00,8.743465e-01,2.276238e-01,5.499917e-01,5.759243e-01,1.336116,121.0016
0.0531667,2.515000e+01,-5.191006e+00,8.743465e-01,2.273105e-01,5.509057e-01,5.741773e-01,1.336955,121.3039
0.0532,2.515000e+01,-5.190991e+00,8.743465e-01,2.276304e-01,5.502823e-01,5.756365e-01,1.337793,121.6054
0.0532333,2.515000e+01,-5.190956e+00,8.743465e-01,2.272625e-01,5.503608e-01,5.746244e-01,1.338630,121.9069
0.0532667,2.515000e+01,-5.190908e+00,8.743465e-01,2.268827e-01,5.502355e-01,5.737948e-01,1.339470,122.2092
0.0533,2.515000e+01,-5.190889e+00,8.743465e-01,2.276573e-01,5.504940e-01,5.754830e-01,1.340307,122.5107
0.0533333,2.515000e+01,-5.190888e+00,8.743465e-01,2.278240e-01,5.500991e-01,5.763180e-01,1.341145,122.8121
0.0533667,2.515000e+01,-5.190882e+00,8.743465e-01,2.275088e-01,5.497827e-01,5.758522e-01,1.341985,123.1145
0.0534,2.515000e+01,-5.190840e+00,8.743465e-01,2.269495e-01,5.504424e-01,5.737480e-01,1.342822,123.4160
0.0534333,2.515000e+01,-5.190830e+00,8.743465e-01,2.276247e-01,5.501044e-01,5.758084e-01,1.343659,123.7174
0.0534667,2.515000e+01,-5.190856e+00,8.743465e-01,2.283427e-01,5.500475e-01,5.776846e-01,1.344499,124.0198
0.0535,2.515000e+01,-5.190864e+00,8.743465e-01,2.280460e-01,5.504303e-01,5.765324e-01,1.345337,124.3212
0.0535333,2.515000e+01,-5.190833e+00,8.743465e-01,2.270730e-01,5.506151e-01,5.738802e-01,1.346174,124.6227
0.0535667,2.515000e+01,-5.190814e+00,8.743465e-01,2.273152e-01,5.504771e-01,5.746361e-01,1.347014,124.9250
0.0536,2.515000e+01,-5.190808e+00,8.743465e-01,2.273697e-01,5.497958e-01,5.754858e-01,1.347851,125.2265
0.0536333,2.515000e+01,-5.190805e+00,8.743465e-01,2.275728e-01,5.501675e-01,5.756109e-01,1.348689,125.5280
0.0536667,2.515000e+01,-5.190816e+00,8.743465e-01,2.279696e-01,5.503718e-01,5.764008e-01,1.349529,125.8303
0.0537,2.515000e+01,-5.190839e+00,8.743465e-01,2.281030e-01,5.500770e-01,5.770470e-01,1.350366,126.1318
0.0537333,2.515000e+01,-5.190826e+00,8.743465e-01,2.273084e-01,5.502913e-01,5.748129e-01,1.351203,126.4332
0.0537667,2.515000e+01,-5.190781e+00,8.743465e-01,2.264251e-01,5.503908e-01,5.724760e-01,1.352043,126.7356
0.0538,2.515000e+01,-5.190758e+00,8.743465e-01,2.267732e-01,5.500475e-01,5.737133e-01,1.352881,127.0370
0.0538333,2.515000e+01,-5.190767e+00,8.743465e-01,2.275428e-01,5.501360e-01,5.755678e-01,1.353718,127.3385
0.0538667,2.515000e+01,-5.190787e+00,8.743465e-01,2.276317e-01,5.499264e-01,5.760120e-01,1.354558,127.6409
0.0539,2.515000e+01,-5.190764e+00,8.743465e-01,2.269094e-01,5.507114e-01,5.733664e-01,1.355395,127.9423
0.0539333,2.515000e+01,-5.190743e+00,8.743465e-01,2.268649e-01,5.503023e-01,5.736796e-01,1.356233,128.2438
0.0539667,2.515000e+01,-5.190748e+00,8.743465e-01,2.272250e-01,5.497658e-01,5.751512e-01,1.357073,128.5461
0.054,2.515000e+01,-5.190775e+00,8.743465e-01,2.275328e-01,5.495684e-01,5.761375e-01,1.357910,128.8476
0.0540323,2.515000e+01,-5.190798e+00,8.743465e-01,2.274445e-01,5.501691e-01,5.752847e-01,1.358722,129.1400
0.0540645,2.515000e+01,-5.190806e+00,8.743465e-01,2.269467e-01,5.495810e-01,5.746402e-01,1.359532,129.4315
0.0540968,2.515000e+01,-5.190780e+00,8.743465e-01,2.267324e-01,5.506198e-01,5.730142e-01,1.360344,129.7239
0.054129,2.515000e+01,-5.190752e+00,8.743465e-01,2.264459e-01,5.501381e-01,5.727913e-01,1.361154,130.0154
0.0541613,2.515000e+01,-5.190735e+00,8.743465e-01,2.266882e-01,5.499501e-01,5.736002e-01,1.361966,130.3078
0.0541935,2.515000e+01,-5.190745e+00,8.743465e-01,2.270849e-01,5.492904e-01,5.752944e-01,1.362776,130.5993
0.0542258,2.515000e+01,-5.190760e+00,8.743465e-01,2.274143e-01,5.495410e-01,5.758657e-01,1.363588,130.8917
0.0542581,2.515000e+01,-5.190757e+00,8.743465e-01,2.270625e-01,5.497527e-01,5.747531e-01,1.364400,131.1841
0.0542903,2.515000e+01,-5.190739e+00,8.743465e-01,2.268251e-01,5.498174e-01,5.740851e-01,1.365210,131.4756
0.0543226,2.515000e+01,-5.190734e+00,8.743465e-01,2.270355e-01,5.495410e-01,5.749067e-01,1.366022,131.7680
0.0543548,2.515000e+01,-5.190733e+00,8.743465e-01,2.268895e-01,5.490261e-01,5.750759e-01,1.366832,132.0595
0.0543871,2.515000e+01,-5.190750e+00,8.743465e-01,2.271522e-01,5.486707e-01,5.761149e-01,1.367644,132.3519
0.0544194,2.515000e+01,-5.190708e+00,8.743465e-01,2.260492e-01,5.491614e-01,5.728051e-01,1.368456,132.6443
0.0544516,2.515000e+01,-5.190651e+00,8.743465e-01,2.258417e-01,5.493414e-01,5.720919e-01,1.369266,132.9358
0.0544839,2.515000e+01,-5.190579e+00,8.743465e-01,2.257105e-01,5.496863e-01,5.714007e-01,1.370078,133.2282
0.0545161,2.515000e+01,-5.190543e+00,8.743465e-01,2.263731e-01,5.492514e-01,5.735316e-01,1.370888,133.5197
0.0545484,2.515000e+01,-5.190540e+00,8.743465e-01,2.269577e-01,5.487597e-01,5.755284e-01,1.371700,133.8121
0.0545806,2.515000e+01,-5.190524e+00,8.743465e-01,2.267022e-01,5.487523e-01,5.748881e-01,1.372510,134.1036
0.0546129,2.515000e+01,-5.190506e+00,8.743465e-01,2.265439e-01,5.486691e-01,5.745736e-01,1.373322,134.3960
0.0546452,2.515000e+01,-5.190480e+00,8.743465e-01,2.263452e-01,5.488249e-01,5.739061e-01,1.374134,134.6884
0.0546774,2.515000e+01,-5.190457e+00,8.743465e-01,2.262616e-01,5.486207e-01,5.739081e-01,1.374944,134.9799
0.0547097,2.515000e+01,-5.190429e+00,8.743465e-01,2.262297e-01,5.487881e-01,5.736524e-01,1.375756,135.2723
0.0547419,2.515000e+01,-5.190414e+00,8.743465e-01,2.264247e-01,5.484516e-01,5.744992e-01,1.376566,135.5638
0.0547742,2.515000e+01,-5.190395e+00,8.743465e-01,2.263292e-01,5.483458e-01,5.743671e-01,1.377378,135.8562
0.0548065,2.515000e+01,-5.190352e+00,8.743465e-01,2.257622e-01,5.481610e-01,5.731218e-01,1.378191,136.1486
0.0548387,2.515000e+01,-5.190302e+00,8.743465e-01,2.255558e-01,5.481668e-01,5.725920e-01,1.379000,136.4401
0.054871,2.515000e+01,-5.190273e+00,8.743465e-01,2.262537e-01,5.482447e-01,5.742812e-01,1.379813,136.7325
0.0549032,2.515000e+01,-5.190256e+00,8.743465e-01,2.267529e-01,5.485627e-01,5.752153e-01,1.380622,137.0240
0.0549355,2.515000e+01,-5.190216e+00,8.743465e-01,2.262104e-01,5.482842e-01,5.741306e-01,1.381435,137.3164
0.0549677,2.515000e+01,-5.190168e+00,8.743465e-01,2.259620e-01,5.479615e-01,5.738373e-01,1.382244,137.6079
0.055,2.515000e+01,-5.190103e+00,8.743465e-01,2.254569e-01,5.475044e-01,5.730328e-01,1.383056,137.9003
0.0550323,2.515000e+01,-5.190048e+00,8.743465e-01,2.257170e-01,5.472465e-01,5.739644e-01,1.383869,138.1927
0.0550645,2.515000e+01,-5.189982e+00,8.743465e-01,2.258186e-01,5.477193e-01,5.737269e-01,1.384678,138.4842
0.0550968,2.515000e+01,-5.189911e+00,8.743465e-01,2.259638e-01,5.480204e-01,5.737810e-01,1.385491,138.7766
0.055129,2.515000e+01,-5.189837e+00,8.743465e-01,2.259029e-01,5.477977e-01,5.738588e-01,1.386300,139.0681
0.0551613,2.515000e+01,-5.189754e+00,8.743465e-01,2.255450e-01,5.472128e-01,5.735628e-01,1.387113,139.3605
0.0551935,2.515000e+01,-5.189664e+00,8.743465e-01,2.252981e-01,5.469353e-01,5.732251e-01,1.387922,139.6520
0.0552258,2.515000e+01,-5.189582e+00,8.743465e-01,2.258409e-01,5.471980e-01,5.743307e-01,1.388735,139.9444
0.0552581,2.515000e+01,-5.189499e+00,8.743465e-01,2.259685e-01,5.472328e-01,5.746184e-01,1.389547,140.2368
0.0552903,2.515000e+01,-5.189384e+00,8.743465e-01,2.255729e-01,5.478182e-01,5.729993e-01,1.390356,140.5283
0.0553226,2.515000e+01,-5.189255e+00,8.743465e-01,2.248987e-01,5.468869e-01,5.722595e-01,1.391169,140.8207
0.0553548,2.515000e+01,-5.189127e+00,8.743465e-01,2.247847e-01,5.464125e-01,5.724660e-01,1.391978,141.1122
0.0553871,2.515000e+01,-5.189007e+00,8.743465e-01,2.250172e-01,5.462308e-01,5.732490e-01,1.392791,141.4046
0.0554194,2.515000e+01,-5.188884e+00,8.743465e-01,2.252661e-01,5.466215e-01,5.734731e-01,1.393603,141.6970
0.0554516,2.515000e+01,-5.188764e+00,8.743465e-01,2.255931e-01,5.469753e-01,5.739341e-01,1.394413,141.9885
0.0554839,2.515000e+01,-5.188651e+00,8.743465e-01,2.259681e-01,5.469558e-01,5.749081e-01,1.395225,142.2809
0.0555161,2.515000e+01,-5.188520e+00,8.743465e-01,2.253579e-01,5.463624e-01,5.739784e-01,1.396035,142.5724
0.0555484,2.515000e+01,-5.188383e+00,8.743465e-01,2.251031e-01,5.459723e-01,5.737389e-01,1.396847,142.8648
0.0555806,2.515000e+01,-5.188242e+00,8.743465e-01,2.251996e-01,5.461771e-01,5.737697e-01,1.397657,143.1563
0.0556129,2.515000e+01,-5.188108e+00,8.743465e-01,2.253926e-01,5.460486e-01,5.743966e-01,1.398469,143.4487
0.0556452,2.515000e+01,-5.187967e+00,8.743465e-01,2.254675e-01,5.461397e-01,5.744917e-01,1.399281,143.7411
0.0556774,2.515000e+01,-5.187794e+00,8.743465e-01,2.244923e-01,5.458375e-01,5.723234e-01,1.400091,144.0326
0.0557097,2.515000e+01,-5.187634e+00,8.743465e-01,2.247488e-01,5.455590e-01,5.732698e-01,1.400903,144.3250
0.0557419,2.515000e+01,-5.187470e+00,8.743465e-01,2.247916e-01,5.457306e-01,5.731993e-01,1.401713,144.6165
0.0557742,2.515000e+01,-5.187315e+00,8.743465e-01,2.248728e-01,5.453505e-01,5.738064e-01,1.402525,144.9089
0.0558065,2.515000e+01,-5.187161e+00,8.743465e-01,2.250651e-01,5.454805e-01,5.741593e-01,1.403337,145.2014
0.0558387,2.515000e+01,-5.187002e+00,8.743465e-01,2.250423e-01,5.455964e-01,5.739799e-01,1.404147,145.4929
0.055871,2.515000e+01,-5.186837e+00,8.743465e-01,2.249537e-01,5.454426e-01,5.739153e-01,1.404959,145.7853
0.0559032,2.515000e+01,-5.186639e+00,8.743465e-01,2.242022e-01,5.452299e-01,5.722209e-01,1.405769,146.0768
0.0559355,2.515000e+01,-5.186442e+00,8.743465e-01,2.242480e-01,5.450683e-01,5.725075e-01,1.406581,146.3692
0.0559677,2.515000e+01,-5.186256e+00,8.743465e-01,2.247114e-01,5.452294e-01,5.735210e-01,1.407391,146.6607
0.056,2.515000e+01,-5.186068e+00,8.743465e-01,2.245681e-01,5.449551e-01,5.734445e-01,1.408203,146.9531
0.0560323,2.515000e+01,-5.185883e+00,8.743465e-01,2.244000e-01,5.443664e-01,5.736345e-01,1.409015,147.2455
0.0560645,2.515000e+01,-5.185699e+00,8.743465e-01,2.245612e-01,5.445944e-01,5.738066e-01,1.409825,147.5370
0.0560968,2.515000e+01,-5.185517e+00,8.743465e-01,2.247545e-01,5.448887e-01,5.739898e-01,1.410637,147.8294
0.056129,2.515000e+01,-5.185336e+00,8.743465e-01,2.249132e-01,5.450772e-01,5.741967e-01,1.411447,148.1209
0.0561613,2.515000e+01,-5.185150e+00,8.743465e-01,2.247729e-01,5.449809e-01,5.739400e-01,1.412259,148.4133
0.0561935,2.515000e+01,-5.184974e+00,8.743465e-01,2.246867e-01,5.442027e-01,5.745402e-01,1.413069,148.7048
0.0562258,2.515000e+01,-5.184797e+00,8.743465e-01,2.246976e-01,5.443491e-01,5.744135e-01,1.413881,148.9972
0.0562581,2.515000e+01,-5.184604e+00,8.743465e-01,2.240398e-01,5.439684e-01,5.731333e-01,1.414693,149.2896
0.0562903,2.515000e+01,-5.184419e+00,8.743465e-01,2.239997e-01,5.436104e-01,5.734073e-01,1.415503,149.5811
0.0563226,2.515000e+01,-5.184231e+00,8.743465e-01,2.239859e-01,5.437557e-01,5.732190e-01,1.416315,149.8735
0.0563548,2.515000e+01,-5.184048e+00,8.743465e-01,2.242407e-01,5.439463e-01,5.736698e-01,1.417125,150.1650
0.0563871,2.515000e+01,-5.183872e+00,8.743465e-01,2.244342e-01,5.441779e-01,5.739205e-01,1.417937,150.4574
0.0564194,2.515000e+01,-5.183698e+00,8.743465e-01,2.244182e-01,5.440763e-01,5.739869e-01,1.418749,150.7498
0.0564516,2.515000e+01,-5.183531e+00,8.743465e-01,2.244347e-01,5.438768e-01,5.742401e-01,1.419559,151.0413
0.0564839,2.515000e+01,-5.183356e+00,8.743465e-01,2.239862e-01,5.436067e-01,5.733771e-01,1.420371,151.3337
0.0565161,2.515000e+01,-5.183182e+00,8.743465e-01,2.236681e-01,5.430033e-01,5.731987e-01,1.421181,151.6252
0.0565484,2.515000e+01,-5.183004e+00,8.743465e-01,2.237378e-01,5.432539e-01,5.731132e-01,1.421993,151.9176
0.0565806,2.515000e+01,-5.182829e+00,8.743465e-01,2.239396e-01,5.435530e-01,5.733139e-01,1.422803,152.2091
0.0566129,2.515000e+01,-5.182657e+00,8.743465e-01,2.241775e-01,5.439510e-01,5.735034e-01,1.423615,152.5015
0.0566452,2.515000e+01,-5.182495e+00,8.743465e-01,2.243080e-01,5.439400e-01,5.738487e-01,1.424427,152.7939
0.0566774,2.515000e+01,-5.182344e+00,8.743465e-01,2.242583e-01,5.433877e-01,5.743047e-01,1.425237,153.0854
0.0567097,2.515000e+01,-5.182198e+00,8.743465e-01,2.241876e-01,5.430612e-01,5.744690e-01,1.426049,153.3778
0.0567419,2.515000e+01,-5.182051e+00,8.743465e-01,2.241184e-01,5.430123e-01,5.743432e-01,1.426859,153.6693
0.0567742,2.515000e+01,-5.181901e+00,8.743465e-01,2.241817e-01,5.432860e-01,5.742157e-01,1.427671,153.9617
0.0568065,2.515000e+01,-5.181758e+00,8.743465e-01,2.245329e-01,5.437388e-01,5.746364e-01,1.428484,154.2541
0.0568387,2.515000e+01,-5.181615e+00,8.743465e-01,2.241793e-01,5.432344e-01,5.742645e-01,1.429293,154.5456
0.056871,2.515000e+01,-5.181487e+00,8.743465e-01,2.238003e-01,5.417381e-01,5.748771e-01,1.430106,154.8380
0.0569032,2.515000e+01,-5.181351e+00,8.743465e-01,2.235780e-01,5.418771e-01,5.741585e-01,1.430915,155.1295
0.0569355,2.515000e+01,-5.181205e+00,8.743465e-01,2.235546e-01,5.424842e-01,5.734560e-01,1.431727,155.4219
0.0569677,2.515000e+01,-5.181063e+00,8.743465e-01,2.239311e-01,5.432034e-01,5.736617e-01,1.432537,155.7134
0.057,2.515000e+01,-5.180929e+00,8.743465e-01,2.240152e-01,5.431323e-01,5.739520e-01,1.433349,156.0058
0.0570323,2.515000e+01,-5.180814e+00,8.743465e-01,2.242436e-01,5.427506e-01,5.749413e-01,1.434162,156.2982
0.0570645,2.515000e+01,-5.180707e+00,8.743465e-01,2.242398e-01,5.424568e-01,5.752428e-01,1.434971,156.5897
0.0570968,2.515000e+01,-5.180590e+00,8.743465e-01,2.237381e-01,5.421635e-01,5.742664e-01,1.435784,156.8821
0.057129,2.515000e+01,-5.180475e+00,8.743465e-01,2.237669e-01,5.423236e-01,5.741709e-01,1.436593,157.1736
0.0571613,2.515000e+01,-5.180355e+00,8.743465e-01,2.236693e-01,5.425531e-01,5.736772e-01,1.437406,157.4660
0.0571935,2.515000e+01,-5.180251e+00,8.743465e-01,2.238619e-01,5.423510e-01,5.743857e-01,1.438215,157.7575
0.0572258,2.515000e+01,-5.180146e+00,8.743465e-01,2.236148e-01,5.420582e-01,5.740612e-01,1.439027,158.0499
0.0572581,2.515000e+01,-5.180039e+00,8.743465e-01,2.234412e-01,5.419129e-01,5.737695e-01,1.439840,158.3423
0.0572903,2.515000e+01,-5.179937e+00,8.743465e-01,2.236163e-01,5.421488e-01,5.739692e-01,1.440649,158.6338
0.0573226,2.515000e+01,-5.179835e+00,8.743465e-01,2.239398e-01,5.429017e-01,5.740027e-01,1.441462,158.9262
0.0573548,2.515000e+01,-5.179748e+00,8.743465e-01,2.240718e-01,5.425468e-01,5.747164e-01,1.442271,159.2177
0.0573871,2.515000e+01,-5.179671e+00,8.743465e-01,2.241430e-01,5.423615e-01,5.750958e-01,1.443084,159.5101
0.0574194,2.515000e+01,-5.179600e+00,8.743465e-01,2.241675e-01,5.422846e-01,5.752394e-01,1.443896,159.8025
0.0574516,2.515000e+01,-5.179536e+00,8.743465e-01,2.239158e-01,5.416970e-01,5.752173e-01,1.444706,160.0940
0.0574839,2.515000e+01,-5.179487e+00,8.743465e-01,2.238419e-01,5.412084e-01,5.755469e-01,1.445518,160.3864
0.0575161,2.515000e+01,-5.179427e+00,8.743465e-01,2.235446e-01,5.413685e-01,5.746122e-01,1.446328,160.6779
0.0575484,2.515000e+01,-5.179370e+00,8.743465e-01,2.237924e-01,5.416797e-01,5.749184e-01,1.447140,160.9703
0.0575806,2.515000e+01,-5.179304e+00,8.743465e-01,2.238697e-01,5.422504e-01,5.745121e-01,1.447949,161.2618
0.0576129,2.515000e+01,-5.179239e+00,8.743465e-01,2.239613e-01,5.423799e-01,5.746097e-01,1.448762,161.5542
0.0576452,2.515000e+01,-5.179165e+00,8.743465e-01,2.238794e-01,5.427485e-01,5.740095e-01,1.449574,161.8466
0.0576774,2.515000e+01,-5.179114e+00,8.743465e-01,2.240103e-01,5.418208e-01,5.753286e-01,1.450384,162.1381
0.0577097,2.515000e+01,-5.179074e+00,8.743465e-01,2.242018e-01,5.416012e-01,5.760537e-01,1.451196,162.4305
0.0577419,2.515000e+01,-5.179030e+00,8.743465e-01,2.240872e-01,5.416270e-01,5.757323e-01,1.452006,162.7220
0.0577742,2.515000e+01,-5.178962e+00,8.743465e-01,2.236425e-01,5.418618e-01,5.743406e-01,1.452818,163.0144
0.0578065,2.515000e+01,-5.178888e+00,8.743465e-01,2.235696e-01,5.421398e-01,5.738589e-01,1.453630,163.3068
0.0578387,2.515000e+01,-5.178822e+00,8.743465e-01,2.236140e-01,5.420677e-01,5.740490e-01,1.454440,163.5983
0.057871,2.515000e+01,-5.178769e+00,8.743465e-01,2.238402e-01,5.417671e-01,5.749491e-01,1.455252,163.8907
0.0579032,2.515000e+01,-5.178710e+00,8.743465e-01,2.240073e-01,5.422725e-01,5.748414e-01,1.456062,164.1822
0.0579355,2.515000e+01,-5.178647e+00,8.743465e-01,2.239536e-01,5.424368e-01,5.745298e-01,1.456874,164.4746
0.0579677,2.515000e+01,-5.178582e+00,8.743465e-01,2.240247e-01,5.426579e-01,5.744780e-01,1.457684,164.7661
0.058,2.515000e+01,-5.178520e+00,8.743465e-01,2.240929e-01,5.426469e-01,5.746645e-01,1.458496,165.0585
0.0580323,2.515000e+01,-5.178477e+00,8.743465e-01,2.241256e-01,5.414980e-01,5.759680e-01,1.459308,165.3509
0.0580645,2.515000e+01,-5.178441e+00,8.743465e-01,2.240214e-01,5.409115e-01,5.763244e-01,1.460118,165.6424
0.0580968,2.515000e+01,-5.178404e+00,8.743465e-01,2.241474e-01,5.411689e-01,5.763737e-01,1.460930,165.9348
0.058129,2.515000e+01,-5.178336e+00,8.743465e-01,2.239186e-01,5.421762e-01,5.747160e-01,1.461740,166.2263
0.0581613,2.515000e+01,-5.178264e+00,8.743465e-01,2.238607e-01,5.423246e-01,5.744103e-01,1.462552,166.5187
0.0581935,2.515000e+01,-5.178191e+00,8.743465e-01,2.240609e-01,5.425484e-01,5.746874e-01,1.463362,166.8102
0.0582258,2.515000e+01,-5.178130e+00,8.743465e-01,2.243340e-01,5.423431e-01,5.756055e-01,1.464174,167.1026
0.0582581,2.515000e+01,-5.178065e+00,8.743465e-01,2.242091e-01,5.421614e-01,5.754777e-01,1.464986,167.3950
0.0582903,2.515000e+01,-5.177995e+00,8.743465e-01,2.241525e-01,5.420114e-01,5.754914e-01,1.465796,167.6865
0.0583226,2.515000e+01,-5.177918e+00,8.743465e-01,2.243928e-01,5.425458e-01,5.755411e-01,1.466608,167.9789
0.0583548,2.515000e+01,-5.177845e+00,8.743465e-01,2.245518e-01,5.422888e-01,5.762215e-01,1.467418,168.2704
0.0583871,2.515000e+01,-5.177778e+00,8.743465e-01,2.243812e-01,5.415649e-01,5.765537e-01,1.468230,168.5628
0.0584194,2.515000e+01,-5.177693e+00,8.743465e-01,2.239999e-01,5.414964e-01,5.756466e-01,1.469042,168.8552
0.0584516,2.515000e+01,-5.177599e+00,8.743465e-01,2.241329e-01,5.420572e-01,5.753925e-01,1.469852,169.1467
0.0584839,2.515000e+01,-5.177473e+00,8.743465e-01,2.239639e-01,5.431923e-01,5.737573e-01,1.470664,169.4391
0.0585161,2.515000e+01,-5.177344e+00,8.743465e-01,2.238983e-01,5.431070e-01,5.736793e-01,1.471474,169.7306
0.0585484,2.515000e+01,-5.177237e+00,8.743465e-01,2.243217e-01,5.427369e-01,5.751559e-01,1.472286,170.0230
0.0585806,2.515000e+01,-5.177138e+00,8.743465e-01,2.246216e-01,5.427758e-01,5.758838e-01,1.473096,170.3145
0.0586129,2.515000e+01,-5.177041e+00,8.743465e-01,2.248392e-01,5.428301e-01,5.763838e-01,1.473908,170.6069
0.0586452,2.515000e+01,-5.176940e+00,8.743465e-01,2.245634e-01,5.424736e-01,5.760549e-01,1.474720,170.8993
0.0586774,2.515000e+01,-5.176843e+00,8.743465e-01,2.247303e-01,5.425010e-01,5.764545e-01,1.475530,171.1908
0.0587097,2.515000e+01,-5.176747e+00,8.743465e-01,2.248453e-01,5.425731e-01,5.766730e-01,1.476342,171.4832
0.0587419,2.515000e+01,-5.176647e+00,8.743465e-01,2.245672e-01,5.422683e-01,5.762835e-01,1.477152,171.7747
0.0587742,2.515000e+01,-5.176537e+00,8.743465e-01,2.244375e-01,5.426390e-01,5.755564e-01,1.477964,172.0671
0.0588065,2.515000e+01,-5.176409e+00,8.743465e-01,2.243776e-01,5.434730e-01,5.745203e-01,1.478777,172.3596
0.0588387,2.515000e+01,-5.176281e+00,8.743465e-01,2.245610e-01,5.437536e-01,5.746931e-01,1.479586,172.6511
0.058871,2.515000e+01,-5.176184e+00,8.743465e-01,2.250634e-01,5.431707e-01,5.765967e-01,1.480398,172.9435
0.0589032,2.515000e+01,-5.176094e+00,8.743465e-01,2.252349e-01,5.432292e-01,5.769740e-01,1.481208,173.2350
0.0589355,2.515000e+01,-5.175978e+00,8.743465e-01,2.248398e-01,5.438520e-01,5.753021e-01,1.482020,173.5274
0.0589677,2.515000e+01,-5.175849e+00,8.743465e-01,2.246354e-01,5.438568e-01,5.747740e-01,1.482830,173.8189
0.059,2.515000e+01,-5.175751e+00,8.743465e-01,2.249544e-01,5.426100e-01,5.769135e-01,1.483642,174.1113
0.0590333,2.515000e+01,-5.175658e+00,8.743465e-01,2.252900e-01,5.422493e-01,5.781582e-01,1.484480,174.4127
0.0590667,2.515000e+01,-5.175548e+00,8.743465e-01,2.255030e-01,5.435730e-01,5.772956e-01,1.485320,174.7151
0.0591,2.515000e+01,-5.175424e+00,8.743465e-01,2.249806e-01,5.432550e-01,5.762957e-01,1.486157,175.0165
0.0591333,2.515000e+01,-5.175294e+00,8.743465e-01,2.247943e-01,5.433519e-01,5.757156e-01,1.486994,175.3180
0.0591667,2.515000e+01,-5.175137e+00,8.743465e-01,2.244742e-01,5.439358e-01,5.742787e-01,1.487834,175.6203
0.0592,2.515000e+01,-5.174972e+00,8.743465e-01,2.249523e-01,5.449161e-01,5.744659e-01,1.488672,175.9218
0.0592333,2.515000e+01,-5.174870e+00,8.743465e-01,2.258882e-01,5.436751e-01,5.781730e-01,1.489509,176.2233
0.0592667,2.515000e+01,-5.174769e+00,8.743465e-01,2.260234e-01,5.437746e-01,5.784135e-01,1.490349,176.5256
0.0593,2.515000e+01,-5.174625e+00,8.743465e-01,2.252762e-01,5.444249e-01,5.758125e-01,1.491186,176.8271
0.0593333,2.515000e+01,-5.174457e+00,8.743465e-01,2.244659e-01,5.438441e-01,5.743541e-01,1.492024,177.1285
0.0593667,2.515000e+01,-5.174312e+00,8.743465e-01,2.248522e-01,5.433503e-01,5.758655e-01,1.492864,177.4309
0.0594,2.515000e+01,-5.174200e+00,8.743465e-01,2.257280e-01,5.434166e-01,5.780379e-01,1.493701,177.7323
0.0594333,2.515000e+01,-5.174074e+00,8.743465e-01,2.258317e-01,5.443612e-01,5.772999e-01,1.494538,178.0338
0.0594667,2.515000e+01,-5.173921e+00,8.743465e-01,2.254644e-01,5.452136e-01,5.754603e-01,1.495378,178.3362
0.0595,2.515000e+01,-5.173763e+00,8.743465e-01,2.253857e-01,5.452942e-01,5.751742e-01,1.496216,178.6376
0.0595333,2.515000e+01,-5.173610e+00,8.743465e-01,2.254302e-01,5.452999e-01,5.752810e-01,1.497053,178.9391
0.0595667,2.515000e+01,-5.173497e+00,8.743465e-01,2.257015e-01,5.439868e-01,5.773639e-01,1.497893,179.2414
0.0596,2.515000e+01,-5.173428e+00,8.743465e-01,2.263376e-01,5.429801e-01,5.800649e-01,1.498730,179.5429
0.0596333,2.515000e+01,-5.173344e+00,8.743465e-01,2.263912e-01,5.437383e-01,5.793930e-01,1.499568,179.8444
0.0596667,2.515000e+01,-5.173192e+00,8.743465e-01,2.255263e-01,5.453852e-01,5.754363e-01,1.500408,180.1467
0.0597,2.515000e+01,-5.173008e+00,8.743465e-01,2.244377e-01,5.448571e-01,5.732141e-01,1.501245,180.4482
0.0597333,2.515000e+01,-5.172840e+00,8.743465e-01,2.246575e-01,5.444354e-01,5.742198e-01,1.502082,180.7496
0.0597667,2.515000e+01,-5.172720e+00,8.743465e-01,2.258805e-01,5.445586e-01,5.772152e-01,1.502922,181.0520
0.0598,2.515000e+01,-5.172596e+00,8.743465e-01,2.263225e-01,5.453705e-01,5.774841e-01,1.503760,181.3534
0.0598333,2.515000e+01,-5.172458e+00,8.743465e-01,2.260081e-01,5.454384e-01,5.766095e-01,1.504597,181.6549
0.0598667,2.515000e+01,-5.172298e+00,8.743465e-01,2.255682e-01,5.456190e-01,5.752972e-01,1.505437,181.9573
0.0599,2.515000e+01,-5.172151e+00,8.743465e-01,2.256227e-01,5.453189e-01,5.757522e-01,1.506274,182.2587
0.0599333,2.515000e+01,-5.172042e+00,8.743465e-01,2.259881e-01,5.442775e-01,5.777885e-01,1.507112,182.5602
0.0599667,2.515000e+01,-5.171949e+00,8.743465e-01,2.263554e-01,5.442448e-01,5.787627e-01,1.507951,182.8625
0.06,2.515000e+01,-5.171836e+00,8.743465e-01,2.262620e-01,5.448566e-01,5.778736e-01,1.508789,183.1640
0.0600333,2.515000e+01,-5.171676e+00,8.743465e-01,2.257937e-01,5.460564e-01,5.754109e-01,1.509626,183.4654
0.0600667,2.515000e+01,-5.171511e+00,8.743465e-01,2.255884e-01,5.459860e-01,5.749617e-01,1.510466,183.7678
0.0601,2.515000e+01,-5.171341e+00,8.743465e-01,2.256057e-01,5.461564e-01,5.748265e-01,1.511304,184.0693
0.0601333,2.515000e+01,-5.171170e+00,8.743465e-01,2.258402e-01,5.466071e-01,5.749494e-01,1.512141,184.3707
0.0601667,2.515000e+01,-5.171051e+00,8.743465e-01,2.264728e-01,5.450821e-01,5.781731e-01,1.512981,184.6731
0.0602,2.515000e+01,-5.170946e+00,8.743465e-01,2.267298e-01,5.446696e-01,5.792676e-01,1.513818,184.9745
0.0602333,2.515000e+01,-5.170825e+00,8.743465e-01,2.266060e-01,5.451042e-01,5.784896e-01,1.514656,185.2760
0.0602667,2.515000e+01,-5.170651e+00,8.743465e-01,2.259448e-01,5.464627e-01,5.753677e-01,1.515495,185.5784
0.0603,2.515000e+01,-5.170496e+00,8.743465e-01,2.260361e-01,5.458268e-01,5.762709e-01,1.516333,185.8798
0.0603333,2.515000e+01,-5.170346e+00,8.743465e-01,2.260673e-01,5.455293e-01,5.766648e-01,1.517170,186.1813
0.0603667,2.515000e+01,-5.170177e+00,8.743465e-01,2.259297e-01,5.459377e-01,5.758827e-01,1.518010,186.4836
0.0604,2.515000e+01,-5.170006e+00,8.743465e-01,2.261260e-01,5.463189e-01,5.759806e-01,1.518847,186.7851
0.0604333,2.515000e+01,-5.169855e+00,8.743465e-01,2.264395e-01,5.461045e-01,5.770058e-01,1.519685,187.0865
0.0604667,2.515000e+01,-5.169690e+00,8.743465e-01,2.263629e-01,5.464932e-01,5.764003e-01,1.520525,187.3889
0.0605,2.515000e+01,-5.169513e+00,8.743465e-01,2.262010e-01,5.466146e-01,5.758602e-01,1.521362,187.6904
0.0605333,2.515000e+01,-5.169351e+00,8.743465e-01,2.263111e-01,5.459239e-01,5.768693e-01,1.522199,187.9918
0.0605667,2.515000e+01,-5.169191e+00,8.743465e-01,2.263532e-01,5.457783e-01,5.771305e-01,1.523039,188.2942
0.0606,2.515000e+01,-5.169026e+00,8.743465e-01,2.265501e-01,5.460721e-01,5.773219e-01,1.523877,188.5956
0.0606333,2.515000e+01,-5.168835e+00,8.743465e-01,2.262346e-01,5.465654e-01,5.759974e-01,1.524714,188.8971
0.0606667,2.515000e+01,-5.168636e+00,8.743465e-01,2.262166e-01,5.466169e-01,5.758976e-01,1.525554,189.1994
0.0607,2.515000e+01,-5.168420e+00,8.743465e-01,2.260141e-01,5.467540e-01,5.752376e-01,1.526391,189.5009
0.0607333,2.515000e+01,-5.168203e+00,8.743465e-01,2.262321e-01,5.468665e-01,5.756739e-01,1.527229,189.8024
0.0607667,2.515000e+01,-5.168022e+00,8.743465e-01,2.268710e-01,5.462562e-01,5.779448e-01,1.528069,190.1047
0.0608,2.515000e+01,-5.167839e+00,8.743465e-01,2.270547e-01,5.465804e-01,5.780698e-01,1.528906,190.4062
0.0608333,2.515000e+01,-5.167640e+00,8.743465e-01,2.268931e-01,5.470339e-01,5.771792e-01,1.529743,190.7076
0.0608667,2.515000e+01,-5.167422e+00,8.743465e-01,2.262795e-01,5.467820e-01,5.758837e-01,1.530583,191.0100
0.0609,2.515000e+01,-5.167207e+00,8.743465e-01,2.261706e-01,5.462672e-01,5.761488e-01,1.531421,191.3114
0.0609333,2.515000e+01,-5.166997e+00,8.743465e-01,2.263679e-01,5.463079e-01,5.766085e-01,1.532258,191.6129
0.0609667,2.515000e+01,-5.166782e+00,8.743465e-01,2.267431e-01,5.471376e-01,5.766884e-01,1.533098,191.9153
0.061,2.515000e+01,-5.166565e+00,8.743465e-01,2.268202e-01,5.473088e-01,5.767039e-01,1.533935,192.2167
0.0610333,2.515000e+01,-5.166341e+00,8.743465e-01,2.266118e-01,5.470139e-01,5.764847e-01,1.534773,192.5182
0.0610667,2.515000e+01,-5.166112e+00,8.743465e-01,2.265785e-01,5.471429e-01,5.762640e-01,1.535613,192.8205
0.0611,2.515000e+01,-5.165879e+00,8.743465e-01,2.266435e-01,5.473705e-01,5.761898e-01,1.536450,193.1220
0.0611333,2.515000e+01,-5.165652e+00,8.743465e-01,2.268031e-01,5.473205e-01,5.766481e-01,1.537287,193.4235
0.0611667,2.515000e+01,-5.165412e+00,8.743465e-01,2.266074e-01,5.475126e-01,5.759485e-01,1.538127,193.7258
0.0612,2.515000e+01,-5.165172e+00,8.743465e-01,2.265650e-01,5.473328e-01,5.760299e-01,1.538965,194.0273
0.0612333,2.515000e+01,-5.164945e+00,8.743465e-01,2.264791e-01,5.466652e-01,5.765148e-01,1.539802,194.3287
0.0612667,2.515000e+01,-5.164731e+00,8.743465e-01,2.265749e-01,5.462281e-01,5.772202e-01,1.540642,194.6311
0.0613,2.515000e+01,-5.164495e+00,8.743465e-01,2.265345e-01,5.471144e-01,5.761824e-01,1.541479,194.9325
0.0613333,2.515000e+01,-5.164245e+00,8.743465e-01,2.266252e-01,5.478030e-01,5.756884e-01,1.542317,195.2340
0.0613667,2.515000e+01,-5.163988e+00,8.743465e-01,2.265249e-01,5.479273e-01,5.753029e-01,1.543157,195.5364
0.0614,2.515000e+01,-5.163737e+00,8.743465e-01,2.264732e-01,5.475895e-01,5.755265e-01,1.543994,195.8378
0.0614333,2.515000e+01,-5.163503e+00,8.743465e-01,2.267399e-01,5.473699e-01,5.764354e-01,1.544831,196.1393
0.0614667,2.515000e+01,-5.163296e+00,8.743465e-01,2.269848e-01,5.465936e-01,5.778778e-01,1.545671,196.4416
0.0615,2.515000e+01,-5.163088e+00,8.743465e-01,2.270628e-01,5.468174e-01,5.778396e-01,1.546509,196.7431
0.0615333,2.515000e+01,-5.162859e+00,8.743465e-01,2.268523e-01,5.476127e-01,5.764657e-01,1.547346,197.0445
0.0615667,2.515000e+01,-5.162625e+00,8.743465e-01,2.266459e-01,5.476298e-01,5.759230e-01,1.548186,197.3469
0.0616,2.515000e+01,-5.162397e+00,8.743465e-01,2.267086e-01,5.476304e-01,5.760818e-01,1.549023,197.6484
0.0616333,2.515000e+01,-5.162172e+00,8.743465e-01,2.265161e-01,5.471647e-01,5.760825e-01,1.549861,197.9498
0.0616667,2.515000e+01,-5.161934e+00,8.743465e-01,2.264695e-01,5.478037e-01,5.752922e-01,1.550701,198.2522
0.0617,2.515000e+01,-5.161697e+00,8.743465e-01,2.265930e-01,5.479691e-01,5.754321e-01,1.551538,198.5536
0.0617333,2.515000e+01,-5.161463e+00,8.743465e-01,2.265893e-01,5.480197e-01,5.753696e-01,1.552375,198.8551
0.0617667,2.515000e+01,-5.161240e+00,8.743465e-01,2.266467e-01,5.477790e-01,5.757684e-01,1.553215,199.1575
0.0618,2.515000e+01,-5.161031e+00,8.743465e-01,2.265904e-01,5.469808e-01,5.764652e-01,1.554053,199.4589
0.0618333,2.515000e+01,-5.160823e+00,8.743465e-01,2.265092e-01,5.467247e-01,5.765286e-01,1.554890,199.7604
0.0618667,2.515000e+01,-5.160619e+00,8.743465e-01,2.266390e-01,5.470828e-01,5.764812e-01,1.555730,200.0627
0.0619,2.515000e+01,-5.160395e+00,8.743465e-01,2.264281e-01,5.479709e-01,5.750114e-01,1.556567,200.3642
0.0619333,2.515000e+01,-5.160168e+00,8.743465e-01,2.265222e-01,5.484907e-01,5.747054e-01,1.557405,200.6656
0.0619667,2.515000e+01,-5.159947e+00,8.743465e-01,2.263856e-01,5.484165e-01,5.744365e-01,1.558244,200.9680
0.062,2.515000e+01,-5.159729e+00,8.743465e-01,2.262634e-01,5.482322e-01,5.743193e-01,1.559082,201.2695
0.0620333,2.515000e+01,-5.159549e+00,8.743465e-01,2.266737e-01,5.475426e-01,5.760855e-01,1.559919,201.5709
0.0620667,2.515000e+01,-5.159404e+00,8.743465e-01,2.271536e-01,5.468618e-01,5.780238e-01,1.560759,201.8733
0.0621,2.515000e+01,-5.159260e+00,8.743465e-01,2.271639e-01,5.471361e-01,5.777601e-01,1.561596,202.1747
0.0621333,2.515000e+01,-5.159082e+00,8.743465e-01,2.266590e-01,5.482985e-01,5.752541e-01,1.562434,202.4762
0.0621667,2.515000e+01,-5.158888e+00,8.743465e-01,2.263102e-01,5.485929e-01,5.740604e-01,1.563274,202.7785
0.0622,2.515000e+01,-5.158718e+00,8.743465e-01,2.265346e-01,5.482350e-01,5.750049e-01,1.564111,203.0800
0.0622333,2.515000e+01,-5.158566e+00,8.743465e-01,2.266223e-01,5.478278e-01,5.756550e-01,1.564948,203.3815
0.0622667,2.515000e+01,-5.158415e+00,8.743465e-01,2.267562e-01,5.483301e-01,5.754674e-01,1.565788,203.6838
0.0623,2.515000e+01,-5.158267e+00,8.743465e-01,2.268629e-01,5.486741e-01,5.753772e-01,1.566626,203.9853
0.0623333,2.515000e+01,-5.158111e+00,8.743465e-01,2.265719e-01,5.485933e-01,5.747237e-01,1.567463,204.2867
0.0623667,2.515000e+01,-5.157959e+00,8.743465e-01,2.264845e-01,5.485021e-01,5.745978e-01,1.568303,204.5891
0.0624,2.515000e+01,-5.157836e+00,8.743465e-01,2.265527e-01,5.475035e-01,5.758190e-01,1.569140,204.8905
0.0624333,2.515000e+01,-5.157746e+00,8.743465e-01,2.270435e-01,5.471469e-01,5.774427e-01,1.569978,205.1920
0.0624667,2.515000e+01,-5.157655e+00,8.743465e-01,2.269778e-01,5.474159e-01,5.769917e-01,1.570818,205.4944
0.0625,2.515000e+01,-5.157497e+00,8.743465e-01,2.260670e-01,5.492553e-01,5.727520e-01,1.571655,205.7958
0.0625333,2.515000e+01,-5.157331e+00,8.743465e-01,2.258844e-01,5.495109e-01,5.720231e-01,1.572492,206.0973
0.0625667,2.515000e+01,-5.157203e+00,8.743465e-01,2.263616e-01,5.488592e-01,5.739124e-01,1.573332,206.3996
0.0626,2.515000e+01,-5.157102e+00,8.743465e-01,2.265271e-01,5.481977e-01,5.750249e-01,1.574170,206.7011
0.0626333,2.515000e+01,-5.157021e+00,8.743465e-01,2.268334e-01,5.480229e-01,5.759861e-01,1.575007,207.0026
0.0626667,2.515000e+01,-5.156921e+00,8.743465e-01,2.266321e-01,5.484671e-01,5.750088e-01,1.575847,207.3049
0.0627,2.515000e+01,-5.156823e+00,8.743465e-01,2.267311e-01,5.487393e-01,5.749747e-01,1.576684,207.6064
0.0627333,2.515000e+01,-5.156716e+00,8.743465e-01,2.267785e-01,5.494390e-01,5.743626e-01,1.577522,207.9078
0.0627667,2.515000e+01,-5.156625e+00,8.743465e-01,2.267957e-01,5.484769e-01,5.754136e-01,1.578362,208.2102
0.0628,2.515000e+01,-5.156533e+00,8.743465e-01,2.265915e-01,5.480303e-01,5.753641e-01,1.579199,208.5116
0.0628333,2.515000e+01,-5.156423e+00,8.743465e-01,2.263499e-01,5.481812e-01,5.745925e-01,1.580036,208.8131
0.0628667,2.515000e+01,-5.156287e+00,8.743465e-01,2.262099e-01,5.492406e-01,5.731294e-01,1.580876,209.1155
0.0629,2.515000e+01,-5.156160e+00,8.743465e-01,2.264765e-01,5.494923e-01,5.735420e-01,1.581714,209.4169
0.0629333,2.515000e+01,-5.156053e+00,8.743465e-01,2.267841e-01,5.492251e-01,5.746005e-01,1.582551,209.7184
0.0629667,2.515000e+01,-5.155955e+00,8.743465e-01,2.270400e-01,5.492279e-01,5.752460e-01,1.583391,210.0207
0.063,2.515000e+01,-5.155881e+00,8.743465e-01,2.273703e-01,5.485622e-01,5.767817e-01,1.584228,210.3222
0.0630333,2.515000e+01,-5.155794e+00,8.743465e-01,2.269354e-01,5.484616e-01,5.757841e-01,1.585066,210.6236
0.0630667,2.515000e+01,-5.155698e+00,8.743465e-01,2.267573e-01,5.487475e-01,5.750326e-01,1.585906,210.9260
0.0631,2.515000e+01,-5.155564e+00,8.743465e-01,2.262542e-01,5.498923e-01,5.725623e-01,1.586743,211.2275
0.0631333,2.515000e+01,-5.155450e+00,8.743465e-01,2.265433e-01,5.495380e-01,5.736635e-01,1.587580,211.5289
0.0631667,2.515000e+01,-5.155335e+00,8.743465e-01,2.264708e-01,5.494516e-01,5.735701e-01,1.588420,211.8313
0.0632,2.515000e+01,-5.155210e+00,8.743465e-01,2.260799e-01,5.491817e-01,5.728614e-01,1.589258,212.1327
0.0632333,2.515000e+01,-5.155093e+00,8.743465e-01,2.264308e-01,5.496397e-01,5.732726e-01,1.590095,212.4342
0.0632667,2.515000e+01,-5.155002e+00,8.743465e-01,2.268201e-01,5.493856e-01,5.745236e-01,1.590935,212.7366
0.0633,2.515000e+01,-5.154923e+00,8.743465e-01,2.267686e-01,5.488443e-01,5.749598e-01,1.591772,213.0380
0.0633333,2.515000e+01,-5.154799e+00,8.743465e-01,2.259196e-01,5.493760e-01,5.722528e-01,1.592610,213.3395
0.0633667,2.515000e+01,-5.154695e+00,8.743465e-01,2.264695e-01,5.493721e-01,5.736498e-01,1.593450,213.6418
0.0634,2.515000e+01,-5.154633e+00,8.743465e-01,2.273306e-01,5.491858e-01,5.760263e-01,1.594287,213.9433
0.0634333,2.515000e+01,-5.154569e+00,8.743465e-01,2.272787e-01,5.492719e-01,5.758045e-01,1.595124,214.2447
0.0634667,2.515000e+01,-5.154457e+00,8.743465e-01,2.262747e-01,5.498253e-01,5.726839e-01,1.595964,214.5471
0.0635,2.515000e+01,-5.154353e+00,8.743465e-01,2.263837e-01,5.497349e-01,5.730541e-01,1.596802,214.8486
0.0635333,2.515000e+01,-5.154263e+00,8.743465e-01,2.263734e-01,5.489896e-01,5.738058e-01,1.597639,215.1500
0.0635667,2.515000e+01,-5.154182e+00,8.743465e-01,2.266112e-01,5.490551e-01,5.743401e-01,1.598479,215.4524
0.0636,2.515000e+01,-5.154105e+00,8.743465e-01,2.269016e-01,5.495574e-01,5.745506e-01,1.599316,215.7538
0.0636333,2.515000e+01,-5.154046e+00,8.743465e-01,2.271684e-01,5.493404e-01,5.754533e-01,1.600154,216.0553
0.0636667,2.515000e+01,-5.153977e+00,8.743465e-01,2.268433e-01,5.493325e-01,5.746381e-01,1.600993,216.3576
0.0637,2.515000e+01,-5.153853e+00,8.743465e-01,2.255180e-01,5.495260e-01,5.710797e-01,1.601831,216.6591
0.0637333,2.515000e+01,-5.153741e+00,8.743465e-01,2.256837e-01,5.492636e-01,5.717722e-01,1.602668,216.9606
0.0637667,2.515000e+01,-5.153661e+00,8.743465e-01,2.264770e-01,5.492716e-01,5.737737e-01,1.603508,217.2629
0.0638,2.515000e+01,-5.153602e+00,8.743465e-01,2.267365e-01,5.488690e-01,5.748526e-01,1.604345,217.5644
0.0638333,2.515000e+01,-5.153506e+00,8.743465e-01,2.262232e-01,5.498861e-01,5.724903e-01,1.605183,217.8658
0.0638667,2.515000e+01,-5.153406e+00,8.743465e-01,2.259488e-01,5.496883e-01,5.720016e-01,1.606023,218.1682
0.0639,2.515000e+01,-5.153328e+00,8.743465e-01,2.262032e-01,5.489146e-01,5.734528e-01,1.606860,218.4696
0.0639333,2.515000e+01,-5.153270e+00,8.743465e-01,2.265733e-01,5.488157e-01,5.744947e-01,1.607698,218.7711
0.0639667,2.515000e+01,-5.153220e+00,8.743465e-01,2.266467e-01,5.486500e-01,5.748541e-01,1.608537,219.0735
0.064,2.515000e+01,-5.153154e+00,8.743465e-01,2.262703e-01,5.486719e-01,5.738766e-01,1.609375,219.3749
0.0640323,2.515000e+01,-5.153072e+00,8.743465e-01,2.262124e-01,5.500548e-01,5.722874e-01,1.610187,219.6673
0.0640645,2.515000e+01,-5.152966e+00,8.743465e-01,2.253700e-01,5.495002e-01,5.707317e-01,1.610997,219.9588
0.0640968,2.515000e+01,-5.152873e+00,8.743465e-01,2.256811e-01,5.491861e-01,5.718463e-01,1.611809,220.2512
0.064129,2.515000e+01,-5.152810e+00,8.743465e-01,2.261328e-01,5.485294e-01,5.736770e-01,1.612619,220.5427
0.0641613,2.515000e+01,-5.152756e+00,8.743465e-01,2.264984e-01,5.486148e-01,5.745148e-01,1.613431,220.8351
0.0641935,2.515000e+01,-5.152685e+00,8.743465e-01,2.263030e-01,5.489502e-01,5.736686e-01,1.614241,221.1266
0.0642258,2.515000e+01,-5.152597e+00,8.743465e-01,2.259184e-01,5.490780e-01,5.725603e-01,1.615053,221.4190
0.0642581,2.515000e+01,-5.152525e+00,8.743465e-01,2.261933e-01,5.486975e-01,5.736545e-01,1.615865,221.7114
0.0642903,2.515000e+01,-5.152455e+00,8.743465e-01,2.260272e-01,5.483191e-01,5.736289e-01,1.616675,222.0029
0.0643226,2.515000e+01,-5.152399e+00,8.743465e-01,2.262034e-01,5.478735e-01,5.745430e-01,1.617487,222.2953
0.0643548,2.515000e+01,-5.152303e+00,8.743465e-01,2.254360e-01,5.482979e-01,5.721507e-01,1.618297,222.5868
0.0643871,2.515000e+01,-5.152183e+00,8.743465e-01,2.249780e-01,5.484973e-01,5.707807e-01,1.619109,222.8792
0.0644194,2.515000e+01,-5.152047e+00,8.743465e-01,2.248157e-01,5.488550e-01,5.699973e-01,1.619921,223.1716
0.0644516,2.515000e+01,-5.151949e+00,8.743465e-01,2.255176e-01,5.485419e-01,5.721031e-01,1.620731,223.4631
0.0644839,2.515000e+01,-5.151877e+00,8.743465e-01,2.259682e-01,5.480600e-01,5.737502e-01,1.621543,223.7555
0.0645161,2.515000e+01,-5.151803e+00,8.743465e-01,2.258873e-01,5.479370e-01,5.736736e-01,1.622353,224.0470
0.0645484,2.515000e+01,-5.151728e+00,8.743465e-01,2.258168e-01,5.478733e-01,5.735614e-01,1.623165,224.3394
0.0645806,2.515000e+01,-5.151641e+00,8.743465e-01,2.255163e-01,5.480347e-01,5.726293e-01,1.623975,224.6309
0.0646129,2.515000e+01,-5.151559e+00,8.743465e-01,2.255172e-01,5.477032e-01,5.729784e-01,1.624787,224.9233
0.0646452,2.515000e+01,-5.151458e+00,8.743465e-01,2.253559e-01,5.481778e-01,5.720727e-01,1.625599,225.2157
0.0646774,2.515000e+01,-5.151378e+00,8.743465e-01,2.255783e-01,5.475533e-01,5.732904e-01,1.626409,225.5072
0.0647097,2.515000e+01,-5.151298e+00,8.743465e-01,2.256499e-01,5.476722e-01,5.733478e-01,1.627221,225.7996
0.0647419,2.515000e+01,-5.151189e+00,8.743465e-01,2.249017e-01,5.474074e-01,5.717233e-01,1.628031,226.0911
0.0647742,2.515000e+01,-5.151073e+00,8.743465e-01,2.247368e-01,5.474062e-01,5.713053e-01,1.628843,226.3835
0.0648065,2.515000e+01,-5.150977e+00,8.743465e-01,2.253253e-01,5.474492e-01,5.727563e-01,1.629655,226.6760
0.0648387,2.515000e+01,-5.150895e+00,8.743465e-01,2.258647e-01,5.476993e-01,5.738651e-01,1.630465,226.9674
0.064871,2.515000e+01,-5.150798e+00,8.743465e-01,2.255657e-01,5.476278e-01,5.731805e-01,1.631277,227.2599
0.0649032,2.515000e+01,-5.150687e+00,8.743465e-01,2.251391e-01,5.472902e-01,5.724492e-01,1.632087,227.5514
0.0649355,2.515000e+01,-5.150569e+00,8.743465e-01,2.248151e-01,5.467823e-01,5.721564e-01,1.632899,227.8438
0.0649677,2.515000e+01,-5.150452e+00,8.743465e-01,2.248153e-01,5.465639e-01,5.723853e-01,1.633709,228.1353
0.065,2.515000e+01,-5.150337e+00,8.743465e-01,2.250430e-01,5.468093e-01,5.727082e-01,1.634521,228.4277
0.0650323,2.515000e+01,-5.150213e+00,8.743465e-01,2.251249e-01,5.472928e-01,5.724104e-01,1.635333,228.7201
0.0650645,2.515000e+01,-5.150089e+00,8.743465e-01,2.251260e-01,5.471219e-01,5.725920e-01,1.636143,229.0116
0.0650968,2.515000e+01,-5.149968e+00,8.743465e-01,2.249195e-01,5.465013e-01,5.727163e-01,1.636955,229.3040
0.065129,2.515000e+01,-5.149834e+00,8.743465e-01,2.244547e-01,5.462136e-01,5.718338e-01,1.637765,229.5955
0.0651613,2.515000e+01,-5.149711e+00,8.743465e-01,2.249677e-01,5.463891e-01,5.729568e-01,1.638577,229.8879
0.0651935,2.515000e+01,-5.149589e+00,8.743465e-01,2.252111e-01,5.465776e-01,5.733787e-01,1.639387,230.1794
0.0652258,2.515000e+01,-5.149449e+00,8.743465e-01,2.250491e-01,5.469215e-01,5.726061e-01,1.640199,230.4718
0.0652581,2.515000e+01,-5.149278e+00,8.743465e-01,2.241391e-01,5.463265e-01,5.709120e-01,1.641012,230.7642
0.0652903,2.515000e+01,-5.149109e+00,8.743465e-01,2.240109e-01,5.457872e-01,5.711491e-01,1.641821,231.0557
0.0653226,2.515000e+01,-5.148944e+00,8.743465e-01,2.241460e-01,5.454551e-01,5.718415e-01,1.642634,231.3481
0.0653548,2.515000e+01,-5.148781e+00,8.743465e-01,2.245198e-01,5.457586e-01,5.724766e-01,1.643443,231.6396
0.0653871,2.515000e+01,-5.148613e+00,8.743465e-01,2.247037e-01,5.461612e-01,5.725233e-01,1.644255,231.9320
0.0654194,2.515000e+01,-5.148456e+00,8.743465e-01,2.252483e-01,5.463368e-01,5.737262e-01,1.645068,232.2244
0.0654516,2.515000e+01,-5.148284e+00,8.743465e-01,2.248110e-01,5.458591e-01,5.731135e-01,1.645877,232.5159
0.0654839,2.515000e+01,-5.148100e+00,8.743465e-01,2.243004e-01,5.451916e-01,5.725121e-01,1.646690,232.8083
0.0655161,2.515000e+01,-5.147910e+00,8.743465e-01,2.244247e-01,5.454264e-01,5.725827e-01,1.647499,233.0998
0.0655484,2.515000e+01,-5.147725e+00,8.743465e-01,2.246114e-01,5.453454e-01,5.731440e-01,1.648312,233.3922
0.0655806,2.515000e+01,-5.147547e+00,8.743465e-01,2.248545e-01,5.453775e-01,5.737308e-01,1.649121,233.6837
0.0656129,2.515000e+01,-5.147328e+00,8.743465e-01,2.238504e-01,5.453093e-01,5.712401e-01,1.649934,233.9761
0.0656452,2.515000e+01,-5.147120e+00,8.743465e-01,2.239611e-01,5.448635e-01,5.719902e-01,1.650746,234.2685
0.0656774,2.515000e+01,-5.146909e+00,8.743465e-01,2.240155e-01,5.449160e-01,5.720740e-01,1.651555,234.5600
0.0657097,2.515000e+01,-5.146705e+00,8.743465e-01,2.241377e-01,5.447867e-01,5.725218e-01,1.652368,234.8524
0.0657419,2.515000e+01,-5.146508e+00,8.743465e-01,2.242929e-01,5.447400e-01,5.729674e-01,1.653177,235.1439
0.0657742,2.515000e+01,-5.146308e+00,8.743465e-01,2.243154e-01,5.449075e-01,5.728488e-01,1.653990,235.4363
0.0658065,2.515000e+01,-5.146111e+00,8.743465e-01,2.243319e-01,5.447221e-01,5.730859e-01,1.654802,235.7287
0.0658387,2.515000e+01,-5.145884e+00,8.743465e-01,2.235761e-01,5.445596e-01,5.713255e-01,1.655612,236.0202
0.065871,2.515000e+01,-5.145658e+00,8.743465e-01,2.235311e-01,5.444314e-01,5.713449e-01,1.656424,236.3126
0.0659032,2.515000e+01,-5.145443e+00,8.743465e-01,2.238837e-01,5.444665e-01,5.722094e-01,1.657234,236.6041
0.0659355,2.515000e+01,-5.145229e+00,8.743465e-01,2.238834e-01,5.444092e-01,5.722690e-01,1.658046,236.8965
0.0659677,2.515000e+01,-5.145023e+00,8.743465e-01,2.237229e-01,5.437647e-01,5.725365e-01,1.658856,237.1880
0.066,2.515000e+01,-5.144819e+00,8.743465e-01,2.238108e-01,5.437795e-01,5.727459e-01,1.659668,237.4804
0.0660323,2.515000e+01,-5.144615e+00,8.743465e-01,2.240228e-01,5.441319e-01,5.729169e-01,1.660480,237.7728
0.0660645,2.515000e+01,-5.144411e+00,8.743465e-01,2.241961e-01,5.444578e-01,5.730171e-01,1.661290,238.0643
0.0660968,2.515000e+01,-5.144202e+00,8.743465e-01,2.241130e-01,5.443646e-01,5.729028e-01,1.662102,238.3567
0.066129,2.515000e+01,-5.144001e+00,8.743465e-01,2.240213e-01,5.436816e-01,5.733878e-01,1.662912,238.6482
0.0661613,2.515000e+01,-5.143802e+00,8.743465e-01,2.240577e-01,5.436444e-01,5.735201e-01,1.663724,238.9406
0.0661935,2.515000e+01,-5.143590e+00,8.743465e-01,2.235310e-01,5.434275e-01,5.724003e-01,1.664534,239.2321
0.0662258,2.515000e+01,-5.143375e+00,8.743465e-01,2.232236e-01,5.430182e-01,5.720440e-01,1.665346,239.5245
0.0662581,2.515000e+01,-5.143164e+00,8.743465e-01,2.232918e-01,5.430362e-01,5.721998e-01,1.666158,239.8169
0.0662903,2.515000e+01,-5.142956e+00,8.743465e-01,2.235053e-01,5.432122e-01,5.725613e-01,1.666968,240.1084
0.0663226,2.515000e+01,-5.142753e+00,8.743465e-01,2.237718e-01,5.435119e-01,5.729281e-01,1.667780,240.4008
0.0663548,2.515000e+01,-5.142550e+00,8.743465e-01,2.237601e-01,5.435023e-01,5.729079e-01,1.668590,240.6923
0.0663871,2.515000e+01,-5.142353e+00,8.743465e-01,2.237996e-01,5.433787e-01,5.731395e-01,1.669402,240.9847
0.0664194,2.515000e+01,-5.142152e+00,8.743465e-01,2.234643e-01,5.429621e-01,5.727199e-01,1.670214,241.2771
0.0664516,2.515000e+01,-5.141945e+00,8.743465e-01,2.229761e-01,5.423841e-01,5.720778e-01,1.671024,241.5686
0.0664839,2.515000e+01,-5.141738e+00,8.743465e-01,2.230777e-01,5.425950e-01,5.721159e-01,1.671836,241.8610
0.0665161,2.515000e+01,-5.141531e+00,8.743465e-01,2.232101e-01,5.428247e-01,5.722133e-01,1.672646,242.1525
0.0665484,2.515000e+01,-5.141327e+00,8.743465e-01,2.235511e-01,5.433965e-01,5.724845e-01,1.673458,242.4449
0.0665806,2.515000e+01,-5.141132e+00,8.743465e-01,2.235749e-01,5.431883e-01,5.727647e-01,1.674268,242.7364
0.0666129,2.515000e+01,-5.140950e+00,8.743465e-01,2.236769e-01,5.430020e-01,5.732226e-01,1.675080,243.0288
0.0666452,2.515000e+01,-5.140776e+00,8.743465e-01,2.235498e-01,5.424108e-01,5.735213e-01,1.675892,243.3212
0.0666774,2.515000e+01,-5.140601e+00,8.743465e-01,2.234829e-01,5.424546e-01,5.733036e-01,1.676702,243.6127
0.0667097,2.515000e+01,-5.140421e+00,8.743465e-01,2.235208e-01,5.426528e-01,5.731912e-01,1.677514,243.9051
0.0667419,2.515000e+01,-5.140255e+00,8.743465e-01,2.239343e-01,5.431037e-01,5.737749e-01,1.678324,244.1966
0.0667742,2.515000e+01,-5.140092e+00,8.743465e-01,2.236561e-01,5.427023e-01,5.734861e-01,1.679136,244.4890
0.0668065,2.515000e+01,-5.139941e+00,8.743465e-01,2.232220e-01,5.414442e-01,5.737030e-01,1.679948,244.7814
0.0668387,2.515000e+01,-5.139790e+00,8.743465e-01,2.229419e-01,5.412075e-01,5.732334e-01,1.680758,245.0729
0.066871,2.515000e+01,-5.139630e+00,8.743465e-01,2.228815e-01,5.417818e-01,5.724709e-01,1.681570,245.3653
0.0669032,2.515000e+01,-5.139477e+00,8.743465e-01,2.232991e-01,5.424475e-01,5.728394e-01,1.682380,245.6568
0.0669355,2.515000e+01,-5.139327e+00,8.743465e-01,2.233770e-01,5.426202e-01,5.728568e-01,1.683192,245.9492
0.0669677,2.515000e+01,-5.139198e+00,8.743465e-01,2.235818e-01,5.421715e-01,5.738566e-01,1.684002,246.2407
0.067,2.515000e+01,-5.139076e+00,8.743465e-01,2.237102e-01,5.420590e-01,5.743054e-01,1.684814,246.5331
0.0670323,2.515000e+01,-5.138947e+00,8.743465e-01,2.231499e-01,5.416411e-01,5.733089e-01,1.685626,246.8255
0.0670645,2.515000e+01,-5.138821e+00,8.743465e-01,2.232142e-01,5.416513e-01,5.734636e-01,1.686436,247.1170
0.0670968,2.515000e+01,-5.138691e+00,8.743465e-01,2.230465e-01,5.419076e-01,5.727618e-01,1.687248,247.4094
0.067129,2.515000e+01,-5.138574e+00,8.743465e-01,2.232632e-01,5.418370e-01,5.733927e-01,1.688058,247.7009
0.0671613,2.515000e+01,-5.138458e+00,8.743465e-01,2.230635e-01,5.416364e-01,5.730921e-01,1.688870,247.9933
0.0671935,2.515000e+01,-5.138347e+00,8.743465e-01,2.228328e-01,5.413018e-01,5.728532e-01,1.689680,248.2848
0.0672258,2.515000e+01,-5.138244e+00,8.743465e-01,2.229894e-01,5.414509e-01,5.730980e-01,1.690492,248.5772
0.0672581,2.515000e+01,-5.138140e+00,8.743465e-01,2.232658e-01,5.422795e-01,5.729315e-01,1.691305,248.8696
0.0672903,2.515000e+01,-5.138054e+00,8.743465e-01,2.234997e-01,5.421043e-01,5.737171e-01,1.692114,249.1611
0.0673226,2.515000e+01,-5.137980e+00,8.743465e-01,2.235647e-01,5.417925e-01,5.742143e-01,1.692926,249.4535
0.0673548,2.515000e+01,-5.137912e+00,8.743465e-01,2.235870e-01,5.418407e-01,5.742203e-01,1.693736,249.7450
0.0673871,2.515000e+01,-5.137854e+00,8.743465e-01,2.234321e-01,5.412725e-01,5.744251e-01,1.694548,250.0374
0.0674194,2.515000e+01,-5.137806e+00,8.743465e-01,2.232415e-01,5.407596e-01,5.744792e-01,1.695361,250.3298
0.0674516,2.515000e+01,-5.137758e+00,8.743465e-01,2.229882e-01,5.407001e-01,5.738906e-01,1.696170,250.6213
0.0674839,2.515000e+01,-5.137710e+00,8.743465e-01,2.232149e-01,5.411134e-01,5.740353e-01,1.696983,250.9137
0.0675161,2.515000e+01,-5.137657e+00,8.743465e-01,2.232945e-01,5.415666e-01,5.737595e-01,1.697792,251.2052
0.0675484,2.515000e+01,-5.137603e+00,8.743465e-01,2.233946e-01,5.418500e-01,5.737165e-01,1.698605,251.4976
0.0675806,2.515000e+01,-5.137543e+00,8.743465e-01,2.233204e-01,5.421725e-01,5.731848e-01,1.699414,251.7891
0.0676129,2.515000e+01,-5.137501e+00,8.743465e-01,2.234334e-01,5.415057e-01,5.741809e-01,1.700227,252.0815
0.0676452,2.515000e+01,-5.137479e+00,8.743465e-01,2.235875e-01,5.409642e-01,5.751519e-01,1.701039,252.3739
0.0676774,2.515000e+01,-5.137452e+00,8.743465e-01,2.235797e-01,5.411487e-01,5.749360e-01,1.701848,252.6654
0.0677097,2.515000e+01,-5.137405e+00,8.743465e-01,2.231616e-01,5.413070e-01,5.736930e-01,1.702661,252.9578
0.0677419,2.515000e+01,-5.137345e+00,8.743465e-01,2.230280e-01,5.416142e-01,5.730243e-01,1.703470,253.2493
0.0677742,2.515000e+01,-5.137291e+00,8.743465e-01,2.230326e-01,5.415406e-01,5.731139e-01,1.704283,253.5417
0.0678065,2.515000e+01,-5.137249e+00,8.743465e-01,2.232332e-01,5.413465e-01,5.738351e-01,1.705095,253.8342
0.0678387,2.515000e+01,-5.137212e+00,8.743465e-01,2.234990e-01,5.415886e-01,5.742616e-01,1.705905,254.1256
0.067871,2.515000e+01,-5.137170e+00,8.743465e-01,2.233818e-01,5.418627e-01,5.736702e-01,1.706717,254.4181
0.0679032,2.515000e+01,-5.137126e+00,8.743465e-01,2.234677e-01,5.420833e-01,5.736573e-01,1.707527,254.7096
0.0679355,2.515000e+01,-5.137083e+00,8.743465e-01,2.235981e-01,5.422920e-01,5.737710e-01,1.708339,255.0020
0.0679677,2.515000e+01,-5.137057e+00,8.743465e-01,2.235565e-01,5.411637e-01,5.748603e-01,1.709148,255.2935
0.068,2.515000e+01,-5.137043e+00,8.743465e-01,2.234833e-01,5.404381e-01,5.754437e-01,1.709961,255.5859
0.0680323,2.515000e+01,-5.137033e+00,8.743465e-01,2.236011e-01,5.405415e-01,5.756368e-01,1.710773,255.8783
0.0680645,2.515000e+01,-5.136996e+00,8.743465e-01,2.234103e-01,5.414783e-01,5.741506e-01,1.711583,256.1698
0.0680968,2.515000e+01,-5.136948e+00,8.743465e-01,2.233672e-01,5.418993e-01,5.735940e-01,1.712395,256.4622
0.068129,2.515000e+01,-5.136901e+00,8.743465e-01,2.234542e-01,5.420586e-01,5.736486e-01,1.713205,256.7537
0.0681613,2.515000e+01,-5.136873e+00,8.743465e-01,2.238379e-01,5.417602e-01,5.749501e-01,1.714017,257.0461
0.0681935,2.515000e+01,-5.136837e+00,8.743465e-01,2.237284e-01,5.418288e-01,5.745961e-01,1.714827,257.3376
0.0682258,2.515000e+01,-5.136799e+00,8.743465e-01,2.236124e-01,5.414848e-01,5.746632e-01,1.715639,257.6300
0.0682581,2.515000e+01,-5.136751e+00,8.743465e-01,2.237709e-01,5.421198e-01,5.743967e-01,1.716451,257.9224
0.0682903,2.515000e+01,-5.136716e+00,8.743465e-01,2.240877e-01,5.417390e-01,5.756144e-01,1.717261,258.2139
0.0683226,2.515000e+01,-5.136682e+00,8.743465e-01,2.239132e-01,5.412616e-01,5.756733e-01,1.718073,258.5063
0.0683548,2.515000e+01,-5.136636e+00,8.743465e-01,2.235547e-01,5.409637e-01,5.750681e-01,1.718883,258.7978
0.0683871,2.515000e+01,-5.136578e+00,8.743465e-01,2.235470e-01,5.413788e-01,5.746074e-01,1.719695,259.0902
0.0684194,2.515000e+01,-5.136494e+00,8.743465e-01,2.235606e-01,5.426190e-01,5.733290e-01,1.720507,259.3826
0.0684516,2.515000e+01,-5.136400e+00,8.743465e-01,2.233772e-01,5.426660e-01,5.728090e-01,1.721317,259.6741
0.0684839,2.515000e+01,-5.136323e+00,8.743465e-01,2.236835e-01,5.424131e-01,5.738619e-01,1.722129,259.9665
0.0685161,2.515000e+01,-5.136265e+00,8.743465e-01,2.241093e-01,5.422262e-01,5.751526e-01,1.722939,260.2580
0.0685484,2.515000e+01,-5.136208e+00,8.743465e-01,2.243605e-01,5.424894e-01,5.755179e-01,1.723751,260.5504
0.0685806,2.515000e+01,-5.136149e+00,8.743465e-01,2.240920e-01,5.419948e-01,5.753538e-01,1.724561,260.8419
0.0686129,2.515000e+01,-5.136092e+00,8.743465e-01,2.241994e-01,5.420333e-01,5.755885e-01,1.725373,261.1343
0.0686452,2.515000e+01,-5.136041e+00,8.743465e-01,2.243939e-01,5.420603e-01,5.760593e-01,1.726185,261.4267
0.0686774,2.515000e+01,-5.135982e+00,8.743465e-01,2.241336e-01,5.419325e-01,5.755267e-01,1.726995,261.7182
0.0687097,2.515000e+01,-5.135920e+00,8.743465e-01,2.240438e-01,5.420281e-01,5.751947e-01,1.727807,262.0106
0.0687419,2.515000e+01,-5.135830e+00,8.743465e-01,2.238180e-01,5.429124e-01,5.736789e-01,1.728617,262.3021
0.0687742,2.515000e+01,-5.135739e+00,8.743465e-01,2.240681e-01,5.433655e-01,5.738413e-01,1.729429,262.5945
0.0688065,2.515000e+01,-5.135672e+00,8.743465e-01,2.244913e-01,5.428346e-01,5.754872e-01,1.730241,262.8869
0.0688387,2.515000e+01,-5.135624e+00,8.743465e-01,2.248356e-01,5.425853e-01,5.766346e-01,1.731051,263.1784
0.068871,2.515000e+01,-5.135547e+00,8.743465e-01,2.244474e-01,5.433838e-01,5.747932e-01,1.731863,263.4708
0.0689032,2.515000e+01,-5.135449e+00,8.743465e-01,2.241307e-01,5.437455e-01,5.736003e-01,1.732673,263.7623
0.0689355,2.515000e+01,-5.135394e+00,8.743465e-01,2.244858e-01,5.421355e-01,5.762152e-01,1.733485,264.0547
0.0689677,2.515000e+01,-5.135343e+00,8.743465e-01,2.246786e-01,5.423192e-01,5.765149e-01,1.734295,264.3462
0.069,2.515000e+01,-5.135285e+00,8.743465e-01,2.249316e-01,5.431043e-01,5.763294e-01,1.735107,264.6386
0.0690333,2.515000e+01,-5.135207e+00,8.743465e-01,2.245719e-01,5.426094e-01,5.759327e-01,1.735945,264.9400
0.0690667,2.515000e+01,-5.135127e+00,8.743465e-01,2.244163e-01,5.427469e-01,5.753879e-01,1.736784,265.2424
0.0691,2.515000e+01,-5.135024e+00,8.743465e-01,2.240929e-01,5.432910e-01,5.739834e-01,1.737622,265.5439
0.0691333,2.515000e+01,-5.134903e+00,8.743465e-01,2.243337e-01,5.445317e-01,5.732910e-01,1.738459,265.8453
0.0691667,2.515000e+01,-5.134840e+00,8.743465e-01,2.252588e-01,5.433298e-01,5.769283e-01,1.739299,266.1477
0.0692,2.515000e+01,-5.134791e+00,8.743465e-01,2.255928e-01,5.433161e-01,5.777984e-01,1.740136,266.4491
0.0692333,2.515000e+01,-5.134717e+00,8.743465e-01,2.252454e-01,5.438670e-01,5.763242e-01,1.740974,266.7506
0.0692667,2.515000e+01,-5.134592e+00,8.743465e-01,2.239910e-01,5.437594e-01,5.732281e-01,1.741814,267.0530
0.0693,2.515000e+01,-5.134496e+00,8.743465e-01,2.243367e-01,5.429404e-01,5.749788e-01,1.742651,267.3544
0.0693333,2.515000e+01,-5.134429e+00,8.743465e-01,2.250169e-01,5.429325e-01,5.767305e-01,1.743489,267.6559
0.0693667,2.515000e+01,-5.134367e+00,8.743465e-01,2.254742e-01,5.436191e-01,5.771728e-01,1.744328,267.9582
0.0694,2.515000e+01,-5.134270e+00,8.743465e-01,2.251195e-01,5.447104e-01,5.751104e-01,1.745166,268.2597
0.0694333,2.515000e+01,-5.134161e+00,8.743465e-01,2.250054e-01,5.449651e-01,5.745502e-01,1.746003,268.5611
0.0694667,2.515000e+01,-5.134059e+00,8.743465e-01,2.250371e-01,5.448124e-01,5.747923e-01,1.746843,268.8635
0.0695,2.515000e+01,-5.133967e+00,8.743465e-01,2.250321e-01,5.442829e-01,5.753384e-01,1.747680,269.1650
0.0695333,2.515000e+01,-5.133950e+00,8.743465e-01,2.258852e-01,5.424693e-01,5.794505e-01,1.748518,269.4664
0.0695667,2.515000e+01,-5.133924e+00,8.743465e-01,2.259110e-01,5.430741e-01,5.788711e-01,1.749358,269.7688
0.0696,2.515000e+01,-5.133850e+00,8.743465e-01,2.255340e-01,5.447062e-01,5.761737e-01,1.750195,270.0702
0.0696333,2.515000e+01,-5.133718e+00,8.743465e-01,2.241438e-01,5.447176e-01,5.726101e-01,1.751032,270.3717
0.0696667,2.515000e+01,-5.133599e+00,8.743465e-01,2.241405e-01,5.441462e-01,5.732031e-01,1.751872,270.6740
0.0697,2.515000e+01,-5.133524e+00,8.743465e-01,2.251033e-01,5.439085e-01,5.759166e-01,1.752710,270.9755
0.0697333,2.515000e+01,-5.133456e+00,8.743465e-01,2.258904e-01,5.450232e-01,5.767486e-01,1.753547,271.2770
0.0697667,2.515000e+01,-5.133381e+00,8.743465e-01,2.257431e-01,5.449766e-01,5.764217e-01,1.754387,271.5793
0.0698,2.515000e+01,-5.133277e+00,8.743465e-01,2.252188e-01,5.452324e-01,5.748130e-01,1.755224,271.8808
0.0698333,2.515000e+01,-5.133175e+00,8.743465e-01,2.251911e-01,5.451717e-01,5.748063e-01,1.756062,272.1822
0.0698667,2.515000e+01,-5.133107e+00,8.743465e-01,2.254269e-01,5.441373e-01,5.765023e-01,1.756902,272.4846
0.0699,2.515000e+01,-5.133066e+00,8.743465e-01,2.259623e-01,5.437993e-01,5.782305e-01,1.757739,272.7860
0.0699333,2.515000e+01,-5.133014e+00,8.743465e-01,2.258533e-01,5.442226e-01,5.775022e-01,1.758576,273.0875
0.0699667,2.515000e+01,-5.132928e+00,8.743465e-01,2.256594e-01,5.455421e-01,5.756108e-01,1.759416,273.3899
0.07,2.515000e+01,-5.132818e+00,8.743465e-01,2.251071e-01,5.456306e-01,5.741087e-01,1.760254,273.6913
0.0700333,2.515000e+01,-5.132708e+00,8.743465e-01,2.252259e-01,5.457188e-01,5.743189e-01,1.761091,273.9928
0.0700667,2.515000e+01,-5.132588e+00,8.743465e-01,2.253391e-01,5.461477e-01,5.741562e-01,1.761931,274.2951
0.0701,2.515000e+01,-5.132507e+00,8.743465e-01,2.258836e-01,5.451257e-01,5.766228e-01,1.762768,274.5966
0.0701333,2.515000e+01,-5.132455e+00,8.743465e-01,2.263604e-01,5.443385e-01,5.786754e-01,1.763606,274.8981
0.0701667,2.515000e+01,-5.132395e+00,8.743465e-01,2.262787e-01,5.443828e-01,5.784196e-01,1.764446,275.2004
0.0702,2.515000e+01,-5.132273e+00,8.743465e-01,2.255795e-01,5.460376e-01,5.748847e-01,1.765283,275.5019
0.0702333,2.515000e+01,-5.132163e+00,8.743465e-01,2.256430e-01,5.456567e-01,5.754478e-01,1.766120,275.8033
0.0702667,2.515000e+01,-5.132063e+00,8.743465e-01,2.257343e-01,5.452404e-01,5.761202e-01,1.766960,276.1057
0.0703,2.515000e+01,-5.131950e+00,8.743465e-01,2.255324e-01,5.452978e-01,5.755446e-01,1.767798,276.4071
0.0703333,2.515000e+01,-5.131826e+00,8.743465e-01,2.256788e-01,5.460883e-01,5.750844e-01,1.768635,276.7086
0.0703667,2.515000e+01,-5.131724e+00,8.743465e-01,2.260039e-01,5.457448e-01,5.762754e-01,1.769475,277.0110
0.0704,2.515000e+01,-5.131619e+00,8.743465e-01,2.260270e-01,5.459466e-01,5.761211e-01,1.770312,277.3124
0.0704333,2.515000e+01,-5.131497e+00,8.743465e-01,2.258663e-01,5.463894e-01,5.752450e-01,1.771150,277.6139
0.0704667,2.515000e+01,-5.131387e+00,8.743465e-01,2.258552e-01,5.456594e-01,5.759863e-01,1.771990,277.9162
0.0705,2.515000e+01,-5.131280e+00,8.743465e-01,2.259512e-01,5.454986e-01,5.764010e-01,1.772827,278.2177
0.0705333,2.515000e+01,-5.131176e+00,8.743465e-01,2.261154e-01,5.455322e-01,5.767845e-01,1.773664,278.5191
0.0705667,2.515000e+01,-5.131049e+00,8.743465e-01,2.259405e-01,5.461785e-01,5.756561e-01,1.774504,278.8215
0.0706,2.515000e+01,-5.130912e+00,8.743465e-01,2.258766e-01,5.463147e-01,5.753499e-01,1.775342,279.1230
0.0706333,2.515000e+01,-5.130758e+00,8.743465e-01,2.256848e-01,5.463597e-01,5.748141e-01,1.776179,279.4244
0.0706667,2.515000e+01,-5.130596e+00,8.743465e-01,2.257827e-01,5.465538e-01,5.748593e-01,1.777019,279.7268
0.0707,2.515000e+01,-5.130464e+00,8.743465e-01,2.263448e-01,5.460407e-01,5.768318e-01,1.777856,280.0282
0.0707333,2.515000e+01,-5.130340e+00,8.743465e-01,2.267007e-01,5.461462e-01,5.776273e-01,1.778694,280.3297
0.0707667,2.515000e+01,-5.130207e+00,8.743465e-01,2.266527e-01,5.464431e-01,5.771911e-01,1.779533,280.6321
0.0708,2.515000e+01,-5.130041e+00,8.743465e-01,2.260620e-01,5.468353e-01,5.752740e-01,1.780371,280.9335
0.0708333,2.515000e+01,-5.129879e+00,8.743465e-01,2.257258e-01,5.459401e-01,5.753602e-01,1.781208,281.2350
0.0708667,2.515000e+01,-5.129723e+00,8.743465e-01,2.259705e-01,5.459119e-01,5.760138e-01,1.782048,281.5373
0.0709,2.515000e+01,-5.129567e+00,8.743465e-01,2.263240e-01,5.465664e-01,5.762240e-01,1.782886,281.8388
0.0709333,2.515000e+01,-5.129403e+00,8.743465e-01,2.264528e-01,5.470742e-01,5.760168e-01,1.783723,282.1402
0.0709667,2.515000e+01,-5.129238e+00,8.743465e-01,2.262970e-01,5.467940e-01,5.759154e-01,1.784563,282.4426
0.071,2.515000e+01,-5.129072e+00,8.743465e-01,2.262480e-01,5.466785e-01,5.759124e-01,1.785400,282.7441
0.0710333,2.515000e+01,-5.128891e+00,8.743465e-01,2.262697e-01,5.470768e-01,5.755484e-01,1.786238,283.0455
0.0710667,2.515000e+01,-5.128716e+00,8.743465e-01,2.264333e-01,5.469386e-01,5.761101e-01,1.787077,283.3479
0.0711,2.515000e+01,-5.128528e+00,8.743465e-01,2.263199e-01,5.472503e-01,5.754935e-01,1.787915,283.6493
0.0711333,2.515000e+01,-5.128340e+00,8.743465e-01,2.262250e-01,5.471272e-01,5.753815e-01,1.788752,283.9508
0.0711667,2.515000e+01,-5.128163e+00,8.743465e-01,2.261553e-01,5.465410e-01,5.758212e-01,1.789592,284.2531
0.0712,2.515000e+01,-5.128001e+00,8.743465e-01,2.261854e-01,5.459032e-01,5.765707e-01,1.790429,284.5546
0.0712333,2.515000e+01,-5.127829e+00,8.743465e-01,2.262500e-01,5.465527e-01,5.760502e-01,1.791267,284.8561
0.0712667,2.515000e+01,-5.127640e+00,8.743465e-01,2.262430e-01,5.473709e-01,5.751711e-01,1.792107,285.1584
0.0713,2.515000e+01,-5.127444e+00,8.743465e-01,2.262115e-01,5.476605e-01,5.747870e-01,1.792944,285.4599
0.0713333,2.515000e+01,-5.127254e+00,8.743465e-01,2.261604e-01,5.474175e-01,5.749124e-01,1.793781,285.7613
0.0713667,2.515000e+01,-5.127075e+00,8.743465e-01,2.262995e-01,5.472338e-01,5.754590e-01,1.794621,286.0637
0.0714,2.515000e+01,-5.126932e+00,8.743465e-01,2.266441e-01,5.462932e-01,5.773277e-01,1.795459,286.3651
0.0714333,2.515000e+01,-5.126786e+00,8.743465e-01,2.267036e-01,5.465294e-01,5.772297e-01,1.796296,286.6666
0.0714667,2.515000e+01,-5.126628e+00,8.743465e-01,2.266294e-01,5.470637e-01,5.764771e-01,1.797136,286.9690
0.0715,2.515000e+01,-5.126454e+00,8.743465e-01,2.263349e-01,5.473414e-01,5.754359e-01,1.797973,287.2704
0.0715333,2.515000e+01,-5.126280e+00,8.743465e-01,2.263267e-01,5.473969e-01,5.753566e-01,1.798811,287.5719
0.0715667,2.515000e+01,-5.126119e+00,8.743465e-01,2.262861e-01,5.469715e-01,5.757009e-01,1.799651,287.8742
0.0716,2.515000e+01,-5.125946e+00,8.743465e-01,2.261254e-01,5.473090e-01,5.749372e-01,1.800488,288.1757
0.0716333,2.515000e+01,-5.125770e+00,8.743465e-01,2.262831e-01,5.477487e-01,5.748764e-01,1.801325,288.4772
0.0716667,2.515000e+01,-5.125596e+00,8.743465e-01,2.262460e-01,5.477026e-01,5.748306e-01,1.802165,288.7795
0.0717,2.515000e+01,-5.125429e+00,8.743465e-01,2.263138e-01,5.476559e-01,5.750517e-01,1.803003,289.0810
0.0717333,2.515000e+01,-5.125282e+00,8.743465e-01,2.262512e-01,5.468524e-01,5.757374e-01,1.803840,289.3824
0.0717667,2.515000e+01,-5.125146e+00,8.743465e-01,2.262357e-01,5.464288e-01,5.761442e-01,1.804680,289.6848
0.0718,2.515000e+01,-5.125010e+00,8.743465e-01,2.262956e-01,5.466216e-01,5.760934e-01,1.805517,289.9862
0.0718333,2.515000e+01,-5.124856e+00,8.743465e-01,2.261818e-01,5.475024e-01,5.748776e-01,1.806355,290.2877
0.0718667,2.515000e+01,-5.124694e+00,8.743465e-01,2.262104e-01,5.482672e-01,5.741483e-01,1.807195,290.5901
0.0719,2.515000e+01,-5.124538e+00,8.743465e-01,2.260983e-01,5.480967e-01,5.740423e-01,1.808032,290.8915
0.0719333,2.515000e+01,-5.124380e+00,8.743465e-01,2.259482e-01,5.480447e-01,5.737156e-01,1.808869,291.1930
0.0719667,2.515000e+01,-5.124249e+00,8.743465e-01,2.262460e-01,5.475111e-01,5.750317e-01,1.809709,291.4953
0.072,2.515000e+01,-5.124163e+00,8.743465e-01,2.267772e-01,5.466303e-01,5.773104e-01,1.810547,291.7968
0.0720333,2.515000e+01,-5.124091e+00,8.743465e-01,2.269015e-01,5.466870e-01,5.775670e-01,1.811384,292.0982
0.0720667,2.515000e+01,-5.123988e+00,8.743465e-01,2.264898e-01,5.478941e-01,5.752488e-01,1.812224,292.4006
0.0721,2.515000e+01,-5.123864e+00,8.743465e-01,2.260411e-01,5.482614e-01,5.737245e-01,1.813061,292.7021
0.0721333,2.515000e+01,-5.123755e+00,8.743465e-01,2.261623e-01,5.481060e-01,5.741951e-01,1.813899,293.0035
0.0721667,2.515000e+01,-5.123669e+00,8.743465e-01,2.262844e-01,5.475702e-01,5.750671e-01,1.814739,293.3059
0.0722,2.515000e+01,-5.123589e+00,8.743465e-01,2.264476e-01,5.478785e-01,5.751581e-01,1.815576,293.6073
0.0722333,2.515000e+01,-5.123514e+00,8.743465e-01,2.266094e-01,5.484824e-01,5.749352e-01,1.816413,293.9088
0.0722667,2.515000e+01,-5.123430e+00,8.743465e-01,2.263027e-01,5.483029e-01,5.743451e-01,1.817253,294.2112
0.0723,2.515000e+01,-5.123347e+00,8.743465e-01,2.262198e-01,5.483863e-01,5.740473e-01,1.818091,294.5126
0.0723333,2.515000e+01,-5.123285e+00,8.743465e-01,2.261594e-01,5.474555e-01,5.748698e-01,1.818928,294.8141
0.0723667,2.515000e+01,-5.123260e+00,8.743465e-01,2.266940e-01,5.469567e-01,5.767543e-01,1.819768,295.1164
0.0724,2.515000e+01,-5.123248e+00,8.743465e-01,2.267215e-01,5.467624e-01,5.770292e-01,1.820605,295.4179
0.0724333,2.515000e+01,-5.123173e+00,8.743465e-01,2.260517e-01,5.487953e-01,5.731934e-01,1.821443,295.7193
0.0724667,2.515000e+01,-5.123070e+00,8.743465e-01,2.255830e-01,5.493694e-01,5.714071e-01,1.822282,296.0217
0.0725,2.515000e+01,-5.123001e+00,8.743465e-01,2.259228e-01,5.487291e-01,5.729355e-01,1.823120,296.3232
0.0725333,2.515000e+01,-5.122961e+00,8.743465e-01,2.262073e-01,5.480780e-01,5.743385e-01,1.823957,296.6246
0.0725667,2.515000e+01,-5.122942e+00,8.743465e-01,2.265024e-01,5.478865e-01,5.752887e-01,1.824797,296.9270
0.0726,2.515000e+01,-5.122918e+00,8.743465e-01,2.264417e-01,5.480180e-01,5.749966e-01,1.825635,297.2284
0.0726333,2.515000e+01,-5.122886e+00,8.743465e-01,2.263770e-01,5.483789e-01,5.744540e-01,1.826472,297.5299
0.0726667,2.515000e+01,-5.122847e+00,8.743465e-01,2.264722e-01,5.491859e-01,5.738513e-01,1.827312,297.8322
0.0727,2.515000e+01,-5.122823e+00,8.743465e-01,2.265220e-01,5.485078e-01,5.746869e-01,1.828149,298.1337
0.0727333,2.515000e+01,-5.122804e+00,8.743465e-01,2.264110e-01,5.478970e-01,5.750455e-01,1.828987,298.4352
0.0727667,2.515000e+01,-5.122772e+00,8.743465e-01,2.261227e-01,5.476920e-01,5.745284e-01,1.829826,298.7375
0.0728,2.515000e+01,-5.122707e+00,8.743465e-01,2.259331e-01,5.488709e-01,5.728137e-01,1.830664,299.0390
0.0728333,2.515000e+01,-5.122648e+00,8.743465e-01,2.261310e-01,5.492578e-01,5.729116e-01,1.831501,299.3404
0.0728667,2.515000e+01,-5.122608e+00,8.743465e-01,2.264313e-01,5.490674e-01,5.738713e-01,1.832341,299.6428
0.0729,2.515000e+01,-5.122585e+00,8.743465e-01,2.267125e-01,5.489995e-01,5.746550e-01,1.833178,299.9442
0.0729333,2.515000e+01,-5.122587e+00,8.743465e-01,2.270577e-01,5.485358e-01,5.760166e-01,1.834016,300.2457
0.0729667,2.515000e+01,-5.122589e+00,8.743465e-01,2.268018e-01,5.482475e-01,5.756700e-01,1.834856,300.5481
0.073,2.515000e+01,-5.122582e+00,8.743465e-01,2.265939e-01,5.482596e-01,5.751296e-01,1.835693,300.8495
0.0730333,2.515000e+01,-5.122528e+00,8.743465e-01,2.259743e-01,5.494924e-01,5.722701e-01,1.836530,301.1510
0.0730667,2.515000e+01,-5.122483e+00,8.743465e-01,2.261925e-01,5.495349e-01,5.727785e-01,1.837370,301.4533
0.0731,2.515000e+01,-5.122451e+00,8.743465e-01,2.263168e-01,5.491978e-01,5.734449e-01,1.838208,301.7548
0.0731333,2.515000e+01,-5.122406e+00,8.743465e-01,2.259223e-01,5.489971e-01,5.726545e-01,1.839045,302.0563
0.0731667,2.515000e+01,-5.122356e+00,8.743465e-01,2.259281e-01,5.493596e-01,5.722914e-01,1.839885,302.3586
0.0732,2.515000e+01,-5.122342e+00,8.743465e-01,2.265456e-01,5.492712e-01,5.739478e-01,1.840722,302.6601
0.0732333,2.515000e+01,-5.122344e+00,8.743465e-01,2.265583e-01,5.486939e-01,5.745841e-01,1.841560,302.9615
0.0732667,2.515000e+01,-5.122314e+00,8.743465e-01,2.258475e-01,5.489779e-01,5.724851e-01,1.842400,303.2639
0.0733,2.515000e+01,-5.122283e+00,8.743465e-01,2.260288e-01,5.493471e-01,5.725595e-01,1.843237,303.5653
0.0733333,2.515000e+01,-5.122296e+00,8.743465e-01,2.269192e-01,5.489514e-01,5.752295e-01,1.844074,303.8668
0.0733667,2.515000e+01,-5.122324e+00,8.743465e-01,2.271387e-01,5.488659e-01,5.758755e-01,1.844914,304.1692
0.0734,2.515000e+01,-5.122305e+00,8.743465e-01,2.262444e-01,5.496922e-01,5.727459e-01,1.845752,304.4706
0.0734333,2.515000e+01,-5.122278e+00,8.743465e-01,2.259876e-01,5.496050e-01,5.721866e-01,1.846589,304.7721
0.0734667,2.515000e+01,-5.122272e+00,8.743465e-01,2.261338e-01,5.488860e-01,5.733066e-01,1.847429,305.0744
0.0735,2.515000e+01,-5.122281e+00,8.743465e-01,2.263091e-01,5.486555e-01,5.739922e-01,1.848266,305.3759
0.0735333,2.515000e+01,-5.122284e+00,8.743465e-01,2.265557e-01,5.494256e-01,5.738123e-01,1.849104,305.6773
0.0735667,2.515000e+01,-5.122307e+00,8.743465e-01,2.268992e-01,5.492617e-01,5.748537e-01,1.849944,305.9797
0.0736,2.515000e+01,-5.122341e+00,8.743465e-01,2.269035e-01,5.489853e-01,5.751540e-01,1.850781,306.2812
0.0736333,2.515000e+01,-5.122311e+00,8.743465e-01,2.254140e-01,5.493414e-01,5.710081e-01,1.851618,306.5826
0.0736667,2.515000e+01,-5.122284e+00,8.743465e-01,2.253824e-01,5.491703e-01,5.711058e-01,1.852458,306.8850
0.0737,2.515000e+01,-5.122283e+00,8.743465e-01,2.259921e-01,5.490345e-01,5.727925e-01,1.853296,307.1864
0.0737333,2.515000e+01,-5.122309e+00,8.743465e-01,2.263978e-01,5.487803e-01,5.740865e-01,1.854133,307.4879
0.0737667,2.515000e+01,-5.122317e+00,8.743465e-01,2.263021e-01,5.494831e-01,5.731100e-01,1.854973,307.7903
0.0738,2.515000e+01,-5.122293e+00,8.743465e-01,2.255956e-01,5.495673e-01,5.712333e-01,1.855810,308.0917
0.0738333,2.515000e+01,-5.122297e+00,8.743465e-01,2.259096e-01,5.488521e-01,5.727736e-01,1.856648,308.3932
0.0738667,2.515000e+01,-5.122326e+00,8.743465e-01,2.262726e-01,5.486985e-01,5.738547e-01,1.857488,308.6955
0.0739,2.515000e+01,-5.122364e+00,8.743465e-01,2.263828e-01,5.484242e-01,5.744212e-01,1.858325,308.9970
0.0739333,2.515000e+01,-5.122389e+00,8.743465e-01,2.261759e-01,5.485422e-01,5.737729e-01,1.859162,309.2984
0.0739667,2.515000e+01,-5.122401e+00,8.743465e-01,2.261207e-01,5.489125e-01,5.732458e-01,1.860002,309.6008
0.074,2.515000e+01,-5.122371e+00,8.743465e-01,2.252493e-01,5.493181e-01,5.706151e-01,1.860840,309.9023
0.0740323,2.515000e+01,-5.122362e+00,8.743465e-01,2.255229e-01,5.494506e-01,5.711704e-01,1.861652,310.1947
0.0740645,2.515000e+01,-5.122376e+00,8.743465e-01,2.257952e-01,5.485975e-01,5.727494e-01,1.862462,310.4862
0.0740968,2.515000e+01,-5.122403e+00,8.743465e-01,2.261610e-01,5.484318e-01,5.738506e-01,1.863274,310.7786
0.074129,2.515000e+01,-5.122423e+00,8.743465e-01,2.261695e-01,5.487270e-01,5.735633e-01,1.864083,311.0701
0.0741613,2.515000e+01,-5.122416e+00,8.743465e-01,2.256829e-01,5.488830e-01,5.721667e-01,1.864896,311.3625
0.0741935,2.515000e+01,-5.122422e+00,8.743465e-01,2.259333e-01,5.485858e-01,5.731118e-01,1.865705,311.6540
0.0742258,2.515000e+01,-5.122426e+00,8.743465e-01,2.257956e-01,5.482673e-01,5.730954e-01,1.866518,311.9464
0.0742581,2.515000e+01,-5.122443e+00,8.743465e-01,2.259147e-01,5.477981e-01,5.738888e-01,1.867330,312.2388
0.0742903,2.515000e+01,-5.122442e+00,8.743465e-01,2.254713e-01,5.479826e-01,5.725695e-01,1.868140,312.5303
0.0743226,2.515000e+01,-5.122404e+00,8.743465e-01,2.247359e-01,5.482934e-01,5.703785e-01,1.868952,312.8227
0.0743548,2.515000e+01,-5.122353e+00,8.743465e-01,2.246305e-01,5.486557e-01,5.697344e-01,1.869762,313.1142
0.0743871,2.515000e+01,-5.122330e+00,8.743465e-01,2.251711e-01,5.484657e-01,5.713034e-01,1.870574,313.4066
0.0744194,2.515000e+01,-5.122332e+00,8.743465e-01,2.255755e-01,5.479858e-01,5.728308e-01,1.871386,313.6990
0.0744516,2.515000e+01,-5.122344e+00,8.743465e-01,2.257754e-01,5.477416e-01,5.735940e-01,1.872196,313.9905
0.0744839,2.515000e+01,-5.122352e+00,8.743465e-01,2.256311e-01,5.476942e-01,5.732770e-01,1.873008,314.2829
0.0745161,2.515000e+01,-5.122344e+00,8.743465e-01,2.252881e-01,5.478710e-01,5.722207e-01,1.873818,314.5744
0.0745484,2.515000e+01,-5.122350e+00,8.743465e-01,2.253878e-01,5.475455e-01,5.728144e-01,1.874630,314.8668
0.0745806,2.515000e+01,-5.122335e+00,8.743465e-01,2.251075e-01,5.480850e-01,5.715389e-01,1.875440,315.1583
0.0746129,2.515000e+01,-5.122335e+00,8.743465e-01,2.252938e-01,5.474433e-01,5.726823e-01,1.876252,315.4507
0.0746452,2.515000e+01,-5.122345e+00,8.743465e-01,2.255453e-01,5.475559e-01,5.732037e-01,1.877064,315.7431
0.0746774,2.515000e+01,-5.122322e+00,8.743465e-01,2.247146e-01,5.472261e-01,5.714367e-01,1.877874,316.0346
0.0747097,2.515000e+01,-5.122293e+00,8.743465e-01,2.245978e-01,5.472891e-01,5.710740e-01,1.878686,316.3270
0.0747419,2.515000e+01,-5.122274e+00,8.743465e-01,2.249201e-01,5.472088e-01,5.719774e-01,1.879496,316.6185
0.0747742,2.515000e+01,-5.122272e+00,8.743465e-01,2.255477e-01,5.474508e-01,5.733199e-01,1.880308,316.9109
0.0748065,2.515000e+01,-5.122263e+00,8.743465e-01,2.255328e-01,5.475701e-01,5.731571e-01,1.881120,317.2033
0.0748387,2.515000e+01,-5.122232e+00,8.743465e-01,2.249140e-01,5.471863e-01,5.719855e-01,1.881930,317.4948
0.074871,2.515000e+01,-5.122203e+00,8.743465e-01,2.248050e-01,5.467131e-01,5.722030e-01,1.882742,317.7872
0.0749032,2.515000e+01,-5.122162e+00,8.743465e-01,2.244716e-01,5.464566e-01,5.716226e-01,1.883552,318.0787
0.0749355,2.515000e+01,-5.122132e+00,8.743465e-01,2.248470e-01,5.465037e-01,5.725292e-01,1.884364,318.3711
0.0749677,2.515000e+01,-5.122090e+00,8.743465e-01,2.248744e-01,5.471312e-01,5.719423e-01,1.885174,318.6626
0.075,2.515000e+01,-5.122052e+00,8.743465e-01,2.249634e-01,5.470220e-01,5.722830e-01,1.885986,318.9550
0.0750323,2.515000e+01,-5.122016e+00,8.743465e-01,2.248194e-01,5.464795e-01,5.724844e-01,1.886798,319.2474
0.0750645,2.515000e+01,-5.121963e+00,8.743465e-01,2.242543e-01,5.461160e-01,5.714255e-01,1.887608,319.5389
0.0750968,2.515000e+01,-5.121918e+00,8.743465e-01,2.246294e-01,5.461639e-01,5.723311e-01,1.888420,319.8313
0.075129,2.515000e+01,-5.121882e+00,8.743465e-01,2.250277e-01,5.463991e-01,5.730991e-01,1.889230,320.1228
0.0751613,2.515000e+01,-5.121837e+00,8.743465e-01,2.250542e-01,5.466470e-01,5.729065e-01,1.890042,320.4152
0.0751935,2.515000e+01,-5.121748e+00,8.743465e-01,2.239511e-01,5.464274e-01,5.703278e-01,1.890852,320.7067
0.0752258,2.515000e+01,-5.121660e+00,8.743465e-01,2.238280e-01,5.457512e-01,5.707204e-01,1.891664,320.9991
0.0752581,2.515000e+01,-5.121575e+00,8.743465e-01,2.238460e-01,5.452536e-01,5.712871e-01,1.892476,321.2915
0.0752903,2.515000e+01,-5.121499e+00,8.743465e-01,2.243213e-01,5.454415e-01,5.723029e-01,1.893286,321.5830
0.0753226,2.515000e+01,-5.121412e+00,8.743465e-01,2.244174e-01,5.460331e-01,5.719280e-01,1.894098,321.8754
0.0753548,2.515000e+01,-5.121338e+00,8.743465e-01,2.250105e-01,5.462393e-01,5.732229e-01,1.894908,322.1669
0.0753871,2.515000e+01,-5.121253e+00,8.743465e-01,2.247451e-01,5.458733e-01,5.729306e-01,1.895720,322.4593
0.0754194,2.515000e+01,-5.121154e+00,8.743465e-01,2.241336e-01,5.450703e-01,5.722136e-01,1.896533,322.7517
0.0754516,2.515000e+01,-5.121050e+00,8.743465e-01,2.241976e-01,5.452338e-01,5.722053e-01,1.897342,323.0432
0.0754839,2.515000e+01,-5.120950e+00,8.743465e-01,2.243993e-01,5.452503e-01,5.727028e-01,1.898154,323.3356
0.0755161,2.515000e+01,-5.120858e+00,8.743465e-01,2.246203e-01,5.452003e-01,5.733194e-01,1.898964,323.6271
0.0755484,2.515000e+01,-5.120733e+00,8.743465e-01,2.238816e-01,5.452942e-01,5.713355e-01,1.899776,323.9195
0.0755806,2.515000e+01,-5.120608e+00,8.743465e-01,2.237030e-01,5.447229e-01,5.714785e-01,1.900586,324.2110
0.0756129,2.515000e+01,-5.120486e+00,8.743465e-01,2.237995e-01,5.447116e-01,5.717368e-01,1.901398,324.5034
0.0756452,2.515000e+01,-5.120365e+00,8.743465e-01,2.239500e-01,5.447892e-01,5.720399e-01,1.902211,324.7958
0.0756774,2.515000e+01,-5.120253e+00,8.743465e-01,2.240601e-01,5.446006e-01,5.725193e-01,1.903020,325.0873
0.0757097,2.515000e+01,-5.120142e+00,8.743465e-01,2.241568e-01,5.447481e-01,5.726112e-01,1.903833,325.3797
0.0757419,2.515000e+01,-5.120033e+00,8.743465e-01,2.241237e-01,5.445887e-01,5.726944e-01,1.904642,325.6712
0.0757742,2.515000e+01,-5.119899e+00,8.743465e-01,2.235764e-01,5.444862e-01,5.714035e-01,1.905454,325.9636
0.0758065,2.515000e+01,-5.119756e+00,8.743465e-01,2.233232e-01,5.443143e-01,5.709365e-01,1.906267,326.2560
0.0758387,2.515000e+01,-5.119621e+00,8.743465e-01,2.235505e-01,5.442797e-01,5.715538e-01,1.907076,326.5475
0.075871,2.515000e+01,-5.119494e+00,8.743465e-01,2.237981e-01,5.443518e-01,5.721112e-01,1.907889,326.8399
0.0759032,2.515000e+01,-5.119367e+00,8.743465e-01,2.235320e-01,5.437575e-01,5.720555e-01,1.908698,327.1314
0.0759355,2.515000e+01,-5.119243e+00,8.743465e-01,2.235975e-01,5.435477e-01,5.724440e-01,1.909511,327.4238
0.0759677,2.515000e+01,-5.119122e+00,8.743465e-01,2.238247e-01,5.439953e-01,5.725541e-01,1.910320,327.7153
0.076,2.515000e+01,-5.119000e+00,8.743465e-01,2.239991e-01,5.443478e-01,5.726292e-01,1.911133,328.0077
0.0760323,2.515000e+01,-5.118878e+00,8.743465e-01,2.239755e-01,5.442290e-01,5.726938e-01,1.911945,328.3001
0.0760645,2.515000e+01,-5.118758e+00,8.743465e-01,2.238513e-01,5.437267e-01,5.729051e-01,1.912755,328.5916
0.0760968,2.515000e+01,-5.118645e+00,8.743465e-01,2.238993e-01,5.434897e-01,5.732778e-01,1.913567,328.8840
0.076129,2.515000e+01,-5.118517e+00,8.743465e-01,2.235156e-01,5.434161e-01,5.723728e-01,1.914376,329.1755
0.0761613,2.515000e+01,-5.118382e+00,8.743465e-01,2.229789e-01,5.429472e-01,5.714915e-01,1.915189,329.4679
0.0761935,2.515000e+01,-5.118256e+00,8.743465e-01,2.231544e-01,5.428293e-01,5.720655e-01,1.915998,329.7594
0.0762258,2.515000e+01,-5.118128e+00,8.743465e-01,2.232643e-01,5.430840e-01,5.720790e-01,1.916811,330.0518
0.0762581,2.515000e+01,-5.118005e+00,8.743465e-01,2.235615e-01,5.433423e-01,5.725681e-01,1.917623,330.3442
0.0762903,2.515000e+01,-5.117882e+00,8.743465e-01,2.235669e-01,5.433894e-01,5.725323e-01,1.918433,330.6357
0.0763226,2.515000e+01,-5.117762e+00,8.743465e-01,2.235974e-01,5.433135e-01,5.726905e-01,1.919245,330.9281
0.0763548,2.515000e+01,-5.117645e+00,8.743465e-01,2.234542e-01,5.428792e-01,5.727814e-01,1.920055,331.2196
0.0763871,2.515000e+01,-5.117517e+00,8.743465e-01,2.228367e-01,5.423974e-01,5.717062e-01,1.920867,331.5120
0.0764194,2.515000e+01,-5.117390e+00,8.743465e-01,2.228973e-01,5.424468e-01,5.718094e-01,1.921679,331.8044
0.0764516,2.515000e+01,-5.117261e+00,8.743465e-01,2.229628e-01,5.426557e-01,5.717572e-01,1.922489,332.0959
0.0764839,2.515000e+01,-5.117138e+00,8.743465e-01,2.233481e-01,5.432396e-01,5.721296e-01,1.923301,332.3883
0.0765161,2.515000e+01,-5.117024e+00,8.743465e-01,2.233881e-01,5.430383e-01,5.724444e-01,1.924111,332.6798
0.0765484,2.515000e+01,-5.116922e+00,8.743465e-01,2.235648e-01,5.430626e-01,5.728715e-01,1.924923,332.9722
0.0765806,2.515000e+01,-5.116828e+00,8.743465e-01,2.233703e-01,5.422794e-01,5.731999e-01,1.925733,333.2637
0.0766129,2.515000e+01,-5.116725e+00,8.743465e-01,2.233073e-01,5.424019e-01,5.729088e-01,1.926545,333.5561
0.0766452,2.515000e+01,-5.116624e+00,8.743465e-01,2.233270e-01,5.425047e-01,5.728506e-01,1.927357,333.8485
0.0766774,2.515000e+01,-5.116537e+00,8.743465e-01,2.237171e-01,5.428037e-01,5.735352e-01,1.928167,334.1400
0.0767097,2.515000e+01,-5.116452e+00,8.743465e-01,2.235827e-01,5.427411e-01,5.732568e-01,1.928979,334.4324
0.0767419,2.515000e+01,-5.116376e+00,8.743465e-01,2.231362e-01,5.416924e-01,5.732195e-01,1.929789,334.7239
0.0767742,2.515000e+01,-5.116305e+00,8.743465e-01,2.228375e-01,5.410601e-01,5.731212e-01,1.930601,335.0163
0.0768065,2.515000e+01,-5.116226e+00,8.743465e-01,2.226587e-01,5.415083e-01,5.721874e-01,1.931413,335.3087
0.0768387,2.515000e+01,-5.116152e+00,8.743465e-01,2.230989e-01,5.421935e-01,5.725941e-01,1.932223,335.6002
0.076871,2.515000e+01,-5.116079e+00,8.743465e-01,2.231854e-01,5.425690e-01,5.724197e-01,1.933035,335.8927
0.0769032,2.515000e+01,-5.116024e+00,8.743465e-01,2.233815e-01,5.421346e-01,5.733816e-01,1.933845,336.1841
0.0769355,2.515000e+01,-5.115979e+00,8.743465e-01,2.235922e-01,5.420767e-01,5.739837e-01,1.934657,336.4766
0.0769677,2.515000e+01,-5.115929e+00,8.743465e-01,2.230689e-01,5.415463e-01,5.732012e-01,1.935467,336.7681
0.077,2.515000e+01,-5.115883e+00,8.743465e-01,2.230824e-01,5.415414e-01,5.732410e-01,1.936279,337.0605
0.0770323,2.515000e+01,-5.115830e+00,8.743465e-01,2.228631e-01,5.417443e-01,5.724633e-01,1.937091,337.3529
0.0770645,2.515000e+01,-5.115791e+00,8.743465e-01,2.230590e-01,5.417805e-01,5.729280e-01,1.937901,337.6444
0.0770968,2.515000e+01,-5.115753e+00,8.743465e-01,2.229830e-01,5.416778e-01,5.728414e-01,1.938713,337.9368
0.077129,2.515000e+01,-5.115722e+00,8.743465e-01,2.227228e-01,5.410965e-01,5.727875e-01,1.939523,338.2283
0.0771613,2.515000e+01,-5.115694e+00,8.743465e-01,2.227593e-01,5.413242e-01,5.726405e-01,1.940335,338.5207
0.0771935,2.515000e+01,-5.115665e+00,8.743465e-01,2.230169e-01,5.420576e-01,5.725271e-01,1.941145,338.8122
0.0772258,2.515000e+01,-5.115653e+00,8.743465e-01,2.233351e-01,5.421261e-01,5.732715e-01,1.941957,339.1046
0.0772581,2.515000e+01,-5.115655e+00,8.743465e-01,2.233968e-01,5.417014e-01,5.738793e-01,1.942769,339.3970
0.0772903,2.515000e+01,-5.115661e+00,8.743465e-01,2.234352e-01,5.418493e-01,5.738214e-01,1.943579,339.6885
0.0773226,2.515000e+01,-5.115681e+00,8.743465e-01,2.233467e-01,5.411991e-01,5.742833e-01,1.944391,339.9809
0.0773548,2.515000e+01,-5.115707e+00,8.743465e-01,2.230704e-01,5.408564e-01,5.739363e-01,1.945201,340.2724
0.0773871,2.515000e+01,-5.115738e+00,8.743465e-01,2.228900e-01,5.405006e-01,5.738496e-01,1.946013,340.5648
0.0774194,2.515000e+01,-5.115767e+00,8.743465e-01,2.230121e-01,5.409480e-01,5.736890e-01,1.946825,340.8572
0.0774516,2.515000e+01,-5.115794e+00,8.743465e-01,2.231300e-01,5.413346e-01,5.735825e-01,1.947635,341.1487
0.0774839,2.515000e+01,-5.115816e+00,8.743465e-01,2.232336e-01,5.417464e-01,5.734128e-01,1.948447,341.4411
0.0775161,2.515000e+01,-5.115834e+00,8.743465e-01,2.231894e-01,5.419982e-01,5.730328e-01,1.949257,341.7326
0.0775484,2.515000e+01,-5.115863e+00,8.743465e-01,2.232704e-01,5.416610e-01,5.735975e-01,1.950069,342.0250
0.0775806,2.515000e+01,-5.115913e+00,8.743465e-01,2.233738e-01,5.408656e-01,5.747072e-01,1.950879,342.3165
0.0776129,2.515000e+01,-5.115963e+00,8.743465e-01,2.234536e-01,5.410496e-01,5.747170e-01,1.951691,342.6089
0.0776452,2.515000e+01,-5.115995e+00,8.743465e-01,2.230940e-01,5.411446e-01,5.736912e-01,1.952504,342.9013
0.0776774,2.515000e+01,-5.116014e+00,8.743465e-01,2.228893e-01,5.414621e-01,5.728287e-01,1.953313,343.1928
0.0777097,2.515000e+01,-5.116035e+00,8.743465e-01,2.228795e-01,5.415286e-01,5.727334e-01,1.954125,343.4852
0.0777419,2.515000e+01,-5.116067e+00,8.743465e-01,2.230551e-01,5.412753e-01,5.734528e-01,1.954935,343.7767
0.0777742,2.515000e+01,-5.116105e+00,8.743465e-01,2.232934e-01,5.413822e-01,5.739521e-01,1.955747,344.0691
0.0778065,2.515000e+01,-5.116137e+00,8.743465e-01,2.232395e-01,5.417979e-01,5.733731e-01,1.956560,344.3615
0.0778387,2.515000e+01,-5.116170e+00,8.743465e-01,2.233063e-01,5.419497e-01,5.733841e-01,1.957369,344.6530
0.077871,2.515000e+01,-5.116200e+00,8.743465e-01,2.234521e-01,5.423079e-01,5.733795e-01,1.958182,344.9454
0.0779032,2.515000e+01,-5.116246e+00,8.743465e-01,2.233695e-01,5.412781e-01,5.742579e-01,1.958991,345.2369
0.0779355,2.515000e+01,-5.116306e+00,8.743465e-01,2.233766e-01,5.404191e-01,5.751893e-01,1.959804,345.5293
0.0779677,2.515000e+01,-5.116371e+00,8.743465e-01,2.234265e-01,5.403820e-01,5.753570e-01,1.960613,345.8208
0.078,2.515000e+01,-5.116415e+00,8.743465e-01,2.233193e-01,5.411572e-01,5.742573e-01,1.961426,346.1132
0.0780323,2.515000e+01,-5.116440e+00,8.743465e-01,2.232351e-01,5.418838e-01,5.732711e-01,1.962238,346.4056
0.0780645,2.515000e+01,-5.116465e+00,8.743465e-01,2.232651e-01,5.419475e-01,5.732809e-01,1.963047,346.6971
0.0780968,2.515000e+01,-5.116508e+00,8.743465e-01,2.236569e-01,5.417151e-01,5.745332e-01,1.963860,346.9895
0.078129,2.515000e+01,-5.116542e+00,8.743465e-01,2.235953e-01,5.418323e-01,5.742507e-01,1.964669,347.2810
0.0781613,2.515000e+01,-5.116579e+00,8.743465e-01,2.234866e-01,5.413771e-01,5.744540e-01,1.965482,347.5734
0.0781935,2.515000e+01,-5.116605e+00,8.743465e-01,2.235807e-01,5.418839e-01,5.741584e-01,1.966291,347.8649
0.0782258,2.515000e+01,-5.116642e+00,8.743465e-01,2.239448e-01,5.417017e-01,5.752868e-01,1.967104,348.1573
0.0782581,2.515000e+01,-5.116676e+00,8.743465e-01,2.237831e-01,5.413720e-01,5.752216e-01,1.967916,348.4497
0.0782903,2.515000e+01,-5.116705e+00,8.743465e-01,2.234866e-01,5.408753e-01,5.749868e-01,1.968726,348.7412
0.0783226,2.515000e+01,-5.116720e+00,8.743465e-01,2.233560e-01,5.412171e-01,5.742881e-01,1.969538,349.0336
0.0783548,2.515000e+01,-5.116719e+00,8.743465e-01,2.234617e-01,5.422135e-01,5.735040e-01,1.970347,349.3251
0.0783871,2.515000e+01,-5.116698e+00,8.743465e-01,2.232606e-01,5.426790e-01,5.724965e-01,1.971160,349.6175
0.0784194,2.515000e+01,-5.116683e+00,8.743465e-01,2.233815e-01,5.425285e-01,5.729654e-01,1.971972,349.9099
0.0784516,2.515000e+01,-5.116699e+00,8.743465e-01,2.239602e-01,5.420423e-01,5.749650e-01,1.972782,350.2014
0.0784839,2.515000e+01,-5.116712e+00,8.743465e-01,2.242099e-01,5.425316e-01,5.750869e-01,1.973594,350.4938
0.0785161,2.515000e+01,-5.116728e+00,8.743465e-01,2.240227e-01,5.418750e-01,5.753028e-01,1.974404,350.7853
0.0785484,2.515000e+01,-5.116741e+00,8.743465e-01,2.240156e-01,5.419222e-01,5.752346e-01,1.975216,351.0777
0.0785806,2.515000e+01,-5.116761e+00,8.743465e-01,2.242695e-01,5.420048e-01,5.757989e-01,1.976026,351.3692
0.0786129,2.515000e+01,-5.116774e+00,8.743465e-01,2.240252e-01,5.419546e-01,5.752249e-01,1.976838,351.6616
0.0786452,2.515000e+01,-5.116788e+00,8.743465e-01,2.239411e-01,5.417677e-01,5.752075e-01,1.977650,351.9540
0.0786774,2.515000e+01,-5.116771e+00,8.743465e-01,2.236351e-01,5.427244e-01,5.734088e-01,1.978460,352.2455
0.0787097,2.515000e+01,-5.116753e+00,8.743465e-01,2.239117e-01,5.432545e-01,5.735577e-01,1.979272,352.5379
0.0787419,2.515000e+01,-5.116750e+00,8.743465e-01,2.242471e-01,5.429281e-01,5.747622e-01,1.980082,352.8294
0.0787742,2.515000e+01,-5.116774e+00,8.743465e-01,2.247001e-01,5.424831e-01,5.763956e-01,1.980894,353.1218
0.0788065,2.515000e+01,-5.116776e+00,8.743465e-01,2.244188e-01,5.431797e-01,5.749358e-01,1.981706,353.4142
0.0788387,2.515000e+01,-5.116745e+00,8.743465e-01,2.239874e-01,5.438563e-01,5.731167e-01,1.982516,353.7057
0.078871,2.515000e+01,-5.116761e+00,8.743465e-01,2.243326e-01,5.421090e-01,5.758502e-01,1.983328,353.9981
0.0789032,2.515000e+01,-5.116777e+00,8.743465e-01,2.244481e-01,5.422332e-01,5.760148e-01,1.984138,354.2896
0.0789355,2.515000e+01,-5.116792e+00,8.743465e-01,2.247880e-01,5.428883e-01,5.761907e-01,1.984950,354.5820
0.0789677,2.515000e+01,-5.116789e+00,8.743465e-01,2.245658e-01,5.432265e-01,5.752631e-01,1.985760,354.8735
0.079,2.515000e+01,-5.116788e+00,8.743465e-01,2.242157e-01,5.427060e-01,5.749169e-01,1.986572,355.1659
0.0790333,2.515000e+01,-5.116761e+00,8.743465e-01,2.239353e-01,5.426301e-01,5.742783e-01,1.987409,355.4674
0.0790667,2.515000e+01,-5.116714e+00,8.743465e-01,2.241074e-01,5.440723e-01,5.731962e-01,1.988249,355.7697
0.0791,2.515000e+01,-5.116704e+00,8.743465e-01,2.248789e-01,5.436197e-01,5.756484e-01,1.989087,356.0712
0.0791333,2.515000e+01,-5.116725e+00,8.743465e-01,2.254555e-01,5.432146e-01,5.775545e-01,1.989924,356.3726
0.0791667,2.515000e+01,-5.116737e+00,8.743465e-01,2.253912e-01,5.435830e-01,5.769986e-01,1.990764,356.6750
0.0792,2.515000e+01,-5.116685e+00,8.743465e-01,2.240300e-01,5.439486e-01,5.731285e-01,1.991601,356.9765
0.0792333,2.515000e+01,-5.116656e+00,8.743465e-01,2.240932e-01,5.429245e-01,5.743717e-01,1.992439,357.2779
0.0792667,2.515000e+01,-5.116650e+00,8.743465e-01,2.246584e-01,5.428373e-01,5.759127e-01,1.993279,357.5803
0.0793,2.515000e+01,-5.116665e+00,8.743465e-01,2.253370e-01,5.433174e-01,5.771419e-01,1.994116,357.8817
0.0793333,2.515000e+01,-5.116644e+00,8.743465e-01,2.250888e-01,5.444398e-01,5.753179e-01,1.994953,358.1832
0.0793667,2.515000e+01,-5.116606e+00,8.743465e-01,2.248934e-01,5.448614e-01,5.743734e-01,1.995793,358.4856
0.0794,2.515000e+01,-5.116573e+00,8.743465e-01,2.249165e-01,5.447411e-01,5.745594e-01,1.996631,358.7870
0.0794333,2.515000e+01,-5.116542e+00,8.743465e-01,2.248131e-01,5.446347e-01,5.744074e-01,1.997468,359.0885
0.0794667,2.515000e+01,-5.116588e+00,8.743465e-01,2.256295e-01,5.425085e-01,5.787527e-01,1.998308,359.3908
0.0795,2.515000e+01,-5.116633e+00,8.743465e-01,2.257363e-01,5.428155e-01,5.786992e-01,1.999145,359.6923
0.0795333,2.515000e+01,-5.116648e+00,8.743465e-01,2.256753e-01,5.442116e-01,5.770588e-01,1.999983,359.9937
0.0795667,2.515000e+01,-5.116593e+00,8.743465e-01,2.242628e-01,5.448846e-01,5.727386e-01,2.000823,0.2961
0.0796,2.515000e+01,-5.116540e+00,8.743465e-01,2.239346e-01,5.441455e-01,5.726771e-01,2.001660,0.5976
0.0796333,2.515000e+01,-5.116522e+00,8.743465e-01,2.246523e-01,5.437936e-01,5.748842e-01,2.002497,0.8990
0.0796667,2.515000e+01,-5.116521e+00,8.743465e-01,2.256792e-01,5.448555e-01,5.763867e-01,2.003337,1.2014
0.0797,2.515000e+01,-5.116523e+00,8.743465e-01,2.257471e-01,5.448046e-01,5.766140e-01,2.004175,1.5028
0.0797333,2.515000e+01,-5.116493e+00,8.743465e-01,2.251618e-01,5.451250e-01,5.747808e-01,2.005012,1.8043
0.0797667,2.515000e+01,-5.116457e+00,8.743465e-01,2.250277e-01,5.451969e-01,5.743628e-01,2.005852,2.1067
0.0798,2.515000e+01,-5.116450e+00,8.743465e-01,2.252175e-01,5.443279e-01,5.757650e-01,2.006689,2.4081
0.0798333,2.515000e+01,-5.116475e+00,8.743465e-01,2.257451e-01,5.437121e-01,5.777674e-01,2.007527,2.7096
0.0798667,2.515000e+01,-5.116499e+00,8.743465e-01,2.257569e-01,5.440095e-01,5.774818e-01,2.008366,3.0119
0.0799,2.515000e+01,-5.116494e+00,8.743465e-01,2.256617e-01,5.450955e-01,5.760881e-01,2.009204,3.3134
0.0799333,2.515000e+01,-5.116454e+00,8.743465e-01,2.250334e-01,5.456336e-01,5.739176e-01,2.010041,3.6148
0.0799667,2.515000e+01,-5.116414e+00,8.743465e-01,2.250896e-01,5.455837e-01,5.741136e-01,2.010881,3.9172
0.08,2.515000e+01,-5.116363e+00,8.743465e-01,2.251195e-01,5.459075e-01,5.738491e-01,2.011718,4.2187
0.0800333,2.515000e+01,-5.116329e+00,8.743465e-01,2.255361e-01,5.456610e-01,5.751707e-01,2.012556,4.5201
0.0800667,2.515000e+01,-5.116347e+00,8.743465e-01,2.262763e-01,5.442785e-01,5.785243e-01,2.013396,4.8225
0.0801,2.515000e+01,-5.116359e+00,8.743465e-01,2.261717e-01,5.442044e-01,5.783356e-01,2.014233,5.1239
0.0801333,2.515000e+01,-5.116319e+00,8.743465e-01,2.256174e-01,5.456211e-01,5.754202e-01,2.015071,5.4254
0.0801667,2.515000e+01,-5.116273e+00,8.743465e-01,2.255071e-01,5.457199e-01,5.750348e-01,2.015910,5.7277
0.0802,2.515000e+01,-5.116240e+00,8.743465e-01,2.255921e-01,5.452503e-01,5.757468e-01,2.016748,6.0292
0.0802333,2.515000e+01,-5.116201e+00,8.743465e-01,2.254286e-01,5.450359e-01,5.755561e-01,2.017585,6.3307
0.0802667,2.515000e+01,-5.116143e+00,8.743465e-01,2.255198e-01,5.460564e-01,5.747129e-01,2.018425,6.6330
0.0803,2.515000e+01,-5.116104e+00,8.743465e-01,2.257896e-01,5.457250e-01,5.757496e-01,2.019262,6.9345
0.0803333,2.515000e+01,-5.116073e+00,8.743465e-01,2.259557e-01,5.456789e-01,5.762219e-01,2.020100,7.2359
0.0803667,2.515000e+01,-5.116020e+00,8.743465e-01,2.257793e-01,5.463611e-01,5.750532e-01,2.020940,7.5383
0.0804,2.515000e+01,-5.115971e+00,8.743465e-01,2.256773e-01,5.458199e-01,5.753635e-01,2.021777,7.8397
0.0804333,2.515000e+01,-5.115933e+00,8.743465e-01,2.258779e-01,5.454819e-01,5.762315e-01,2.022614,8.1412
0.0804667,2.515000e+01,-5.115894e+00,8.743465e-01,2.258760e-01,5.453371e-01,5.763798e-01,2.023454,8.4436
0.0805,2.515000e+01,-5.115844e+00,8.743465e-01,2.259752e-01,5.460086e-01,5.759238e-01,2.024292,8.7450
0.0805333,2.515000e+01,-5.115772e+00,8.743465e-01,2.257089e-01,5.462167e-01,5.750259e-01,2.025129,9.0465
0.0805667,2.515000e+01,-5.115689e+00,8.743465e-01,2.256364e-01,5.462039e-01,5.748546e-01,2.025969,9.3488
0.0806,2.515000e+01,-5.115594e+00,8.743465e-01,2.255936e-01,5.464794e-01,5.744558e-01,2.026806,9.6503
0.0806333,2.515000e+01,-5.115516e+00,8.743465e-01,2.260328e-01,5.461749e-01,5.758951e-01,2.027644,9.9517
0.0806667,2.515000e+01,-5.115460e+00,8.743465e-01,2.265551e-01,5.459696e-01,5.774430e-01,2.028484,10.2541
0.0807,2.515000e+01,-5.115395e+00,8.743465e-01,2.265470e-01,5.462571e-01,5.771185e-01,2.029321,10.5556
0.0807333,2.515000e+01,-5.115300e+00,8.743465e-01,2.261238e-01,5.468916e-01,5.753721e-01,2.030158,10.8570
0.0807667,2.515000e+01,-5.115201e+00,8.743465e-01,2.256063e-01,5.459829e-01,5.750107e-01,2.030998,11.1594
0.0808,2.515000e+01,-5.115115e+00,8.743465e-01,2.258604e-01,5.457893e-01,5.758625e-01,2.031836,11.4608
0.0808333,2.515000e+01,-5.115024e+00,8.743465e-01,2.260602e-01,5.462880e-01,5.758459e-01,2.032673,11.7623
0.0808667,2.515000e+01,-5.114923e+00,8.743465e-01,2.263057e-01,5.470735e-01,5.756434e-01,2.033513,12.0647
0.0809,2.515000e+01,-5.114826e+00,8.743465e-01,2.262396e-01,5.467950e-01,5.757684e-01,2.034350,12.3661
0.0809333,2.515000e+01,-5.114727e+00,8.743465e-01,2.261908e-01,5.464496e-01,5.760080e-01,2.035188,12.6676
0.0809667,2.515000e+01,-5.114611e+00,8.743465e-01,2.261269e-01,5.470287e-01,5.752356e-01,2.036028,12.9699
0.081,2.515000e+01,-5.114502e+00,8.743465e-01,2.262649e-01,5.468595e-01,5.757648e-01,2.036865,13.2714
0.0810333,2.515000e+01,-5.114383e+00,8.743465e-01,2.262448e-01,5.471934e-01,5.753624e-01,2.037702,13.5728
0.0810667,2.515000e+01,-5.114258e+00,8.743465e-01,2.260725e-01,5.471297e-01,5.749912e-01,2.038542,13.8752
0.0811,2.515000e+01,-5.114145e+00,8.743465e-01,2.261139e-01,5.466498e-01,5.756012e-01,2.039380,14.1767
0.0811333,2.515000e+01,-5.114043e+00,8.743465e-01,2.260039e-01,5.459352e-01,5.760744e-01,2.040217,14.4781
0.0811667,2.515000e+01,-5.113945e+00,8.743465e-01,2.261915e-01,5.462193e-01,5.762527e-01,2.041057,14.7805
0.0812,2.515000e+01,-5.113821e+00,8.743465e-01,2.260594e-01,5.471182e-01,5.749698e-01,2.041894,15.0819
0.0812333,2.515000e+01,-5.113688e+00,8.743465e-01,2.260994e-01,5.476641e-01,5.744983e-01,2.042732,15.3834
0.0812667,2.515000e+01,-5.113560e+00,8.743465e-01,2.260929e-01,5.474310e-01,5.747267e-01,2.043572,15.6858
0.0813,2.515000e+01,-5.113439e+00,8.743465e-01,2.260818e-01,5.471650e-01,5.749775e-01,2.044409,15.9872
0.0813333,2.515000e+01,-5.113351e+00,8.743465e-01,2.264957e-01,5.464426e-01,5.767917e-01,2.045246,16.2887
0.0813667,2.515000e+01,-5.113266e+00,8.743465e-01,2.265574e-01,5.464264e-01,5.769660e-01,2.046086,16.5910
0.0814,2.515000e+01,-5.113177e+00,8.743465e-01,2.266126e-01,5.467290e-01,5.767873e-01,2.046924,16.8925
0.0814333,2.515000e+01,-5.113063e+00,8.743465e-01,2.262462e-01,5.473605e-01,5.751902e-01,2.047761,17.1939
0.0814667,2.515000e+01,-5.112951e+00,8.743465e-01,2.261742e-01,5.473249e-01,5.750448e-01,2.048601,17.4963
0.0815,2.515000e+01,-5.112851e+00,8.743465e-01,2.262466e-01,5.469772e-01,5.755946e-01,2.049438,17.7978
0.0815333,2.515000e+01,-5.112743e+00,8.743465e-01,2.260162e-01,5.470719e-01,5.749087e-01,2.050276,18.0992
0.0815667,2.515000e+01,-5.112628e+00,8.743465e-01,2.261301e-01,5.476833e-01,5.745562e-01,2.051115,18.4016
0.0816,2.515000e+01,-5.112514e+00,8.743465e-01,2.261300e-01,5.476414e-01,5.746001e-01,2.051953,18.7030
0.0816333,2.515000e+01,-5.112405e+00,8.743465e-01,2.262024e-01,5.477304e-01,5.746906e-01,2.052790,19.0045
0.0816667,2.515000e+01,-5.112315e+00,8.743465e-01,2.261805e-01,5.469707e-01,5.754330e-01,2.053630,19.3068
0.0817,2.515000e+01,-5.112238e+00,8.743465e-01,2.260971e-01,5.464501e-01,5.757690e-01,2.054467,19.6083
0.0817333,2.515000e+01,-5.112164e+00,8.743465e-01,2.261596e-01,5.463733e-01,5.760092e-01,2.055305,19.9098
0.0817667,2.515000e+01,-5.112077e+00,8.743465e-01,2.261443e-01,5.472448e-01,5.750527e-01,2.056145,20.2121
0.0818,2.515000e+01,-5.111977e+00,8.743465e-01,2.260808e-01,5.481081e-01,5.739859e-01,2.056982,20.5136
0.0818333,2.515000e+01,-5.111879e+00,8.743465e-01,2.260037e-01,5.479941e-01,5.739094e-01,2.057820,20.8150
0.0818667,2.515000e+01,-5.111780e+00,8.743465e-01,2.258503e-01,5.480630e-01,5.734478e-01,2.058659,21.1174
0.0819,2.515000e+01,-5.111700e+00,8.743465e-01,2.260312e-01,5.476638e-01,5.743254e-01,2.059497,21.4188
0.0819333,2.515000e+01,-5.111668e+00,8.743465e-01,2.265612e-01,5.466879e-01,5.766997e-01,2.060334,21.7203
0.0819667,2.515000e+01,-5.111654e+00,8.743465e-01,2.267536e-01,5.465804e-01,5.773032e-01,2.061174,22.0227
0.082,2.515000e+01,-5.111619e+00,8.743465e-01,2.265530e-01,5.475402e-01,5.757812e-01,2.062011,22.3241
0.0820333,2.515000e+01,-5.111557e+00,8.743465e-01,2.259784e-01,5.481376e-01,5.736950e-01,2.062849,22.6256
0.0820667,2.515000e+01,-5.111502e+00,8.743465e-01,2.259798e-01,5.481227e-01,5.737141e-01,2.063689,22.9279
0.0821,2.515000e+01,-5.111469e+00,8.743465e-01,2.261478e-01,5.476682e-01,5.746170e-01,2.064526,23.2294
0.0821333,2.515000e+01,-5.111455e+00,8.743465e-01,2.263337e-01,5.476185e-01,5.751417e-01,2.065363,23.5308
0.0821667,2.515000e+01,-5.111432e+00,8.743465e-01,2.264402e-01,5.483800e-01,5.746133e-01,2.066203,23.8332
0.0822,2.515000e+01,-5.111409e+00,8.743465e-01,2.262554e-01,5.482317e-01,5.742997e-01,2.067041,24.1347
0.0822333,2.515000e+01,-5.111381e+00,8.743465e-01,2.261422e-01,5.483857e-01,5.738512e-01,2.067878,24.4361
0.0822667,2.515000e+01,-5.111369e+00,8.743465e-01,2.260054e-01,5.477149e-01,5.742064e-01,2.068718,24.7385
0.0823,2.515000e+01,-5.111394e+00,8.743465e-01,2.264509e-01,5.469076e-01,5.761875e-01,2.069555,25.0399
0.0823333,2.515000e+01,-5.111437e+00,8.743465e-01,2.266244e-01,5.467324e-01,5.768136e-01,2.070393,25.3414
0.0823667,2.515000e+01,-5.111441e+00,8.743465e-01,2.262159e-01,5.481619e-01,5.742724e-01,2.071233,25.6438
0.0824,2.515000e+01,-5.111397e+00,8.743465e-01,2.255178e-01,5.493211e-01,5.712922e-01,2.072070,25.9452
0.0824333,2.515000e+01,-5.111374e+00,8.743465e-01,2.256596e-01,5.487872e-01,5.722076e-01,2.072907,26.2467
0.0824667,2.515000e+01,-5.111385e+00,8.743465e-01,2.260825e-01,5.482165e-01,5.738769e-01,2.073747,26.5490
0.0825,2.515000e+01,-5.111416e+00,8.743465e-01,2.262810e-01,5.479170e-01,5.746945e-01,2.074585,26.8505
0.0825333,2.515000e+01,-5.111455e+00,8.743465e-01,2.263894e-01,5.477291e-01,5.751670e-01,2.075422,27.1519
0.0825667,2.515000e+01,-5.111476e+00,8.743465e-01,2.261995e-01,5.483578e-01,5.740257e-01,2.076262,27.4543
0.0826,2.515000e+01,-5.111497e+00,8.743465e-01,2.264053e-01,5.488749e-01,5.740067e-01,2.077099,27.7558
0.0826333,2.515000e+01,-5.111524e+00,8.743465e-01,2.264229e-01,5.487751e-01,5.741557e-01,2.077937,28.0572
0.0826667,2.515000e+01,-5.111559e+00,8.743465e-01,2.263506e-01,5.479085e-01,5.748801e-01,2.078777,28.3596
0.0827,2.515000e+01,-5.111584e+00,8.743465e-01,2.260544e-01,5.475875e-01,5.744646e-01,2.079614,28.6610
0.0827333,2.515000e+01,-5.111582e+00,8.743465e-01,2.258308e-01,5.485504e-01,5.728890e-01,2.080451,28.9625
0.0827667,2.515000e+01,-5.111577e+00,8.743465e-01,2.259471e-01,5.491094e-01,5.726003e-01,2.081291,29.2648
0.0828,2.515000e+01,-5.111588e+00,8.743465e-01,2.262775e-01,5.490953e-01,5.734524e-01,2.082129,29.5663
0.0828333,2.515000e+01,-5.111615e+00,8.743465e-01,2.265553e-01,5.490073e-01,5.742484e-01,2.082966,29.8678
0.0828667,2.515000e+01,-5.111666e+00,8.743465e-01,2.268555e-01,5.486241e-01,5.754109e-01,2.083806,30.1701
0.0829,2.515000e+01,-5.111725e+00,8.743465e-01,2.268352e-01,5.481999e-01,5.758046e-01,2.084643,30.4716
0.0829333,2.515000e+01,-5.111765e+00,8.743465e-01,2.264549e-01,5.481940e-01,5.748456e-01,2.085481,30.7730
0.0829667,2.515000e+01,-5.111776e+00,8.743465e-01,2.260512e-01,5.490849e-01,5.728896e-01,2.086321,31.0754
0.083,2.515000e+01,-5.111776e+00,8.743465e-01,2.259888e-01,5.496168e-01,5.721773e-01,2.087158,31.3769
0.0830333,2.515000e+01,-5.111799e+00,8.743465e-01,2.262678e-01,5.490976e-01,5.734254e-01,2.087995,31.6783
0.0830667,2.515000e+01,-5.111805e+00,8.743465e-01,2.258901e-01,5.490956e-01,5.724701e-01,2.088835,31.9807
0.0831,2.515000e+01,-5.111806e+00,8.743465e-01,2.256336e-01,5.491403e-01,5.717738e-01,2.089673,32.2821
0.0831333,2.515000e+01,-5.111840e+00,8.743465e-01,2.264236e-01,5.493376e-01,5.735696e-01,2.090510,32.5836
0.0831667,2.515000e+01,-5.111891e+00,8.743465e-01,2.264834e-01,5.487379e-01,5.743479e-01,2.091350,32.8859
0.0832,2.515000e+01,-5.111925e+00,8.743465e-01,2.259465e-01,5.487480e-01,5.729759e-01,2.092187,33.1874
0.0832333,2.515000e+01,-5.111938e+00,8.743465e-01,2.257650e-01,5.493832e-01,5.718536e-01,2.093025,33.4889
0.0832667,2.515000e+01,-5.111993e+00,8.743465e-01,2.265893e-01,5.488639e-01,5.744847e-01,2.093864,33.7912
0.0833,2.515000e+01,-5.112069e+00,8.743465e-01,2.270213e-01,5.488159e-01,5.756303e-01,2.094702,34.0927
0.0833333,2.515000e+01,-5.112116e+00,8.743465e-01,2.264894e-01,5.494870e-01,5.735801e-01,2.095539,34.3941
0.0833667,2.515000e+01,-5.112136e+00,8.743465e-01,2.257781e-01,5.494979e-01,5.717675e-01,2.096379,34.6965
0.0834,2.515000e+01,-5.112176e+00,8.743465e-01,2.260546e-01,5.491142e-01,5.728677e-01,2.097217,34.9979
0.0834333,2.515000e+01,-5.112228e+00,8.743465e-01,2.261244e-01,5.486179e-01,5.735632e-01,2.098054,35.2994
0.0834667,2.515000e+01,-5.112278e+00,8.743465e-01,2.263229e-01,5.491873e-01,5.734713e-01,2.098894,35.6018
0.0835,2.515000e+01,-5.112348e+00,8.743465e-01,2.267786e-01,5.492393e-01,5.745717e-01,2.099731,35.9032
0.0835333,2.515000e+01,-5.112432e+00,8.743465e-01,2.268563e-01,5.489224e-01,5.751003e-01,2.100569,36.2047
0.0835667,2.515000e+01,-5.112464e+00,8.743465e-01,2.256573e-01,5.492528e-01,5.717165e-01,2.101408,36.5070
0.0836,2.515000e+01,-5.112482e+00,8.743465e-01,2.252334e-01,5.491688e-01,5.707299e-01,2.102246,36.8085
0.0836333,2.515000e+01,-5.112519e+00,8.743465e-01,2.256567e-01,5.489911e-01,5.719875e-01,2.103083,37.1099
0.0836667,2.515000e+01,-5.112586e+00,8.743465e-01,2.262729e-01,5.489178e-01,5.736263e-01,2.103923,37.4123
0.0837,2.515000e+01,-5.112653e+00,8.743465e-01,2.263286e-01,5.490741e-01,5.736040e-01,2.104760,37.7138
0.0837333,2.515000e+01,-5.112676e+00,8.743465e-01,2.255260e-01,5.495744e-01,5.710497e-01,2.105598,38.0152
0.0837667,2.515000e+01,-5.112722e+00,8.743465e-01,2.257310e-01,5.490159e-01,5.721501e-01,2.106438,38.3176
0.0838,2.515000e+01,-5.112792e+00,8.743465e-01,2.260844e-01,5.486368e-01,5.734419e-01,2.107275,38.6190
0.0838333,2.515000e+01,-5.112873e+00,8.743465e-01,2.262407e-01,5.484394e-01,5.740447e-01,2.108112,38.9205
0.0838667,2.515000e+01,-5.112949e+00,8.743465e-01,2.261659e-01,5.484644e-01,5.738288e-01,2.108952,39.2229
0.0839,2.515000e+01,-5.113015e+00,8.743465e-01,2.260119e-01,5.485699e-01,5.733279e-01,2.109790,39.5243
0.0839333,2.515000e+01,-5.113036e+00,8.743465e-01,2.252999e-01,5.493702e-01,5.706891e-01,2.110627,39.8258
0.0839667,2.515000e+01,-5.113072e+00,8.743465e-01,2.254307e-01,5.488406e-01,5.715717e-01,2.111467,40.1281
0.084,2.515000e+01,-5.113124e+00,8.743465e-01,2.257048e-01,5.485508e-01,5.725688e-01,2.112304,40.4296
0.0840323,2.515000e+01,-5.113194e+00,8.743465e-01,2.260656e-01,5.487889e-01,5.732352e-01,2.113117,40.7220
0.0840645,2.515000e+01,-5.113261e+00,8.743465e-01,2.261124e-01,5.487397e-01,5.734054e-01,2.113926,41.0135
0.0840968,2.515000e+01,-5.113302e+00,8.743465e-01,2.256163e-01,5.488311e-01,5.720518e-01,2.114739,41.3059
0.084129,2.515000e+01,-5.113349e+00,8.743465e-01,2.257710e-01,5.486252e-01,5.726591e-01,2.115548,41.5974
0.0841613,2.515000e+01,-5.113396e+00,8.743465e-01,2.257044e-01,5.483455e-01,5.727819e-01,2.116361,41.8898
0.0841935,2.515000e+01,-5.113456e+00,8.743465e-01,2.257103e-01,5.478677e-01,5.732966e-01,2.117170,42.1813
0.0842258,2.515000e+01,-5.113514e+00,8.743465e-01,2.256494e-01,5.477688e-01,5.732455e-01,2.117982,42.4737
0.0842581,2.515000e+01,-5.113522e+00,8.743465e-01,2.246257e-01,5.482416e-01,5.701526e-01,2.118795,42.7661
0.0842903,2.515000e+01,-5.113519e+00,8.743465e-01,2.245853e-01,5.485245e-01,5.697562e-01,2.119604,43.0576
0.0843226,2.515000e+01,-5.113530e+00,8.743465e-01,2.249094e-01,5.485242e-01,5.705786e-01,2.120417,43.3500
0.0843548,2.515000e+01,-5.113569e+00,8.743465e-01,2.253085e-01,5.480262e-01,5.721105e-01,2.121226,43.6415
0.0843871,2.515000e+01,-5.113629e+00,8.743465e-01,2.257562e-01,5.476691e-01,5.736213e-01,2.122039,43.9339
0.0844194,2.515000e+01,-5.113682e+00,8.743465e-01,2.255750e-01,5.476228e-01,5.732092e-01,2.122851,44.2263
0.0844516,2.515000e+01,-5.113719e+00,8.743465e-01,2.251860e-01,5.478035e-01,5.720320e-01,2.123661,44.5178
0.0844839,2.515000e+01,-5.113768e+00,8.743465e-01,2.253012e-01,5.476569e-01,5.724779e-01,2.124473,44.8102
0.0845161,2.515000e+01,-5.113796e+00,8.743465e-01,2.250379e-01,5.479812e-01,5.714703e-01,2.125283,45.1017
0.0845484,2.515000e+01,-5.113837e+00,8.743465e-01,2.251274e-01,5.474298e-01,5.722733e-01,2.126095,45.3941
0.0845806,2.515000e+01,-5.113889e+00,8.743465e-01,2.254171e-01,5.475075e-01,5.729287e-01,2.126904,45.6856
0.0846129,2.515000e+01,-5.113918e+00,8.743465e-01,2.247779e-01,5.472192e-01,5.716051e-01,2.127717,45.9780
0.0846452,2.515000e+01,-5.113933e+00,8.743465e-01,2.245600e-01,5.472420e-01,5.710270e-01,2.128529,46.2704
0.0846774,2.515000e+01,-5.113951e+00,8.743465e-01,2.246182e-01,5.471347e-01,5.712870e-01,2.129339,46.5619
0.0847097,2.515000e+01,-5.113991e+00,8.743465e-01,2.253686e-01,5.472998e-01,5.730226e-01,2.130151,46.8543
0.0847419,2.515000e+01,-5.114032e+00,8.743465e-01,2.255981e-01,5.475824e-01,5.733102e-01,2.130961,47.1458
0.0847742,2.515000e+01,-5.114045e+00,8.743465e-01,2.248427e-01,5.471789e-01,5.718118e-01,2.131773,47.4382
0.0848065,2.515000e+01,-5.114059e+00,8.743465e-01,2.248006e-01,5.468300e-01,5.720694e-01,2.132585,47.7306
0.0848387,2.515000e+01,-5.114059e+00,8.743465e-01,2.243086e-01,5.464416e-01,5.712234e-01,2.133395,48.0221
0.084871,2.515000e+01,-5.114074e+00,8.743465e-01,2.247222e-01,5.462607e-01,5.724660e-01,2.134207,48.3145
0.0849032,2.515000e+01,-5.114074e+00,8.743465e-01,2.247379e-01,5.470483e-01,5.716816e-01,2.135017,48.6060
0.0849355,2.515000e+01,-5.114080e+00,8.743465e-01,2.249097e-01,5.469895e-01,5.721804e-01,2.135829,48.8984
0.0849677,2.515000e+01,-5.114084e+00,8.743465e-01,2.247731e-01,5.466472e-01,5.721909e-01,2.136639,49.1899
0.085,2.515000e+01,-5.114073e+00,8.743465e-01,2.242004e-01,5.461195e-01,5.712844e-01,2.137451,49.4823
0.0850323,2.515000e+01,-5.114070e+00,8.743465e-01,2.243806e-01,5.459969e-01,5.718719e-01,2.138263,49.7747
0.0850645,2.515000e+01,-5.114076e+00,8.743465e-01,2.249271e-01,5.463588e-01,5.728853e-01,2.139073,50.0662
0.0850968,2.515000e+01,-5.114077e+00,8.743465e-01,2.249972e-01,5.464395e-01,5.729791e-01,2.139885,50.3586
0.085129,2.515000e+01,-5.114030e+00,8.743465e-01,2.240230e-01,5.466604e-01,5.702674e-01,2.140695,50.6501
0.0851613,2.515000e+01,-5.113983e+00,8.743465e-01,2.237356e-01,5.458013e-01,5.704324e-01,2.141507,50.9425
0.0851935,2.515000e+01,-5.113938e+00,8.743465e-01,2.236911e-01,5.452251e-01,5.709217e-01,2.142317,51.2340
0.0852258,2.515000e+01,-5.113901e+00,8.743465e-01,2.241453e-01,5.453401e-01,5.719604e-01,2.143129,51.5264
0.0852581,2.515000e+01,-5.113854e+00,8.743465e-01,2.242611e-01,5.458984e-01,5.716705e-01,2.143941,51.8188
0.0852903,2.515000e+01,-5.113817e+00,8.743465e-01,2.248363e-01,5.461777e-01,5.728438e-01,2.144751,52.1103
0.0853226,2.515000e+01,-5.113775e+00,8.743465e-01,2.247549e-01,5.459003e-01,5.729273e-01,2.145563,52.4027
0.0853548,2.515000e+01,-5.113718e+00,8.743465e-01,2.241224e-01,5.451259e-01,5.721267e-01,2.146373,52.6942
0.0853871,2.515000e+01,-5.113652e+00,8.743465e-01,2.240621e-01,5.451382e-01,5.719597e-01,2.147185,52.9866
0.0854194,2.515000e+01,-5.113591e+00,8.743465e-01,2.242756e-01,5.452205e-01,5.724185e-01,2.147997,53.2790
0.0854516,2.515000e+01,-5.113535e+00,8.743465e-01,2.244722e-01,5.451356e-01,5.730095e-01,2.148807,53.5705
0.0854839,2.515000e+01,-5.113456e+00,8.743465e-01,2.240076e-01,5.452938e-01,5.716575e-01,2.149619,53.8629
0.0855161,2.515000e+01,-5.113368e+00,8.743465e-01,2.235277e-01,5.447284e-01,5.710248e-01,2.150429,54.1544
0.0855484,2.515000e+01,-5.113283e+00,8.743465e-01,2.237337e-01,5.446603e-01,5.716227e-01,2.151241,54.4468
0.0855806,2.515000e+01,-5.113199e+00,8.743465e-01,2.238033e-01,5.447974e-01,5.716565e-01,2.152051,54.7383
0.0856129,2.515000e+01,-5.113124e+00,8.743465e-01,2.239146e-01,5.445242e-01,5.722279e-01,2.152863,55.0307
0.0856452,2.515000e+01,-5.113052e+00,8.743465e-01,2.240659e-01,5.446624e-01,5.724692e-01,2.153675,55.3231
0.0856774,2.515000e+01,-5.112979e+00,8.743465e-01,2.240307e-01,5.445910e-01,5.724543e-01,2.154485,55.6146
0.0857097,2.515000e+01,-5.112889e+00,8.743465e-01,2.236342e-01,5.444868e-01,5.715504e-01,2.155297,55.9070
0.0857419,2.515000e+01,-5.112782e+00,8.743465e-01,2.231996e-01,5.442788e-01,5.706578e-01,2.156107,56.1985
0.0857742,2.515000e+01,-5.112681e+00,8.743465e-01,2.233514e-01,5.441992e-01,5.711293e-01,2.156919,56.4909
0.0858065,2.515000e+01,-5.112593e+00,8.743465e-01,2.237754e-01,5.443690e-01,5.720350e-01,2.157732,56.7833
0.0858387,2.515000e+01,-5.112499e+00,8.743465e-01,2.234557e-01,5.438185e-01,5.717961e-01,2.158541,57.0748
0.085871,2.515000e+01,-5.112413e+00,8.743465e-01,2.234522e-01,5.434617e-01,5.721625e-01,2.159353,57.3672
0.0859032,2.515000e+01,-5.112328e+00,8.743465e-01,2.236900e-01,5.439006e-01,5.723093e-01,2.160163,57.6587
0.0859355,2.515000e+01,-5.112243e+00,8.743465e-01,2.238836e-01,5.442656e-01,5.724204e-01,2.160975,57.9512
0.0859677,2.515000e+01,-5.112159e+00,8.743465e-01,2.239096e-01,5.441554e-01,5.726028e-01,2.161785,58.2426
0.086,2.515000e+01,-5.112072e+00,8.743465e-01,2.237502e-01,5.438439e-01,5.725229e-01,2.162597,58.5351
0.0860323,2.515000e+01,-5.111995e+00,8.743465e-01,2.237932e-01,5.434044e-01,5.730960e-01,2.163410,58.8275
0.0860645,2.515000e+01,-5.111908e+00,8.743465e-01,2.235618e-01,5.434888e-01,5.724146e-01,2.164219,59.1190
0.0860968,2.515000e+01,-5.111807e+00,8.743465e-01,2.228684e-01,5.429705e-01,5.711838e-01,2.165032,59.4114
0.086129,2.515000e+01,-5.111720e+00,8.743465e-01,2.231035e-01,5.427210e-01,5.720492e-01,2.165841,59.7029
0.0861613,2.515000e+01,-5.111626e+00,8.743465e-01,2.230810e-01,5.429992e-01,5.716987e-01,2.166653,59.9953
0.0861935,2.515000e+01,-5.111539e+00,8.743465e-01,2.234318e-01,5.432843e-01,5.722970e-01,2.167463,60.2868
0.0862258,2.515000e+01,-5.111452e+00,8.743465e-01,2.234759e-01,5.433778e-01,5.723115e-01,2.168275,60.5792
0.0862581,2.515000e+01,-5.111367e+00,8.743465e-01,2.234402e-01,5.432610e-01,5.723430e-01,2.169088,60.8716
0.0862903,2.515000e+01,-5.111293e+00,8.743465e-01,2.235262e-01,5.428535e-01,5.729931e-01,2.169897,61.1631
0.0863226,2.515000e+01,-5.111199e+00,8.743465e-01,2.227882e-01,5.425192e-01,5.714533e-01,2.170710,61.4555
0.0863548,2.515000e+01,-5.111108e+00,8.743465e-01,2.227828e-01,5.423579e-01,5.716095e-01,2.171519,61.7470
0.0863871,2.515000e+01,-5.111014e+00,8.743465e-01,2.228297e-01,5.425958e-01,5.714790e-01,2.172332,62.0394
0.0864194,2.515000e+01,-5.110926e+00,8.743465e-01,2.231892e-01,5.430438e-01,5.719288e-01,2.173144,62.3318
0.0864516,2.515000e+01,-5.110845e+00,8.743465e-01,2.232987e-01,5.430125e-01,5.722426e-01,2.173954,62.6233
0.0864839,2.515000e+01,-5.110775e+00,8.743465e-01,2.234668e-01,5.431082e-01,5.725724e-01,2.174766,62.9157
0.0865161,2.515000e+01,-5.110712e+00,8.743465e-01,2.232756e-01,5.423091e-01,5.729253e-01,2.175575,63.2072
0.0865484,2.515000e+01,-5.110646e+00,8.743465e-01,2.232187e-01,5.423567e-01,5.727291e-01,2.176388,63.4996
0.0865806,2.515000e+01,-5.110583e+00,8.743465e-01,2.232381e-01,5.423775e-01,5.727569e-01,2.177197,63.7911
0.0866129,2.515000e+01,-5.110528e+00,8.743465e-01,2.235298e-01,5.426392e-01,5.732287e-01,2.178010,64.0835
0.0866452,2.515000e+01,-5.110477e+00,8.743465e-01,2.235663e-01,5.428242e-01,5.731269e-01,2.178822,64.3759
0.0866774,2.515000e+01,-5.110429e+00,8.743465e-01,2.231246e-01,5.420005e-01,5.728638e-01,2.179632,64.6674
0.0867097,2.515000e+01,-5.110394e+00,8.743465e-01,2.227912e-01,5.409388e-01,5.731308e-01,2.180444,64.9598
0.0867419,2.515000e+01,-5.110350e+00,8.743465e-01,2.225753e-01,5.413001e-01,5.721931e-01,2.181254,65.2513
0.0867742,2.515000e+01,-5.110307e+00,8.743465e-01,2.228969e-01,5.420237e-01,5.722547e-01,2.182066,65.5437
0.0868065,2.515000e+01,-5.110264e+00,8.743465e-01,2.230697e-01,5.425610e-01,5.721314e-01,2.182878,65.8361
0.0868387,2.515000e+01,-5.110238e+00,8.743465e-01,2.232431e-01,5.422063e-01,5.729506e-01,2.183688,66.1276
0.086871,2.515000e+01,-5.110224e+00,8.743465e-01,2.234950e-01,5.421130e-01,5.736958e-01,2.184500,66.4200
0.0869032,2.515000e+01,-5.110211e+00,8.743465e-01,2.231108e-01,5.414835e-01,5.733754e-01,2.185310,66.7115
0.0869355,2.515000e+01,-5.110195e+00,8.743465e-01,2.229209e-01,5.414034e-01,5.729723e-01,2.186122,67.0039
0.0869677,2.515000e+01,-5.110172e+00,8.743465e-01,2.227901e-01,5.417492e-01,5.722706e-01,2.186932,67.2954
0.087,2.515000e+01,-5.110159e+00,8.743465e-01,2.229230e-01,5.418007e-01,5.725572e-01,2.187744,67.5878
0.0870323,2.515000e+01,-5.110156e+00,8.743465e-01,2.229600e-01,5.416279e-01,5.728353e-01,2.188556,67.8802
0.0870645,2.515000e+01,-5.110156e+00,8.743465e-01,2.226822e-01,5.410781e-01,5.727028e-01,2.189366,68.1717
0.0870968,2.515000e+01,-5.110155e+00,8.743465e-01,2.225849e-01,5.412587e-01,5.722614e-01,2.190178,68.4641
0.087129,2.515000e+01,-5.110157e+00,8.743465e-01,2.228682e-01,5.418595e-01,5.723545e-01,2.190988,68.7556
0.0871613,2.515000e+01,-5.110171e+00,8.743465e-01,2.232258e-01,5.421913e-01,5.729221e-01,2.191800,69.0480
0.0871935,2.515000e+01,-5.110200e+00,8.743465e-01,2.232770e-01,5.416723e-01,5.736026e-01,2.192610,69.3395
0.0872258,2.515000e+01,-5.110234e+00,8.743465e-01,2.233416e-01,5.418417e-01,5.735891e-01,2.193422,69.6319
0.0872581,2.515000e+01,-5.110283e+00,8.743465e-01,2.233007e-01,5.412250e-01,5.741377e-01,2.194234,69.9243
0.0872903,2.515000e+01,-5.110336e+00,8.743465e-01,2.229698e-01,5.408553e-01,5.736787e-01,2.195044,70.2158
0.0873226,2.515000e+01,-5.110398e+00,8.743465e-01,2.228791e-01,5.405117e-01,5.738098e-01,2.195856,70.5082
0.0873548,2.515000e+01,-5.110456e+00,8.743465e-01,2.228628e-01,5.408271e-01,5.734331e-01,2.196666,70.7997
0.0873871,2.515000e+01,-5.110513e+00,8.743465e-01,2.230161e-01,5.411769e-01,5.734569e-01,2.197478,71.0921
0.0874194,2.515000e+01,-5.110565e+00,8.743465e-01,2.231272e-01,5.417079e-01,5.731799e-01,2.198290,71.3845
0.0874516,2.515000e+01,-5.110617e+00,8.743465e-01,2.231218e-01,5.417448e-01,5.731271e-01,2.199100,71.6760
0.0874839,2.515000e+01,-5.110669e+00,8.743465e-01,2.231698e-01,5.418960e-01,5.730904e-01,2.199912,71.9684
0.0875161,2.515000e+01,-5.110744e+00,8.743465e-01,2.232314e-01,5.409034e-01,5.743006e-01,2.200722,72.2599
0.0875484,2.515000e+01,-5.110824e+00,8.743465e-01,2.233719e-01,5.409979e-01,5.745618e-01,2.201534,72.5523
0.0875806,2.515000e+01,-5.110890e+00,8.743465e-01,2.230849e-01,5.410343e-01,5.737848e-01,2.202344,72.8438
0.0876129,2.515000e+01,-5.110940e+00,8.743465e-01,2.228366e-01,5.413110e-01,5.728533e-01,2.203156,73.1362
0.0876452,2.515000e+01,-5.110985e+00,8.743465e-01,2.227618e-01,5.415399e-01,5.724189e-01,2.203968,73.4286
0.0876774,2.515000e+01,-5.111042e+00,8.743465e-01,2.229247e-01,5.413146e-01,5.730761e-01,2.204778,73.7201
0.0877097,2.515000e+01,-5.111110e+00,8.743465e-01,2.231510e-01,5.412152e-01,5.737630e-01,2.205590,74.0125
0.0877419,2.515000e+01,-5.111170e+00,8.743465e-01,2.231682e-01,5.417387e-01,5.732528e-01,2.206400,74.3040
0.0877742,2.515000e+01,-5.111231e+00,8.743465e-01,2.232104e-01,5.418759e-01,5.732159e-01,2.207212,74.5964
0.0878065,2.515000e+01,-5.111290e+00,8.743465e-01,2.233049e-01,5.422057e-01,5.731099e-01,2.208024,74.8888
0.0878387,2.515000e+01,-5.111359e+00,8.743465e-01,2.232791e-01,5.414841e-01,5.738073e-01,2.208834,75.1803
0.087871,2.515000e+01,-5.111445e+00,8.743465e-01,2.233090e-01,5.405031e-01,5.749256e-01,2.209646,75.4727
0.0879032,2.515000e+01,-5.111535e+00,8.743465e-01,2.232806e-01,5.403256e-01,5.750413e-01,2.210456,75.7642
0.0879355,2.515000e+01,-5.111615e+00,8.743465e-01,2.233365e-01,5.408965e-01,5.745783e-01,2.211268,76.0566
0.0879677,2.515000e+01,-5.111667e+00,8.743465e-01,2.231281e-01,5.417926e-01,5.730928e-01,2.212078,76.3481
0.088,2.515000e+01,-5.111720e+00,8.743465e-01,2.231377e-01,5.418660e-01,5.730398e-01,2.212890,76.6405
0.0880323,2.515000e+01,-5.111784e+00,8.743465e-01,2.234836e-01,5.417320e-01,5.740698e-01,2.213703,76.9329
0.0880645,2.515000e+01,-5.111845e+00,8.743465e-01,2.235132e-01,5.418226e-01,5.740500e-01,2.214512,77.2244
0.0880968,2.515000e+01,-5.111908e+00,8.743465e-01,2.234152e-01,5.413718e-01,5.742762e-01,2.215325,77.5168
0.088129,2.515000e+01,-5.111966e+00,8.743465e-01,2.234881e-01,5.415915e-01,5.742306e-01,2.216134,77.8083
0.0881613,2.515000e+01,-5.112027e+00,8.743465e-01,2.238011e-01,5.417948e-01,5.748191e-01,2.216946,78.1007
0.0881935,2.515000e+01,-5.112084e+00,8.743465e-01,2.237220e-01,5.415195e-01,5.749079e-01,2.217756,78.3922
0.0882258,2.515000e+01,-5.112143e+00,8.743465e-01,2.234807e-01,5.407977e-01,5.750544e-01,2.218568,78.6846
0.0882581,2.515000e+01,-5.112184e+00,8.743465e-01,2.232261e-01,5.411088e-01,5.740689e-01,2.219381,78.9770
0.0882903,2.515000e+01,-5.112214e+00,8.743465e-01,2.233903e-01,5.419178e-01,5.736337e-01,2.220190,79.2685
0.0883226,2.515000e+01,-5.112220e+00,8.743465e-01,2.231809e-01,5.426392e-01,5.723340e-01,2.221003,79.5609
0.0883548,2.515000e+01,-5.112227e+00,8.743465e-01,2.232334e-01,5.425400e-01,5.725733e-01,2.221812,79.8524
0.0883871,2.515000e+01,-5.112264e+00,8.743465e-01,2.237923e-01,5.420009e-01,5.745777e-01,2.222625,80.1448
0.0884194,2.515000e+01,-5.112298e+00,8.743465e-01,2.240395e-01,5.425509e-01,5.746293e-01,2.223437,80.4372
0.0884516,2.515000e+01,-5.112343e+00,8.743465e-01,2.240392e-01,5.418267e-01,5.753966e-01,2.224246,80.7287
0.0884839,2.515000e+01,-5.112379e+00,8.743465e-01,2.238628e-01,5.418570e-01,5.749115e-01,2.225059,81.0211
0.0885161,2.515000e+01,-5.112421e+00,8.743465e-01,2.241160e-01,5.419644e-01,5.754477e-01,2.225868,81.3126
0.0885484,2.515000e+01,-5.112459e+00,8.743465e-01,2.240355e-01,5.420295e-01,5.751718e-01,2.226681,81.6050
0.0885806,2.515000e+01,-5.112499e+00,8.743465e-01,2.238491e-01,5.415955e-01,5.751540e-01,2.227490,81.8965
0.0886129,2.515000e+01,-5.112512e+00,8.743465e-01,2.235718e-01,5.425350e-01,5.734466e-01,2.228303,82.1889
0.0886452,2.515000e+01,-5.112521e+00,8.743465e-01,2.238080e-01,5.430678e-01,5.734893e-01,2.229115,82.4813
0.0886774,2.515000e+01,-5.112533e+00,8.743465e-01,2.240117e-01,5.431024e-01,5.739747e-01,2.229925,82.7728
0.0887097,2.515000e+01,-5.112581e+00,8.743465e-01,2.245869e-01,5.424314e-01,5.761604e-01,2.230737,83.0652
0.0887419,2.515000e+01,-5.112610e+00,8.743465e-01,2.243866e-01,5.430141e-01,5.750286e-01,2.231547,83.3567
0.0887742,2.515000e+01,-5.112610e+00,8.743465e-01,2.239851e-01,5.437064e-01,5.732690e-01,2.232359,83.6491
0.0888065,2.515000e+01,-5.112641e+00,8.743465e-01,2.241520e-01,5.423715e-01,5.751081e-01,2.233171,83.9415
0.0888387,2.515000e+01,-5.112679e+00,8.743465e-01,2.242895e-01,5.421588e-01,5.756868e-01,2.233981,84.2330
0.088871,2.515000e+01,-5.112720e+00,8.743465e-01,2.247098e-01,5.426191e-01,5.762763e-01,2.234793,84.5254
0.0889032,2.515000e+01,-5.112744e+00,8.743465e-01,2.245618e-01,5.432995e-01,5.751754e-01,2.235603,84.8169
0.0889355,2.515000e+01,-5.112765e+00,8.743465e-01,2.241524e-01,5.426231e-01,5.748425e-01,2.236415,85.1094
0.0889677,2.515000e+01,-5.112769e+00,8.743465e-01,2.239517e-01,5.430616e-01,5.738640e-01,2.237225,85.4008
0.089,2.515000e+01,-5.112748e+00,8.743465e-01,2.237710e-01,5.438312e-01,5.725895e-01,2.238037,85.6933
0.0890333,2.515000e+01,-5.112744e+00,8.743465e-01,2.244331e-01,5.435512e-01,5.745796e-01,2.238874,85.9947
0.0890667,2.515000e+01,-5.112786e+00,8.743465e-01,2.253117e-01,5.430710e-01,5.773389e-01,2.239714,86.2971
0.0891,2.515000e+01,-5.112826e+00,8.743465e-01,2.253860e-01,5.433243e-01,5.772600e-01,2.240551,86.5985
0.0891333,2.515000e+01,-5.112810e+00,8.743465e-01,2.243295e-01,5.440311e-01,5.738077e-01,2.241389,86.9000
0.0891667,2.515000e+01,-5.112797e+00,8.743465e-01,2.239108e-01,5.429934e-01,5.738314e-01,2.242229,87.2023
0.0892,2.515000e+01,-5.112803e+00,8.743465e-01,2.243447e-01,5.428048e-01,5.751429e-01,2.243066,87.5038
0.0892333,2.515000e+01,-5.112841e+00,8.743465e-01,2.252187e-01,5.430198e-01,5.771550e-01,2.243903,87.8053
0.0892667,2.515000e+01,-5.112848e+00,8.743465e-01,2.250904e-01,5.441696e-01,5.756074e-01,2.244743,88.1076
0.0893,2.515000e+01,-5.112835e+00,8.743465e-01,2.248282e-01,5.447596e-01,5.743143e-01,2.245581,88.4091
0.0893333,2.515000e+01,-5.112820e+00,8.743465e-01,2.247858e-01,5.447378e-01,5.742289e-01,2.246418,88.7105
0.0893667,2.515000e+01,-5.112809e+00,8.743465e-01,2.247921e-01,5.448117e-01,5.741671e-01,2.247258,89.0129
0.0894,2.515000e+01,-5.112858e+00,8.743465e-01,2.252617e-01,5.428220e-01,5.774756e-01,2.248095,89.3143
0.0894333,2.515000e+01,-5.112927e+00,8.743465e-01,2.256476e-01,5.426249e-01,5.786749e-01,2.248933,89.6158
0.0894667,2.515000e+01,-5.112978e+00,8.743465e-01,2.256819e-01,5.436653e-01,5.776554e-01,2.249773,89.9182
0.0895,2.515000e+01,-5.112958e+00,8.743465e-01,2.245406e-01,5.449072e-01,5.734243e-01,2.250610,90.2196
0.0895333,2.515000e+01,-5.112922e+00,8.743465e-01,2.238283e-01,5.442154e-01,5.723318e-01,2.251447,90.5211
0.0895667,2.515000e+01,-5.112909e+00,8.743465e-01,2.242285e-01,5.438297e-01,5.737618e-01,2.252287,90.8234
0.0896,2.515000e+01,-5.112934e+00,8.743465e-01,2.254819e-01,5.444393e-01,5.763231e-01,2.253125,91.1249
0.0896333,2.515000e+01,-5.112959e+00,8.743465e-01,2.256877e-01,5.448176e-01,5.764486e-01,2.253962,91.4263
0.0896667,2.515000e+01,-5.112956e+00,8.743465e-01,2.251974e-01,5.450187e-01,5.749839e-01,2.254802,91.7287
0.0897,2.515000e+01,-5.112941e+00,8.743465e-01,2.249460e-01,5.451374e-01,5.742170e-01,2.255639,92.0302
0.0897333,2.515000e+01,-5.112943e+00,8.743465e-01,2.250204e-01,5.445971e-01,5.749767e-01,2.256477,92.3316
0.0897667,2.515000e+01,-5.112985e+00,8.743465e-01,2.255509e-01,5.436882e-01,5.772957e-01,2.257317,92.6340
0.0898,2.515000e+01,-5.113033e+00,8.743465e-01,2.257125e-01,5.438581e-01,5.775289e-01,2.258154,92.9354
0.0898333,2.515000e+01,-5.113059e+00,8.743465e-01,2.256277e-01,5.446760e-01,5.764450e-01,2.258991,93.2369
0.0898667,2.515000e+01,-5.113042e+00,8.743465e-01,2.250389e-01,5.456222e-01,5.739438e-01,2.259831,93.5393
0.0899,2.515000e+01,-5.113021e+00,8.743465e-01,2.249748e-01,5.455158e-01,5.738921e-01,2.260669,93.8407
0.0899333,2.515000e+01,-5.112993e+00,8.743465e-01,2.249712e-01,5.457092e-01,5.736795e-01,2.261506,94.1422
0.0899667,2.515000e+01,-5.112968e+00,8.743465e-01,2.253529e-01,5.459626e-01,5.743862e-01,2.262346,94.4445
0.09,2.515000e+01,-5.113000e+00,8.743465e-01,2.260394e-01,5.443927e-01,5.777974e-01,2.263183,94.7460
0.0900333,2.515000e+01,-5.113032e+00,8.743465e-01,2.260888e-01,5.441601e-01,5.781707e-01,2.264021,95.0474
0.0900667,2.515000e+01,-5.113032e+00,8.743465e-01,2.257730e-01,5.450565e-01,5.764137e-01,2.264861,95.3498
0.0901,2.515000e+01,-5.113000e+00,8.743465e-01,2.253720e-01,5.458691e-01,5.745331e-01,2.265698,95.6513
0.0901333,2.515000e+01,-5.112984e+00,8.743465e-01,2.254887e-01,5.452636e-01,5.754691e-01,2.266535,95.9527
0.0901667,2.515000e+01,-5.112970e+00,8.743465e-01,2.254130e-01,5.449879e-01,5.755668e-01,2.267375,96.2551
0.0902,2.515000e+01,-5.112936e+00,8.743465e-01,2.253679e-01,5.457444e-01,5.746540e-01,2.268213,96.5565
0.0902333,2.515000e+01,-5.112908e+00,8.743465e-01,2.255767e-01,5.457931e-01,5.751352e-01,2.269050,96.8580
0.0902667,2.515000e+01,-5.112897e+00,8.743465e-01,2.258826e-01,5.456216e-01,5.760961e-01,2.269890,97.1603
0.0903,2.515000e+01,-5.112869e+00,8.743465e-01,2.257190e-01,5.461591e-01,5.751121e-01,2.270727,97.4618
0.0903333,2.515000e+01,-5.112836e+00,8.743465e-01,2.255861e-01,5.460074e-01,5.749335e-01,2.271565,97.7633
0.0903667,2.515000e+01,-5.112819e+00,8.743465e-01,2.258154e-01,5.454682e-01,5.760866e-01,2.272405,98.0656
0.0904,2.515000e+01,-5.112800e+00,8.743465e-01,2.257295e-01,5.452590e-01,5.760885e-01,2.273242,98.3671
0.0904333,2.515000e+01,-5.112775e+00,8.743465e-01,2.259248e-01,5.457816e-01,5.760348e-01,2.274079,98.6685
0.0904667,2.515000e+01,-5.112723e+00,8.743465e-01,2.256172e-01,5.461488e-01,5.748639e-01,2.274919,98.9709
0.0905,2.515000e+01,-5.112664e+00,8.743465e-01,2.256243e-01,5.461013e-01,5.749318e-01,2.275757,99.2724
0.0905333,2.515000e+01,-5.112588e+00,8.743465e-01,2.254372e-01,5.463590e-01,5.741842e-01,2.276594,99.5738
0.0905667,2.515000e+01,-5.112520e+00,8.743465e-01,2.257970e-01,5.462985e-01,5.751643e-01,2.277434,99.8762
0.0906,2.515000e+01,-5.112481e+00,8.743465e-01,2.263934e-01,5.458676e-01,5.771385e-01,2.278271,100.1776
0.0906333,2.515000e+01,-5.112434e+00,8.743465e-01,2.264519e-01,5.462154e-01,5.769202e-01,2.279109,100.4791
0.0906667,2.515000e+01,-5.112368e+00,8.743465e-01,2.262151e-01,5.467119e-01,5.757936e-01,2.279948,100.7814
0.0907,2.515000e+01,-5.112287e+00,8.743465e-01,2.256038e-01,5.461355e-01,5.748437e-01,2.280786,101.0829
0.0907333,2.515000e+01,-5.112216e+00,8.743465e-01,2.256892e-01,5.457849e-01,5.754307e-01,2.281623,101.3844
0.0907667,2.515000e+01,-5.112145e+00,8.743465e-01,2.258700e-01,5.460295e-01,5.756336e-01,2.282463,101.6867
0.0908,2.515000e+01,-5.112064e+00,8.743465e-01,2.261968e-01,5.469597e-01,5.754862e-01,2.283300,101.9882
0.0908333,2.515000e+01,-5.111988e+00,8.743465e-01,2.262209e-01,5.467724e-01,5.757444e-01,2.284138,102.2896
0.0908667,2.515000e+01,-5.111905e+00,8.743465e-01,2.260825e-01,5.464764e-01,5.757039e-01,2.284978,102.5920
0.0909,2.515000e+01,-5.111811e+00,8.743465e-01,2.260469e-01,5.468398e-01,5.752308e-01,2.285815,102.8934
0.0909333,2.515000e+01,-5.111717e+00,8.743465e-01,2.261169e-01,5.468862e-01,5.753599e-01,2.286653,103.1949
0.0909667,2.515000e+01,-5.111621e+00,8.743465e-01,2.262257e-01,5.470567e-01,5.754576e-01,2.287492,103.4973
0.091,2.515000e+01,-5.111517e+00,8.743465e-01,2.259896e-01,5.470250e-01,5.748904e-01,2.288330,103.7987
0.0910333,2.515000e+01,-5.111418e+00,8.743465e-01,2.260115e-01,5.467816e-01,5.752020e-01,2.289167,104.1002
0.0910667,2.515000e+01,-5.111331e+00,8.743465e-01,2.259250e-01,5.460550e-01,5.757471e-01,2.290007,104.4025
0.0911,2.515000e+01,-5.111252e+00,8.743465e-01,2.260786e-01,5.460259e-01,5.761691e-01,2.290844,104.7040
0.0911333,2.515000e+01,-5.111152e+00,8.743465e-01,2.259960e-01,5.468445e-01,5.750964e-01,2.291682,105.0054
0.0911667,2.515000e+01,-5.111036e+00,8.743465e-01,2.260115e-01,5.475672e-01,5.743768e-01,2.292522,105.3078
0.0912,2.515000e+01,-5.110924e+00,8.743465e-01,2.260172e-01,5.474321e-01,5.745328e-01,2.293359,105.6093
0.0912333,2.515000e+01,-5.110817e+00,8.743465e-01,2.259485e-01,5.471013e-01,5.747055e-01,2.294196,105.9107
0.0912667,2.515000e+01,-5.110735e+00,8.743465e-01,2.263312e-01,5.466846e-01,5.761178e-01,2.295036,106.2131
0.0913,2.515000e+01,-5.110667e+00,8.743465e-01,2.264561e-01,5.462716e-01,5.768716e-01,2.295874,106.5145
0.0913333,2.515000e+01,-5.110595e+00,8.743465e-01,2.265221e-01,5.465669e-01,5.767279e-01,2.296711,106.8160
0.0913667,2.515000e+01,-5.110502e+00,8.743465e-01,2.262670e-01,5.472907e-01,5.753166e-01,2.297551,107.1184
0.0914,2.515000e+01,-5.110405e+00,8.743465e-01,2.260779e-01,5.472247e-01,5.749049e-01,2.298388,107.4198
0.0914333,2.515000e+01,-5.110319e+00,8.743465e-01,2.261760e-01,5.470683e-01,5.753189e-01,2.299226,107.7213
0.0914667,2.515000e+01,-5.110231e+00,8.743465e-01,2.259722e-01,5.468699e-01,5.750091e-01,2.300066,108.0236
0.0915,2.515000e+01,-5.110131e+00,8.743465e-01,2.259941e-01,5.475889e-01,5.743097e-01,2.300903,108.3251
0.0915333,2.515000e+01,-5.110033e+00,8.743465e-01,2.260449e-01,5.475513e-01,5.744783e-01,2.301740,108.6265
0.0915667,2.515000e+01,-5.109937e+00,8.743465e-01,2.261051e-01,5.477149e-01,5.744595e-01,2.302580,108.9289
0.0916,2.515000e+01,-5.109859e+00,8.743465e-01,2.261108e-01,5.471601e-01,5.750567e-01,2.303418,109.2304
0.0916333,2.515000e+01,-5.109797e+00,8.743465e-01,2.260360e-01,5.464409e-01,5.756231e-01,2.304255,109.5318
0.0916667,2.515000e+01,-5.109735e+00,8.743465e-01,2.260338e-01,5.463622e-01,5.757003e-01,2.305095,109.8342
0.0917,2.515000e+01,-5.109671e+00,8.743465e-01,2.261251e-01,5.469063e-01,5.753600e-01,2.305932,110.1356
0.0917333,2.515000e+01,-5.109587e+00,8.743465e-01,2.259463e-01,5.478721e-01,5.738913e-01,2.306770,110.4371
0.0917667,2.515000e+01,-5.109504e+00,8.743465e-01,2.259500e-01,5.479830e-01,5.737848e-01,2.307610,110.7394
0.0918,2.515000e+01,-5.109420e+00,8.743465e-01,2.258179e-01,5.480451e-01,5.733841e-01,2.308447,111.0409
0.0918333,2.515000e+01,-5.109348e+00,8.743465e-01,2.258505e-01,5.477602e-01,5.737653e-01,2.309284,111.3424
0.0918667,2.515000e+01,-5.109321e+00,8.743465e-01,2.263284e-01,5.468358e-01,5.759515e-01,2.310124,111.6447
0.0919,2.515000e+01,-5.109319e+00,8.743465e-01,2.266405e-01,5.465382e-01,5.770595e-01,2.310962,111.9462
0.0919333,2.515000e+01,-5.109311e+00,8.743465e-01,2.265812e-01,5.470681e-01,5.763497e-01,2.311799,112.2476
0.0919667,2.515000e+01,-5.109266e+00,8.743465e-01,2.260146e-01,5.480568e-01,5.738714e-01,2.312639,112.5500
0.092,2.515000e+01,-5.109219e+00,8.743465e-01,2.258390e-01,5.481656e-01,5.733119e-01,2.313476,112.8515
0.0920333,2.515000e+01,-5.109198e+00,8.743465e-01,2.260472e-01,5.477379e-01,5.742885e-01,2.314314,113.1529
0.0920667,2.515000e+01,-5.109197e+00,8.743465e-01,2.261926e-01,5.474827e-01,5.749256e-01,2.315154,113.4553
0.0921,2.515000e+01,-5.109185e+00,8.743465e-01,2.263008e-01,5.482194e-01,5.744278e-01,2.315991,113.7567
0.0921333,2.515000e+01,-5.109178e+00,8.743465e-01,2.262710e-01,5.482173e-01,5.743543e-01,2.316828,114.0582
0.0921667,2.515000e+01,-5.109164e+00,8.743465e-01,2.260641e-01,5.482813e-01,5.737622e-01,2.317668,114.3605
0.0922,2.515000e+01,-5.109159e+00,8.743465e-01,2.259404e-01,5.479506e-01,5.737942e-01,2.318506,114.6620
0.0922333,2.515000e+01,-5.109188e+00,8.743465e-01,2.262182e-01,5.469729e-01,5.755267e-01,2.319343,114.9635
0.0922667,2.515000e+01,-5.109242e+00,8.743465e-01,2.265451e-01,5.467301e-01,5.766143e-01,2.320183,115.2658
0.0923,2.515000e+01,-5.109279e+00,8.743465e-01,2.263493e-01,5.475443e-01,5.752592e-01,2.321020,115.5673
0.0923333,2.515000e+01,-5.109253e+00,8.743465e-01,2.254887e-01,5.491319e-01,5.714152e-01,2.321858,115.8687
0.0923667,2.515000e+01,-5.109234e+00,8.743465e-01,2.254585e-01,5.489273e-01,5.715517e-01,2.322697,116.1711
0.0924,2.515000e+01,-5.109252e+00,8.743465e-01,2.259596e-01,5.483768e-01,5.733971e-01,2.323535,116.4725
0.0924333,2.515000e+01,-5.109292e+00,8.743465e-01,2.261219e-01,5.478173e-01,5.743948e-01,2.324372,116.7740
0.0924667,2.515000e+01,-5.109346e+00,8.743465e-01,2.263460e-01,5.476901e-01,5.750977e-01,2.325212,117.0764
0.0925,2.515000e+01,-5.109379e+00,8.743465e-01,2.260930e-01,5.482358e-01,5.738830e-01,2.326049,117.3778
0.0925333,2.515000e+01,-5.109418e+00,8.743465e-01,2.263442e-01,5.485951e-01,5.741444e-01,2.326887,117.6793
0.0925667,2.515000e+01,-5.109451e+00,8.743465e-01,2.262988e-01,5.489391e-01,5.736696e-01,2.327727,117.9816
0.0926,2.515000e+01,-5.109501e+00,8.743465e-01,2.262918e-01,5.480007e-01,5.746340e-01,2.328564,118.2831
0.0926333,2.515000e+01,-5.109540e+00,8.743465e-01,2.260652e-01,5.476232e-01,5.744544e-01,2.329402,118.5845
0.0926667,2.515000e+01,-5.109560e+00,8.743465e-01,2.258192e-01,5.481740e-01,5.732528e-01,2.330241,118.8869
0.0927,2.515000e+01,-5.109565e+00,8.743465e-01,2.257815e-01,5.489982e-01,5.722966e-01,2.331079,119.1884
0.0927333,2.515000e+01,-5.109582e+00,8.743465e-01,2.260748e-01,5.490672e-01,5.729681e-01,2.331916,119.4898
0.0927667,2.515000e+01,-5.109618e+00,8.743465e-01,2.264074e-01,5.489447e-01,5.739391e-01,2.332756,119.7922
0.0928,2.515000e+01,-5.109674e+00,8.743465e-01,2.266834e-01,5.487751e-01,5.748163e-01,2.333593,120.0936
0.0928333,2.515000e+01,-5.109746e+00,8.743465e-01,2.268428e-01,5.481855e-01,5.758392e-01,2.334431,120.3951
0.0928667,2.515000e+01,-5.109798e+00,8.743465e-01,2.263939e-01,5.481263e-01,5.747616e-01,2.335271,120.6975
0.0929,2.515000e+01,-5.109833e+00,8.743465e-01,2.261758e-01,5.487226e-01,5.735840e-01,2.336108,120.9989
0.0929333,2.515000e+01,-5.109838e+00,8.743465e-01,2.258260e-01,5.496404e-01,5.717405e-01,2.336945,121.3004
0.0929667,2.515000e+01,-5.109869e+00,8.743465e-01,2.261424e-01,5.490252e-01,5.731831e-01,2.337785,121.6027
0.093,2.515000e+01,-5.109889e+00,8.743465e-01,2.259013e-01,5.491437e-01,5.724485e-01,2.338623,121.9042
0.0930333,2.515000e+01,-5.109900e+00,8.743465e-01,2.254961e-01,5.490076e-01,5.715634e-01,2.339460,122.2056
0.0930667,2.515000e+01,-5.109939e+00,8.743465e-01,2.262442e-01,5.492827e-01,5.731722e-01,2.340300,122.5080
0.0931,2.515000e+01,-5.109996e+00,8.743465e-01,2.263856e-01,5.488835e-01,5.739478e-01,2.341137,122.8095
0.0931333,2.515000e+01,-5.110053e+00,8.743465e-01,2.261061e-01,5.485676e-01,5.735693e-01,2.341975,123.1109
0.0931667,2.515000e+01,-5.110074e+00,8.743465e-01,2.255677e-01,5.492400e-01,5.715030e-01,2.342815,123.4133
0.0932,2.515000e+01,-5.110126e+00,8.743465e-01,2.262260e-01,5.489100e-01,5.735154e-01,2.343652,123.7147
0.0932333,2.515000e+01,-5.110211e+00,8.743465e-01,2.269389e-01,5.488520e-01,5.753833e-01,2.344489,124.0162
0.0932667,2.515000e+01,-5.110281e+00,8.743465e-01,2.266571e-01,5.492171e-01,5.742869e-01,2.345329,124.3185
0.0933,2.515000e+01,-5.110311e+00,8.743465e-01,2.256976e-01,5.494187e-01,5.716460e-01,2.346167,124.6200
0.0933333,2.515000e+01,-5.110356e+00,8.743465e-01,2.259904e-01,5.493040e-01,5.725072e-01,2.347004,124.9215
0.0933667,2.515000e+01,-5.110414e+00,8.743465e-01,2.259766e-01,5.486091e-01,5.731974e-01,2.347844,125.2238
0.0934,2.515000e+01,-5.110474e+00,8.743465e-01,2.261844e-01,5.489864e-01,5.733302e-01,2.348681,125.5253
0.0934333,2.515000e+01,-5.110548e+00,8.743465e-01,2.266019e-01,5.492062e-01,5.741586e-01,2.349519,125.8267
0.0934667,2.515000e+01,-5.110639e+00,8.743465e-01,2.267596e-01,5.489157e-01,5.748620e-01,2.350359,126.1291
0.0935,2.515000e+01,-5.110698e+00,8.743465e-01,2.260066e-01,5.491372e-01,5.727220e-01,2.351196,126.4306
0.0935333,2.515000e+01,-5.110721e+00,8.743465e-01,2.250715e-01,5.492265e-01,5.702599e-01,2.352033,126.7320
0.0935667,2.515000e+01,-5.110759e+00,8.743465e-01,2.253883e-01,5.488826e-01,5.714201e-01,2.352873,127.0344
0.0936,2.515000e+01,-5.110832e+00,8.743465e-01,2.261680e-01,5.489650e-01,5.733109e-01,2.353711,127.3358
0.0936333,2.515000e+01,-5.110913e+00,8.743465e-01,2.262735e-01,5.487558e-01,5.737969e-01,2.354548,127.6373
0.0936667,2.515000e+01,-5.110950e+00,8.743465e-01,2.256112e-01,5.495695e-01,5.712705e-01,2.355388,127.9396
0.0937,2.515000e+01,-5.110998e+00,8.743465e-01,2.256007e-01,5.491820e-01,5.716471e-01,2.356225,128.2411
0.0937333,2.515000e+01,-5.111070e+00,8.743465e-01,2.258725e-01,5.486160e-01,5.729262e-01,2.357063,128.5426
0.0937667,2.515000e+01,-5.111159e+00,8.743465e-01,2.261683e-01,5.484093e-01,5.738926e-01,2.357903,128.8449
0.0938,2.515000e+01,-5.111246e+00,8.743465e-01,2.261494e-01,5.484251e-01,5.738282e-01,2.358740,129.1464
0.0938333,2.515000e+01,-5.111321e+00,8.743465e-01,2.258131e-01,5.483097e-01,5.730954e-01,2.359577,129.4478
0.0938667,2.515000e+01,-5.111361e+00,8.743465e-01,2.255060e-01,5.493880e-01,5.711927e-01,2.360417,129.7502
0.0939,2.515000e+01,-5.111402e+00,8.743465e-01,2.252748e-01,5.488694e-01,5.711462e-01,2.361255,130.0516
0.0939333,2.515000e+01,-5.111454e+00,8.743465e-01,2.254960e-01,5.486729e-01,5.719119e-01,2.362092,130.3531
0.0939667,2.515000e+01,-5.111533e+00,8.743465e-01,2.259065e-01,5.480909e-01,5.735614e-01,2.362932,130.6555
0.094,2.515000e+01,-5.111613e+00,8.743465e-01,2.261879e-01,5.484763e-01,5.738724e-01,2.363769,130.9569
0.0940323,2.515000e+01,-5.111668e+00,8.743465e-01,2.257467e-01,5.492195e-01,5.719777e-01,2.364581,131.2493
0.0940645,2.515000e+01,-5.111719e+00,8.743465e-01,2.255884e-01,5.487483e-01,5.720675e-01,2.365391,131.5408
0.0940968,2.515000e+01,-5.111776e+00,8.743465e-01,2.256576e-01,5.484350e-01,5.725699e-01,2.366203,131.8332
0.094129,2.515000e+01,-5.111841e+00,8.743465e-01,2.255434e-01,5.478721e-01,5.728680e-01,2.367013,132.1247
0.0941613,2.515000e+01,-5.111919e+00,8.743465e-01,2.257606e-01,5.476840e-01,5.736167e-01,2.367825,132.4171
0.0941935,2.515000e+01,-5.111937e+00,8.743465e-01,2.245757e-01,5.481535e-01,5.701174e-01,2.368635,132.7086
0.0942258,2.515000e+01,-5.111948e+00,8.743465e-01,2.245566e-01,5.483885e-01,5.698246e-01,2.369447,133.0010
0.0942581,2.515000e+01,-5.111959e+00,8.743465e-01,2.246690e-01,5.485981e-01,5.698920e-01,2.370260,133.2934
0.0942903,2.515000e+01,-5.112000e+00,8.743465e-01,2.251138e-01,5.480602e-01,5.715806e-01,2.371069,133.5849
0.0943226,2.515000e+01,-5.112070e+00,8.743465e-01,2.257002e-01,5.476188e-01,5.735315e-01,2.371881,133.8773
0.0943548,2.515000e+01,-5.112129e+00,8.743465e-01,2.254609e-01,5.476420e-01,5.728991e-01,2.372691,134.1688
0.0943871,2.515000e+01,-5.112180e+00,8.743465e-01,2.251913e-01,5.476689e-01,5.721860e-01,2.373503,134.4612
0.0944194,2.515000e+01,-5.112235e+00,8.743465e-01,2.252217e-01,5.477687e-01,5.721591e-01,2.374316,134.7536
0.0944516,2.515000e+01,-5.112275e+00,8.743465e-01,2.249527e-01,5.477793e-01,5.714646e-01,2.375125,135.0451
0.0944839,2.515000e+01,-5.112322e+00,8.743465e-01,2.250469e-01,5.475050e-01,5.719902e-01,2.375938,135.3375
0.0945161,2.515000e+01,-5.112381e+00,8.743465e-01,2.252727e-01,5.474130e-01,5.726604e-01,2.376747,135.6290
0.0945484,2.515000e+01,-5.112424e+00,8.743465e-01,2.248821e-01,5.472600e-01,5.718273e-01,2.377560,135.9214
0.0945806,2.515000e+01,-5.112451e+00,8.743465e-01,2.245311e-01,5.472037e-01,5.709937e-01,2.378369,136.2129
0.0946129,2.515000e+01,-5.112471e+00,8.743465e-01,2.244026e-01,5.470810e-01,5.707946e-01,2.379181,136.5053
0.0946452,2.515000e+01,-5.112519e+00,8.743465e-01,2.252117e-01,5.472134e-01,5.727143e-01,2.379994,136.7977
0.0946774,2.515000e+01,-5.112573e+00,8.743465e-01,2.256082e-01,5.475618e-01,5.733573e-01,2.380803,137.0892
0.0947097,2.515000e+01,-5.112596e+00,8.743465e-01,2.248021e-01,5.471893e-01,5.716977e-01,2.381616,137.3816
0.0947419,2.515000e+01,-5.112619e+00,8.743465e-01,2.247623e-01,5.468828e-01,5.719168e-01,2.382425,137.6731
0.0947742,2.515000e+01,-5.112627e+00,8.743465e-01,2.242340e-01,5.464417e-01,5.710331e-01,2.383238,137.9655
0.0948065,2.515000e+01,-5.112649e+00,8.743465e-01,2.245976e-01,5.461933e-01,5.722192e-01,2.384050,138.2579
0.0948387,2.515000e+01,-5.112660e+00,8.743465e-01,2.246463e-01,5.468721e-01,5.716329e-01,2.384860,138.5494
0.094871,2.515000e+01,-5.112674e+00,8.743465e-01,2.248466e-01,5.469638e-01,5.720468e-01,2.385672,138.8418
0.0949032,2.515000e+01,-5.112687e+00,8.743465e-01,2.247406e-01,5.467219e-01,5.720299e-01,2.386482,139.1333
0.0949355,2.515000e+01,-5.112684e+00,8.743465e-01,2.242007e-01,5.461507e-01,5.712526e-01,2.387294,139.4257
0.0949677,2.515000e+01,-5.112688e+00,8.743465e-01,2.242109e-01,5.459025e-01,5.715383e-01,2.388103,139.7172
0.095,2.515000e+01,-5.112700e+00,8.743465e-01,2.247861e-01,5.463060e-01,5.725814e-01,2.388916,140.0097
0.0950323,2.515000e+01,-5.112713e+00,8.743465e-01,2.249180e-01,5.462411e-01,5.729854e-01,2.389728,140.3021
0.0950645,2.515000e+01,-5.112679e+00,8.743465e-01,2.241509e-01,5.468634e-01,5.703815e-01,2.390538,140.5936
0.0950968,2.515000e+01,-5.112640e+00,8.743465e-01,2.236746e-01,5.458027e-01,5.702755e-01,2.391350,140.8860
0.095129,2.515000e+01,-5.112602e+00,8.743465e-01,2.236298e-01,5.453052e-01,5.706815e-01,2.392160,141.1775
0.0951613,2.515000e+01,-5.112570e+00,8.743465e-01,2.239511e-01,5.452349e-01,5.715752e-01,2.392972,141.4699
0.0951935,2.515000e+01,-5.112530e+00,8.743465e-01,2.241260e-01,5.457850e-01,5.714448e-01,2.393782,141.7614
0.0952258,2.515000e+01,-5.112498e+00,8.743465e-01,2.246558e-01,5.460596e-01,5.725078e-01,2.394594,142.0538
0.0952581,2.515000e+01,-5.112467e+00,8.743465e-01,2.247619e-01,5.459214e-01,5.729232e-01,2.395406,142.3462
0.0952903,2.515000e+01,-5.112419e+00,8.743465e-01,2.241468e-01,5.452273e-01,5.720825e-01,2.396216,142.6377
0.0953226,2.515000e+01,-5.112362e+00,8.743465e-01,2.239685e-01,5.450424e-01,5.718213e-01,2.397028,142.9301
0.0953548,2.515000e+01,-5.112306e+00,8.743465e-01,2.241838e-01,5.451957e-01,5.722102e-01,2.397838,143.2216
0.0953871,2.515000e+01,-5.112256e+00,8.743465e-01,2.243375e-01,5.451008e-01,5.727022e-01,2.398650,143.5140
0.0954194,2.515000e+01,-5.112192e+00,8.743465e-01,2.241250e-01,5.452540e-01,5.719988e-01,2.399462,143.8064
0.0954516,2.515000e+01,-5.112107e+00,8.743465e-01,2.234154e-01,5.447652e-01,5.706993e-01,2.400272,144.0979
0.0954839,2.515000e+01,-5.112031e+00,8.743465e-01,2.236709e-01,5.446051e-01,5.715201e-01,2.401084,144.3903
0.0955161,2.515000e+01,-5.111950e+00,8.743465e-01,2.236959e-01,5.447973e-01,5.713823e-01,2.401894,144.6818
0.0955484,2.515000e+01,-5.111883e+00,8.743465e-01,2.238113e-01,5.444150e-01,5.720786e-01,2.402706,144.9742
0.0955806,2.515000e+01,-5.111816e+00,8.743465e-01,2.239713e-01,5.445984e-01,5.722946e-01,2.403516,145.2657
0.0956129,2.515000e+01,-5.111750e+00,8.743465e-01,2.239554e-01,5.446066e-01,5.722453e-01,2.404328,145.5581
0.0956452,2.515000e+01,-5.111671e+00,8.743465e-01,2.237452e-01,5.445146e-01,5.718048e-01,2.405140,145.8505
0.0956774,2.515000e+01,-5.111569e+00,8.743465e-01,2.230667e-01,5.442451e-01,5.703532e-01,2.405950,146.1420
0.0957097,2.515000e+01,-5.111474e+00,8.743465e-01,2.232306e-01,5.441450e-01,5.708774e-01,2.406762,146.4344
0.0957419,2.515000e+01,-5.111391e+00,8.743465e-01,2.236968e-01,5.443229e-01,5.718827e-01,2.407572,146.7259
0.0957742,2.515000e+01,-5.111304e+00,8.743465e-01,2.234312e-01,5.438968e-01,5.716512e-01,2.408384,147.0183
0.0958065,2.515000e+01,-5.111224e+00,8.743465e-01,2.233550e-01,5.434359e-01,5.719409e-01,2.409196,147.3107
0.0958387,2.515000e+01,-5.111144e+00,8.743465e-01,2.235613e-01,5.438192e-01,5.720656e-01,2.410006,147.6022
0.095871,2.515000e+01,-5.111067e+00,8.743465e-01,2.238001e-01,5.441154e-01,5.723650e-01,2.410818,147.8946
0.0959032,2.515000e+01,-5.110990e+00,8.743465e-01,2.238434e-01,5.441076e-01,5.724837e-01,2.411628,148.1861
0.0959355,2.515000e+01,-5.110906e+00,8.743465e-01,2.236747e-01,5.439529e-01,5.722150e-01,2.412440,148.4785
0.0959677,2.515000e+01,-5.110834e+00,8.743465e-01,2.236969e-01,5.433267e-01,5.729313e-01,2.413250,148.7700
0.096,2.515000e+01,-5.110757e+00,8.743465e-01,2.235819e-01,5.434901e-01,5.724647e-01,2.414062,149.0624
0.0960323,2.515000e+01,-5.110662e+00,8.743465e-01,2.228612e-01,5.430139e-01,5.711198e-01,2.414874,149.3548
0.0960645,2.515000e+01,-5.110581e+00,8.743465e-01,2.230268e-01,5.426594e-01,5.719175e-01,2.415684,149.6463
0.0960968,2.515000e+01,-5.110492e+00,8.743465e-01,2.229487e-01,5.429388e-01,5.714229e-01,2.416496,149.9387
0.096129,2.515000e+01,-5.110411e+00,8.743465e-01,2.233134e-01,5.431976e-01,5.720851e-01,2.417306,150.2302
0.0961613,2.515000e+01,-5.110331e+00,8.743465e-01,2.234209e-01,5.433476e-01,5.722024e-01,2.418118,150.5226
0.0961935,2.515000e+01,-5.110253e+00,8.743465e-01,2.233662e-01,5.431943e-01,5.722240e-01,2.418928,150.8141
0.0962258,2.515000e+01,-5.110184e+00,8.743465e-01,2.234763e-01,5.428917e-01,5.728252e-01,2.419740,151.1065
0.0962581,2.515000e+01,-5.110096e+00,8.743465e-01,2.228078e-01,5.426479e-01,5.713680e-01,2.420552,151.3989
0.0962903,2.515000e+01,-5.110012e+00,8.743465e-01,2.226930e-01,5.422443e-01,5.714989e-01,2.421362,151.6904
0.0963226,2.515000e+01,-5.109925e+00,8.743465e-01,2.227503e-01,5.424781e-01,5.713994e-01,2.422174,151.9828
0.0963548,2.515000e+01,-5.109842e+00,8.743465e-01,2.230448e-01,5.428634e-01,5.717488e-01,2.422984,152.2743
0.0963871,2.515000e+01,-5.109765e+00,8.743465e-01,2.232194e-01,5.430226e-01,5.720286e-01,2.423796,152.5667
0.0964194,2.515000e+01,-5.109696e+00,8.743465e-01,2.233644e-01,5.431590e-01,5.722563e-01,2.424609,152.8591
0.0964516,2.515000e+01,-5.109636e+00,8.743465e-01,2.231911e-01,5.423681e-01,5.726461e-01,2.425418,153.1506
0.0964839,2.515000e+01,-5.109578e+00,8.743465e-01,2.231813e-01,5.422739e-01,5.727205e-01,2.426231,153.4430
0.0965161,2.515000e+01,-5.109522e+00,8.743465e-01,2.231701e-01,5.422537e-01,5.727134e-01,2.427040,153.7345
0.0965484,2.515000e+01,-5.109468e+00,8.743465e-01,2.233503e-01,5.425371e-01,5.728763e-01,2.427853,154.0269
0.0965806,2.515000e+01,-5.109422e+00,8.743465e-01,2.235585e-01,5.428891e-01,5.730383e-01,2.428662,154.3184
0.0966129,2.515000e+01,-5.109373e+00,8.743465e-01,2.231205e-01,5.422915e-01,5.725459e-01,2.429474,154.6108
0.0966452,2.515000e+01,-5.109346e+00,8.743465e-01,2.227539e-01,5.407870e-01,5.731954e-01,2.430287,154.9032
0.0966774,2.515000e+01,-5.109309e+00,8.743465e-01,2.225346e-01,5.411689e-01,5.722272e-01,2.431096,155.1947
0.0967097,2.515000e+01,-5.109269e+00,8.743465e-01,2.227163e-01,5.418573e-01,5.719666e-01,2.431909,155.4871
0.0967419,2.515000e+01,-5.109229e+00,8.743465e-01,2.229941e-01,5.425276e-01,5.719725e-01,2.432718,155.7786
0.0967742,2.515000e+01,-5.109204e+00,8.743465e-01,2.231382e-01,5.422621e-01,5.726225e-01,2.433531,156.0710
0.0968065,2.515000e+01,-5.109193e+00,8.743465e-01,2.233792e-01,5.420895e-01,5.734233e-01,2.434343,156.3634
0.0968387,2.515000e+01,-5.109188e+00,8.743465e-01,2.231795e-01,5.415003e-01,5.735342e-01,2.435153,156.6549
0.096871,2.515000e+01,-5.109173e+00,8.743465e-01,2.227911e-01,5.413391e-01,5.727066e-01,2.435965,156.9473
0.0969032,2.515000e+01,-5.109155e+00,8.743465e-01,2.227469e-01,5.416773e-01,5.722356e-01,2.436774,157.2388
0.0969355,2.515000e+01,-5.109143e+00,8.743465e-01,2.228262e-01,5.418186e-01,5.722898e-01,2.437587,157.5312
0.0969677,2.515000e+01,-5.109146e+00,8.743465e-01,2.229499e-01,5.415580e-01,5.728830e-01,2.438396,157.8227
0.097,2.515000e+01,-5.109148e+00,8.743465e-01,2.226285e-01,5.411530e-01,5.724854e-01,2.439209,158.1151
0.0970323,2.515000e+01,-5.109149e+00,8.743465e-01,2.225074e-01,5.412036e-01,5.721204e-01,2.440021,158.4075
0.0970645,2.515000e+01,-5.109157e+00,8.743465e-01,2.227463e-01,5.416158e-01,5.722987e-01,2.440831,158.6990
0.0970968,2.515000e+01,-5.109170e+00,8.743465e-01,2.230924e-01,5.421849e-01,5.725865e-01,2.441643,158.9914
0.097129,2.515000e+01,-5.109201e+00,8.743465e-01,2.232046e-01,5.416897e-01,5.733982e-01,2.442453,159.2829
0.0971613,2.515000e+01,-5.109239e+00,8.743465e-01,2.232432e-01,5.417079e-01,5.734779e-01,2.443265,159.5753
0.0971935,2.515000e+01,-5.109287e+00,8.743465e-01,2.232514e-01,5.413888e-01,5.738372e-01,2.444075,159.8668
0.0972258,2.515000e+01,-5.109343e+00,8.743465e-01,2.229456e-01,5.408579e-01,5.736135e-01,2.444887,160.1592
0.0972581,2.515000e+01,-5.109410e+00,8.743465e-01,2.228840e-01,5.404792e-01,5.738570e-01,2.445699,160.4516
0.0972903,2.515000e+01,-5.109471e+00,8.743465e-01,2.227072e-01,5.406718e-01,5.731974e-01,2.446509,160.7431
0.0973226,2.515000e+01,-5.109533e+00,8.743465e-01,2.229363e-01,5.410652e-01,5.733700e-01,2.447321,161.0355
0.0973548,2.515000e+01,-5.109588e+00,8.743465e-01,2.230229e-01,5.416734e-01,5.729485e-01,2.448131,161.3270
0.0973871,2.515000e+01,-5.109645e+00,8.743465e-01,2.230759e-01,5.416587e-01,5.731004e-01,2.448943,161.6194
0.0974194,2.515000e+01,-5.109698e+00,8.743465e-01,2.230773e-01,5.419639e-01,5.727812e-01,2.449755,161.9118
0.0974516,2.515000e+01,-5.109774e+00,8.743465e-01,2.231235e-01,5.409827e-01,5.739389e-01,2.450565,162.2033
0.0974839,2.515000e+01,-5.109858e+00,8.743465e-01,2.233134e-01,5.409336e-01,5.744795e-01,2.451377,162.4957
0.0975161,2.515000e+01,-5.109933e+00,8.743465e-01,2.231093e-01,5.409290e-01,5.739593e-01,2.452187,162.7872
0.0975484,2.515000e+01,-5.109989e+00,8.743465e-01,2.227815e-01,5.412228e-01,5.728049e-01,2.452999,163.0796
0.0975806,2.515000e+01,-5.110038e+00,8.743465e-01,2.226868e-01,5.414650e-01,5.723053e-01,2.453809,163.3711
0.0976129,2.515000e+01,-5.110095e+00,8.743465e-01,2.227973e-01,5.413479e-01,5.727132e-01,2.454621,163.6635
0.0976452,2.515000e+01,-5.110165e+00,8.743465e-01,2.230168e-01,5.410890e-01,5.735517e-01,2.455433,163.9559
0.0976774,2.515000e+01,-5.110230e+00,8.743465e-01,2.231266e-01,5.416775e-01,5.732106e-01,2.456243,164.2474
0.0977097,2.515000e+01,-5.110295e+00,8.743465e-01,2.231246e-01,5.418038e-01,5.730719e-01,2.457055,164.5398
0.0977419,2.515000e+01,-5.110358e+00,8.743465e-01,2.232105e-01,5.420744e-01,5.730064e-01,2.457865,164.8313
0.0977742,2.515000e+01,-5.110427e+00,8.743465e-01,2.232017e-01,5.416972e-01,5.733827e-01,2.458677,165.1237
0.0978065,2.515000e+01,-5.110515e+00,8.743465e-01,2.232664e-01,5.406159e-01,5.746961e-01,2.459489,165.4161
0.0978387,2.515000e+01,-5.110606e+00,8.743465e-01,2.231594e-01,5.402913e-01,5.747658e-01,2.460299,165.7076
0.097871,2.515000e+01,-5.110696e+00,8.743465e-01,2.233157e-01,5.406519e-01,5.747847e-01,2.461111,166.0000
0.0979032,2.515000e+01,-5.110754e+00,8.743465e-01,2.230720e-01,5.416513e-01,5.730981e-01,2.461921,166.2915
0.0979355,2.515000e+01,-5.110809e+00,8.743465e-01,2.230373e-01,5.417782e-01,5.728748e-01,2.462733,166.5839
0.0979677,2.515000e+01,-5.110874e+00,8.743465e-01,2.233460e-01,5.417552e-01,5.736921e-01,2.463543,166.8754
0.098,2.515000e+01,-5.110939e+00,8.743465e-01,2.234417e-01,5.417943e-01,5.738965e-01,2.464355,167.1678
0.0980323,2.515000e+01,-5.111006e+00,8.743465e-01,2.233829e-01,5.413871e-01,5.741768e-01,2.465167,167.4603
0.0980645,2.515000e+01,-5.111070e+00,8.743465e-01,2.233712e-01,5.414104e-01,5.741222e-01,2.465977,167.7518
0.0980968,2.515000e+01,-5.111132e+00,8.743465e-01,2.236858e-01,5.418143e-01,5.745023e-01,2.466789,168.0442
0.098129,2.515000e+01,-5.111192e+00,8.743465e-01,2.237003e-01,5.416347e-01,5.747298e-01,2.467599,168.3357
0.0981613,2.515000e+01,-5.111256e+00,8.743465e-01,2.234698e-01,5.407687e-01,5.750572e-01,2.468411,168.6281
0.0981935,2.515000e+01,-5.111302e+00,8.743465e-01,2.231433e-01,5.409774e-01,5.739956e-01,2.469221,168.9196
0.0982258,2.515000e+01,-5.111341e+00,8.743465e-01,2.233476e-01,5.416522e-01,5.738051e-01,2.470033,169.2120
0.0982581,2.515000e+01,-5.111351e+00,8.743465e-01,2.231059e-01,5.425910e-01,5.721926e-01,2.470845,169.5044
0.0982903,2.515000e+01,-5.111360e+00,8.743465e-01,2.231272e-01,5.424943e-01,5.723492e-01,2.471655,169.7959
0.0983226,2.515000e+01,-5.111396e+00,8.743465e-01,2.236374e-01,5.420080e-01,5.741725e-01,2.472467,170.0883
0.0983548,2.515000e+01,-5.111433e+00,8.743465e-01,2.238794e-01,5.424142e-01,5.743636e-01,2.473277,170.3798
0.0983871,2.515000e+01,-5.111481e+00,8.743465e-01,2.240478e-01,5.419572e-01,5.752802e-01,2.474089,170.6722
0.0984194,2.515000e+01,-5.111520e+00,8.743465e-01,2.237686e-01,5.418010e-01,5.747289e-01,2.474902,170.9646
0.0984516,2.515000e+01,-5.111562e+00,8.743465e-01,2.239808e-01,5.418986e-01,5.751703e-01,2.475711,171.2561
0.0984839,2.515000e+01,-5.111605e+00,8.743465e-01,2.240356e-01,5.420415e-01,5.751595e-01,2.476524,171.5485
0.0985161,2.515000e+01,-5.111649e+00,8.743465e-01,2.237810e-01,5.415465e-01,5.750308e-01,2.477333,171.8400
0.0985484,2.515000e+01,-5.111671e+00,8.743465e-01,2.235787e-01,5.422858e-01,5.737279e-01,2.478145,172.1324
0.0985806,2.515000e+01,-5.111685e+00,8.743465e-01,2.237157e-01,5.429545e-01,5.733722e-01,2.478955,172.4239
0.0986129,2.515000e+01,-5.111695e+00,8.743465e-01,2.238427e-01,5.431395e-01,5.735024e-01,2.479767,172.7163
0.0986452,2.515000e+01,-5.111741e+00,8.743465e-01,2.244312e-01,5.424659e-01,5.757243e-01,2.480580,173.0087
0.0986774,2.515000e+01,-5.111777e+00,8.743465e-01,2.243780e-01,5.428533e-01,5.751769e-01,2.481389,173.3002
0.0987097,2.515000e+01,-5.111790e+00,8.743465e-01,2.240045e-01,5.434313e-01,5.736089e-01,2.482202,173.5926
0.0987419,2.515000e+01,-5.111811e+00,8.743465e-01,2.239798e-01,5.427882e-01,5.742252e-01,2.483011,173.8841
0.0987742,2.515000e+01,-5.111851e+00,8.743465e-01,2.241755e-01,5.420702e-01,5.754882e-01,2.483824,174.1765
0.0988065,2.515000e+01,-5.111899e+00,8.743465e-01,2.246013e-01,5.423935e-01,5.762376e-01,2.484636,174.4689
0.0988387,2.515000e+01,-5.111930e+00,8.743465e-01,2.245876e-01,5.432378e-01,5.753066e-01,2.485445,174.7604
0.098871,2.515000e+01,-5.111953e+00,8.743465e-01,2.241024e-01,5.426817e-01,5.746522e-01,2.486258,175.0528
0.0989032,2.515000e+01,-5.111965e+00,8.743465e-01,2.239596e-01,5.429326e-01,5.740206e-01,2.487067,175.3443
0.0989355,2.515000e+01,-5.111951e+00,8.743465e-01,2.236549e-01,5.435129e-01,5.726277e-01,2.487880,175.6367
0.0989677,2.515000e+01,-5.111936e+00,8.743465e-01,2.241401e-01,5.444212e-01,5.729126e-01,2.488689,175.9282
0.099,2.515000e+01,-5.111977e+00,8.743465e-01,2.250624e-01,5.431716e-01,5.765932e-01,2.489502,176.2206
0.0990333,2.515000e+01,-5.112023e+00,8.743465e-01,2.252293e-01,5.427111e-01,5.775106e-01,2.490339,176.5220
0.0990667,2.515000e+01,-5.112028e+00,8.743465e-01,2.246458e-01,5.437713e-01,5.748913e-01,2.491179,176.8244
0.0991,2.515000e+01,-5.112008e+00,8.743465e-01,2.237942e-01,5.432486e-01,5.732631e-01,2.492016,177.1259
0.0991333,2.515000e+01,-5.112011e+00,8.743465e-01,2.241653e-01,5.427735e-01,5.747161e-01,2.492854,177.4273
0.0991667,2.515000e+01,-5.112048e+00,8.743465e-01,2.249962e-01,5.428388e-01,5.767771e-01,2.493694,177.7297
0.0992,2.515000e+01,-5.112068e+00,8.743465e-01,2.251226e-01,5.437758e-01,5.761068e-01,2.494531,178.0311
0.0992333,2.515000e+01,-5.112059e+00,8.743465e-01,2.247898e-01,5.446572e-01,5.743240e-01,2.495368,178.3326
0.0992667,2.515000e+01,-5.112045e+00,8.743465e-01,2.247158e-01,5.447426e-01,5.740450e-01,2.496208,178.6349
0.0993,2.515000e+01,-5.112036e+00,8.743465e-01,2.247285e-01,5.447417e-01,5.740785e-01,2.497046,178.9364
0.0993333,2.515000e+01,-5.112064e+00,8.743465e-01,2.249532e-01,5.434467e-01,5.760217e-01,2.497883,179.2379
0.0993667,2.515000e+01,-5.112140e+00,8.743465e-01,2.256040e-01,5.424159e-01,5.787861e-01,2.498723,179.5402
0.0994,2.515000e+01,-5.112204e+00,8.743465e-01,2.256731e-01,5.431703e-01,5.781592e-01,2.499560,179.8417
0.0994333,2.515000e+01,-5.112203e+00,8.743465e-01,2.248474e-01,5.448353e-01,5.742836e-01,2.500398,180.1431
0.0994667,2.515000e+01,-5.112167e+00,8.743465e-01,2.237662e-01,5.443346e-01,5.720478e-01,2.501237,180.4455
0.0995,2.515000e+01,-5.112145e+00,8.743465e-01,2.239726e-01,5.439068e-01,5.730256e-01,2.502075,180.7469
0.0995333,2.515000e+01,-5.112172e+00,8.743465e-01,2.251470e-01,5.440024e-01,5.759290e-01,2.502912,181.0484
0.0995667,2.515000e+01,-5.112196e+00,8.743465e-01,2.256080e-01,5.448382e-01,5.762231e-01,2.503752,181.3508
0.0996,2.515000e+01,-5.112205e+00,8.743465e-01,2.253103e-01,5.449064e-01,5.753908e-01,2.504590,181.6522
0.0996333,2.515000e+01,-5.112192e+00,8.743465e-01,2.248851e-01,5.450952e-01,5.741058e-01,2.505427,181.9537
0.0996667,2.515000e+01,-5.112190e+00,8.743465e-01,2.249335e-01,5.448081e-01,5.745322e-01,2.506267,182.2560
0.0997,2.515000e+01,-5.112224e+00,8.743465e-01,2.252998e-01,5.437730e-01,5.765631e-01,2.507104,182.5575
0.0997333,2.515000e+01,-5.112277e+00,8.743465e-01,2.256654e-01,5.437273e-01,5.775473e-01,2.507942,182.8590
0.0997667,2.515000e+01,-5.112313e+00,8.743465e-01,2.255803e-01,5.443262e-01,5.766942e-01,2.508781,183.1613
0.0998,2.515000e+01,-5.112304e+00,8.743465e-01,2.251194e-01,5.455296e-01,5.742463e-01,2.509619,183.4628
0.0998333,2.515000e+01,-5.112286e+00,8.743465e-01,2.248917e-01,5.454589e-01,5.737400e-01,2.510456,183.7642
0.0998667,2.515000e+01,-5.112263e+00,8.743465e-01,2.249172e-01,5.456189e-01,5.736368e-01,2.511296,184.0666
0.0999,2.515000e+01,-5.112235e+00,8.743465e-01,2.251613e-01,5.460776e-01,5.737769e-01,2.512133,184.3680
0.0999333,2.515000e+01,-5.112259e+00,8.743465e-01,2.257896e-01,5.445708e-01,5.769700e-01,2.512971,184.6695
0.0999667,2.515000e+01,-5.112294e+00,8.743465e-01,2.260288e-01,5.441442e-01,5.780341e-01,2.513811,184.9719
0.1,2.515000e+01,-5.112313e+00,8.743465e-01,2.259077e-01,5.445515e-01,5.772924e-01,2.514648,185.2733
0.100033,2.515000e+01,-5.112279e+00,8.743465e-01,2.252665e-01,5.459488e-01,5.741803e-01,2.515478,185.5721
0.100067,2.515000e+01,-5.112262e+00,8.743465e-01,2.253852e-01,5.453312e-01,5.751336e-01,2.516333,185.8798
0.1001,2.515000e+01,-5.112253e+00,8.743465e-01,2.254132e-01,5.450233e-01,5.755301e-01,2.517163,186.1786
0.100133,2.515000e+01,-5.112225e+00,8.743465e-01,2.252638e-01,5.454174e-01,5.747328e-01,2.517993,186.4773
0.100167,2.515000e+01,-5.112196e+00,8.743465e-01,2.254587e-01,5.458190e-01,5.748071e-01,2.518848,186.7851
0.1002,2.515000e+01,-5.112185e+00,8.743465e-01,2.257547e-01,5.455837e-01,5.758100e-01,2.519677,187.0839
0.100233,2.515000e+01,-5.112164e+00,8.743465e-01,2.256986e-01,5.459793e-01,5.752498e-01,2.520507,187.3826
0.100267,2.515000e+01,-5.112133e+00,8.743465e-01,2.255515e-01,5.461222e-01,5.747244e-01,2.521362,187.6904
0.1003,2.515000e+01,-5.112115e+00,8.743465e-01,2.256570e-01,5.454331e-01,5.757196e-01,2.522192,187.9891
0.100333,2.515000e+01,-5.112099e+00,8.743465e-01,2.256727e-01,5.452712e-01,5.759306e-01,2.523022,188.2879
0.100367,2.515000e+01,-5.112081e+00,8.743465e-01,2.258645e-01,5.455654e-01,5.761092e-01,2.523877,188.5957
0.1004,2.515000e+01,-5.112035e+00,8.743465e-01,2.255739e-01,5.460513e-01,5.748561e-01,2.524707,188.8944
0.100433,2.515000e+01,-5.111980e+00,8.743465e-01,2.255824e-01,5.461315e-01,5.747931e-01,2.525537,189.1931
0.100467,2.515000e+01,-5.111908e+00,8.743465e-01,2.253829e-01,5.462663e-01,5.741432e-01,2.526392,189.5009
0.1005,2.515000e+01,-5.111836e+00,8.743465e-01,2.255774e-01,5.463857e-01,5.745130e-01,2.527221,189.7997
0.100533,2.515000e+01,-5.111796e+00,8.743465e-01,2.262240e-01,5.457815e-01,5.767979e-01,2.528051,190.0984
0.100567,2.515000e+01,-5.111755e+00,8.743465e-01,2.264159e-01,5.460931e-01,5.769575e-01,2.528906,190.4062
0.1006,2.515000e+01,-5.111698e+00,8.743465e-01,2.262702e-01,5.465473e-01,5.761073e-01,2.529736,190.7050
0.100633,2.515000e+01,-5.111621e+00,8.743465e-01,2.256533e-01,5.463154e-01,5.747802e-01,2.530566,191.0037
0.100667,2.515000e+01,-5.111547e+00,8.743465e-01,2.255296e-01,5.457930e-01,5.750151e-01,2.531421,191.3115
0.1007,2.515000e+01,-5.111479e+00,8.743465e-01,2.257378e-01,5.458341e-01,5.755026e-01,2.532251,191.6102
0.100733,2.515000e+01,-5.111406e+00,8.743465e-01,2.261002e-01,5.466541e-01,5.755619e-01,2.533080,191.9090
0.100767,2.515000e+01,-5.111333e+00,8.743465e-01,2.262014e-01,5.468397e-01,5.756242e-01,2.533935,192.2168
0.1008,2.515000e+01,-5.111249e+00,8.743465e-01,2.259863e-01,5.465457e-01,5.753861e-01,2.534765,192.5155
0.100833,2.515000e+01,-5.111160e+00,8.743465e-01,2.259608e-01,5.466742e-01,5.751859e-01,2.535595,192.8142
0.100867,2.515000e+01,-5.111066e+00,8.743465e-01,2.260172e-01,5.469039e-01,5.750879e-01,2.536450,193.1220
0.1009,2.515000e+01,-5.110978e+00,8.743465e-01,2.261710e-01,5.468465e-01,5.755396e-01,2.537280,193.4208
0.100933,2.515000e+01,-5.110878e+00,8.743465e-01,2.259839e-01,5.470510e-01,5.748486e-01,2.538110,193.7195
0.100967,2.515000e+01,-5.110777e+00,8.743465e-01,2.259381e-01,5.468721e-01,5.749200e-01,2.538965,194.0273
0.101,2.515000e+01,-5.110689e+00,8.743465e-01,2.258671e-01,5.462078e-01,5.754382e-01,2.539795,194.3260
0.101033,2.515000e+01,-5.110615e+00,8.743465e-01,2.259518e-01,5.457560e-01,5.761307e-01,2.540624,194.6248
0.101067,2.515000e+01,-5.110520e+00,8.743465e-01,2.259327e-01,5.466546e-01,5.751350e-01,2.541479,194.9326
0.1011,2.515000e+01,-5.110412e+00,8.743465e-01,2.260241e-01,5.473513e-01,5.746353e-01,2.542309,195.2313
0.101133,2.515000e+01,-5.110299e+00,8.743465e-01,2.259222e-01,5.474823e-01,5.742388e-01,2.543139,195.5301
0.101167,2.515000e+01,-5.110191e+00,8.743465e-01,2.258681e-01,5.471526e-01,5.744473e-01,2.543994,195.8379
0.1012,2.515000e+01,-5.110099e+00,8.743465e-01,2.261296e-01,5.469357e-01,5.753404e-01,2.544824,196.1366
0.101233,2.515000e+01,-5.110034e+00,8.743465e-01,2.263820e-01,5.461470e-01,5.768143e-01,2.545654,196.4353
0.101267,2.515000e+01,-5.109966e+00,8.743465e-01,2.264620e-01,5.463734e-01,5.767793e-01,2.546509,196.7431
0.1013,2.515000e+01,-5.109878e+00,8.743465e-01,2.262572e-01,5.471689e-01,5.754197e-01,2.547339,197.0419
0.101333,2.515000e+01,-5.109782e+00,8.743465e-01,2.260355e-01,5.471928e-01,5.748306e-01,2.548168,197.3406
0.101367,2.515000e+01,-5.109694e+00,8.743465e-01,2.261198e-01,5.472046e-01,5.750328e-01,2.549023,197.6484
0.1014,2.515000e+01,-5.109611e+00,8.743465e-01,2.259378e-01,5.467370e-01,5.750613e-01,2.549853,197.9471
0.101433,2.515000e+01,-5.109514e+00,8.743465e-01,2.258862e-01,5.473695e-01,5.742658e-01,2.550683,198.2459
0.101467,2.515000e+01,-5.109418e+00,8.743465e-01,2.260003e-01,5.475478e-01,5.743687e-01,2.551538,198.5537
0.1015,2.515000e+01,-5.109323e+00,8.743465e-01,2.259983e-01,5.475895e-01,5.743200e-01,2.552368,198.8524
0.101533,2.515000e+01,-5.109241e+00,8.743465e-01,2.260483e-01,5.473610e-01,5.746866e-01,2.553198,199.1512
0.101567,2.515000e+01,-5.109178e+00,8.743465e-01,2.260005e-01,5.465579e-01,5.754093e-01,2.554053,199.4589
0.1016,2.515000e+01,-5.109117e+00,8.743465e-01,2.259410e-01,5.462972e-01,5.755324e-01,2.554882,199.7577
0.101633,2.515000e+01,-5.109057e+00,8.743465e-01,2.260632e-01,5.466665e-01,5.754547e-01,2.555712,200.0564
0.101667,2.515000e+01,-5.108978e+00,8.743465e-01,2.258471e-01,5.475457e-01,5.739815e-01,2.556567,200.3642
0.1017,2.515000e+01,-5.108895e+00,8.743465e-01,2.259458e-01,5.480751e-01,5.736778e-01,2.557397,200.6630
0.101733,2.515000e+01,-5.108814e+00,8.743465e-01,2.258063e-01,5.479999e-01,5.734020e-01,2.558227,200.9617
0.101767,2.515000e+01,-5.108735e+00,8.743465e-01,2.256928e-01,5.478290e-01,5.732928e-01,2.559082,201.2695
0.1018,2.515000e+01,-5.108694e+00,8.743465e-01,2.260908e-01,5.471479e-01,5.750185e-01,2.559912,201.5682
0.101833,2.515000e+01,-5.108693e+00,8.743465e-01,2.265803e-01,5.464436e-01,5.770062e-01,2.560742,201.8670
0.101867,2.515000e+01,-5.108695e+00,8.743465e-01,2.265980e-01,5.467172e-01,5.767627e-01,2.561597,202.1748
0.1019,2.515000e+01,-5.108659e+00,8.743465e-01,2.260875e-01,5.478819e-01,5.742399e-01,2.562426,202.4735
0.101933,2.515000e+01,-5.108608e+00,8.743465e-01,2.257424e-01,5.481827e-01,5.730486e-01,2.563256,202.7722
0.101967,2.515000e+01,-5.108584e+00,8.743465e-01,2.259634e-01,5.478351e-01,5.739736e-01,2.564111,203.0800
0.102,2.515000e+01,-5.108580e+00,8.743465e-01,2.260537e-01,5.474260e-01,5.746321e-01,2.564941,203.3788
0.102033,2.515000e+01,-5.108573e+00,8.743465e-01,2.261978e-01,5.479305e-01,5.744690e-01,2.565771,203.6775
0.102067,2.515000e+01,-5.108567e+00,8.743465e-01,2.263043e-01,5.482792e-01,5.743740e-01,2.566626,203.9853
0.1021,2.515000e+01,-5.108556e+00,8.743465e-01,2.260194e-01,5.481986e-01,5.737353e-01,2.567456,204.2841
0.102133,2.515000e+01,-5.108548e+00,8.743465e-01,2.259195e-01,5.481120e-01,5.735721e-01,2.568286,204.5828
0.102167,2.515000e+01,-5.108568e+00,8.743465e-01,2.259831e-01,5.471034e-01,5.747913e-01,2.569141,204.8906
0.1022,2.515000e+01,-5.108621e+00,8.743465e-01,2.264899e-01,5.467541e-01,5.764486e-01,2.569970,205.1893
0.102233,2.515000e+01,-5.108673e+00,8.743465e-01,2.264295e-01,5.470066e-01,5.760286e-01,2.570800,205.4881
0.102267,2.515000e+01,-5.108657e+00,8.743465e-01,2.255340e-01,5.488713e-01,5.718014e-01,2.571655,205.7959
0.1023,2.515000e+01,-5.108631e+00,8.743465e-01,2.253416e-01,5.491371e-01,5.710370e-01,2.572485,206.0946
0.102333,2.515000e+01,-5.108642e+00,8.743465e-01,2.258021e-01,5.484848e-01,5.728846e-01,2.573315,206.3933
0.102367,2.515000e+01,-5.108678e+00,8.743465e-01,2.259809e-01,5.478296e-01,5.740239e-01,2.574170,206.7011
0.1024,2.515000e+01,-5.108734e+00,8.743465e-01,2.262997e-01,5.476512e-01,5.750211e-01,2.575000,206.9999
0.102433,2.515000e+01,-5.108773e+00,8.743465e-01,2.260947e-01,5.480755e-01,5.740552e-01,2.575829,207.2986
0.102467,2.515000e+01,-5.108814e+00,8.743465e-01,2.261987e-01,5.483602e-01,5.740212e-01,2.576684,207.6064
0.1025,2.515000e+01,-5.108844e+00,8.743465e-01,2.262263e-01,5.490719e-01,5.733472e-01,2.577514,207.9051
0.102533,2.515000e+01,-5.108894e+00,8.743465e-01,2.262525e-01,5.481124e-01,5.744173e-01,2.578344,208.2039
0.102567,2.515000e+01,-5.108936e+00,8.743465e-01,2.260661e-01,5.476770e-01,5.744001e-01,2.579199,208.5117
0.1026,2.515000e+01,-5.108967e+00,8.743465e-01,2.258176e-01,5.477968e-01,5.736434e-01,2.580029,208.8104
0.102633,2.515000e+01,-5.108972e+00,8.743465e-01,2.256818e-01,5.488690e-01,5.721786e-01,2.580859,209.1092
0.102667,2.515000e+01,-5.108985e+00,8.743465e-01,2.259449e-01,5.491353e-01,5.725678e-01,2.581714,209.4170
0.1027,2.515000e+01,-5.109019e+00,8.743465e-01,2.262422e-01,5.488660e-01,5.736025e-01,2.582544,209.7157
0.102733,2.515000e+01,-5.109067e+00,8.743465e-01,2.265072e-01,5.488755e-01,5.742645e-01,2.583373,210.0144
0.102767,2.515000e+01,-5.109142e+00,8.743465e-01,2.268460e-01,5.482074e-01,5.758244e-01,2.584228,210.3222
0.1028,2.515000e+01,-5.109198e+00,8.743465e-01,2.264171e-01,5.480996e-01,5.748484e-01,2.585058,210.6210
0.102833,2.515000e+01,-5.109243e+00,8.743465e-01,2.262395e-01,5.483708e-01,5.741135e-01,2.585888,210.9197
0.102867,2.515000e+01,-5.109249e+00,8.743465e-01,2.257219e-01,5.495228e-01,5.715994e-01,2.586743,211.2275
0.1029,2.515000e+01,-5.109275e+00,8.743465e-01,2.260068e-01,5.491876e-01,5.726701e-01,2.587573,211.5262
0.102933,2.515000e+01,-5.109299e+00,8.743465e-01,2.259518e-01,5.490878e-01,5.726347e-01,2.588403,211.8250
0.102967,2.515000e+01,-5.109320e+00,8.743465e-01,2.255744e-01,5.488207e-01,5.719566e-01,2.589258,212.1328
0.103,2.515000e+01,-5.109345e+00,8.743465e-01,2.259005e-01,5.492915e-01,5.722925e-01,2.590088,212.4315
0.103033,2.515000e+01,-5.109399e+00,8.743465e-01,2.262979e-01,5.490322e-01,5.735700e-01,2.590917,212.7303
0.103067,2.515000e+01,-5.109465e+00,8.743465e-01,2.262505e-01,5.484953e-01,5.740110e-01,2.591772,213.0380
0.1031,2.515000e+01,-5.109488e+00,8.743465e-01,2.254141e-01,5.490281e-01,5.713342e-01,2.592602,213.3368
0.103133,2.515000e+01,-5.109529e+00,8.743465e-01,2.259576e-01,5.490353e-01,5.727042e-01,2.593432,213.6355
0.103167,2.515000e+01,-5.109611e+00,8.743465e-01,2.268206e-01,5.488408e-01,5.750952e-01,2.594287,213.9433
0.1032,2.515000e+01,-5.109693e+00,8.743465e-01,2.267730e-01,5.489189e-01,5.748928e-01,2.595117,214.2421
0.103233,2.515000e+01,-5.109726e+00,8.743465e-01,2.257632e-01,5.494788e-01,5.717497e-01,2.595947,214.5408
0.103267,2.515000e+01,-5.109767e+00,8.743465e-01,2.258783e-01,5.493938e-01,5.721297e-01,2.596802,214.8486
0.1033,2.515000e+01,-5.109822e+00,8.743465e-01,2.258637e-01,5.486502e-01,5.728679e-01,2.597631,215.1473
0.103333,2.515000e+01,-5.109887e+00,8.743465e-01,2.260946e-01,5.487026e-01,5.733990e-01,2.598461,215.4461
0.103367,2.515000e+01,-5.109954e+00,8.743465e-01,2.264001e-01,5.492240e-01,5.736287e-01,2.599316,215.7539
0.1034,2.515000e+01,-5.110040e+00,8.743465e-01,2.266710e-01,5.490139e-01,5.745347e-01,2.600146,216.0526
0.103433,2.515000e+01,-5.110119e+00,8.743465e-01,2.263677e-01,5.489993e-01,5.737812e-01,2.600976,216.3513
0.103467,2.515000e+01,-5.110141e+00,8.743465e-01,2.250192e-01,5.491973e-01,5.701575e-01,2.601831,216.6591
0.1035,2.515000e+01,-5.110173e+00,8.743465e-01,2.251802e-01,5.489337e-01,5.708394e-01,2.602661,216.9579
0.103533,2.515000e+01,-5.110240e+00,8.743465e-01,2.259676e-01,5.489280e-01,5.728416e-01,2.603491,217.2566
0.103567,2.515000e+01,-5.110326e+00,8.743465e-01,2.262257e-01,5.485260e-01,5.739163e-01,2.604346,217.5644
0.1036,2.515000e+01,-5.110371e+00,8.743465e-01,2.257426e-01,5.495458e-01,5.716279e-01,2.605175,217.8632
0.103633,2.515000e+01,-5.110410e+00,8.743465e-01,2.254523e-01,5.493663e-01,5.710793e-01,2.606005,218.1619
0.103667,2.515000e+01,-5.110478e+00,8.743465e-01,2.257047e-01,5.485865e-01,5.725314e-01,2.606860,218.4697
0.1037,2.515000e+01,-5.110563e+00,8.743465e-01,2.260703e-01,5.484877e-01,5.735619e-01,2.607690,218.7684
0.103733,2.515000e+01,-5.110656e+00,8.743465e-01,2.261589e-01,5.483106e-01,5.739719e-01,2.608520,219.0672
0.103767,2.515000e+01,-5.110730e+00,8.743465e-01,2.257796e-01,5.483460e-01,5.729722e-01,2.609375,219.3750
0.1038,2.515000e+01,-5.110787e+00,8.743465e-01,2.257261e-01,5.491146e-01,5.720348e-01,2.610205,219.6737
0.103833,2.515000e+01,-5.110819e+00,8.743465e-01,2.250326e-01,5.489732e-01,5.704241e-01,2.611035,219.9724
0.103867,2.515000e+01,-5.110867e+00,8.743465e-01,2.253495e-01,5.487342e-01,5.714764e-01,2.611890,220.2802
0.1039,2.515000e+01,-5.110944e+00,8.743465e-01,2.257722e-01,5.480883e-01,5.732232e-01,2.612719,220.5790
0.103933,2.515000e+01,-5.111028e+00,8.743465e-01,2.261253e-01,5.482992e-01,5.738988e-01,2.613549,220.8777
0.103967,2.515000e+01,-5.111092e+00,8.743465e-01,2.258157e-01,5.485585e-01,5.728420e-01,2.614404,221.1855
0.104,2.515000e+01,-5.111141e+00,8.743465e-01,2.255787e-01,5.486134e-01,5.721835e-01,2.615234,221.4842
0.104032,2.515000e+01,-5.111199e+00,8.743465e-01,2.257394e-01,5.489502e-01,5.722398e-01,2.616039,221.7739
0.104065,2.515000e+01,-5.111264e+00,8.743465e-01,2.254552e-01,5.479903e-01,5.725207e-01,2.616869,222.0727
0.104097,2.515000e+01,-5.111346e+00,8.743465e-01,2.257219e-01,5.476214e-01,5.735838e-01,2.617673,222.3624
0.104129,2.515000e+01,-5.111373e+00,8.743465e-01,2.246529e-01,5.480879e-01,5.703815e-01,2.618478,222.6521
0.104161,2.515000e+01,-5.111388e+00,8.743465e-01,2.245043e-01,5.482810e-01,5.698035e-01,2.619283,222.9417
0.104194,2.515000e+01,-5.111392e+00,8.743465e-01,2.244360e-01,5.486052e-01,5.692937e-01,2.620112,223.2405
0.104226,2.515000e+01,-5.111431e+00,8.743465e-01,2.250219e-01,5.481386e-01,5.712658e-01,2.620917,223.5302
0.104258,2.515000e+01,-5.111500e+00,8.743465e-01,2.255899e-01,5.476322e-01,5.732374e-01,2.621722,223.8199
0.10429,2.515000e+01,-5.111559e+00,8.743465e-01,2.253745e-01,5.476649e-01,5.726555e-01,2.622527,224.1095
0.104323,2.515000e+01,-5.111616e+00,8.743465e-01,2.252593e-01,5.476038e-01,5.724267e-01,2.623356,224.4083
0.104355,2.515000e+01,-5.111667e+00,8.743465e-01,2.250820e-01,5.477620e-01,5.718110e-01,2.624161,224.6980
0.104387,2.515000e+01,-5.111716e+00,8.743465e-01,2.249670e-01,5.475718e-01,5.717176e-01,2.624966,224.9877
0.104419,2.515000e+01,-5.111758e+00,8.743465e-01,2.249334e-01,5.476802e-01,5.715189e-01,2.625770,225.2773
0.104452,2.515000e+01,-5.111815e+00,8.743465e-01,2.251325e-01,5.473909e-01,5.723272e-01,2.626600,225.5761
0.104484,2.515000e+01,-5.111868e+00,8.743465e-01,2.250254e-01,5.472728e-01,5.721785e-01,2.627405,225.8658
0.104516,2.515000e+01,-5.111897e+00,8.743465e-01,2.244718e-01,5.470947e-01,5.709563e-01,2.628210,226.1555
0.104548,2.515000e+01,-5.111917e+00,8.743465e-01,2.242979e-01,5.470942e-01,5.705148e-01,2.629014,226.4451
0.104581,2.515000e+01,-5.111962e+00,8.743465e-01,2.250282e-01,5.471820e-01,5.722803e-01,2.629844,226.7439
0.104613,2.515000e+01,-5.112016e+00,8.743465e-01,2.255055e-01,5.475279e-01,5.731319e-01,2.630649,227.0336
0.104645,2.515000e+01,-5.112047e+00,8.743465e-01,2.249067e-01,5.472191e-01,5.719327e-01,2.631454,227.3233
0.104677,2.515000e+01,-5.112071e+00,8.743465e-01,2.247155e-01,5.469157e-01,5.717633e-01,2.632258,227.6129
0.10471,2.515000e+01,-5.112081e+00,8.743465e-01,2.242219e-01,5.464608e-01,5.709824e-01,2.633088,227.9117
0.104742,2.515000e+01,-5.112103e+00,8.743465e-01,2.244785e-01,5.462027e-01,5.719060e-01,2.633893,228.2014
0.104774,2.515000e+01,-5.112117e+00,8.743465e-01,2.245808e-01,5.467126e-01,5.716329e-01,2.634697,228.4911
0.104806,2.515000e+01,-5.112131e+00,8.743465e-01,2.247450e-01,5.469852e-01,5.717657e-01,2.635502,228.7808
0.104839,2.515000e+01,-5.112145e+00,8.743465e-01,2.247029e-01,5.467661e-01,5.718879e-01,2.636332,229.0795
0.104871,2.515000e+01,-5.112148e+00,8.743465e-01,2.242882e-01,5.461756e-01,5.714494e-01,2.637137,229.3692
0.104903,2.515000e+01,-5.112150e+00,8.743465e-01,2.240836e-01,5.459031e-01,5.712133e-01,2.637941,229.6589
0.104935,2.515000e+01,-5.112162e+00,8.743465e-01,2.246443e-01,5.462027e-01,5.723283e-01,2.638746,229.9486
0.104968,2.515000e+01,-5.112174e+00,8.743465e-01,2.247956e-01,5.462275e-01,5.726879e-01,2.639576,230.2473
0.105,2.515000e+01,-5.112153e+00,8.743465e-01,2.243462e-01,5.468274e-01,5.709160e-01,2.640381,230.5370
0.105032,2.515000e+01,-5.112115e+00,8.743465e-01,2.236455e-01,5.458445e-01,5.701575e-01,2.641185,230.8267
0.105065,2.515000e+01,-5.112078e+00,8.743465e-01,2.235652e-01,5.453708e-01,5.704481e-01,2.642015,231.1254
0.105097,2.515000e+01,-5.112046e+00,8.743465e-01,2.238045e-01,5.452016e-01,5.712357e-01,2.642820,231.4151
0.105129,2.515000e+01,-5.112009e+00,8.743465e-01,2.240609e-01,5.456299e-01,5.714414e-01,2.643624,231.7048
0.105161,2.515000e+01,-5.111975e+00,8.743465e-01,2.244354e-01,5.459861e-01,5.720229e-01,2.644429,231.9945
0.105194,2.515000e+01,-5.111948e+00,8.743465e-01,2.247838e-01,5.459596e-01,5.729388e-01,2.645259,232.2932
0.105226,2.515000e+01,-5.111903e+00,8.743465e-01,2.242084e-01,5.453535e-01,5.721074e-01,2.646064,232.5829
0.105258,2.515000e+01,-5.111849e+00,8.743465e-01,2.239024e-01,5.449808e-01,5.717171e-01,2.646868,232.8726
0.10529,2.515000e+01,-5.111791e+00,8.743465e-01,2.240514e-01,5.452013e-01,5.718663e-01,2.647673,233.1623
0.105323,2.515000e+01,-5.111740e+00,8.743465e-01,2.242340e-01,5.450712e-01,5.724690e-01,2.648503,233.4610
0.105355,2.515000e+01,-5.111686e+00,8.743465e-01,2.242729e-01,5.451631e-01,5.724716e-01,2.649308,233.7507
0.105387,2.515000e+01,-5.111600e+00,8.743465e-01,2.233417e-01,5.448429e-01,5.704299e-01,2.650112,234.0404
0.105419,2.515000e+01,-5.111525e+00,8.743465e-01,2.236010e-01,5.445863e-01,5.713611e-01,2.650917,234.3301
0.105452,2.515000e+01,-5.111444e+00,8.743465e-01,2.236351e-01,5.447797e-01,5.712454e-01,2.651747,234.6288
0.105484,2.515000e+01,-5.111376e+00,8.743465e-01,2.237089e-01,5.443616e-01,5.718729e-01,2.652551,234.9185
0.105516,2.515000e+01,-5.111311e+00,8.743465e-01,2.239021e-01,5.445128e-01,5.722078e-01,2.653356,235.2082
0.105548,2.515000e+01,-5.111245e+00,8.743465e-01,2.238948e-01,5.446319e-01,5.720641e-01,2.654161,235.4979
0.105581,2.515000e+01,-5.111173e+00,8.743465e-01,2.238312e-01,5.444908e-01,5.720496e-01,2.654991,235.7966
0.105613,2.515000e+01,-5.111072e+00,8.743465e-01,2.230347e-01,5.442617e-01,5.702539e-01,2.655795,236.0863
0.105645,2.515000e+01,-5.110977e+00,8.743465e-01,2.231311e-01,5.441148e-01,5.706544e-01,2.656600,236.3760
0.105677,2.515000e+01,-5.110893e+00,8.743465e-01,2.235795e-01,5.443025e-01,5.716041e-01,2.657405,236.6657
0.10571,2.515000e+01,-5.110807e+00,8.743465e-01,2.234378e-01,5.440014e-01,5.715579e-01,2.658235,236.9644
0.105742,2.515000e+01,-5.110727e+00,8.743465e-01,2.232868e-01,5.434184e-01,5.717845e-01,2.659039,237.2541
0.105774,2.515000e+01,-5.110648e+00,8.743465e-01,2.234646e-01,5.436770e-01,5.719677e-01,2.659844,237.5438
0.105806,2.515000e+01,-5.110572e+00,8.743465e-01,2.236918e-01,5.439893e-01,5.722205e-01,2.660649,237.8335
0.105839,2.515000e+01,-5.110494e+00,8.743465e-01,2.237796e-01,5.441338e-01,5.722930e-01,2.661478,238.1322
0.105871,2.515000e+01,-5.110411e+00,8.743465e-01,2.236506e-01,5.440471e-01,5.720542e-01,2.662283,238.4219
0.105903,2.515000e+01,-5.110339e+00,8.743465e-01,2.236148e-01,5.432841e-01,5.727662e-01,2.663088,238.7116
0.105935,2.515000e+01,-5.110265e+00,8.743465e-01,2.236193e-01,5.434637e-01,5.725883e-01,2.663892,239.0013
0.105968,2.515000e+01,-5.110174e+00,8.743465e-01,2.229349e-01,5.430685e-01,5.712513e-01,2.664722,239.3000
0.106,2.515000e+01,-5.110091e+00,8.743465e-01,2.229042e-01,5.426993e-01,5.715612e-01,2.665527,239.5897
0.106032,2.515000e+01,-5.110003e+00,8.743465e-01,2.228793e-01,5.428682e-01,5.713194e-01,2.666332,239.8794
0.106065,2.515000e+01,-5.109922e+00,8.743465e-01,2.231824e-01,5.430743e-01,5.718793e-01,2.667162,240.1781
0.106097,2.515000e+01,-5.109844e+00,8.743465e-01,2.233748e-01,5.433022e-01,5.721323e-01,2.667966,240.4678
0.106129,2.515000e+01,-5.109768e+00,8.743465e-01,2.233569e-01,5.431847e-01,5.722101e-01,2.668771,240.7575
0.106161,2.515000e+01,-5.109697e+00,8.743465e-01,2.233988e-01,5.429921e-01,5.725206e-01,2.669576,241.0472
0.106194,2.515000e+01,-5.109612e+00,8.743465e-01,2.228872e-01,5.427210e-01,5.714946e-01,2.670405,241.3459
0.106226,2.515000e+01,-5.109529e+00,8.743465e-01,2.226029e-01,5.421383e-01,5.713792e-01,2.671210,241.6356
0.106258,2.515000e+01,-5.109444e+00,8.743465e-01,2.226948e-01,5.423965e-01,5.713431e-01,2.672015,241.9253
0.10629,2.515000e+01,-5.109362e+00,8.743465e-01,2.229209e-01,5.427081e-01,5.715949e-01,2.672819,242.2150
0.106323,2.515000e+01,-5.109282e+00,8.743465e-01,2.231550e-01,5.430952e-01,5.717871e-01,2.673649,242.5137
0.106355,2.515000e+01,-5.109212e+00,8.743465e-01,2.232488e-01,5.430877e-01,5.720354e-01,2.674454,242.8034
0.106387,2.515000e+01,-5.109152e+00,8.743465e-01,2.231862e-01,5.424979e-01,5.724966e-01,2.675259,243.0931
0.106419,2.515000e+01,-5.109095e+00,8.743465e-01,2.231669e-01,5.422261e-01,5.727340e-01,2.676063,243.3828
0.106452,2.515000e+01,-5.109040e+00,8.743465e-01,2.231046e-01,5.421875e-01,5.726150e-01,2.676893,243.6816
0.106484,2.515000e+01,-5.108984e+00,8.743465e-01,2.232019e-01,5.424688e-01,5.725676e-01,2.677698,243.9712
0.106516,2.515000e+01,-5.108936e+00,8.743465e-01,2.235237e-01,5.429238e-01,5.729127e-01,2.678503,244.2609
0.106548,2.515000e+01,-5.108889e+00,8.743465e-01,2.231695e-01,5.424110e-01,5.725456e-01,2.679307,244.5506
0.106581,2.515000e+01,-5.108861e+00,8.743465e-01,2.227566e-01,5.408781e-01,5.731059e-01,2.680137,244.8494
0.106613,2.515000e+01,-5.108826e+00,8.743465e-01,2.225271e-01,5.410703e-01,5.723121e-01,2.680942,245.1390
0.106645,2.515000e+01,-5.108785e+00,8.743465e-01,2.225553e-01,5.416844e-01,5.717358e-01,2.681746,245.4287
0.106677,2.515000e+01,-5.108747e+00,8.743465e-01,2.229554e-01,5.424283e-01,5.719781e-01,2.682551,245.7184
0.10671,2.515000e+01,-5.108718e+00,8.743465e-01,2.230381e-01,5.423222e-01,5.723021e-01,2.683381,246.0172
0.106742,2.515000e+01,-5.108707e+00,8.743465e-01,2.232809e-01,5.419684e-01,5.732992e-01,2.684186,246.3068
0.106774,2.515000e+01,-5.108703e+00,8.743465e-01,2.232430e-01,5.416373e-01,5.735522e-01,2.684990,246.5965
0.106806,2.515000e+01,-5.108688e+00,8.743465e-01,2.227266e-01,5.413613e-01,5.725172e-01,2.685795,246.8862
0.106839,2.515000e+01,-5.108674e+00,8.743465e-01,2.227670e-01,5.415448e-01,5.724270e-01,2.686625,247.1850
0.106871,2.515000e+01,-5.108659e+00,8.743465e-01,2.227174e-01,5.417801e-01,5.720511e-01,2.687430,247.4746
0.106903,2.515000e+01,-5.108660e+00,8.743465e-01,2.229101e-01,5.415589e-01,5.727799e-01,2.688234,247.7643
0.106935,2.515000e+01,-5.108662e+00,8.743465e-01,2.226147e-01,5.412440e-01,5.723537e-01,2.689039,248.0540
0.106968,2.515000e+01,-5.108663e+00,8.743465e-01,2.224529e-01,5.411422e-01,5.720454e-01,2.689869,248.3528
0.107,2.515000e+01,-5.108672e+00,8.743465e-01,2.226454e-01,5.414039e-01,5.722635e-01,2.690673,248.6424
0.107032,2.515000e+01,-5.108683e+00,8.743465e-01,2.229827e-01,5.421341e-01,5.723584e-01,2.691478,248.9321
0.107065,2.515000e+01,-5.108711e+00,8.743465e-01,2.231361e-01,5.417701e-01,5.731370e-01,2.692308,249.2309
0.107097,2.515000e+01,-5.108748e+00,8.743465e-01,2.231864e-01,5.416129e-01,5.734328e-01,2.693113,249.5206
0.107129,2.515000e+01,-5.108794e+00,8.743465e-01,2.232269e-01,5.415109e-01,5.736446e-01,2.693917,249.8103
0.107161,2.515000e+01,-5.108849e+00,8.743465e-01,2.229555e-01,5.409263e-01,5.735667e-01,2.694722,250.0999
0.107194,2.515000e+01,-5.108917e+00,8.743465e-01,2.228702e-01,5.404414e-01,5.738615e-01,2.695552,250.3987
0.107226,2.515000e+01,-5.108977e+00,8.743465e-01,2.225968e-01,5.406284e-01,5.729593e-01,2.696357,250.6884
0.107258,2.515000e+01,-5.109039e+00,8.743465e-01,2.228647e-01,5.409471e-01,5.733107e-01,2.697161,250.9781
0.10729,2.515000e+01,-5.109095e+00,8.743465e-01,2.229549e-01,5.415407e-01,5.729145e-01,2.697966,251.2677
0.107323,2.515000e+01,-5.109153e+00,8.743465e-01,2.230318e-01,5.416415e-01,5.730051e-01,2.698796,251.5665
0.107355,2.515000e+01,-5.109204e+00,8.743465e-01,2.229697e-01,5.420076e-01,5.724586e-01,2.699600,251.8562
0.107387,2.515000e+01,-5.109277e+00,8.743465e-01,2.230736e-01,5.410610e-01,5.737274e-01,2.700405,252.1459
0.107419,2.515000e+01,-5.109362e+00,8.743465e-01,2.232508e-01,5.408671e-01,5.743889e-01,2.701210,252.4355
0.107452,2.515000e+01,-5.109442e+00,8.743465e-01,2.231523e-01,5.408740e-01,5.741284e-01,2.702040,252.7343
0.107484,2.515000e+01,-5.109500e+00,8.743465e-01,2.227372e-01,5.411425e-01,5.727762e-01,2.702844,253.0240
0.107516,2.515000e+01,-5.109550e+00,8.743465e-01,2.226603e-01,5.414228e-01,5.722819e-01,2.703649,253.3137
0.107548,2.515000e+01,-5.109604e+00,8.743465e-01,2.226900e-01,5.413452e-01,5.724402e-01,2.704454,253.6033
0.107581,2.515000e+01,-5.109674e+00,8.743465e-01,2.229218e-01,5.410488e-01,5.733500e-01,2.705284,253.9021
0.107613,2.515000e+01,-5.109741e+00,8.743465e-01,2.231021e-01,5.415804e-01,5.732505e-01,2.706088,254.1918
0.107645,2.515000e+01,-5.109807e+00,8.743465e-01,2.230474e-01,5.417398e-01,5.729413e-01,2.706893,254.4815
0.107677,2.515000e+01,-5.109871e+00,8.743465e-01,2.231235e-01,5.419435e-01,5.729214e-01,2.707698,254.7711
0.10771,2.515000e+01,-5.109937e+00,8.743465e-01,2.231831e-01,5.419146e-01,5.731049e-01,2.708527,255.0699
0.107742,2.515000e+01,-5.110023e+00,8.743465e-01,2.232282e-01,5.407561e-01,5.744486e-01,2.709332,255.3596
0.107774,2.515000e+01,-5.110115e+00,8.743465e-01,2.230919e-01,5.401994e-01,5.746898e-01,2.710137,255.6493
0.107806,2.515000e+01,-5.110209e+00,8.743465e-01,2.232556e-01,5.404899e-01,5.748024e-01,2.710942,255.9390
0.107839,2.515000e+01,-5.110271e+00,8.743465e-01,2.230599e-01,5.415227e-01,5.732031e-01,2.711771,256.2377
0.107871,2.515000e+01,-5.110329e+00,8.743465e-01,2.229846e-01,5.416396e-01,5.728860e-01,2.712576,256.5274
0.107903,2.515000e+01,-5.110390e+00,8.743465e-01,2.231874e-01,5.418410e-01,5.731937e-01,2.713381,256.8171
0.107935,2.515000e+01,-5.110458e+00,8.743465e-01,2.234325e-01,5.416914e-01,5.739817e-01,2.714185,257.1068
0.107968,2.515000e+01,-5.110526e+00,8.743465e-01,2.233493e-01,5.414564e-01,5.740172e-01,2.715015,257.4055
0.108,2.515000e+01,-5.110589e+00,8.743465e-01,2.232733e-01,5.413336e-01,5.739519e-01,2.715820,257.6952
0.108032,2.515000e+01,-5.110649e+00,8.743465e-01,2.235306e-01,5.418564e-01,5.740591e-01,2.716625,257.9849
0.108065,2.515000e+01,-5.110711e+00,8.743465e-01,2.236853e-01,5.416149e-01,5.747126e-01,2.717454,258.2836
0.108097,2.515000e+01,-5.110777e+00,8.743465e-01,2.234939e-01,5.408724e-01,5.750089e-01,2.718259,258.5733
0.108129,2.515000e+01,-5.110826e+00,8.743465e-01,2.231092e-01,5.408391e-01,5.740545e-01,2.719064,258.8630
0.108161,2.515000e+01,-5.110870e+00,8.743465e-01,2.232808e-01,5.414172e-01,5.738825e-01,2.719869,259.1527
0.108194,2.515000e+01,-5.110883e+00,8.743465e-01,2.231088e-01,5.425395e-01,5.722541e-01,2.720698,259.4514
0.108226,2.515000e+01,-5.110892e+00,8.743465e-01,2.230280e-01,5.424406e-01,5.721512e-01,2.721503,259.7411
0.108258,2.515000e+01,-5.110924e+00,8.743465e-01,2.234969e-01,5.420723e-01,5.737438e-01,2.722308,260.0308
0.10829,2.515000e+01,-5.110964e+00,8.743465e-01,2.237701e-01,5.421537e-01,5.743589e-01,2.723112,260.3205
0.108323,2.515000e+01,-5.111010e+00,8.743465e-01,2.240016e-01,5.421610e-01,5.749453e-01,2.723942,260.6192
0.108355,2.515000e+01,-5.111049e+00,8.743465e-01,2.237121e-01,5.418196e-01,5.745640e-01,2.724747,260.9089
0.108387,2.515000e+01,-5.111091e+00,8.743465e-01,2.238956e-01,5.418473e-01,5.750059e-01,2.725552,261.1986
0.108419,2.515000e+01,-5.111137e+00,8.743465e-01,2.240072e-01,5.419421e-01,5.751919e-01,2.726356,261.4883
0.108452,2.515000e+01,-5.111180e+00,8.743465e-01,2.237427e-01,5.416248e-01,5.748493e-01,2.727186,261.7870
0.108484,2.515000e+01,-5.111210e+00,8.743465e-01,2.236161e-01,5.420382e-01,5.740858e-01,2.727991,262.0767
0.108516,2.515000e+01,-5.111223e+00,8.743465e-01,2.235742e-01,5.428720e-01,5.730967e-01,2.728796,262.3664
0.108548,2.515000e+01,-5.111234e+00,8.743465e-01,2.237562e-01,5.431357e-01,5.732849e-01,2.729600,262.6561
0.108581,2.515000e+01,-5.111274e+00,8.743465e-01,2.242630e-01,5.425354e-01,5.752190e-01,2.730430,262.9548
0.108613,2.515000e+01,-5.111317e+00,8.743465e-01,2.243964e-01,5.426586e-01,5.754306e-01,2.731235,263.2445
0.108645,2.515000e+01,-5.111337e+00,8.743465e-01,2.240331e-01,5.432377e-01,5.738865e-01,2.732039,263.5342
0.108677,2.515000e+01,-5.111348e+00,8.743465e-01,2.238357e-01,5.431888e-01,5.734324e-01,2.732844,263.8239
0.10871,2.515000e+01,-5.111390e+00,8.743465e-01,2.241315e-01,5.419911e-01,5.754590e-01,2.733674,264.1226
0.108742,2.515000e+01,-5.111439e+00,8.743465e-01,2.244581e-01,5.421973e-01,5.760784e-01,2.734479,264.4123
0.108774,2.515000e+01,-5.111474e+00,8.743465e-01,2.245728e-01,5.431285e-01,5.753846e-01,2.735283,264.7020
0.108806,2.515000e+01,-5.111496e+00,8.743465e-01,2.241103e-01,5.428212e-01,5.745247e-01,2.736088,264.9917
0.108839,2.515000e+01,-5.111513e+00,8.743465e-01,2.239553e-01,5.428100e-01,5.741392e-01,2.736918,265.2904
0.108871,2.515000e+01,-5.111503e+00,8.743465e-01,2.236103e-01,5.433591e-01,5.726755e-01,2.737723,265.5801
0.108903,2.515000e+01,-5.111482e+00,8.743465e-01,2.239357e-01,5.444868e-01,5.723210e-01,2.738527,265.8698
0.108935,2.515000e+01,-5.111519e+00,8.743465e-01,2.249019e-01,5.431589e-01,5.761955e-01,2.739332,266.1595
0.108968,2.515000e+01,-5.111565e+00,8.743465e-01,2.251698e-01,5.432119e-01,5.768255e-01,2.740162,266.4582
0.109,2.515000e+01,-5.111588e+00,8.743465e-01,2.248337e-01,5.437619e-01,5.753822e-01,2.740966,266.7479
0.109033,2.515000e+01,-5.111561e+00,8.743465e-01,2.235914e-01,5.430962e-01,5.729043e-01,2.741796,267.0467
0.109067,2.515000e+01,-5.111561e+00,8.743465e-01,2.240501e-01,5.426557e-01,5.745456e-01,2.742651,267.3544
0.1091,2.515000e+01,-5.111591e+00,8.743465e-01,2.247212e-01,5.426959e-01,5.762239e-01,2.743481,267.6532
0.109133,2.515000e+01,-5.111621e+00,8.743465e-01,2.251690e-01,5.434000e-01,5.766240e-01,2.744311,267.9519
0.109167,2.515000e+01,-5.111616e+00,8.743465e-01,2.248017e-01,5.445046e-01,5.745153e-01,2.745166,268.2597
0.1092,2.515000e+01,-5.111602e+00,8.743465e-01,2.246733e-01,5.447698e-01,5.739078e-01,2.745996,268.5585
0.109233,2.515000e+01,-5.111595e+00,8.743465e-01,2.247021e-01,5.446097e-01,5.741501e-01,2.746826,268.8572
0.109267,2.515000e+01,-5.111601e+00,8.743465e-01,2.246871e-01,5.441021e-01,5.746474e-01,2.747681,269.1650
0.1093,2.515000e+01,-5.111678e+00,8.743465e-01,2.255409e-01,5.422691e-01,5.787809e-01,2.748510,269.4637
0.109333,2.515000e+01,-5.111747e+00,8.743465e-01,2.255694e-01,5.428692e-01,5.782141e-01,2.749340,269.7625
0.109367,2.515000e+01,-5.111768e+00,8.743465e-01,2.251987e-01,5.444980e-01,5.755370e-01,2.750195,270.0703
0.1094,2.515000e+01,-5.111733e+00,8.743465e-01,2.238133e-01,5.445354e-01,5.719570e-01,2.751025,270.3690
0.109433,2.515000e+01,-5.111706e+00,8.743465e-01,2.238078e-01,5.439601e-01,5.725479e-01,2.751855,270.6677
0.109467,2.515000e+01,-5.111725e+00,8.743465e-01,2.247489e-01,5.437062e-01,5.752240e-01,2.752710,270.9755
0.1095,2.515000e+01,-5.111749e+00,8.743465e-01,2.255448e-01,5.448220e-01,5.760786e-01,2.753540,271.2743
0.109533,2.515000e+01,-5.111767e+00,8.743465e-01,2.254055e-01,5.447915e-01,5.757551e-01,2.754370,271.5730
0.109567,2.515000e+01,-5.111758e+00,8.743465e-01,2.248742e-01,5.450395e-01,5.741367e-01,2.755224,271.8808
0.1096,2.515000e+01,-5.111749e+00,8.743465e-01,2.248335e-01,5.449747e-01,5.741011e-01,2.756054,272.1796
0.109633,2.515000e+01,-5.111773e+00,8.743465e-01,2.250852e-01,5.439636e-01,5.758122e-01,2.756884,272.4783
0.109667,2.515000e+01,-5.111828e+00,8.743465e-01,2.256107e-01,5.436013e-01,5.775411e-01,2.757739,272.7861
0.1097,2.515000e+01,-5.111869e+00,8.743465e-01,2.255074e-01,5.440217e-01,5.768306e-01,2.758569,273.0848
0.109733,2.515000e+01,-5.111875e+00,8.743465e-01,2.253134e-01,5.453397e-01,5.749416e-01,2.759399,273.3836
0.109767,2.515000e+01,-5.111856e+00,8.743465e-01,2.247712e-01,5.454511e-01,5.734407e-01,2.760254,273.6914
0.1098,2.515000e+01,-5.111835e+00,8.743465e-01,2.248838e-01,5.455279e-01,5.736473e-01,2.761084,273.9901
0.109833,2.515000e+01,-5.111807e+00,8.743465e-01,2.249808e-01,5.459508e-01,5.734502e-01,2.761913,274.2888
0.109867,2.515000e+01,-5.111815e+00,8.743465e-01,2.255282e-01,5.449610e-01,5.758895e-01,2.762768,274.5966
0.1099,2.515000e+01,-5.111853e+00,8.743465e-01,2.260218e-01,5.441575e-01,5.780020e-01,2.763598,274.8954
0.109933,2.515000e+01,-5.111883e+00,8.743465e-01,2.259434e-01,5.441817e-01,5.777758e-01,2.764428,275.1941
0.109967,2.515000e+01,-5.111852e+00,8.743465e-01,2.252454e-01,5.458539e-01,5.742267e-01,2.765283,275.5019
0.11,2.515000e+01,-5.111831e+00,8.743465e-01,2.253025e-01,5.454830e-01,5.747626e-01,2.766113,275.8006
0.110033,2.515000e+01,-5.111823e+00,8.743465e-01,2.253909e-01,5.450603e-01,5.754340e-01,2.766943,276.0994
0.110067,2.515000e+01,-5.111803e+00,8.743465e-01,2.251983e-01,5.451052e-01,5.748949e-01,2.767798,276.4072
0.1101,2.515000e+01,-5.111770e+00,8.743465e-01,2.253397e-01,5.459130e-01,5.744048e-01,2.768628,276.7059
0.110133,2.515000e+01,-5.111757e+00,8.743465e-01,2.256607e-01,5.455561e-01,5.755994e-01,2.769457,277.0047
0.110167,2.515000e+01,-5.111743e+00,8.743465e-01,2.256880e-01,5.457537e-01,5.754605e-01,2.770312,277.3125
0.1102,2.515000e+01,-5.111712e+00,8.743465e-01,2.255273e-01,5.462089e-01,5.745715e-01,2.771142,277.6112
0.110233,2.515000e+01,-5.111691e+00,8.743465e-01,2.255153e-01,5.454881e-01,5.753001e-01,2.771972,277.9099
0.110267,2.515000e+01,-5.111674e+00,8.743465e-01,2.256138e-01,5.453195e-01,5.757293e-01,2.772827,278.2177
0.1103,2.515000e+01,-5.111660e+00,8.743465e-01,2.257742e-01,5.453428e-01,5.761141e-01,2.773657,278.5165
0.110333,2.515000e+01,-5.111621e+00,8.743465e-01,2.256048e-01,5.459831e-01,5.750068e-01,2.774487,278.8152
0.110367,2.515000e+01,-5.111569e+00,8.743465e-01,2.255334e-01,5.461313e-01,5.746687e-01,2.775342,279.1230
0.1104,2.515000e+01,-5.111501e+00,8.743465e-01,2.253468e-01,5.461775e-01,5.741448e-01,2.776172,279.4217
0.110433,2.515000e+01,-5.111428e+00,8.743465e-01,2.254552e-01,5.463834e-01,5.742042e-01,2.777001,279.7205
0.110467,2.515000e+01,-5.111381e+00,8.743465e-01,2.259983e-01,5.458621e-01,5.761372e-01,2.777856,280.0283
0.1105,2.515000e+01,-5.111343e+00,8.743465e-01,2.263637e-01,5.459611e-01,5.769641e-01,2.778686,280.3270
0.110533,2.515000e+01,-5.111296e+00,8.743465e-01,2.263143e-01,5.462479e-01,5.765353e-01,2.779516,280.6258
0.110567,2.515000e+01,-5.111218e+00,8.743465e-01,2.257240e-01,5.466685e-01,5.745892e-01,2.780371,280.9335
0.1106,2.515000e+01,-5.111142e+00,8.743465e-01,2.253980e-01,5.457662e-01,5.747079e-01,2.781201,281.2323
0.110633,2.515000e+01,-5.111075e+00,8.743465e-01,2.256440e-01,5.457352e-01,5.753676e-01,2.782031,281.5310
0.110667,2.515000e+01,-5.111007e+00,8.743465e-01,2.259891e-01,5.463855e-01,5.755620e-01,2.782886,281.8388
0.1107,2.515000e+01,-5.110931e+00,8.743465e-01,2.261191e-01,5.468954e-01,5.753561e-01,2.783715,282.1376
0.110733,2.515000e+01,-5.110850e+00,8.743465e-01,2.259660e-01,5.466168e-01,5.752596e-01,2.784545,282.4363
0.110767,2.515000e+01,-5.110766e+00,8.743465e-01,2.259219e-01,5.464931e-01,5.752774e-01,2.785400,282.7441
0.1108,2.515000e+01,-5.110673e+00,8.743465e-01,2.259409e-01,5.469013e-01,5.748964e-01,2.786230,283.0428
0.110833,2.515000e+01,-5.110586e+00,8.743465e-01,2.260947e-01,5.467514e-01,5.754456e-01,2.787060,283.3416
0.110867,2.515000e+01,-5.110487e+00,8.743465e-01,2.259728e-01,5.470598e-01,5.748111e-01,2.787915,283.6494
0.1109,2.515000e+01,-5.110386e+00,8.743465e-01,2.258877e-01,5.469569e-01,5.747027e-01,2.788745,283.9481
0.110933,2.515000e+01,-5.110295e+00,8.743465e-01,2.258328e-01,5.463699e-01,5.751802e-01,2.789575,284.2468
0.110967,2.515000e+01,-5.110220e+00,8.743465e-01,2.258547e-01,5.457216e-01,5.759192e-01,2.790430,284.5546
0.111,2.515000e+01,-5.110134e+00,8.743465e-01,2.259254e-01,5.463631e-01,5.754231e-01,2.791259,284.8534
0.111033,2.515000e+01,-5.110028e+00,8.743465e-01,2.259082e-01,5.471899e-01,5.745102e-01,2.792089,285.1521
0.111067,2.515000e+01,-5.109914e+00,8.743465e-01,2.258809e-01,5.474910e-01,5.741246e-01,2.792944,285.4599
0.1111,2.515000e+01,-5.109805e+00,8.743465e-01,2.258334e-01,5.472428e-01,5.742642e-01,2.793774,285.7587
0.111133,2.515000e+01,-5.109706e+00,8.743465e-01,2.259685e-01,5.470616e-01,5.747980e-01,2.794604,286.0574
0.111167,2.515000e+01,-5.109641e+00,8.743465e-01,2.263029e-01,5.461107e-01,5.766511e-01,2.795459,286.3652
0.1112,2.515000e+01,-5.109573e+00,8.743465e-01,2.263709e-01,5.463489e-01,5.765730e-01,2.796289,286.6639
0.111233,2.515000e+01,-5.109493e+00,8.743465e-01,2.262987e-01,5.468732e-01,5.758363e-01,2.797119,286.9627
0.111267,2.515000e+01,-5.109399e+00,8.743465e-01,2.260036e-01,5.471705e-01,5.747731e-01,2.797974,287.2705
0.1113,2.515000e+01,-5.109307e+00,8.743465e-01,2.260003e-01,5.472286e-01,5.747036e-01,2.798803,287.5692
0.111333,2.515000e+01,-5.109225e+00,8.743465e-01,2.259657e-01,5.468009e-01,5.750651e-01,2.799633,287.8679
0.111367,2.515000e+01,-5.109131e+00,8.743465e-01,2.257922e-01,5.471266e-01,5.742816e-01,2.800488,288.1757
0.1114,2.515000e+01,-5.109036e+00,8.743465e-01,2.259632e-01,5.475874e-01,5.742327e-01,2.801318,288.4745
0.111433,2.515000e+01,-5.108941e+00,8.743465e-01,2.259217e-01,5.475321e-01,5.741852e-01,2.802148,288.7732
0.111467,2.515000e+01,-5.108854e+00,8.743465e-01,2.259838e-01,5.474903e-01,5.743869e-01,2.803003,289.0810
0.1115,2.515000e+01,-5.108786e+00,8.743465e-01,2.259296e-01,5.466959e-01,5.750837e-01,2.803833,289.3797
0.111533,2.515000e+01,-5.108727e+00,8.743465e-01,2.259129e-01,5.462530e-01,5.755074e-01,2.804662,289.6785
0.111567,2.515000e+01,-5.108670e+00,8.743465e-01,2.259668e-01,5.464321e-01,5.754561e-01,2.805517,289.9863
0.1116,2.515000e+01,-5.108596e+00,8.743465e-01,2.258580e-01,5.473279e-01,5.742376e-01,2.806347,290.2850
0.111633,2.515000e+01,-5.108512e+00,8.743465e-01,2.258841e-01,5.480909e-01,5.735045e-01,2.807177,290.5838
0.111667,2.515000e+01,-5.108432e+00,8.743465e-01,2.257732e-01,5.479247e-01,5.733967e-01,2.808032,290.8916
0.1117,2.515000e+01,-5.108350e+00,8.743465e-01,2.256113e-01,5.478711e-01,5.730416e-01,2.808862,291.1903
0.111733,2.515000e+01,-5.108299e+00,8.743465e-01,2.259133e-01,5.473466e-01,5.743584e-01,2.809692,291.4890
0.111767,2.515000e+01,-5.108293e+00,8.743465e-01,2.264489e-01,5.464605e-01,5.766537e-01,2.810547,291.7968
0.1118,2.515000e+01,-5.108300e+00,8.743465e-01,2.265750e-01,5.465043e-01,5.769286e-01,2.811377,292.0956
0.111833,2.515000e+01,-5.108270e+00,8.743465e-01,2.261894e-01,5.477311e-01,5.746568e-01,2.812206,292.3943
0.111867,2.515000e+01,-5.108222e+00,8.743465e-01,2.257156e-01,5.480907e-01,5.730768e-01,2.813061,292.7021
0.1119,2.515000e+01,-5.108191e+00,8.743465e-01,2.258290e-01,5.479329e-01,5.735300e-01,2.813891,293.0008
0.111933,2.515000e+01,-5.108184e+00,8.743465e-01,2.259607e-01,5.474048e-01,5.744181e-01,2.814721,293.2996
0.111967,2.515000e+01,-5.108180e+00,8.743465e-01,2.261299e-01,5.477045e-01,5.745336e-01,2.815576,293.6074
0.112,2.515000e+01,-5.108174e+00,8.743465e-01,2.262757e-01,5.483058e-01,5.742734e-01,2.816406,293.9061
0.112033,2.515000e+01,-5.108165e+00,8.743465e-01,2.259806e-01,5.481320e-01,5.737063e-01,2.817236,294.2049
0.112067,2.515000e+01,-5.108154e+00,8.743465e-01,2.258960e-01,5.482191e-01,5.734004e-01,2.818091,294.5126
0.1121,2.515000e+01,-5.108166e+00,8.743465e-01,2.258377e-01,5.473003e-01,5.742149e-01,2.818921,294.8114
0.112133,2.515000e+01,-5.108214e+00,8.743465e-01,2.263855e-01,5.467999e-01,5.761346e-01,2.819750,295.1101
0.112167,2.515000e+01,-5.108275e+00,8.743465e-01,2.264204e-01,5.465912e-01,5.764434e-01,2.820605,295.4179
0.1122,2.515000e+01,-5.108273e+00,8.743465e-01,2.257396e-01,5.486143e-01,5.725906e-01,2.821435,295.7167
0.112233,2.515000e+01,-5.108244e+00,8.743465e-01,2.252606e-01,5.492055e-01,5.707606e-01,2.822265,296.0154
0.112267,2.515000e+01,-5.108247e+00,8.743465e-01,2.255964e-01,5.485621e-01,5.722819e-01,2.823120,296.3232
0.1123,2.515000e+01,-5.108279e+00,8.743465e-01,2.258919e-01,5.479209e-01,5.737023e-01,2.823950,296.6219
0.112333,2.515000e+01,-5.108330e+00,8.743465e-01,2.261883e-01,5.477332e-01,5.746517e-01,2.824780,296.9207
0.112367,2.515000e+01,-5.108378e+00,8.743465e-01,2.261247e-01,5.478341e-01,5.743844e-01,2.825635,297.2285
0.1124,2.515000e+01,-5.108416e+00,8.743465e-01,2.260672e-01,5.482184e-01,5.738357e-01,2.826464,297.5272
0.112433,2.515000e+01,-5.108447e+00,8.743465e-01,2.261632e-01,5.490205e-01,5.732407e-01,2.827294,297.8259
0.112467,2.515000e+01,-5.108493e+00,8.743465e-01,2.262000e-01,5.483525e-01,5.740326e-01,2.828149,298.1337
0.1125,2.515000e+01,-5.108540e+00,8.743465e-01,2.261076e-01,5.477471e-01,5.744323e-01,2.828979,298.4325
0.112533,2.515000e+01,-5.108578e+00,8.743465e-01,2.258127e-01,5.475244e-01,5.739162e-01,2.829809,298.7312
0.112567,2.515000e+01,-5.108586e+00,8.743465e-01,2.256147e-01,5.486900e-01,5.721951e-01,2.830664,299.0390
0.1126,2.515000e+01,-5.108596e+00,8.743465e-01,2.258270e-01,5.490962e-01,5.723097e-01,2.831494,299.3378
0.112633,2.515000e+01,-5.108625e+00,8.743465e-01,2.261150e-01,5.489065e-01,5.732376e-01,2.832324,299.6365
0.112667,2.515000e+01,-5.108670e+00,8.743465e-01,2.263969e-01,5.488405e-01,5.740212e-01,2.833179,299.9443
0.1127,2.515000e+01,-5.108742e+00,8.743465e-01,2.267408e-01,5.483809e-01,5.753751e-01,2.834008,300.2430
0.112733,2.515000e+01,-5.108802e+00,8.743465e-01,2.265048e-01,5.480866e-01,5.750848e-01,2.834838,300.5418
0.112767,2.515000e+01,-5.108856e+00,8.743465e-01,2.262871e-01,5.480895e-01,5.745291e-01,2.835693,300.8496
0.1128,2.515000e+01,-5.108865e+00,8.743465e-01,2.256659e-01,5.493172e-01,5.716715e-01,2.836523,301.1483
0.112833,2.515000e+01,-5.108883e+00,8.743465e-01,2.258856e-01,5.493807e-01,5.721619e-01,2.837353,301.4470
0.112867,2.515000e+01,-5.108913e+00,8.743465e-01,2.260164e-01,5.490358e-01,5.728527e-01,2.838208,301.7548
0.1129,2.515000e+01,-5.108937e+00,8.743465e-01,2.256157e-01,5.488376e-01,5.720437e-01,2.839038,302.0536
0.112933,2.515000e+01,-5.108952e+00,8.743465e-01,2.256086e-01,5.491872e-01,5.716616e-01,2.839868,302.3523
0.112967,2.515000e+01,-5.109003e+00,8.743465e-01,2.262500e-01,5.491182e-01,5.733588e-01,2.840723,302.6601
0.113,2.515000e+01,-5.109069e+00,8.743465e-01,2.262530e-01,5.485272e-01,5.739842e-01,2.841552,302.9588
0.113033,2.515000e+01,-5.109105e+00,8.743465e-01,2.255528e-01,5.488073e-01,5.719158e-01,2.842382,303.2576
0.113067,2.515000e+01,-5.109136e+00,8.743465e-01,2.257203e-01,5.491953e-01,5.719361e-01,2.843237,303.5654
0.1131,2.515000e+01,-5.109211e+00,8.743465e-01,2.266080e-01,5.487863e-01,5.746132e-01,2.844067,303.8641
0.113133,2.515000e+01,-5.109301e+00,8.743465e-01,2.268374e-01,5.486883e-01,5.752978e-01,2.844897,304.1629
0.113167,2.515000e+01,-5.109342e+00,8.743465e-01,2.259461e-01,5.495280e-01,5.721615e-01,2.845752,304.4707
0.1132,2.515000e+01,-5.109376e+00,8.743465e-01,2.256850e-01,5.494433e-01,5.715887e-01,2.846582,304.7694
0.113233,2.515000e+01,-5.109430e+00,8.743465e-01,2.258406e-01,5.487400e-01,5.727157e-01,2.847411,305.0681
0.113267,2.515000e+01,-5.109497e+00,8.743465e-01,2.260079e-01,5.484902e-01,5.734010e-01,2.848266,305.3759
0.1133,2.515000e+01,-5.109559e+00,8.743465e-01,2.262482e-01,5.492563e-01,5.732099e-01,2.849096,305.6747
0.113333,2.515000e+01,-5.109640e+00,8.743465e-01,2.265951e-01,5.491015e-01,5.742509e-01,2.849926,305.9734
0.113367,2.515000e+01,-5.109732e+00,8.743465e-01,2.266152e-01,5.488191e-01,5.745973e-01,2.850781,306.2812
0.1134,2.515000e+01,-5.109761e+00,8.743465e-01,2.251313e-01,5.491901e-01,5.704492e-01,2.851611,306.5799
0.113433,2.515000e+01,-5.109789e+00,8.743465e-01,2.250869e-01,5.490118e-01,5.705217e-01,2.852441,306.8787
0.113467,2.515000e+01,-5.109846e+00,8.743465e-01,2.256903e-01,5.488710e-01,5.721980e-01,2.853296,307.1865
0.1135,2.515000e+01,-5.109928e+00,8.743465e-01,2.261020e-01,5.486241e-01,5.734996e-01,2.854126,307.4852
0.113533,2.515000e+01,-5.109990e+00,8.743465e-01,2.260136e-01,5.493090e-01,5.725608e-01,2.854955,307.7840
0.113567,2.515000e+01,-5.110023e+00,8.743465e-01,2.253018e-01,5.494070e-01,5.706557e-01,2.855810,308.0917
0.1136,2.515000e+01,-5.110086e+00,8.743465e-01,2.256062e-01,5.486913e-01,5.721719e-01,2.856640,308.3905
0.113633,2.515000e+01,-5.110167e+00,8.743465e-01,2.259772e-01,5.485345e-01,5.732768e-01,2.857470,308.6892
0.113667,2.515000e+01,-5.110259e+00,8.743465e-01,2.260903e-01,5.482609e-01,5.738498e-01,2.858325,308.9970
0.1137,2.515000e+01,-5.110338e+00,8.743465e-01,2.258797e-01,5.483763e-01,5.731948e-01,2.859155,309.2958
0.113733,2.515000e+01,-5.110409e+00,8.743465e-01,2.258292e-01,5.487276e-01,5.726997e-01,2.859985,309.5945
0.113767,2.515000e+01,-5.110436e+00,8.743465e-01,2.249605e-01,5.491635e-01,5.700438e-01,2.860840,309.9023
0.1138,2.515000e+01,-5.110483e+00,8.743465e-01,2.252553e-01,5.486921e-01,5.712813e-01,2.861670,310.2010
0.113833,2.515000e+01,-5.110553e+00,8.743465e-01,2.256575e-01,5.482320e-01,5.727817e-01,2.862499,310.4998
0.113867,2.515000e+01,-5.110638e+00,8.743465e-01,2.260212e-01,5.481621e-01,5.737781e-01,2.863354,310.8076
0.1139,2.515000e+01,-5.110710e+00,8.743465e-01,2.259230e-01,5.485122e-01,5.731626e-01,2.864184,311.1063
0.113933,2.515000e+01,-5.110756e+00,8.743465e-01,2.254783e-01,5.486624e-01,5.718779e-01,2.865014,311.4050
0.113967,2.515000e+01,-5.110818e+00,8.743465e-01,2.257471e-01,5.482963e-01,5.729419e-01,2.865869,311.7128
0.114,2.515000e+01,-5.110884e+00,8.743465e-01,2.255861e-01,5.479148e-01,5.729318e-01,2.866699,312.0116
0.114032,2.515000e+01,-5.110964e+00,8.743465e-01,2.257593e-01,5.481013e-01,5.731766e-01,2.867504,312.3013
0.114065,2.515000e+01,-5.111003e+00,8.743465e-01,2.248276e-01,5.480890e-01,5.708240e-01,2.868333,312.6000
0.114097,2.515000e+01,-5.111020e+00,8.743465e-01,2.244372e-01,5.482476e-01,5.696680e-01,2.869138,312.8897
0.114129,2.515000e+01,-5.111020e+00,8.743465e-01,2.242723e-01,5.485577e-01,5.689276e-01,2.869943,313.1794
0.114161,2.515000e+01,-5.111058e+00,8.743465e-01,2.249873e-01,5.482317e-01,5.710808e-01,2.870747,313.4691
0.114194,2.515000e+01,-5.111122e+00,8.743465e-01,2.254678e-01,5.477387e-01,5.728157e-01,2.871577,313.7678
0.114226,2.515000e+01,-5.111182e+00,8.743465e-01,2.253567e-01,5.476402e-01,5.726362e-01,2.872382,314.0575
0.114258,2.515000e+01,-5.111243e+00,8.743465e-01,2.253070e-01,5.475763e-01,5.725769e-01,2.873187,314.3472
0.11429,2.515000e+01,-5.111292e+00,8.743465e-01,2.250210e-01,5.477381e-01,5.716812e-01,2.873991,314.6369
0.114323,2.515000e+01,-5.111349e+00,8.743465e-01,2.250098e-01,5.474195e-01,5.719853e-01,2.874821,314.9356
0.114355,2.515000e+01,-5.111388e+00,8.743465e-01,2.248760e-01,5.478577e-01,5.711880e-01,2.875626,315.2253
0.114387,2.515000e+01,-5.111445e+00,8.743465e-01,2.251007e-01,5.472751e-01,5.723674e-01,2.876431,315.5150
0.114419,2.515000e+01,-5.111504e+00,8.743465e-01,2.251473e-01,5.473590e-01,5.723981e-01,2.877235,315.8047
0.114452,2.515000e+01,-5.111533e+00,8.743465e-01,2.244357e-01,5.471138e-01,5.708446e-01,2.878065,316.1034
0.114484,2.515000e+01,-5.111553e+00,8.743465e-01,2.242641e-01,5.471043e-01,5.704182e-01,2.878870,316.3931
0.114516,2.515000e+01,-5.111594e+00,8.743465e-01,2.248720e-01,5.471440e-01,5.719228e-01,2.879674,316.6828
0.114548,2.515000e+01,-5.111648e+00,8.743465e-01,2.254001e-01,5.474128e-01,5.729846e-01,2.880479,316.9725
0.114581,2.515000e+01,-5.111686e+00,8.743465e-01,2.250703e-01,5.473149e-01,5.722483e-01,2.881309,317.2712
0.114613,2.515000e+01,-5.111710e+00,8.743465e-01,2.246811e-01,5.469835e-01,5.716051e-01,2.882114,317.5609
0.114645,2.515000e+01,-5.111725e+00,8.743465e-01,2.243263e-01,5.464810e-01,5.712272e-01,2.882918,317.8506
0.114677,2.515000e+01,-5.111744e+00,8.743465e-01,2.243809e-01,5.462655e-01,5.715914e-01,2.883723,318.1403
0.11471,2.515000e+01,-5.111763e+00,8.743465e-01,2.245830e-01,5.465393e-01,5.718198e-01,2.884553,318.4390
0.114742,2.515000e+01,-5.111775e+00,8.743465e-01,2.246746e-01,5.469958e-01,5.715756e-01,2.885358,318.7287
0.114774,2.515000e+01,-5.111788e+00,8.743465e-01,2.246802e-01,5.468225e-01,5.717711e-01,2.886162,319.0184
0.114806,2.515000e+01,-5.111798e+00,8.743465e-01,2.244481e-01,5.462013e-01,5.718300e-01,2.886967,319.3081
0.114839,2.515000e+01,-5.111799e+00,8.743465e-01,2.240115e-01,5.459190e-01,5.710128e-01,2.887797,319.6068
0.114871,2.515000e+01,-5.111811e+00,8.743465e-01,2.245415e-01,5.461196e-01,5.721534e-01,2.888601,319.8965
0.114903,2.515000e+01,-5.111822e+00,8.743465e-01,2.247539e-01,5.462798e-01,5.725268e-01,2.889406,320.1862
0.114935,2.515000e+01,-5.111814e+00,8.743465e-01,2.245509e-01,5.466498e-01,5.716224e-01,2.890211,320.4759
0.114968,2.515000e+01,-5.111777e+00,8.743465e-01,2.236937e-01,5.459966e-01,5.701217e-01,2.891041,320.7746
0.115,2.515000e+01,-5.111740e+00,8.743465e-01,2.235636e-01,5.454721e-01,5.703378e-01,2.891845,321.0643
0.115032,2.515000e+01,-5.111707e+00,8.743465e-01,2.237109e-01,5.451594e-01,5.710412e-01,2.892650,321.3540
0.115065,2.515000e+01,-5.111675e+00,8.743465e-01,2.240835e-01,5.454878e-01,5.716479e-01,2.893480,321.6527
0.115097,2.515000e+01,-5.111639e+00,8.743465e-01,2.242736e-01,5.458713e-01,5.717307e-01,2.894285,321.9424
0.115129,2.515000e+01,-5.111613e+00,8.743465e-01,2.248126e-01,5.460384e-01,5.729295e-01,2.895089,322.2321
0.115161,2.515000e+01,-5.111573e+00,8.743465e-01,2.243564e-01,5.455470e-01,5.722820e-01,2.895894,322.5218
0.115194,2.515000e+01,-5.111520e+00,8.743465e-01,2.238719e-01,5.449068e-01,5.717169e-01,2.896724,322.8205
0.115226,2.515000e+01,-5.111463e+00,8.743465e-01,2.240056e-01,5.451565e-01,5.717964e-01,2.897528,323.1102
0.115258,2.515000e+01,-5.111411e+00,8.743465e-01,2.241840e-01,5.450578e-01,5.723555e-01,2.898333,323.3999
0.11529,2.515000e+01,-5.111364e+00,8.743465e-01,2.244003e-01,5.450907e-01,5.728730e-01,2.899138,323.6896
0.115323,2.515000e+01,-5.111279e+00,8.743465e-01,2.233951e-01,5.449840e-01,5.704184e-01,2.899968,323.9883
0.115355,2.515000e+01,-5.111203e+00,8.743465e-01,2.235453e-01,5.445771e-01,5.712284e-01,2.900772,324.2780
0.115387,2.515000e+01,-5.111124e+00,8.743465e-01,2.236079e-01,5.446558e-01,5.713060e-01,2.901577,324.5677
0.115419,2.515000e+01,-5.111055e+00,8.743465e-01,2.237155e-01,5.444855e-01,5.717596e-01,2.902382,324.8574
0.115452,2.515000e+01,-5.110990e+00,8.743465e-01,2.238769e-01,5.444626e-01,5.721961e-01,2.903212,325.1561
0.115484,2.515000e+01,-5.110924e+00,8.743465e-01,2.238857e-01,5.446213e-01,5.720519e-01,2.904016,325.4458
0.115516,2.515000e+01,-5.110858e+00,8.743465e-01,2.239058e-01,5.444503e-01,5.722830e-01,2.904821,325.7355
0.115548,2.515000e+01,-5.110762e+00,8.743465e-01,2.231378e-01,5.442758e-01,5.705029e-01,2.905626,326.0252
0.115581,2.515000e+01,-5.110665e+00,8.743465e-01,2.231200e-01,5.441448e-01,5.705946e-01,2.906455,326.3240
0.115613,2.515000e+01,-5.110580e+00,8.743465e-01,2.234869e-01,5.442116e-01,5.714627e-01,2.907260,326.6136
0.115645,2.515000e+01,-5.110495e+00,8.743465e-01,2.234662e-01,5.441187e-01,5.715074e-01,2.908065,326.9033
0.115677,2.515000e+01,-5.110414e+00,8.743465e-01,2.233082e-01,5.434728e-01,5.717821e-01,2.908869,327.1930
0.11571,2.515000e+01,-5.110337e+00,8.743465e-01,2.234178e-01,5.435273e-01,5.720054e-01,2.909699,327.4918
0.115742,2.515000e+01,-5.110260e+00,8.743465e-01,2.236247e-01,5.438718e-01,5.721724e-01,2.910504,327.7814
0.115774,2.515000e+01,-5.110183e+00,8.743465e-01,2.237839e-01,5.441854e-01,5.722499e-01,2.911309,328.0711
0.115806,2.515000e+01,-5.110101e+00,8.743465e-01,2.236891e-01,5.440918e-01,5.721058e-01,2.912113,328.3608
0.115839,2.515000e+01,-5.110027e+00,8.743465e-01,2.236149e-01,5.433889e-01,5.726558e-01,2.912943,328.6596
0.115871,2.515000e+01,-5.109956e+00,8.743465e-01,2.236548e-01,5.433837e-01,5.727635e-01,2.913748,328.9492
0.115903,2.515000e+01,-5.109870e+00,8.743465e-01,2.231086e-01,5.431546e-01,5.716056e-01,2.914553,329.2389
0.115935,2.515000e+01,-5.109783e+00,8.743465e-01,2.228391e-01,5.427496e-01,5.713413e-01,2.915357,329.5286
0.115968,2.515000e+01,-5.109698e+00,8.743465e-01,2.228920e-01,5.427886e-01,5.714357e-01,2.916187,329.8274
0.116,2.515000e+01,-5.109617e+00,8.743465e-01,2.231155e-01,5.429649e-01,5.718230e-01,2.916992,330.1170
0.116032,2.515000e+01,-5.109540e+00,8.743465e-01,2.233780e-01,5.432536e-01,5.721917e-01,2.917796,330.4067
0.116065,2.515000e+01,-5.109463e+00,8.743465e-01,2.233703e-01,5.432410e-01,5.721851e-01,2.918626,330.7055
0.116097,2.515000e+01,-5.109391e+00,8.743465e-01,2.234081e-01,5.430951e-01,5.724357e-01,2.919431,330.9952
0.116129,2.515000e+01,-5.109313e+00,8.743465e-01,2.230501e-01,5.427209e-01,5.719124e-01,2.920236,331.2848
0.116161,2.515000e+01,-5.109230e+00,8.743465e-01,2.225808e-01,5.421042e-01,5.713584e-01,2.921040,331.5745
0.116194,2.515000e+01,-5.109146e+00,8.743465e-01,2.226842e-01,5.423505e-01,5.713643e-01,2.921870,331.8733
0.116226,2.515000e+01,-5.109062e+00,8.743465e-01,2.228360e-01,5.425840e-01,5.715075e-01,2.922675,332.1630
0.116258,2.515000e+01,-5.108982e+00,8.743465e-01,2.231692e-01,5.431426e-01,5.717735e-01,2.923480,332.4527
0.11629,2.515000e+01,-5.108911e+00,8.743465e-01,2.231925e-01,5.429494e-01,5.720366e-01,2.924284,332.7423
0.116323,2.515000e+01,-5.108850e+00,8.743465e-01,2.232690e-01,5.427040e-01,5.724916e-01,2.925114,333.0411
0.116355,2.515000e+01,-5.108795e+00,8.743465e-01,2.231670e-01,5.421657e-01,5.727981e-01,2.925919,333.3308
0.116387,2.515000e+01,-5.108739e+00,8.743465e-01,2.230947e-01,5.421947e-01,5.725820e-01,2.926723,333.6205
0.116419,2.515000e+01,-5.108682e+00,8.743465e-01,2.231502e-01,5.424178e-01,5.724890e-01,2.927528,333.9101
0.116452,2.515000e+01,-5.108635e+00,8.743465e-01,2.235518e-01,5.428750e-01,5.730361e-01,2.928358,334.2089
0.116484,2.515000e+01,-5.108590e+00,8.743465e-01,2.232541e-01,5.424403e-01,5.727316e-01,2.929163,334.4986
0.116516,2.515000e+01,-5.108558e+00,8.743465e-01,2.228348e-01,5.411544e-01,5.730143e-01,2.929967,334.7883
0.116548,2.515000e+01,-5.108524e+00,8.743465e-01,2.225619e-01,5.409761e-01,5.725013e-01,2.930772,335.0779
0.116581,2.515000e+01,-5.108484e+00,8.743465e-01,2.225122e-01,5.415577e-01,5.717586e-01,2.931602,335.3767
0.116613,2.515000e+01,-5.108448e+00,8.743465e-01,2.229273e-01,5.422277e-01,5.721174e-01,2.932407,335.6664
0.116645,2.515000e+01,-5.108416e+00,8.743465e-01,2.230042e-01,5.423694e-01,5.721655e-01,2.933211,335.9561
0.116677,2.515000e+01,-5.108404e+00,8.743465e-01,2.232253e-01,5.419357e-01,5.731910e-01,2.934016,336.2457
0.11671,2.515000e+01,-5.108399e+00,8.743465e-01,2.233262e-01,5.417972e-01,5.735967e-01,2.934846,336.5445
0.116742,2.515000e+01,-5.108384e+00,8.743465e-01,2.227665e-01,5.413911e-01,5.725882e-01,2.935650,336.8342
0.116774,2.515000e+01,-5.108374e+00,8.743465e-01,2.228353e-01,5.414299e-01,5.727241e-01,2.936455,337.1239
0.116806,2.515000e+01,-5.108358e+00,8.743465e-01,2.226794e-01,5.416801e-01,5.720592e-01,2.937260,337.4135
0.116839,2.515000e+01,-5.108357e+00,8.743465e-01,2.228943e-01,5.415995e-01,5.726964e-01,2.938090,337.7123
0.116871,2.515000e+01,-5.108357e+00,8.743465e-01,2.226797e-01,5.413741e-01,5.723832e-01,2.938894,338.0020
0.116903,2.515000e+01,-5.108359e+00,8.743465e-01,2.224569e-01,5.410794e-01,5.721220e-01,2.939699,338.2917
0.116935,2.515000e+01,-5.108369e+00,8.743465e-01,2.226260e-01,5.412416e-01,5.723853e-01,2.940504,338.5814
0.116968,2.515000e+01,-5.108378e+00,8.743465e-01,2.229109e-01,5.420564e-01,5.722564e-01,2.941334,338.8801
0.117,2.515000e+01,-5.108403e+00,8.743465e-01,2.231283e-01,5.418589e-01,5.730230e-01,2.942138,339.1698
0.117032,2.515000e+01,-5.108440e+00,8.743465e-01,2.231981e-01,5.415683e-01,5.735099e-01,2.942943,339.4595
0.117065,2.515000e+01,-5.108483e+00,8.743465e-01,2.232236e-01,5.415966e-01,5.735455e-01,2.943773,339.7582
0.117097,2.515000e+01,-5.108537e+00,8.743465e-01,2.230541e-01,5.410252e-01,5.737152e-01,2.944577,340.0479
0.117129,2.515000e+01,-5.108602e+00,8.743465e-01,2.228663e-01,5.405062e-01,5.737827e-01,2.945382,340.3376
0.117161,2.515000e+01,-5.108664e+00,8.743465e-01,2.226155e-01,5.404937e-01,5.731501e-01,2.946187,340.6273
0.117194,2.515000e+01,-5.108728e+00,8.743465e-01,2.228542e-01,5.408949e-01,5.733392e-01,2.947017,340.9260
0.117226,2.515000e+01,-5.108786e+00,8.743465e-01,2.229359e-01,5.413660e-01,5.730504e-01,2.947821,341.2157
0.117258,2.515000e+01,-5.108844e+00,8.743465e-01,2.230375e-01,5.416262e-01,5.730360e-01,2.948626,341.5054
0.11729,2.515000e+01,-5.108895e+00,8.743465e-01,2.229619e-01,5.419625e-01,5.724865e-01,2.949431,341.7951
0.117323,2.515000e+01,-5.108964e+00,8.743465e-01,2.230724e-01,5.412447e-01,5.735297e-01,2.950261,342.0938
0.117355,2.515000e+01,-5.109051e+00,8.743465e-01,2.232251e-01,5.407480e-01,5.744494e-01,2.951065,342.3835
0.117387,2.515000e+01,-5.109132e+00,8.743465e-01,2.232118e-01,5.409114e-01,5.742417e-01,2.951870,342.6732
0.117419,2.515000e+01,-5.109193e+00,8.743465e-01,2.227978e-01,5.410909e-01,5.729864e-01,2.952675,342.9629
0.117452,2.515000e+01,-5.109243e+00,8.743465e-01,2.226734e-01,5.413984e-01,5.723413e-01,2.953504,343.2616
0.117484,2.515000e+01,-5.109298e+00,8.743465e-01,2.226822e-01,5.413208e-01,5.724460e-01,2.954309,343.5513
0.117516,2.515000e+01,-5.109365e+00,8.743465e-01,2.228854e-01,5.411087e-01,5.731928e-01,2.955114,343.8410
0.117548,2.515000e+01,-5.109437e+00,8.743465e-01,2.231459e-01,5.414079e-01,5.735458e-01,2.955919,344.1307
0.117581,2.515000e+01,-5.109503e+00,8.743465e-01,2.230331e-01,5.416499e-01,5.729997e-01,2.956748,344.4294
0.117613,2.515000e+01,-5.109568e+00,8.743465e-01,2.231154e-01,5.418729e-01,5.729752e-01,2.957553,344.7191
0.117645,2.515000e+01,-5.109633e+00,8.743465e-01,2.232296e-01,5.420580e-01,5.730728e-01,2.958358,345.0088
0.117677,2.515000e+01,-5.109716e+00,8.743465e-01,2.232078e-01,5.409079e-01,5.742352e-01,2.959162,345.2985
0.11771,2.515000e+01,-5.109809e+00,8.743465e-01,2.231233e-01,5.402118e-01,5.747573e-01,2.959992,345.5972
0.117742,2.515000e+01,-5.109905e+00,8.743465e-01,2.232517e-01,5.403494e-01,5.749416e-01,2.960797,345.8869
0.117774,2.515000e+01,-5.109973e+00,8.743465e-01,2.230717e-01,5.412996e-01,5.734696e-01,2.961602,346.1766
0.117806,2.515000e+01,-5.110031e+00,8.743465e-01,2.230278e-01,5.416773e-01,5.729570e-01,2.962406,346.4663
0.117839,2.515000e+01,-5.110087e+00,8.743465e-01,2.231172e-01,5.418488e-01,5.730052e-01,2.963236,346.7650
0.117871,2.515000e+01,-5.110161e+00,8.743465e-01,2.234804e-01,5.415433e-01,5.742619e-01,2.964041,347.0547
0.117903,2.515000e+01,-5.110226e+00,8.743465e-01,2.233733e-01,5.415957e-01,5.739311e-01,2.964846,347.3444
0.117935,2.515000e+01,-5.110291e+00,8.743465e-01,2.232577e-01,5.412787e-01,5.739701e-01,2.965650,347.6341
0.117968,2.515000e+01,-5.110347e+00,8.743465e-01,2.234402e-01,5.419000e-01,5.737805e-01,2.966480,347.9328
0.118,2.515000e+01,-5.110413e+00,8.743465e-01,2.237317e-01,5.415510e-01,5.748994e-01,2.967285,348.2225
0.118032,2.515000e+01,-5.110479e+00,8.743465e-01,2.235661e-01,5.410183e-01,5.750396e-01,2.968089,348.5122
0.118065,2.515000e+01,-5.110533e+00,8.743465e-01,2.232013e-01,5.407553e-01,5.743803e-01,2.968919,348.8109
0.118097,2.515000e+01,-5.110578e+00,8.743465e-01,2.232128e-01,5.411977e-01,5.739405e-01,2.969724,349.1006
0.118129,2.515000e+01,-5.110597e+00,8.743465e-01,2.232116e-01,5.424307e-01,5.726327e-01,2.970529,349.3903
0.118161,2.515000e+01,-5.110607e+00,8.743465e-01,2.230268e-01,5.424402e-01,5.721489e-01,2.971333,349.6800
0.118194,2.515000e+01,-5.110632e+00,8.743465e-01,2.233646e-01,5.421807e-01,5.732895e-01,2.972163,349.9787
0.118226,2.515000e+01,-5.110674e+00,8.743465e-01,2.237769e-01,5.420369e-01,5.745000e-01,2.972968,350.2684
0.118258,2.515000e+01,-5.110719e+00,8.743465e-01,2.240184e-01,5.422621e-01,5.748814e-01,2.973773,350.5581
0.11829,2.515000e+01,-5.110759e+00,8.743465e-01,2.237482e-01,5.417997e-01,5.746779e-01,2.974577,350.8478
0.118323,2.515000e+01,-5.110800e+00,8.743465e-01,2.238650e-01,5.418384e-01,5.749367e-01,2.975407,351.1465
0.118355,2.515000e+01,-5.110849e+00,8.743465e-01,2.240533e-01,5.418497e-01,5.754085e-01,2.976212,351.4362
0.118387,2.515000e+01,-5.110891e+00,8.743465e-01,2.237918e-01,5.417092e-01,5.748859e-01,2.977016,351.7259
0.118419,2.515000e+01,-5.110928e+00,8.743465e-01,2.236960e-01,5.418480e-01,5.744927e-01,2.977821,352.0156
0.118452,2.515000e+01,-5.110941e+00,8.743465e-01,2.235060e-01,5.427311e-01,5.730705e-01,2.978651,352.3143
0.118484,2.515000e+01,-5.110952e+00,8.743465e-01,2.237453e-01,5.431596e-01,5.732318e-01,2.979456,352.6040
0.118516,2.515000e+01,-5.110986e+00,8.743465e-01,2.241710e-01,5.426162e-01,5.748974e-01,2.980260,352.8937
0.118548,2.515000e+01,-5.111037e+00,8.743465e-01,2.245008e-01,5.423991e-01,5.759739e-01,2.981065,353.1834
0.118581,2.515000e+01,-5.111060e+00,8.743465e-01,2.240985e-01,5.431978e-01,5.740962e-01,2.981895,353.4822
0.118613,2.515000e+01,-5.111064e+00,8.743465e-01,2.238044e-01,5.434988e-01,5.730252e-01,2.982700,353.7718
0.118645,2.515000e+01,-5.111109e+00,8.743465e-01,2.241563e-01,5.419386e-01,5.755786e-01,2.983504,354.0615
0.118677,2.515000e+01,-5.111155e+00,8.743465e-01,2.243669e-01,5.421254e-01,5.759207e-01,2.984309,354.3512
0.11871,2.515000e+01,-5.111195e+00,8.743465e-01,2.245989e-01,5.429280e-01,5.756642e-01,2.985139,354.6500
0.118742,2.515000e+01,-5.111219e+00,8.743465e-01,2.242251e-01,5.429811e-01,5.746499e-01,2.985943,354.9396
0.118774,2.515000e+01,-5.111237e+00,8.743465e-01,2.239864e-01,5.427138e-01,5.743208e-01,2.986748,355.2293
0.118806,2.515000e+01,-5.111234e+00,8.743465e-01,2.236768e-01,5.431747e-01,5.730403e-01,2.987553,355.5190
0.118839,2.515000e+01,-5.111211e+00,8.743465e-01,2.238581e-01,5.443537e-01,5.722626e-01,2.988383,355.8178
0.118871,2.515000e+01,-5.111239e+00,8.743465e-01,2.247324e-01,5.433584e-01,5.755499e-01,2.989187,356.1074
0.118903,2.515000e+01,-5.111286e+00,8.743465e-01,2.251873e-01,5.431702e-01,5.769149e-01,2.989992,356.3971
0.118935,2.515000e+01,-5.111320e+00,8.743465e-01,2.250834e-01,5.435994e-01,5.761932e-01,2.990797,356.6868
0.118968,2.515000e+01,-5.111294e+00,8.743465e-01,2.236921e-01,5.438659e-01,5.723511e-01,2.991627,356.9856
0.119,2.515000e+01,-5.111290e+00,8.743465e-01,2.238407e-01,5.428640e-01,5.737884e-01,2.992431,357.2752
0.119033,2.515000e+01,-5.111311e+00,8.743465e-01,2.243899e-01,5.421983e-01,5.759023e-01,2.993261,357.5740
0.119067,2.515000e+01,-5.111346e+00,8.743465e-01,2.252006e-01,5.430823e-01,5.770422e-01,2.994116,357.8818
0.1191,2.515000e+01,-5.111350e+00,8.743465e-01,2.249492e-01,5.442408e-01,5.751711e-01,2.994946,358.1805
0.119133,2.515000e+01,-5.111337e+00,8.743465e-01,2.247352e-01,5.447101e-01,5.741288e-01,2.995776,358.4793
0.119167,2.515000e+01,-5.111329e+00,8.743465e-01,2.247413e-01,5.445852e-01,5.742761e-01,2.996631,358.7871
0.1192,2.515000e+01,-5.111324e+00,8.743465e-01,2.246403e-01,5.445024e-01,5.741053e-01,2.997461,359.0858
0.119233,2.515000e+01,-5.111394e+00,8.743465e-01,2.254268e-01,5.423586e-01,5.783927e-01,2.998290,359.3845
0.119267,2.515000e+01,-5.111464e+00,8.743465e-01,2.255522e-01,5.426727e-01,5.783794e-01,2.999145,359.6923
0.1193,2.515000e+01,-5.111505e+00,8.743465e-01,2.254831e-01,5.440421e-01,5.767469e-01,2.999975,359.9911
0.119333,2.515000e+01,-5.111476e+00,8.743465e-01,2.240723e-01,5.447435e-01,5.724002e-01,3.000805,0.2898
0.119367,2.515000e+01,-5.111444e+00,8.743465e-01,2.237366e-01,5.439979e-01,5.723260e-01,3.001660,0.5976
0.1194,2.515000e+01,-5.111451e+00,8.743465e-01,2.244403e-01,5.436502e-01,5.744934e-01,3.002490,0.8963
0.119433,2.515000e+01,-5.111475e+00,8.743465e-01,2.254736e-01,5.447081e-01,5.760175e-01,3.003320,1.1951
0.119467,2.515000e+01,-5.111503e+00,8.743465e-01,2.255442e-01,5.446556e-01,5.762531e-01,3.004175,1.5029
0.1195,2.515000e+01,-5.111497e+00,8.743465e-01,2.249543e-01,5.449721e-01,5.744122e-01,3.005004,1.8016
0.119533,2.515000e+01,-5.111485e+00,8.743465e-01,2.248195e-01,5.450509e-01,5.739852e-01,3.005834,2.1004
0.119567,2.515000e+01,-5.111500e+00,8.743465e-01,2.250041e-01,5.441971e-01,5.753577e-01,3.006689,2.4081
0.1196,2.515000e+01,-5.111552e+00,8.743465e-01,2.255230e-01,5.435644e-01,5.773559e-01,3.007519,2.7069
0.119633,2.515000e+01,-5.111599e+00,8.743465e-01,2.255481e-01,5.438609e-01,5.771053e-01,3.008349,3.0056
0.119667,2.515000e+01,-5.111618e+00,8.743465e-01,2.254529e-01,5.449377e-01,5.757218e-01,3.009204,3.3134
0.1197,2.515000e+01,-5.111600e+00,8.743465e-01,2.248271e-01,5.454979e-01,5.735342e-01,3.010034,3.6122
0.119733,2.515000e+01,-5.111583e+00,8.743465e-01,2.248806e-01,5.454443e-01,5.737269e-01,3.010864,3.9109
0.119767,2.515000e+01,-5.111556e+00,8.743465e-01,2.248983e-01,5.457561e-01,5.734443e-01,3.011719,4.2187
0.1198,2.515000e+01,-5.111545e+00,8.743465e-01,2.253142e-01,5.455505e-01,5.747212e-01,3.012548,4.5174
0.119833,2.515000e+01,-5.111587e+00,8.743465e-01,2.260559e-01,5.441408e-01,5.781071e-01,3.013378,4.8162
0.119867,2.515000e+01,-5.111621e+00,8.743465e-01,2.259525e-01,5.440622e-01,5.779261e-01,3.014233,5.1240
0.1199,2.515000e+01,-5.111603e+00,8.743465e-01,2.254162e-01,5.454660e-01,5.750705e-01,3.015063,5.4227
0.119933,2.515000e+01,-5.111580e+00,8.743465e-01,2.252978e-01,5.455955e-01,5.746321e-01,3.015893,5.7214
0.119967,2.515000e+01,-5.111571e+00,8.743465e-01,2.253724e-01,5.451170e-01,5.753269e-01,3.016748,6.0292
0.12,2.515000e+01,-5.111558e+00,8.743465e-01,2.252111e-01,5.448926e-01,5.751519e-01,3.017578,6.3280
0.120033,2.515000e+01,-5.111523e+00,8.743465e-01,2.252995e-01,5.459105e-01,5.743049e-01,3.018408,6.6267
0.120067,2.515000e+01,-5.111505e+00,8.743465e-01,2.255679e-01,5.455948e-01,5.753216e-01,3.019263,6.9345
0.1201,2.515000e+01,-5.111498e+00,8.743465e-01,2.257369e-01,5.455401e-01,5.758104e-01,3.020092,7.2333
0.120133,2.515000e+01,-5.111469e+00,8.743465e-01,2.255649e-01,5.462258e-01,5.746496e-01,3.020922,7.5320
0.120167,2.515000e+01,-5.111443e+00,8.743465e-01,2.254490e-01,5.456922e-01,5.749158e-01,3.021777,7.8398
0.1202,2.515000e+01,-5.111429e+00,8.743465e-01,2.256579e-01,5.453503e-01,5.758093e-01,3.022607,8.1385
0.120233,2.515000e+01,-5.111415e+00,8.743465e-01,2.256395e-01,5.451907e-01,5.759311e-01,3.023437,8.4373
0.120267,2.515000e+01,-5.111386e+00,8.743465e-01,2.257534e-01,5.458673e-01,5.755074e-01,3.024292,8.7451
0.1203,2.515000e+01,-5.111335e+00,8.743465e-01,2.254746e-01,5.460786e-01,5.745741e-01,3.025122,9.0438
0.120333,2.515000e+01,-5.111275e+00,8.743465e-01,2.254161e-01,5.460652e-01,5.744391e-01,3.025951,9.3425
0.120367,2.515000e+01,-5.111201e+00,8.743465e-01,2.253715e-01,5.463502e-01,5.740262e-01,3.026806,9.6503
0.1204,2.515000e+01,-5.111144e+00,8.743465e-01,2.257999e-01,5.460507e-01,5.754326e-01,3.027636,9.9491
0.120433,2.515000e+01,-5.111109e+00,8.743465e-01,2.263253e-01,5.458337e-01,5.770008e-01,3.028466,10.2478
0.120467,2.515000e+01,-5.111066e+00,8.743465e-01,2.263148e-01,5.461204e-01,5.766712e-01,3.029321,10.5556
0.1205,2.515000e+01,-5.110993e+00,8.743465e-01,2.258987e-01,5.467529e-01,5.749450e-01,3.030151,10.8543
0.120533,2.515000e+01,-5.110916e+00,8.743465e-01,2.253822e-01,5.458572e-01,5.745718e-01,3.030981,11.1531
0.120567,2.515000e+01,-5.110852e+00,8.743465e-01,2.256383e-01,5.456606e-01,5.754320e-01,3.031836,11.4609
0.1206,2.515000e+01,-5.110784e+00,8.743465e-01,2.258297e-01,5.461501e-01,5.754037e-01,3.032666,11.7596
0.120633,2.515000e+01,-5.110707e+00,8.743465e-01,2.260789e-01,5.469443e-01,5.752024e-01,3.033495,12.0584
0.120667,2.515000e+01,-5.110630e+00,8.743465e-01,2.260126e-01,5.466630e-01,5.753295e-01,3.034350,12.3662
0.1207,2.515000e+01,-5.110552e+00,8.743465e-01,2.259619e-01,5.463161e-01,5.755658e-01,3.035180,12.6649
0.120733,2.515000e+01,-5.110459e+00,8.743465e-01,2.259034e-01,5.468933e-01,5.748095e-01,3.036010,12.9636
0.120767,2.515000e+01,-5.110371e+00,8.743465e-01,2.260223e-01,5.467203e-01,5.752939e-01,3.036865,13.2714
0.1208,2.515000e+01,-5.110276e+00,8.743465e-01,2.260108e-01,5.470551e-01,5.749125e-01,3.037695,13.5702
0.120833,2.515000e+01,-5.110173e+00,8.743465e-01,2.258389e-01,5.469963e-01,5.745370e-01,3.038525,13.8689
0.120867,2.515000e+01,-5.110083e+00,8.743465e-01,2.258805e-01,5.465263e-01,5.751372e-01,3.039380,14.1767
0.1209,2.515000e+01,-5.110003e+00,8.743465e-01,2.257700e-01,5.458097e-01,5.756105e-01,3.040210,14.4754
0.120933,2.515000e+01,-5.109925e+00,8.743465e-01,2.259563e-01,5.460736e-01,5.758071e-01,3.041039,14.7742
0.120967,2.515000e+01,-5.109822e+00,8.743465e-01,2.258255e-01,5.469794e-01,5.745209e-01,3.041894,15.0820
0.121,2.515000e+01,-5.109707e+00,8.743465e-01,2.258592e-01,5.475372e-01,5.740211e-01,3.042724,15.3807
0.121033,2.515000e+01,-5.109599e+00,8.743465e-01,2.258563e-01,5.472994e-01,5.742631e-01,3.043554,15.6795
0.121067,2.515000e+01,-5.109496e+00,8.743465e-01,2.258405e-01,5.470303e-01,5.745056e-01,3.044409,15.9872
0.1211,2.515000e+01,-5.109426e+00,8.743465e-01,2.262428e-01,5.463134e-01,5.762840e-01,3.045239,16.2860
0.121133,2.515000e+01,-5.109358e+00,8.743465e-01,2.263108e-01,5.462886e-01,5.764834e-01,3.046069,16.5847
0.121167,2.515000e+01,-5.109286e+00,8.743465e-01,2.263714e-01,5.465955e-01,5.763141e-01,3.046924,16.8925
0.1212,2.515000e+01,-5.109192e+00,8.743465e-01,2.260113e-01,5.472312e-01,5.747287e-01,3.047753,17.1913
0.121233,2.515000e+01,-5.109099e+00,8.743465e-01,2.259335e-01,5.471923e-01,5.745720e-01,3.048583,17.4900
0.121267,2.515000e+01,-5.109018e+00,8.743465e-01,2.260065e-01,5.468535e-01,5.751136e-01,3.049438,17.7978
0.1213,2.515000e+01,-5.108929e+00,8.743465e-01,2.257698e-01,5.469324e-01,5.744285e-01,3.050268,18.0965
0.121333,2.515000e+01,-5.108833e+00,8.743465e-01,2.258872e-01,5.475563e-01,5.740722e-01,3.051098,18.3953
0.121367,2.515000e+01,-5.108738e+00,8.743465e-01,2.258824e-01,5.475092e-01,5.741094e-01,3.051953,18.7031
0.1214,2.515000e+01,-5.108648e+00,8.743465e-01,2.259588e-01,5.476088e-01,5.741993e-01,3.052783,19.0018
0.121433,2.515000e+01,-5.108577e+00,8.743465e-01,2.259374e-01,5.468564e-01,5.749348e-01,3.053613,19.3005
0.121467,2.515000e+01,-5.108517e+00,8.743465e-01,2.258458e-01,5.463200e-01,5.752658e-01,3.054468,19.6083
0.1215,2.515000e+01,-5.108461e+00,8.743465e-01,2.259090e-01,5.462451e-01,5.755056e-01,3.055297,19.9071
0.121533,2.515000e+01,-5.108394e+00,8.743465e-01,2.258929e-01,5.470991e-01,5.745665e-01,3.056127,20.2058
0.121567,2.515000e+01,-5.108311e+00,8.743465e-01,2.258256e-01,5.479705e-01,5.734820e-01,3.056982,20.5136
0.1216,2.515000e+01,-5.108232e+00,8.743465e-01,2.257538e-01,5.478619e-01,5.734131e-01,3.057812,20.8124
0.121633,2.515000e+01,-5.108149e+00,8.743465e-01,2.255916e-01,5.479344e-01,5.729255e-01,3.058642,21.1111
0.121667,2.515000e+01,-5.108088e+00,8.743465e-01,2.257700e-01,5.475399e-01,5.737915e-01,3.059497,21.4189
0.1217,2.515000e+01,-5.108074e+00,8.743465e-01,2.262954e-01,5.465628e-01,5.761551e-01,3.060327,21.7176
0.121733,2.515000e+01,-5.108080e+00,8.743465e-01,2.264962e-01,5.464504e-01,5.767849e-01,3.061157,22.0164
0.121767,2.515000e+01,-5.108062e+00,8.743465e-01,2.263113e-01,5.474029e-01,5.753114e-01,3.062012,22.3242
0.1218,2.515000e+01,-5.108017e+00,8.743465e-01,2.257222e-01,5.480100e-01,5.731780e-01,3.062841,22.6229
0.121833,2.515000e+01,-5.107979e+00,8.743465e-01,2.257118e-01,5.479925e-01,5.731698e-01,3.063671,22.9216
0.121867,2.515000e+01,-5.107968e+00,8.743465e-01,2.258924e-01,5.475502e-01,5.740917e-01,3.064526,23.2294
0.1219,2.515000e+01,-5.107967e+00,8.743465e-01,2.260704e-01,5.474821e-01,5.746156e-01,3.065356,23.5282
0.121933,2.515000e+01,-5.107959e+00,8.743465e-01,2.261752e-01,5.482496e-01,5.740772e-01,3.066186,23.8269
0.121967,2.515000e+01,-5.107953e+00,8.743465e-01,2.259970e-01,5.481061e-01,5.737751e-01,3.067041,24.1347
0.122,2.515000e+01,-5.107941e+00,8.743465e-01,2.258742e-01,5.482535e-01,5.733092e-01,3.067871,24.4334
0.122033,2.515000e+01,-5.107945e+00,8.743465e-01,2.257392e-01,5.475982e-01,5.736523e-01,3.068701,24.7322
0.122067,2.515000e+01,-5.107987e+00,8.743465e-01,2.261864e-01,5.467879e-01,5.756404e-01,3.069555,25.0400
0.1221,2.515000e+01,-5.108046e+00,8.743465e-01,2.263644e-01,5.466125e-01,5.762782e-01,3.070385,25.3387
0.122133,2.515000e+01,-5.108066e+00,8.743465e-01,2.259593e-01,5.480110e-01,5.737789e-01,3.071215,25.6375
0.122167,2.515000e+01,-5.108039e+00,8.743465e-01,2.252494e-01,5.491894e-01,5.707492e-01,3.072070,25.9453
0.1222,2.515000e+01,-5.108032e+00,8.743465e-01,2.253822e-01,5.486645e-01,5.716320e-01,3.072900,26.2440
0.122233,2.515000e+01,-5.108059e+00,8.743465e-01,2.258118e-01,5.480976e-01,5.733139e-01,3.073730,26.5427
0.122267,2.515000e+01,-5.108104e+00,8.743465e-01,2.260094e-01,5.477923e-01,5.741354e-01,3.074585,26.8505
0.1223,2.515000e+01,-5.108159e+00,8.743465e-01,2.261188e-01,5.476001e-01,5.746150e-01,3.075415,27.1493
0.122333,2.515000e+01,-5.108194e+00,8.743465e-01,2.259327e-01,5.482333e-01,5.734789e-01,3.076244,27.4480
0.122367,2.515000e+01,-5.108230e+00,8.743465e-01,2.261365e-01,5.487407e-01,5.734652e-01,3.077099,27.7558
0.1224,2.515000e+01,-5.108271e+00,8.743465e-01,2.261444e-01,5.486539e-01,5.735761e-01,3.077929,28.0545
0.122433,2.515000e+01,-5.108323e+00,8.743465e-01,2.260839e-01,5.477952e-01,5.743214e-01,3.078759,28.3533
0.122467,2.515000e+01,-5.108363e+00,8.743465e-01,2.257864e-01,5.474688e-01,5.739079e-01,3.079614,28.6611
0.1225,2.515000e+01,-5.108375e+00,8.743465e-01,2.255541e-01,5.484072e-01,5.723362e-01,3.080444,28.9598
0.122533,2.515000e+01,-5.108384e+00,8.743465e-01,2.256757e-01,5.489834e-01,5.720438e-01,3.081274,29.2586
0.122567,2.515000e+01,-5.108410e+00,8.743465e-01,2.259973e-01,5.489677e-01,5.728755e-01,3.082129,29.5663
0.1226,2.515000e+01,-5.108451e+00,8.743465e-01,2.262758e-01,5.488824e-01,5.736703e-01,3.082959,29.8651
0.122633,2.515000e+01,-5.108518e+00,8.743465e-01,2.265701e-01,5.485055e-01,5.748113e-01,3.083788,30.1638
0.122667,2.515000e+01,-5.108584e+00,8.743465e-01,2.265641e-01,5.480748e-01,5.752478e-01,3.084643,30.4716
0.1227,2.515000e+01,-5.108636e+00,8.743465e-01,2.261780e-01,5.480689e-01,5.742737e-01,3.085473,30.7704
0.122733,2.515000e+01,-5.108659e+00,8.743465e-01,2.257856e-01,5.489494e-01,5.723579e-01,3.086303,31.0691
0.122767,2.515000e+01,-5.108670e+00,8.743465e-01,2.257076e-01,5.494942e-01,5.715928e-01,3.087158,31.3769
0.1228,2.515000e+01,-5.108704e+00,8.743465e-01,2.259889e-01,5.489684e-01,5.728534e-01,3.087988,31.6756
0.122833,2.515000e+01,-5.108727e+00,8.743465e-01,2.256147e-01,5.489754e-01,5.718976e-01,3.088818,31.9744
0.122867,2.515000e+01,-5.108739e+00,8.743465e-01,2.253485e-01,5.490069e-01,5.711900e-01,3.089673,32.2822
0.1229,2.515000e+01,-5.108784e+00,8.743465e-01,2.261436e-01,5.492155e-01,5.729875e-01,3.090503,32.5809
0.122933,2.515000e+01,-5.108849e+00,8.743465e-01,2.262021e-01,5.486176e-01,5.737605e-01,3.091332,32.8796
0.122967,2.515000e+01,-5.108896e+00,8.743465e-01,2.256719e-01,5.486152e-01,5.724180e-01,3.092187,33.1874
0.123,2.515000e+01,-5.108920e+00,8.743465e-01,2.254825e-01,5.492623e-01,5.712639e-01,3.093017,33.4862
0.123033,2.515000e+01,-5.108988e+00,8.743465e-01,2.262926e-01,5.487356e-01,5.738664e-01,3.093847,33.7849
0.123067,2.515000e+01,-5.109076e+00,8.743465e-01,2.267328e-01,5.486915e-01,5.750291e-01,3.094702,34.0927
0.1231,2.515000e+01,-5.109134e+00,8.743465e-01,2.262185e-01,5.493554e-01,5.730313e-01,3.095532,34.3915
0.123133,2.515000e+01,-5.109165e+00,8.743465e-01,2.254945e-01,5.493751e-01,5.711770e-01,3.096362,34.6902
0.123167,2.515000e+01,-5.109215e+00,8.743465e-01,2.257732e-01,5.490010e-01,5.722725e-01,3.097217,34.9980
0.1232,2.515000e+01,-5.109278e+00,8.743465e-01,2.258351e-01,5.484943e-01,5.729584e-01,3.098046,35.2967
0.123233,2.515000e+01,-5.109339e+00,8.743465e-01,2.260305e-01,5.490504e-01,5.728731e-01,3.098876,35.5955
0.123267,2.515000e+01,-5.109419e+00,8.743465e-01,2.264810e-01,5.491112e-01,5.739514e-01,3.099731,35.9033
0.1233,2.515000e+01,-5.109512e+00,8.743465e-01,2.265717e-01,5.488020e-01,5.745049e-01,3.100561,36.2020
0.123333,2.515000e+01,-5.109555e+00,8.743465e-01,2.253902e-01,5.491324e-01,5.711650e-01,3.101391,36.5007
0.123367,2.515000e+01,-5.109583e+00,8.743465e-01,2.249464e-01,5.490462e-01,5.701298e-01,3.102246,36.8085
0.1234,2.515000e+01,-5.109630e+00,8.743465e-01,2.253596e-01,5.488662e-01,5.713645e-01,3.103076,37.1073
0.123433,2.515000e+01,-5.109706e+00,8.743465e-01,2.259792e-01,5.487946e-01,5.730102e-01,3.103906,37.4060
0.123467,2.515000e+01,-5.109782e+00,8.743465e-01,2.260404e-01,5.489373e-01,5.730164e-01,3.104761,37.7138
0.1235,2.515000e+01,-5.109815e+00,8.743465e-01,2.252383e-01,5.494459e-01,5.704545e-01,3.105590,38.0125
0.123533,2.515000e+01,-5.109871e+00,8.743465e-01,2.254416e-01,5.489002e-01,5.715369e-01,3.106420,38.3113
0.123567,2.515000e+01,-5.109948e+00,8.743465e-01,2.257818e-01,5.485094e-01,5.728073e-01,3.107275,38.6191
0.1236,2.515000e+01,-5.110037e+00,8.743465e-01,2.259502e-01,5.483109e-01,5.734420e-01,3.108105,38.9178
0.123633,2.515000e+01,-5.110121e+00,8.743465e-01,2.258687e-01,5.483359e-01,5.732090e-01,3.108935,39.2166
0.123667,2.515000e+01,-5.110198e+00,8.743465e-01,2.257077e-01,5.484311e-01,5.727010e-01,3.109790,39.5244
0.1237,2.515000e+01,-5.110230e+00,8.743465e-01,2.250158e-01,5.492452e-01,5.700991e-01,3.110620,39.8231
0.123733,2.515000e+01,-5.110276e+00,8.743465e-01,2.251366e-01,5.487156e-01,5.709557e-01,3.111450,40.1218
0.123767,2.515000e+01,-5.110337e+00,8.743465e-01,2.254000e-01,5.484260e-01,5.719256e-01,3.112305,40.4296
0.1238,2.515000e+01,-5.110420e+00,8.743465e-01,2.257847e-01,5.480645e-01,5.732796e-01,3.113134,40.7284
0.123833,2.515000e+01,-5.110499e+00,8.743465e-01,2.259462e-01,5.484423e-01,5.732945e-01,3.113964,41.0271
0.123867,2.515000e+01,-5.110550e+00,8.743465e-01,2.254068e-01,5.486012e-01,5.717604e-01,3.114819,41.3349
0.1239,2.515000e+01,-5.110610e+00,8.743465e-01,2.256110e-01,5.483678e-01,5.725217e-01,3.115649,41.6336
0.123933,2.515000e+01,-5.110673e+00,8.743465e-01,2.254842e-01,5.480576e-01,5.725239e-01,3.116479,41.9324
0.123967,2.515000e+01,-5.110751e+00,8.743465e-01,2.255812e-01,5.475650e-01,5.732856e-01,3.117334,42.2402
0.124,2.515000e+01,-5.110807e+00,8.743465e-01,2.251194e-01,5.477519e-01,5.719167e-01,3.118164,42.5389
0.124032,2.515000e+01,-5.110825e+00,8.743465e-01,2.244022e-01,5.486723e-01,5.691380e-01,3.118968,42.8286
0.124065,2.515000e+01,-5.110827e+00,8.743465e-01,2.241509e-01,5.486116e-01,5.685637e-01,3.119798,43.1273
0.124097,2.515000e+01,-5.110858e+00,8.743465e-01,2.247444e-01,5.483588e-01,5.703320e-01,3.120603,43.4170
0.124129,2.515000e+01,-5.110915e+00,8.743465e-01,2.251521e-01,5.478313e-01,5.719167e-01,3.121408,43.7067
0.124161,2.515000e+01,-5.110981e+00,8.743465e-01,2.253324e-01,5.476051e-01,5.726113e-01,3.122212,43.9964
0.124194,2.515000e+01,-5.111044e+00,8.743465e-01,2.251999e-01,5.475493e-01,5.723328e-01,3.123042,44.2951
0.124226,2.515000e+01,-5.111093e+00,8.743465e-01,2.248775e-01,5.477348e-01,5.713199e-01,3.123847,44.5848
0.124258,2.515000e+01,-5.111155e+00,8.743465e-01,2.249712e-01,5.473766e-01,5.719320e-01,3.124651,44.8745
0.12429,2.515000e+01,-5.111191e+00,8.743465e-01,2.247069e-01,5.479540e-01,5.706583e-01,3.125456,45.1642
0.124323,2.515000e+01,-5.111247e+00,8.743465e-01,2.249159e-01,5.472951e-01,5.718766e-01,3.126286,45.4629
0.124355,2.515000e+01,-5.111311e+00,8.743465e-01,2.251518e-01,5.474089e-01,5.723573e-01,3.127091,45.7526
0.124387,2.515000e+01,-5.111341e+00,8.743465e-01,2.243027e-01,5.470847e-01,5.705367e-01,3.127895,46.0423
0.124419,2.515000e+01,-5.111365e+00,8.743465e-01,2.241959e-01,5.471461e-01,5.702011e-01,3.128700,46.3320
0.124452,2.515000e+01,-5.111400e+00,8.743465e-01,2.245611e-01,5.470586e-01,5.712212e-01,3.129530,46.6307
0.124484,2.515000e+01,-5.111453e+00,8.743465e-01,2.251749e-01,5.473162e-01,5.725129e-01,3.130335,46.9204
0.124516,2.515000e+01,-5.111498e+00,8.743465e-01,2.251162e-01,5.474160e-01,5.722595e-01,3.131139,47.2101
0.124548,2.515000e+01,-5.111522e+00,8.743465e-01,2.245262e-01,5.470316e-01,5.711608e-01,3.131944,47.4998
0.124581,2.515000e+01,-5.111545e+00,8.743465e-01,2.243899e-01,5.465363e-01,5.713314e-01,3.132774,47.7986
0.124613,2.515000e+01,-5.111559e+00,8.743465e-01,2.241125e-01,5.463072e-01,5.708643e-01,3.133578,48.0882
0.124645,2.515000e+01,-5.111582e+00,8.743465e-01,2.244614e-01,5.463762e-01,5.716808e-01,3.134383,48.3779
0.124677,2.515000e+01,-5.111593e+00,8.743465e-01,2.244963e-01,5.469811e-01,5.711374e-01,3.135188,48.6676
0.12471,2.515000e+01,-5.111607e+00,8.743465e-01,2.245645e-01,5.468614e-01,5.714360e-01,3.136018,48.9664
0.124742,2.515000e+01,-5.111621e+00,8.743465e-01,2.244258e-01,5.462997e-01,5.716700e-01,3.136822,49.2560
0.124774,2.515000e+01,-5.111621e+00,8.743465e-01,2.238715e-01,5.459518e-01,5.706216e-01,3.137627,49.5457
0.124806,2.515000e+01,-5.111631e+00,8.743465e-01,2.242738e-01,5.460310e-01,5.715642e-01,3.138432,49.8354
0.124839,2.515000e+01,-5.111645e+00,8.743465e-01,2.246335e-01,5.462458e-01,5.722557e-01,3.139262,50.1342
0.124871,2.515000e+01,-5.111650e+00,8.743465e-01,2.246442e-01,5.465044e-01,5.720120e-01,3.140066,50.4238
0.124903,2.515000e+01,-5.111610e+00,8.743465e-01,2.235505e-01,5.462242e-01,5.695192e-01,3.140871,50.7135
0.124935,2.515000e+01,-5.111573e+00,8.743465e-01,2.234445e-01,5.455756e-01,5.699260e-01,3.141676,51.0032
0.124968,2.515000e+01,-5.111539e+00,8.743465e-01,2.234772e-01,5.450957e-01,5.705111e-01,3.142505,51.3020
0.125,2.515000e+01,-5.111512e+00,8.743465e-01,2.239506e-01,5.453142e-01,5.714907e-01,3.143310,51.5916
0.125032,2.515000e+01,-5.111474e+00,8.743465e-01,2.240503e-01,5.458663e-01,5.711666e-01,3.144115,51.8813
0.125065,2.515000e+01,-5.111448e+00,8.743465e-01,2.246322e-01,5.460697e-01,5.724367e-01,3.144945,52.1801
0.125097,2.515000e+01,-5.111411e+00,8.743465e-01,2.243433e-01,5.456906e-01,5.720978e-01,3.145749,52.4698
0.125129,2.515000e+01,-5.111360e+00,8.743465e-01,2.237570e-01,5.449111e-01,5.714192e-01,3.146554,52.7594
0.125161,2.515000e+01,-5.111303e+00,8.743465e-01,2.238204e-01,5.450787e-01,5.714052e-01,3.147359,53.0491
0.125194,2.515000e+01,-5.111251e+00,8.743465e-01,2.240278e-01,5.450854e-01,5.719276e-01,3.148189,53.3479
0.125226,2.515000e+01,-5.111205e+00,8.743465e-01,2.242376e-01,5.450313e-01,5.725202e-01,3.148993,53.6376
0.125258,2.515000e+01,-5.111126e+00,8.743465e-01,2.234709e-01,5.451212e-01,5.704686e-01,3.149798,53.9273
0.12529,2.515000e+01,-5.111049e+00,8.743465e-01,2.233388e-01,5.445588e-01,5.707199e-01,3.150603,54.2169
0.125323,2.515000e+01,-5.110973e+00,8.743465e-01,2.234432e-01,5.445647e-01,5.709807e-01,3.151432,54.5157
0.125355,2.515000e+01,-5.110901e+00,8.743465e-01,2.235791e-01,5.446071e-01,5.712833e-01,3.152237,54.8054
0.125387,2.515000e+01,-5.110836e+00,8.743465e-01,2.236937e-01,5.444296e-01,5.717626e-01,3.153042,55.0951
0.125419,2.515000e+01,-5.110772e+00,8.743465e-01,2.237754e-01,5.445961e-01,5.717965e-01,3.153847,55.3847
0.125452,2.515000e+01,-5.110706e+00,8.743465e-01,2.237549e-01,5.444289e-01,5.719198e-01,3.154676,55.6835
0.125484,2.515000e+01,-5.110616e+00,8.743465e-01,2.231809e-01,5.443122e-01,5.705749e-01,3.155481,55.9732
0.125516,2.515000e+01,-5.110520e+00,8.743465e-01,2.229623e-01,5.441530e-01,5.701829e-01,3.156286,56.2629
0.125548,2.515000e+01,-5.110431e+00,8.743465e-01,2.232131e-01,5.441346e-01,5.708435e-01,3.157090,56.5525
0.125581,2.515000e+01,-5.110348e+00,8.743465e-01,2.234232e-01,5.441898e-01,5.713230e-01,3.157920,56.8513
0.125613,2.515000e+01,-5.110265e+00,8.743465e-01,2.231685e-01,5.435805e-01,5.713113e-01,3.158725,57.1410
0.125645,2.515000e+01,-5.110189e+00,8.743465e-01,2.232388e-01,5.433956e-01,5.716856e-01,3.159530,57.4307
0.125677,2.515000e+01,-5.110112e+00,8.743465e-01,2.234627e-01,5.438360e-01,5.717955e-01,3.160334,57.7203
0.12571,2.515000e+01,-5.110036e+00,8.743465e-01,2.236379e-01,5.441899e-01,5.718716e-01,3.161164,58.0191
0.125742,2.515000e+01,-5.109956e+00,8.743465e-01,2.235990e-01,5.440691e-01,5.718993e-01,3.161969,58.3088
0.125774,2.515000e+01,-5.109881e+00,8.743465e-01,2.234918e-01,5.435334e-01,5.721884e-01,3.162774,58.5985
0.125806,2.515000e+01,-5.109811e+00,8.743465e-01,2.235334e-01,5.433352e-01,5.725037e-01,3.163578,58.8881
0.125839,2.515000e+01,-5.109730e+00,8.743465e-01,2.231474e-01,5.432504e-01,5.716044e-01,3.164408,59.1869
0.125871,2.515000e+01,-5.109640e+00,8.743465e-01,2.226383e-01,5.427920e-01,5.707818e-01,3.165213,59.4766
0.125903,2.515000e+01,-5.109558e+00,8.743465e-01,2.228035e-01,5.426888e-01,5.713139e-01,3.166017,59.7663
0.125935,2.515000e+01,-5.109476e+00,8.743465e-01,2.229185e-01,5.429290e-01,5.713558e-01,3.166822,60.0560
0.125968,2.515000e+01,-5.109399e+00,8.743465e-01,2.232153e-01,5.431873e-01,5.718447e-01,3.167652,60.3547
0.126,2.515000e+01,-5.109322e+00,8.743465e-01,2.232256e-01,5.432333e-01,5.718227e-01,3.168457,60.6444
0.126032,2.515000e+01,-5.109248e+00,8.743465e-01,2.232569e-01,5.431511e-01,5.719892e-01,3.169261,60.9341
0.126065,2.515000e+01,-5.109176e+00,8.743465e-01,2.230813e-01,5.427226e-01,5.719908e-01,3.170091,61.2328
0.126097,2.515000e+01,-5.109092e+00,8.743465e-01,2.224929e-01,5.422192e-01,5.710115e-01,3.170896,61.5225
0.126129,2.515000e+01,-5.109009e+00,8.743465e-01,2.225585e-01,5.422974e-01,5.710976e-01,3.171701,61.8122
0.126161,2.515000e+01,-5.108924e+00,8.743465e-01,2.226255e-01,5.425009e-01,5.710553e-01,3.172505,62.1019
0.126194,2.515000e+01,-5.108843e+00,8.743465e-01,2.230127e-01,5.430970e-01,5.714205e-01,3.173335,62.4006
0.126226,2.515000e+01,-5.108771e+00,8.743465e-01,2.230563e-01,5.428872e-01,5.717532e-01,3.174140,62.6903
0.126258,2.515000e+01,-5.108710e+00,8.743465e-01,2.232102e-01,5.428754e-01,5.721600e-01,3.174944,62.9800
0.12629,2.515000e+01,-5.108655e+00,8.743465e-01,2.230305e-01,5.421250e-01,5.724908e-01,3.175749,63.2697
0.126323,2.515000e+01,-5.108599e+00,8.743465e-01,2.229736e-01,5.422385e-01,5.722249e-01,3.176579,63.5684
0.126355,2.515000e+01,-5.108541e+00,8.743465e-01,2.229953e-01,5.423558e-01,5.721568e-01,3.177384,63.8581
0.126387,2.515000e+01,-5.108495e+00,8.743465e-01,2.233935e-01,5.426823e-01,5.728338e-01,3.178188,64.1478
0.126419,2.515000e+01,-5.108450e+00,8.743465e-01,2.232231e-01,5.425614e-01,5.725244e-01,3.178993,64.4375
0.126452,2.515000e+01,-5.108413e+00,8.743465e-01,2.227931e-01,5.414865e-01,5.725557e-01,3.179823,64.7362
0.126484,2.515000e+01,-5.108383e+00,8.743465e-01,2.224985e-01,5.409067e-01,5.724116e-01,3.180628,65.0259
0.126516,2.515000e+01,-5.108342e+00,8.743465e-01,2.223273e-01,5.413788e-01,5.714724e-01,3.181432,65.3156
0.126548,2.515000e+01,-5.108308e+00,8.743465e-01,2.227830e-01,5.420574e-01,5.719268e-01,3.182237,65.6053
0.126581,2.515000e+01,-5.108273e+00,8.743465e-01,2.228601e-01,5.424067e-01,5.717564e-01,3.183067,65.9040
0.126613,2.515000e+01,-5.108258e+00,8.743465e-01,2.230708e-01,5.419725e-01,5.727554e-01,3.183871,66.1937
0.126645,2.515000e+01,-5.108253e+00,8.743465e-01,2.232651e-01,5.419071e-01,5.733234e-01,3.184676,66.4834
0.126677,2.515000e+01,-5.108240e+00,8.743465e-01,2.227304e-01,5.414006e-01,5.724856e-01,3.185481,66.7731
0.12671,2.515000e+01,-5.108231e+00,8.743465e-01,2.227603e-01,5.413868e-01,5.725770e-01,3.186311,67.0718
0.126742,2.515000e+01,-5.108214e+00,8.743465e-01,2.225441e-01,5.415950e-01,5.718015e-01,3.187115,67.3615
0.126774,2.515000e+01,-5.108211e+00,8.743465e-01,2.227478e-01,5.416153e-01,5.723033e-01,3.187920,67.6512
0.126806,2.515000e+01,-5.108209e+00,8.743465e-01,2.226435e-01,5.415099e-01,5.721467e-01,3.188725,67.9409
0.126839,2.515000e+01,-5.108215e+00,8.743465e-01,2.224069e-01,5.409600e-01,5.721196e-01,3.189555,68.2396
0.126871,2.515000e+01,-5.108222e+00,8.743465e-01,2.224620e-01,5.411821e-01,5.720265e-01,3.190359,68.5293
0.126903,2.515000e+01,-5.108229e+00,8.743465e-01,2.227144e-01,5.419297e-01,5.718853e-01,3.191164,68.8190
0.126935,2.515000e+01,-5.108251e+00,8.743465e-01,2.230272e-01,5.419607e-01,5.726560e-01,3.191969,69.1087
0.126968,2.515000e+01,-5.108287e+00,8.743465e-01,2.230945e-01,5.415536e-01,5.732594e-01,3.192798,69.4074
0.127,2.515000e+01,-5.108328e+00,8.743465e-01,2.231180e-01,5.416791e-01,5.731870e-01,3.193603,69.6971
0.127032,2.515000e+01,-5.108382e+00,8.743465e-01,2.230225e-01,5.410436e-01,5.736144e-01,3.194408,69.9868
0.127065,2.515000e+01,-5.108443e+00,8.743465e-01,2.227663e-01,5.406835e-01,5.733371e-01,3.195238,70.2855
0.127097,2.515000e+01,-5.108508e+00,8.743465e-01,2.225684e-01,5.403564e-01,5.731744e-01,3.196042,70.5752
0.127129,2.515000e+01,-5.108572e+00,8.743465e-01,2.227140e-01,5.408126e-01,5.730658e-01,3.196847,70.8649
0.127161,2.515000e+01,-5.108632e+00,8.743465e-01,2.228273e-01,5.412049e-01,5.729417e-01,3.197652,71.1546
0.127194,2.515000e+01,-5.108691e+00,8.743465e-01,2.229324e-01,5.416024e-01,5.727912e-01,3.198482,71.4533
0.127226,2.515000e+01,-5.108743e+00,8.743465e-01,2.228874e-01,5.418644e-01,5.723986e-01,3.199286,71.7430
0.127258,2.515000e+01,-5.108808e+00,8.743465e-01,2.229731e-01,5.414729e-01,5.730327e-01,3.200091,72.0327
0.12729,2.515000e+01,-5.108893e+00,8.743465e-01,2.230746e-01,5.407100e-01,5.741024e-01,3.200896,72.3224
0.127323,2.515000e+01,-5.108976e+00,8.743465e-01,2.231541e-01,5.409011e-01,5.741042e-01,3.201725,72.6211
0.127355,2.515000e+01,-5.109042e+00,8.743465e-01,2.227815e-01,5.410145e-01,5.730254e-01,3.202530,72.9108
0.127387,2.515000e+01,-5.109094e+00,8.743465e-01,2.225945e-01,5.413145e-01,5.722270e-01,3.203335,73.2005
0.127419,2.515000e+01,-5.109147e+00,8.743465e-01,2.225908e-01,5.413727e-01,5.721562e-01,3.204139,73.4902
0.127452,2.515000e+01,-5.109213e+00,8.743465e-01,2.227699e-01,5.411138e-01,5.728905e-01,3.204969,73.7889
0.127484,2.515000e+01,-5.109286e+00,8.743465e-01,2.230115e-01,5.412613e-01,5.733555e-01,3.205774,74.0786
0.127516,2.515000e+01,-5.109350e+00,8.743465e-01,2.229403e-01,5.416394e-01,5.727724e-01,3.206579,74.3683
0.127548,2.515000e+01,-5.109416e+00,8.743465e-01,2.230138e-01,5.418079e-01,5.727832e-01,3.207383,74.6580
0.127581,2.515000e+01,-5.109481e+00,8.743465e-01,2.231627e-01,5.421405e-01,5.728139e-01,3.208213,74.9567
0.127613,2.515000e+01,-5.109559e+00,8.743465e-01,2.230831e-01,5.411031e-01,5.737074e-01,3.209018,75.2464
0.127645,2.515000e+01,-5.109653e+00,8.743465e-01,2.230814e-01,5.402586e-01,5.745996e-01,3.209823,75.5361
0.127677,2.515000e+01,-5.109751e+00,8.743465e-01,2.231479e-01,5.402492e-01,5.747810e-01,3.210627,75.8258
0.12771,2.515000e+01,-5.109826e+00,8.743465e-01,2.230275e-01,5.410453e-01,5.736256e-01,3.211457,76.1246
0.127742,2.515000e+01,-5.109882e+00,8.743465e-01,2.229554e-01,5.417363e-01,5.727086e-01,3.212262,76.4142
0.127774,2.515000e+01,-5.109938e+00,8.743465e-01,2.229872e-01,5.418024e-01,5.727205e-01,3.213066,76.7039
0.127806,2.515000e+01,-5.110011e+00,8.743465e-01,2.233798e-01,5.415570e-01,5.739889e-01,3.213871,76.9936
0.127839,2.515000e+01,-5.110076e+00,8.743465e-01,2.233118e-01,5.416783e-01,5.736858e-01,3.214701,77.2924
0.127871,2.515000e+01,-5.110143e+00,8.743465e-01,2.232022e-01,5.412252e-01,5.738842e-01,3.215506,77.5820
0.127903,2.515000e+01,-5.110200e+00,8.743465e-01,2.233056e-01,5.417719e-01,5.735706e-01,3.216310,77.8717
0.127935,2.515000e+01,-5.110269e+00,8.743465e-01,2.236741e-01,5.415429e-01,5.747601e-01,3.217115,78.1614
0.127968,2.515000e+01,-5.110333e+00,8.743465e-01,2.235067e-01,5.411995e-01,5.746943e-01,3.217945,78.4602
0.128,2.515000e+01,-5.110390e+00,8.743465e-01,2.231987e-01,5.407272e-01,5.744036e-01,3.218750,78.7498
0.128032,2.515000e+01,-5.110436e+00,8.743465e-01,2.230913e-01,5.410829e-01,5.737497e-01,3.219554,79.0395
0.128065,2.515000e+01,-5.110464e+00,8.743465e-01,2.231886e-01,5.421087e-01,5.729139e-01,3.220384,79.3383
0.128097,2.515000e+01,-5.110473e+00,8.743465e-01,2.229802e-01,5.425196e-01,5.719454e-01,3.221189,79.6280
0.128129,2.515000e+01,-5.110490e+00,8.743465e-01,2.231422e-01,5.423402e-01,5.725502e-01,3.221993,79.9176
0.128161,2.515000e+01,-5.110534e+00,8.743465e-01,2.236947e-01,5.419253e-01,5.744073e-01,3.222798,80.2073
0.128194,2.515000e+01,-5.110577e+00,8.743465e-01,2.239480e-01,5.423671e-01,5.745894e-01,3.223628,80.5061
0.128226,2.515000e+01,-5.110621e+00,8.743465e-01,2.237448e-01,5.417368e-01,5.747358e-01,3.224433,80.7958
0.128258,2.515000e+01,-5.110663e+00,8.743465e-01,2.237606e-01,5.417841e-01,5.747262e-01,3.225237,81.0855
0.12829,2.515000e+01,-5.110712e+00,8.743465e-01,2.240114e-01,5.418520e-01,5.752984e-01,3.226042,81.3751
0.128323,2.515000e+01,-5.110753e+00,8.743465e-01,2.237562e-01,5.418000e-01,5.746982e-01,3.226872,81.6739
0.128355,2.515000e+01,-5.110796e+00,8.743465e-01,2.236834e-01,5.416511e-01,5.746691e-01,3.227677,81.9636
0.128387,2.515000e+01,-5.110808e+00,8.743465e-01,2.233843e-01,5.426014e-01,5.728955e-01,3.228481,82.2533
0.128419,2.515000e+01,-5.110820e+00,8.743465e-01,2.236599e-01,5.431281e-01,5.730460e-01,3.229286,82.5429
0.128452,2.515000e+01,-5.110848e+00,8.743465e-01,2.240054e-01,5.427443e-01,5.743372e-01,3.230116,82.8417
0.128484,2.515000e+01,-5.110901e+00,8.743465e-01,2.244498e-01,5.423460e-01,5.758991e-01,3.230920,83.1314
0.128516,2.515000e+01,-5.110931e+00,8.743465e-01,2.241478e-01,5.430536e-01,5.743749e-01,3.231725,83.4211
0.128548,2.515000e+01,-5.110930e+00,8.743465e-01,2.237382e-01,5.437013e-01,5.726422e-01,3.232530,83.7107
0.128581,2.515000e+01,-5.110975e+00,8.743465e-01,2.240836e-01,5.419429e-01,5.753872e-01,3.233360,84.0095
0.128613,2.515000e+01,-5.111018e+00,8.743465e-01,2.242184e-01,5.420952e-01,5.755715e-01,3.234164,84.2992
0.128645,2.515000e+01,-5.111061e+00,8.743465e-01,2.245438e-01,5.427610e-01,5.756999e-01,3.234969,84.5889
0.128677,2.515000e+01,-5.111089e+00,8.743465e-01,2.243047e-01,5.430735e-01,5.747561e-01,3.235774,84.8785
0.12871,2.515000e+01,-5.111111e+00,8.743465e-01,2.239729e-01,5.425892e-01,5.744181e-01,3.236604,85.1773
0.128742,2.515000e+01,-5.111113e+00,8.743465e-01,2.236921e-01,5.430569e-01,5.732037e-01,3.237408,85.4670
0.128774,2.515000e+01,-5.111094e+00,8.743465e-01,2.237378e-01,5.440646e-01,5.722589e-01,3.238213,85.7567
0.128806,2.515000e+01,-5.111108e+00,8.743465e-01,2.244923e-01,5.436752e-01,5.745999e-01,3.239018,86.0463
0.128839,2.515000e+01,-5.111154e+00,8.743465e-01,2.250972e-01,5.431541e-01,5.767010e-01,3.239847,86.3451
0.128871,2.515000e+01,-5.111195e+00,8.743465e-01,2.251265e-01,5.434161e-01,5.764979e-01,3.240652,86.6348
0.128903,2.515000e+01,-5.111176e+00,8.743465e-01,2.239082e-01,5.440204e-01,5.727414e-01,3.241457,86.9245
0.128935,2.515000e+01,-5.111168e+00,8.743465e-01,2.237126e-01,5.429245e-01,5.733962e-01,3.242262,87.2142
0.128968,2.515000e+01,-5.111181e+00,8.743465e-01,2.241535e-01,5.427715e-01,5.746880e-01,3.243091,87.5129
0.129,2.515000e+01,-5.111219e+00,8.743465e-01,2.250238e-01,5.429905e-01,5.766866e-01,3.243896,87.8026
0.129033,2.515000e+01,-5.111230e+00,8.743465e-01,2.248883e-01,5.435498e-01,5.757463e-01,3.244726,88.1013
0.129067,2.515000e+01,-5.111220e+00,8.743465e-01,2.247513e-01,5.445585e-01,5.743298e-01,3.245581,88.4091
0.1291,2.515000e+01,-5.111209e+00,8.743465e-01,2.246995e-01,5.445857e-01,5.741687e-01,3.246411,88.7079
0.129133,2.515000e+01,-5.111201e+00,8.743465e-01,2.246977e-01,5.446953e-01,5.740486e-01,3.247241,89.0066
0.129167,2.515000e+01,-5.111253e+00,8.743465e-01,2.251470e-01,5.427189e-01,5.772912e-01,3.248096,89.3144
0.1292,2.515000e+01,-5.111326e+00,8.743465e-01,2.255460e-01,5.425089e-01,5.785380e-01,3.248925,89.6131
0.129233,2.515000e+01,-5.111382e+00,8.743465e-01,2.255702e-01,5.435309e-01,5.775123e-01,3.249755,89.9119
0.129267,2.515000e+01,-5.111366e+00,8.743465e-01,2.244372e-01,5.447882e-01,5.732852e-01,3.250610,90.2197
0.1293,2.515000e+01,-5.111333e+00,8.743465e-01,2.237099e-01,5.441058e-01,5.721442e-01,3.251440,90.5184
0.129333,2.515000e+01,-5.111324e+00,8.743465e-01,2.240996e-01,5.437198e-01,5.735477e-01,3.252270,90.8171
0.129367,2.515000e+01,-5.111353e+00,8.743465e-01,2.253561e-01,5.443067e-01,5.761418e-01,3.253125,91.1249
0.1294,2.515000e+01,-5.111380e+00,8.743465e-01,2.255642e-01,5.447055e-01,5.762515e-01,3.253955,91.4237
0.129433,2.515000e+01,-5.111382e+00,8.743465e-01,2.250872e-01,5.448996e-01,5.748281e-01,3.254784,91.7224
0.129467,2.515000e+01,-5.111370e+00,8.743465e-01,2.248278e-01,5.450249e-01,5.740337e-01,3.255639,92.0302
0.1295,2.515000e+01,-5.111374e+00,8.743465e-01,2.249032e-01,5.444897e-01,5.747906e-01,3.256469,92.3289
0.129533,2.515000e+01,-5.111421e+00,8.743465e-01,2.254240e-01,5.435763e-01,5.770896e-01,3.257299,92.6277
0.129567,2.515000e+01,-5.111472e+00,8.743465e-01,2.256038e-01,5.437441e-01,5.773717e-01,3.258154,92.9355
0.1296,2.515000e+01,-5.111502e+00,8.743465e-01,2.255181e-01,5.445516e-01,5.762966e-01,3.258984,93.2342
0.129633,2.515000e+01,-5.111488e+00,8.743465e-01,2.249375e-01,5.455161e-01,5.737966e-01,3.259814,93.5330
0.129667,2.515000e+01,-5.111471e+00,8.743465e-01,2.248677e-01,5.454083e-01,5.737320e-01,3.260669,93.8408
0.1297,2.515000e+01,-5.111446e+00,8.743465e-01,2.248623e-01,5.455974e-01,5.735195e-01,3.261499,94.1395
0.129733,2.515000e+01,-5.111427e+00,8.743465e-01,2.252401e-01,5.458608e-01,5.742057e-01,3.262328,94.4382
0.129767,2.515000e+01,-5.111461e+00,8.743465e-01,2.259263e-01,5.442941e-01,5.776127e-01,3.263183,94.7460
0.1298,2.515000e+01,-5.111496e+00,8.743465e-01,2.259911e-01,5.440590e-01,5.780283e-01,3.264013,95.0448
0.129833,2.515000e+01,-5.111499e+00,8.743465e-01,2.256850e-01,5.449317e-01,5.763209e-01,3.264843,95.3435
0.129867,2.515000e+01,-5.111470e+00,8.743465e-01,2.252765e-01,5.457730e-01,5.743910e-01,3.265698,95.6513
0.1299,2.515000e+01,-5.111459e+00,8.743465e-01,2.253926e-01,5.451630e-01,5.753299e-01,3.266528,95.9500
0.129933,2.515000e+01,-5.111450e+00,8.743465e-01,2.253207e-01,5.448841e-01,5.754409e-01,3.267358,96.2488
0.129967,2.515000e+01,-5.111420e+00,8.743465e-01,2.252759e-01,5.456276e-01,5.745425e-01,3.268213,96.5566
0.13,2.515000e+01,-5.111395e+00,8.743465e-01,2.254830e-01,5.456937e-01,5.750011e-01,3.269043,96.8553
0.130033,2.515000e+01,-5.111387e+00,8.743465e-01,2.257954e-01,5.455211e-01,5.759798e-01,3.269872,97.1541
0.130067,2.515000e+01,-5.111364e+00,8.743465e-01,2.256355e-01,5.460568e-01,5.750073e-01,3.270727,97.4618
0.1301,2.515000e+01,-5.111335e+00,8.743465e-01,2.255031e-01,5.459108e-01,5.748237e-01,3.271557,97.7606
0.130133,2.515000e+01,-5.111322e+00,8.743465e-01,2.257270e-01,5.453671e-01,5.759679e-01,3.272387,98.0593
0.130167,2.515000e+01,-5.111307e+00,8.743465e-01,2.256483e-01,5.451588e-01,5.759872e-01,3.273242,98.3671
0.1302,2.515000e+01,-5.111287e+00,8.743465e-01,2.258514e-01,5.456776e-01,5.759573e-01,3.274072,98.6659
0.130233,2.515000e+01,-5.111238e+00,8.743465e-01,2.255400e-01,5.460443e-01,5.747771e-01,3.274902,98.9646
0.130267,2.515000e+01,-5.111184e+00,8.743465e-01,2.255526e-01,5.460057e-01,5.748497e-01,3.275757,99.2724
0.1303,2.515000e+01,-5.111111e+00,8.743465e-01,2.253685e-01,5.462602e-01,5.741129e-01,3.276586,99.5711
0.130333,2.515000e+01,-5.111046e+00,8.743465e-01,2.257197e-01,5.462098e-01,5.750608e-01,3.277416,99.8699
0.130367,2.515000e+01,-5.111010e+00,8.743465e-01,2.263188e-01,5.457625e-01,5.770596e-01,3.278271,100.1777
0.1304,2.515000e+01,-5.110968e+00,8.743465e-01,2.263828e-01,5.461146e-01,5.768506e-01,3.279101,100.4764
0.130433,2.515000e+01,-5.110906e+00,8.743465e-01,2.261532e-01,5.466061e-01,5.757473e-01,3.279931,100.7751
0.130467,2.515000e+01,-5.110829e+00,8.743465e-01,2.255462e-01,5.460481e-01,5.747887e-01,3.280786,101.0829
0.1305,2.515000e+01,-5.110761e+00,8.743465e-01,2.256287e-01,5.456932e-01,5.753729e-01,3.281616,101.3817
0.130533,2.515000e+01,-5.110695e+00,8.743465e-01,2.258103e-01,5.459273e-01,5.755891e-01,3.282446,101.6804
0.130567,2.515000e+01,-5.110619e+00,8.743465e-01,2.261382e-01,5.468528e-01,5.754495e-01,3.283301,101.9882
0.1306,2.515000e+01,-5.110547e+00,8.743465e-01,2.261644e-01,5.466772e-01,5.757009e-01,3.284130,102.2870
0.130633,2.515000e+01,-5.110467e+00,8.743465e-01,2.260250e-01,5.463826e-01,5.756564e-01,3.284960,102.5857
0.130667,2.515000e+01,-5.110378e+00,8.743465e-01,2.259973e-01,5.467410e-01,5.752086e-01,3.285815,102.8935
0.1307,2.515000e+01,-5.110287e+00,8.743465e-01,2.260588e-01,5.467882e-01,5.753154e-01,3.286645,103.1922
0.130733,2.515000e+01,-5.110198e+00,8.743465e-01,2.261743e-01,5.469529e-01,5.754359e-01,3.287475,103.4910
0.130767,2.515000e+01,-5.110098e+00,8.743465e-01,2.259406e-01,5.469259e-01,5.748698e-01,3.288330,103.7988
0.1308,2.515000e+01,-5.110003e+00,8.743465e-01,2.259632e-01,5.466934e-01,5.751718e-01,3.289160,104.0975
0.130833,2.515000e+01,-5.109920e+00,8.743465e-01,2.258767e-01,5.459648e-01,5.757189e-01,3.289990,104.3962
0.130867,2.515000e+01,-5.109844e+00,8.743465e-01,2.260296e-01,5.459240e-01,5.761515e-01,3.290845,104.7040
0.1309,2.515000e+01,-5.109748e+00,8.743465e-01,2.259568e-01,5.467419e-01,5.751045e-01,3.291674,105.0028
0.130933,2.515000e+01,-5.109635e+00,8.743465e-01,2.259693e-01,5.474696e-01,5.743719e-01,3.292504,105.3015
0.130967,2.515000e+01,-5.109525e+00,8.743465e-01,2.259710e-01,5.473346e-01,5.745178e-01,3.293359,105.6093
0.131,2.515000e+01,-5.109421e+00,8.743465e-01,2.259064e-01,5.470079e-01,5.746965e-01,3.294189,105.9080
0.131033,2.515000e+01,-5.109341e+00,8.743465e-01,2.262839e-01,5.465969e-01,5.760897e-01,3.295019,106.2068
0.131067,2.515000e+01,-5.109275e+00,8.743465e-01,2.264105e-01,5.461702e-01,5.768624e-01,3.295874,106.5146
0.1311,2.515000e+01,-5.109206e+00,8.743465e-01,2.264807e-01,5.464658e-01,5.767292e-01,3.296704,106.8133
0.131133,2.515000e+01,-5.109116e+00,8.743465e-01,2.262329e-01,5.471920e-01,5.753334e-01,3.297533,107.1121
0.131167,2.515000e+01,-5.109022e+00,8.743465e-01,2.260425e-01,5.471298e-01,5.749146e-01,3.298388,107.4199
0.1312,2.515000e+01,-5.108939e+00,8.743465e-01,2.261457e-01,5.469813e-01,5.753335e-01,3.299218,107.7186
0.131233,2.515000e+01,-5.108855e+00,8.743465e-01,2.259391e-01,5.467704e-01,5.750296e-01,3.300048,108.0173
0.131267,2.515000e+01,-5.108758e+00,8.743465e-01,2.259623e-01,5.474958e-01,5.743265e-01,3.300903,108.3251
0.1313,2.515000e+01,-5.108664e+00,8.743465e-01,2.260172e-01,5.474567e-01,5.745071e-01,3.301733,108.6239
0.131333,2.515000e+01,-5.108572e+00,8.743465e-01,2.260781e-01,5.476190e-01,5.744918e-01,3.302563,108.9226
0.131367,2.515000e+01,-5.108496e+00,8.743465e-01,2.260808e-01,5.470780e-01,5.750665e-01,3.303418,109.2304
0.1314,2.515000e+01,-5.108437e+00,8.743465e-01,2.260095e-01,5.463575e-01,5.756432e-01,3.304248,109.5291
0.131433,2.515000e+01,-5.108378e+00,8.743465e-01,2.260005e-01,5.462673e-01,5.757155e-01,3.305077,109.8279
0.131467,2.515000e+01,-5.108319e+00,8.743465e-01,2.260994e-01,5.468016e-01,5.754047e-01,3.305932,110.1357
0.1315,2.515000e+01,-5.108236e+00,8.743465e-01,2.259197e-01,5.477692e-01,5.739316e-01,3.306762,110.4344
0.131533,2.515000e+01,-5.108156e+00,8.743465e-01,2.259306e-01,5.478931e-01,5.738296e-01,3.307592,110.7332
0.131567,2.515000e+01,-5.108075e+00,8.743465e-01,2.258027e-01,5.479562e-01,5.734387e-01,3.308447,111.0409
0.1316,2.515000e+01,-5.108005e+00,8.743465e-01,2.258194e-01,5.476682e-01,5.737827e-01,3.309277,111.3397
0.131633,2.515000e+01,-5.107980e+00,8.743465e-01,2.263023e-01,5.467561e-01,5.759689e-01,3.310107,111.6384
0.131667,2.515000e+01,-5.107982e+00,8.743465e-01,2.266184e-01,5.464436e-01,5.771032e-01,3.310962,111.9462
0.1317,2.515000e+01,-5.107978e+00,8.743465e-01,2.265721e-01,5.469627e-01,5.764378e-01,3.311792,112.2450
0.131733,2.515000e+01,-5.107936e+00,8.743465e-01,2.260030e-01,5.479589e-01,5.739446e-01,3.312621,112.5437
0.131767,2.515000e+01,-5.107893e+00,8.743465e-01,2.258212e-01,5.480774e-01,5.733588e-01,3.313476,112.8515
0.1318,2.515000e+01,-5.107877e+00,8.743465e-01,2.260360e-01,5.476523e-01,5.743499e-01,3.314306,113.1502
0.131833,2.515000e+01,-5.107875e+00,8.743465e-01,2.261762e-01,5.473893e-01,5.749822e-01,3.315136,113.4490
0.131867,2.515000e+01,-5.107866e+00,8.743465e-01,2.262868e-01,5.481189e-01,5.744975e-01,3.315991,113.7568
0.1319,2.515000e+01,-5.107862e+00,8.743465e-01,2.262647e-01,5.481288e-01,5.744311e-01,3.316821,114.0555
0.131933,2.515000e+01,-5.107852e+00,8.743465e-01,2.260567e-01,5.481861e-01,5.738430e-01,3.317651,114.3542
0.131967,2.515000e+01,-5.107849e+00,8.743465e-01,2.259404e-01,5.478686e-01,5.738800e-01,3.318506,114.6620
0.132,2.515000e+01,-5.107882e+00,8.743465e-01,2.262084e-01,5.468941e-01,5.755845e-01,3.319335,114.9608
0.132033,2.515000e+01,-5.107939e+00,8.743465e-01,2.265452e-01,5.466431e-01,5.767063e-01,3.320165,115.2595
0.132067,2.515000e+01,-5.107978e+00,8.743465e-01,2.263552e-01,5.474333e-01,5.753907e-01,3.321020,115.5673
0.1321,2.515000e+01,-5.107956e+00,8.743465e-01,2.254863e-01,5.490321e-01,5.715129e-01,3.321850,115.8661
0.132133,2.515000e+01,-5.107939e+00,8.743465e-01,2.254532e-01,5.488426e-01,5.716264e-01,3.322680,116.1648
0.132167,2.515000e+01,-5.107960e+00,8.743465e-01,2.259604e-01,5.482937e-01,5.734860e-01,3.323535,116.4726
0.1322,2.515000e+01,-5.108002e+00,8.743465e-01,2.261198e-01,5.477244e-01,5.744870e-01,3.324365,116.7713
0.132233,2.515000e+01,-5.108058e+00,8.743465e-01,2.263520e-01,5.476024e-01,5.752050e-01,3.325195,117.0701
0.132267,2.515000e+01,-5.108094e+00,8.743465e-01,2.261029e-01,5.481423e-01,5.740061e-01,3.326050,117.3779
0.1323,2.515000e+01,-5.108135e+00,8.743465e-01,2.263523e-01,5.485000e-01,5.742646e-01,3.326879,117.6766
0.132333,2.515000e+01,-5.108171e+00,8.743465e-01,2.263086e-01,5.488567e-01,5.737803e-01,3.327709,117.9753
0.132367,2.515000e+01,-5.108223e+00,8.743465e-01,2.262992e-01,5.479201e-01,5.747376e-01,3.328564,118.2831
0.1324,2.515000e+01,-5.108265e+00,8.743465e-01,2.260821e-01,5.475390e-01,5.745856e-01,3.329394,118.5819
0.132433,2.515000e+01,-5.108287e+00,8.743465e-01,2.258308e-01,5.480713e-01,5.733895e-01,3.330224,118.8806
0.132467,2.515000e+01,-5.108294e+00,8.743465e-01,2.258011e-01,5.489060e-01,5.724425e-01,3.331079,119.1884
0.1325,2.515000e+01,-5.108314e+00,8.743465e-01,2.260904e-01,5.489818e-01,5.730966e-01,3.331909,119.4871
0.132533,2.515000e+01,-5.108352e+00,8.743465e-01,2.264210e-01,5.488525e-01,5.740698e-01,3.332739,119.7859
0.132567,2.515000e+01,-5.108411e+00,8.743465e-01,2.266942e-01,5.486927e-01,5.749300e-01,3.333594,120.0937
0.1326,2.515000e+01,-5.108482e+00,8.743465e-01,2.268636e-01,5.480985e-01,5.759834e-01,3.334423,120.3924
0.132633,2.515000e+01,-5.108535e+00,8.743465e-01,2.264192e-01,5.480382e-01,5.749183e-01,3.335253,120.6912
0.132667,2.515000e+01,-5.108571e+00,8.743465e-01,2.262016e-01,5.486194e-01,5.737572e-01,3.336108,120.9990
0.1327,2.515000e+01,-5.108578e+00,8.743465e-01,2.258506e-01,5.495562e-01,5.718905e-01,3.336938,121.2977
0.132733,2.515000e+01,-5.108610e+00,8.743465e-01,2.261648e-01,5.489342e-01,5.733350e-01,3.337768,121.5964
0.132767,2.515000e+01,-5.108634e+00,8.743465e-01,2.259295e-01,5.490551e-01,5.726124e-01,3.338623,121.9042
0.1328,2.515000e+01,-5.108646e+00,8.743465e-01,2.255269e-01,5.489161e-01,5.717367e-01,3.339453,122.2030
0.132833,2.515000e+01,-5.108685e+00,8.743465e-01,2.262663e-01,5.491921e-01,5.733231e-01,3.340283,122.5017
0.132867,2.515000e+01,-5.108744e+00,8.743465e-01,2.264103e-01,5.488020e-01,5.740956e-01,3.341137,122.8095
0.1329,2.515000e+01,-5.108803e+00,8.743465e-01,2.261411e-01,5.484697e-01,5.737603e-01,3.341967,123.1082
0.132933,2.515000e+01,-5.108827e+00,8.743465e-01,2.255932e-01,5.491437e-01,5.716678e-01,3.342797,123.4070
0.132967,2.515000e+01,-5.108880e+00,8.743465e-01,2.262453e-01,5.488264e-01,5.736518e-01,3.343652,123.7148
0.133,2.515000e+01,-5.108967e+00,8.743465e-01,2.269668e-01,5.487664e-01,5.755439e-01,3.344482,124.0135
0.133033,2.515000e+01,-5.109038e+00,8.743465e-01,2.266950e-01,5.491166e-01,5.744882e-01,3.345312,124.3123
0.133067,2.515000e+01,-5.109071e+00,8.743465e-01,2.257390e-01,5.493334e-01,5.718398e-01,3.346167,124.6200
0.1331,2.515000e+01,-5.109116e+00,8.743465e-01,2.260247e-01,5.492239e-01,5.726774e-01,3.346997,124.9188
0.133133,2.515000e+01,-5.109175e+00,8.743465e-01,2.260150e-01,5.485240e-01,5.733836e-01,3.347826,125.2175
0.133167,2.515000e+01,-5.109237e+00,8.743465e-01,2.262160e-01,5.488883e-01,5.735128e-01,3.348681,125.5253
0.1332,2.515000e+01,-5.109312e+00,8.743465e-01,2.266301e-01,5.491134e-01,5.743270e-01,3.349511,125.8241
0.133233,2.515000e+01,-5.109403e+00,8.743465e-01,2.267967e-01,5.488357e-01,5.750401e-01,3.350341,126.1228
0.133267,2.515000e+01,-5.109464e+00,8.743465e-01,2.260676e-01,5.490461e-01,5.729719e-01,3.351196,126.4306
0.1333,2.515000e+01,-5.109488e+00,8.743465e-01,2.251177e-01,5.491401e-01,5.704664e-01,3.352026,126.7293
0.133333,2.515000e+01,-5.109527e+00,8.743465e-01,2.254247e-01,5.487981e-01,5.716006e-01,3.352856,127.0281
0.133367,2.515000e+01,-5.109600e+00,8.743465e-01,2.262026e-01,5.488769e-01,5.734906e-01,3.353711,127.3359
0.1334,2.515000e+01,-5.109683e+00,8.743465e-01,2.263170e-01,5.486547e-01,5.740130e-01,3.354541,127.6346
0.133433,2.515000e+01,-5.109720e+00,8.743465e-01,2.256638e-01,5.494804e-01,5.714964e-01,3.355370,127.9333
0.133467,2.515000e+01,-5.109769e+00,8.743465e-01,2.256456e-01,5.491011e-01,5.718450e-01,3.356225,128.2411
0.1335,2.515000e+01,-5.109842e+00,8.743465e-01,2.259110e-01,5.485283e-01,5.731154e-01,3.357055,128.5399
0.133533,2.515000e+01,-5.109930e+00,8.743465e-01,2.262147e-01,5.483221e-01,5.741018e-01,3.357885,128.8386
0.133567,2.515000e+01,-5.110018e+00,8.743465e-01,2.261973e-01,5.483313e-01,5.740480e-01,3.358740,129.1464
0.1336,2.515000e+01,-5.110094e+00,8.743465e-01,2.258533e-01,5.482114e-01,5.733002e-01,3.359570,129.4452
0.133633,2.515000e+01,-5.110137e+00,8.743465e-01,2.255687e-01,5.492981e-01,5.714450e-01,3.360400,129.7439
0.133667,2.515000e+01,-5.110179e+00,8.743465e-01,2.253222e-01,5.487839e-01,5.713554e-01,3.361255,130.0517
0.1337,2.515000e+01,-5.110233e+00,8.743465e-01,2.255432e-01,5.485867e-01,5.721213e-01,3.362085,130.3504
0.133733,2.515000e+01,-5.110313e+00,8.743465e-01,2.259502e-01,5.480011e-01,5.737665e-01,3.362914,130.6492
0.133767,2.515000e+01,-5.110395e+00,8.743465e-01,2.262426e-01,5.483862e-01,5.741054e-01,3.363769,130.9570
0.1338,2.515000e+01,-5.110453e+00,8.743465e-01,2.258074e-01,5.485212e-01,5.728600e-01,3.364599,131.2557
0.133833,2.515000e+01,-5.110509e+00,8.743465e-01,2.257949e-01,5.484656e-01,5.728863e-01,3.365429,131.5544
0.133867,2.515000e+01,-5.110570e+00,8.743465e-01,2.258086e-01,5.481713e-01,5.732285e-01,3.366284,131.8622
0.1339,2.515000e+01,-5.110642e+00,8.743465e-01,2.257392e-01,5.476847e-01,5.735617e-01,3.367114,132.1610
0.133933,2.515000e+01,-5.110718e+00,8.743465e-01,2.257582e-01,5.475454e-01,5.737558e-01,3.367944,132.4597
0.133967,2.515000e+01,-5.110736e+00,8.743465e-01,2.246707e-01,5.480355e-01,5.704815e-01,3.368799,132.7675
0.134,2.515000e+01,-5.110744e+00,8.743465e-01,2.246234e-01,5.483323e-01,5.700526e-01,3.369628,133.0662
0.134032,2.515000e+01,-5.110767e+00,8.743465e-01,2.249659e-01,5.489270e-01,5.703033e-01,3.370433,133.3559
0.134065,2.515000e+01,-5.110816e+00,8.743465e-01,2.252342e-01,5.479975e-01,5.719520e-01,3.371263,133.6547
0.134097,2.515000e+01,-5.110887e+00,8.743465e-01,2.256714e-01,5.476179e-01,5.734593e-01,3.372068,133.9444
0.134129,2.515000e+01,-5.110952e+00,8.743465e-01,2.255065e-01,5.475288e-01,5.731334e-01,3.372872,134.2340
0.134161,2.515000e+01,-5.111001e+00,8.743465e-01,2.251288e-01,5.477265e-01,5.719670e-01,3.373677,134.5237
0.134194,2.515000e+01,-5.111061e+00,8.743465e-01,2.252606e-01,5.475318e-01,5.725056e-01,3.374507,134.8225
0.134226,2.515000e+01,-5.111101e+00,8.743465e-01,2.250097e-01,5.478943e-01,5.714895e-01,3.375312,135.1122
0.134258,2.515000e+01,-5.111153e+00,8.743465e-01,2.251091e-01,5.473240e-01,5.723376e-01,3.376116,135.4018
0.13429,2.515000e+01,-5.111217e+00,8.743465e-01,2.254034e-01,5.474206e-01,5.729847e-01,3.376921,135.6915
0.134323,2.515000e+01,-5.111254e+00,8.743465e-01,2.247385e-01,5.471048e-01,5.716243e-01,3.377751,135.9903
0.134355,2.515000e+01,-5.111281e+00,8.743465e-01,2.245398e-01,5.471420e-01,5.710801e-01,3.378555,136.2800
0.134387,2.515000e+01,-5.111310e+00,8.743465e-01,2.246357e-01,5.470283e-01,5.714427e-01,3.379360,136.5697
0.134419,2.515000e+01,-5.111363e+00,8.743465e-01,2.253768e-01,5.472161e-01,5.731312e-01,3.380165,136.8593
0.134452,2.515000e+01,-5.111415e+00,8.743465e-01,2.255665e-01,5.474637e-01,5.733542e-01,3.380995,137.1581
0.134484,2.515000e+01,-5.111440e+00,8.743465e-01,2.248301e-01,5.470638e-01,5.719000e-01,3.381799,137.4478
0.134516,2.515000e+01,-5.111466e+00,8.743465e-01,2.247884e-01,5.467007e-01,5.721738e-01,3.382604,137.7375
0.134548,2.515000e+01,-5.111477e+00,8.743465e-01,2.243098e-01,5.463290e-01,5.713441e-01,3.383409,138.0271
0.134581,2.515000e+01,-5.111504e+00,8.743465e-01,2.247284e-01,5.461774e-01,5.725693e-01,3.384239,138.3259
0.134613,2.515000e+01,-5.111514e+00,8.743465e-01,2.247374e-01,5.469479e-01,5.717857e-01,3.385043,138.6156
0.134645,2.515000e+01,-5.111531e+00,8.743465e-01,2.249043e-01,5.468716e-01,5.722900e-01,3.385848,138.9053
0.134677,2.515000e+01,-5.111545e+00,8.743465e-01,2.247632e-01,5.465085e-01,5.723108e-01,3.386653,139.1949
0.13471,2.515000e+01,-5.111544e+00,8.743465e-01,2.241929e-01,5.459949e-01,5.713958e-01,3.387482,139.4937
0.134742,2.515000e+01,-5.111553e+00,8.743465e-01,2.244098e-01,5.459086e-01,5.720389e-01,3.388287,139.7834
0.134774,2.515000e+01,-5.111568e+00,8.743465e-01,2.249278e-01,5.462408e-01,5.730107e-01,3.389092,140.0731
0.134806,2.515000e+01,-5.111579e+00,8.743465e-01,2.249938e-01,5.463491e-01,5.730651e-01,3.389897,140.3627
0.134839,2.515000e+01,-5.111542e+00,8.743465e-01,2.239940e-01,5.464977e-01,5.703636e-01,3.390726,140.6615
0.134871,2.515000e+01,-5.111505e+00,8.743465e-01,2.237465e-01,5.456795e-01,5.705876e-01,3.391531,140.9512
0.134903,2.515000e+01,-5.111470e+00,8.743465e-01,2.236953e-01,5.450914e-01,5.710724e-01,3.392336,141.2409
0.134935,2.515000e+01,-5.111443e+00,8.743465e-01,2.241618e-01,5.452253e-01,5.721229e-01,3.393140,141.5305
0.134968,2.515000e+01,-5.111406e+00,8.743465e-01,2.242738e-01,5.457952e-01,5.718111e-01,3.393970,141.8293
0.135,2.515000e+01,-5.111378e+00,8.743465e-01,2.248542e-01,5.460600e-01,5.730129e-01,3.394775,142.1190
0.135032,2.515000e+01,-5.111346e+00,8.743465e-01,2.247485e-01,5.457715e-01,5.730463e-01,3.395580,142.4087
0.135065,2.515000e+01,-5.111298e+00,8.743465e-01,2.241159e-01,5.449872e-01,5.722557e-01,3.396409,142.7074
0.135097,2.515000e+01,-5.111241e+00,8.743465e-01,2.240776e-01,5.450265e-01,5.721167e-01,3.397214,142.9971
0.135129,2.515000e+01,-5.111188e+00,8.743465e-01,2.242817e-01,5.450968e-01,5.725638e-01,3.398019,143.2868
0.135161,2.515000e+01,-5.111142e+00,8.743465e-01,2.244855e-01,5.450085e-01,5.731769e-01,3.398824,143.5765
0.135194,2.515000e+01,-5.111071e+00,8.743465e-01,2.239847e-01,5.451654e-01,5.717336e-01,3.399653,143.8752
0.135226,2.515000e+01,-5.110992e+00,8.743465e-01,2.235518e-01,5.445957e-01,5.712256e-01,3.400458,144.1649
0.135258,2.515000e+01,-5.110917e+00,8.743465e-01,2.237462e-01,5.445476e-01,5.717728e-01,3.401263,144.4546
0.13529,2.515000e+01,-5.110842e+00,8.743465e-01,2.238198e-01,5.446659e-01,5.718367e-01,3.402067,144.7443
0.135323,2.515000e+01,-5.110776e+00,8.743465e-01,2.239333e-01,5.444110e-01,5.723945e-01,3.402897,145.0430
0.135355,2.515000e+01,-5.110713e+00,8.743465e-01,2.240767e-01,5.445410e-01,5.726244e-01,3.403702,145.3327
0.135387,2.515000e+01,-5.110648e+00,8.743465e-01,2.240434e-01,5.444674e-01,5.726167e-01,3.404507,145.6224
0.135419,2.515000e+01,-5.110563e+00,8.743465e-01,2.236222e-01,5.443461e-01,5.716674e-01,3.405311,145.9121
0.135452,2.515000e+01,-5.110467e+00,8.743465e-01,2.232274e-01,5.441560e-01,5.708578e-01,3.406141,146.2108
0.135484,2.515000e+01,-5.110375e+00,8.743465e-01,2.233805e-01,5.440875e-01,5.713210e-01,3.406946,146.5005
0.135516,2.515000e+01,-5.110295e+00,8.743465e-01,2.237921e-01,5.442413e-01,5.722119e-01,3.407751,146.7902
0.135548,2.515000e+01,-5.110210e+00,8.743465e-01,2.234634e-01,5.436793e-01,5.719623e-01,3.408555,147.0799
0.135581,2.515000e+01,-5.110135e+00,8.743465e-01,2.234785e-01,5.433369e-01,5.723612e-01,3.409385,147.3786
0.135613,2.515000e+01,-5.110058e+00,8.743465e-01,2.237159e-01,5.437826e-01,5.724998e-01,3.410190,147.6683
0.135645,2.515000e+01,-5.109981e+00,8.743465e-01,2.238999e-01,5.441548e-01,5.725786e-01,3.410994,147.9580
0.135677,2.515000e+01,-5.109904e+00,8.743465e-01,2.239202e-01,5.440351e-01,5.727566e-01,3.411799,148.2477
0.13571,2.515000e+01,-5.109825e+00,8.743465e-01,2.237651e-01,5.436950e-01,5.727179e-01,3.412629,148.5464
0.135742,2.515000e+01,-5.109756e+00,8.743465e-01,2.238152e-01,5.432894e-01,5.732738e-01,3.413434,148.8361
0.135774,2.515000e+01,-5.109678e+00,8.743465e-01,2.235702e-01,5.433594e-01,5.725725e-01,3.414238,149.1258
0.135806,2.515000e+01,-5.109586e+00,8.743465e-01,2.228935e-01,5.428379e-01,5.713877e-01,3.415043,149.4155
0.135839,2.515000e+01,-5.109508e+00,8.743465e-01,2.231251e-01,5.426151e-01,5.722162e-01,3.415873,149.7142
0.135871,2.515000e+01,-5.109424e+00,8.743465e-01,2.231152e-01,5.428830e-01,5.719086e-01,3.416678,150.0039
0.135903,2.515000e+01,-5.109347e+00,8.743465e-01,2.234579e-01,5.431634e-01,5.724913e-01,3.417482,150.2936
0.135935,2.515000e+01,-5.109270e+00,8.743465e-01,2.235004e-01,5.432512e-01,5.725077e-01,3.418287,150.5833
0.135968,2.515000e+01,-5.109194e+00,8.743465e-01,2.234751e-01,5.431459e-01,5.725538e-01,3.419117,150.8820
0.136,2.515000e+01,-5.109128e+00,8.743465e-01,2.235307e-01,5.427289e-01,5.731363e-01,3.419921,151.1717
0.136032,2.515000e+01,-5.109043e+00,8.743465e-01,2.228040e-01,5.423721e-01,5.716489e-01,3.420726,151.4614
0.136065,2.515000e+01,-5.108960e+00,8.743465e-01,2.228100e-01,5.422467e-01,5.717965e-01,3.421556,151.7601
0.136097,2.515000e+01,-5.108875e+00,8.743465e-01,2.228625e-01,5.424795e-01,5.716856e-01,3.422361,152.0498
0.136129,2.515000e+01,-5.108794e+00,8.743465e-01,2.232227e-01,5.429515e-01,5.721119e-01,3.423165,152.3395
0.136161,2.515000e+01,-5.108721e+00,8.743465e-01,2.233240e-01,5.428798e-01,5.724474e-01,3.423970,152.6292
0.136194,2.515000e+01,-5.108658e+00,8.743465e-01,2.234936e-01,5.429713e-01,5.727853e-01,3.424800,152.9279
0.136226,2.515000e+01,-5.108602e+00,8.743465e-01,2.233004e-01,5.421710e-01,5.731348e-01,3.425605,153.2176
0.136258,2.515000e+01,-5.108546e+00,8.743465e-01,2.232463e-01,5.422455e-01,5.729175e-01,3.426409,153.5073
0.13629,2.515000e+01,-5.108489e+00,8.743465e-01,2.232610e-01,5.422664e-01,5.729329e-01,3.427214,153.7970
0.136323,2.515000e+01,-5.108441e+00,8.743465e-01,2.235673e-01,5.425350e-01,5.734350e-01,3.428044,154.0957
0.136355,2.515000e+01,-5.108397e+00,8.743465e-01,2.235861e-01,5.426855e-01,5.733243e-01,3.428848,154.3854
0.136387,2.515000e+01,-5.108356e+00,8.743465e-01,2.231339e-01,5.418236e-01,5.730750e-01,3.429653,154.6751
0.136419,2.515000e+01,-5.108328e+00,8.743465e-01,2.228107e-01,5.408295e-01,5.732967e-01,3.430458,154.9648
0.136452,2.515000e+01,-5.108290e+00,8.743465e-01,2.225972e-01,5.412015e-01,5.723536e-01,3.431288,155.2635
0.136484,2.515000e+01,-5.108254e+00,8.743465e-01,2.229456e-01,5.419179e-01,5.724918e-01,3.432092,155.5532
0.136516,2.515000e+01,-5.108216e+00,8.743465e-01,2.230966e-01,5.424373e-01,5.723309e-01,3.432897,155.8429
0.136548,2.515000e+01,-5.108198e+00,8.743465e-01,2.232747e-01,5.420745e-01,5.731712e-01,3.433702,156.1326
0.136581,2.515000e+01,-5.108191e+00,8.743465e-01,2.235268e-01,5.419868e-01,5.739111e-01,3.434532,156.4313
0.136613,2.515000e+01,-5.108183e+00,8.743465e-01,2.231141e-01,5.413657e-01,5.735088e-01,3.435336,156.7210
0.136645,2.515000e+01,-5.108173e+00,8.743465e-01,2.229570e-01,5.412916e-01,5.731833e-01,3.436141,157.0107
0.136677,2.515000e+01,-5.108155e+00,8.743465e-01,2.228098e-01,5.416245e-01,5.724529e-01,3.436946,157.3004
0.13671,2.515000e+01,-5.108148e+00,8.743465e-01,2.229509e-01,5.416727e-01,5.727644e-01,3.437775,157.5992
0.136742,2.515000e+01,-5.108148e+00,8.743465e-01,2.229695e-01,5.415106e-01,5.729835e-01,3.438580,157.8888
0.136774,2.515000e+01,-5.108154e+00,8.743465e-01,2.227055e-01,5.409473e-01,5.729013e-01,3.439385,158.1785
0.136806,2.515000e+01,-5.108158e+00,8.743465e-01,2.226194e-01,5.411544e-01,5.724604e-01,3.440189,158.4682
0.136839,2.515000e+01,-5.108166e+00,8.743465e-01,2.229006e-01,5.417669e-01,5.725357e-01,3.441019,158.7670
0.136871,2.515000e+01,-5.108184e+00,8.743465e-01,2.232518e-01,5.420642e-01,5.731232e-01,3.441824,159.0566
0.136903,2.515000e+01,-5.108219e+00,8.743465e-01,2.233021e-01,5.415572e-01,5.737889e-01,3.442629,159.3463
0.136935,2.515000e+01,-5.108257e+00,8.743465e-01,2.233586e-01,5.417246e-01,5.737567e-01,3.443433,159.6360
0.136968,2.515000e+01,-5.108312e+00,8.743465e-01,2.233198e-01,5.410841e-01,5.743362e-01,3.444263,159.9348
0.137,2.515000e+01,-5.108369e+00,8.743465e-01,2.229864e-01,5.407315e-01,5.738526e-01,3.445068,160.2244
0.137032,2.515000e+01,-5.108436e+00,8.743465e-01,2.228885e-01,5.403888e-01,5.739645e-01,3.445873,160.5141
0.137065,2.515000e+01,-5.108499e+00,8.743465e-01,2.228916e-01,5.407228e-01,5.736178e-01,3.446702,160.8129
0.137097,2.515000e+01,-5.108561e+00,8.743465e-01,2.230385e-01,5.410818e-01,5.736152e-01,3.447507,161.1026
0.137129,2.515000e+01,-5.108619e+00,8.743465e-01,2.231540e-01,5.415835e-01,5.733805e-01,3.448312,161.3922
0.137161,2.515000e+01,-5.108676e+00,8.743465e-01,2.231341e-01,5.416558e-01,5.732529e-01,3.449116,161.6819
0.137194,2.515000e+01,-5.108735e+00,8.743465e-01,2.231929e-01,5.417470e-01,5.733076e-01,3.449946,161.9807
0.137226,2.515000e+01,-5.108816e+00,8.743465e-01,2.232543e-01,5.407699e-01,5.745013e-01,3.450751,162.2704
0.137258,2.515000e+01,-5.108900e+00,8.743465e-01,2.233873e-01,5.408800e-01,5.747265e-01,3.451556,162.5600
0.13729,2.515000e+01,-5.108971e+00,8.743465e-01,2.230906e-01,5.409252e-01,5.739153e-01,3.452360,162.8497
0.137323,2.515000e+01,-5.109026e+00,8.743465e-01,2.228507e-01,5.412128e-01,5.729936e-01,3.453190,163.1485
0.137355,2.515000e+01,-5.109077e+00,8.743465e-01,2.227850e-01,5.414190e-01,5.726064e-01,3.453995,163.4382
0.137387,2.515000e+01,-5.109139e+00,8.743465e-01,2.229500e-01,5.411853e-01,5.732780e-01,3.454800,163.7279
0.137419,2.515000e+01,-5.109213e+00,8.743465e-01,2.231756e-01,5.411137e-01,5.739339e-01,3.455604,164.0175
0.137452,2.515000e+01,-5.109278e+00,8.743465e-01,2.231782e-01,5.416222e-01,5.734017e-01,3.456434,164.3163
0.137484,2.515000e+01,-5.109344e+00,8.743465e-01,2.232269e-01,5.417649e-01,5.733758e-01,3.457239,164.6060
0.137516,2.515000e+01,-5.109409e+00,8.743465e-01,2.233285e-01,5.421024e-01,5.732797e-01,3.458043,164.8957
0.137548,2.515000e+01,-5.109483e+00,8.743465e-01,2.232943e-01,5.413317e-01,5.740080e-01,3.458848,165.1853
0.137581,2.515000e+01,-5.109576e+00,8.743465e-01,2.233233e-01,5.403660e-01,5.751085e-01,3.459678,165.4841
0.137613,2.515000e+01,-5.109672e+00,8.743465e-01,2.233040e-01,5.402112e-01,5.752235e-01,3.460483,165.7738
0.137645,2.515000e+01,-5.109756e+00,8.743465e-01,2.233317e-01,5.408045e-01,5.746636e-01,3.461287,166.0635
0.137677,2.515000e+01,-5.109813e+00,8.743465e-01,2.231535e-01,5.416967e-01,5.732595e-01,3.462092,166.3531
0.13771,2.515000e+01,-5.109869e+00,8.743465e-01,2.231558e-01,5.417548e-01,5.732040e-01,3.462922,166.6519
0.137742,2.515000e+01,-5.109938e+00,8.743465e-01,2.235093e-01,5.416091e-01,5.742662e-01,3.463727,166.9416
0.137774,2.515000e+01,-5.110004e+00,8.743465e-01,2.235273e-01,5.417024e-01,5.742136e-01,3.464531,167.2313
0.137806,2.515000e+01,-5.110072e+00,8.743465e-01,2.234241e-01,5.412517e-01,5.744265e-01,3.465336,167.5209
0.137839,2.515000e+01,-5.110134e+00,8.743465e-01,2.235058e-01,5.415148e-01,5.743573e-01,3.466166,167.8197
0.137871,2.515000e+01,-5.110200e+00,8.743465e-01,2.238267e-01,5.416629e-01,5.750247e-01,3.466970,168.1094
0.137903,2.515000e+01,-5.110262e+00,8.743465e-01,2.237334e-01,5.413806e-01,5.750848e-01,3.467775,168.3991
0.137935,2.515000e+01,-5.110325e+00,8.743465e-01,2.234824e-01,5.406891e-01,5.751741e-01,3.468580,168.6887
0.137968,2.515000e+01,-5.110370e+00,8.743465e-01,2.232492e-01,5.410062e-01,5.742371e-01,3.469410,168.9875
0.138,2.515000e+01,-5.110405e+00,8.743465e-01,2.234016e-01,5.418343e-01,5.737511e-01,3.470214,169.2772
0.138033,2.515000e+01,-5.110415e+00,8.743465e-01,2.231956e-01,5.419491e-01,5.731006e-01,3.471044,169.5759
0.138067,2.515000e+01,-5.110428e+00,8.743465e-01,2.233805e-01,5.422592e-01,5.732473e-01,3.471899,169.8837
0.1381,2.515000e+01,-5.110473e+00,8.743465e-01,2.239707e-01,5.417703e-01,5.752805e-01,3.472729,170.1824
0.138133,2.515000e+01,-5.110517e+00,8.743465e-01,2.242181e-01,5.423136e-01,5.753391e-01,3.473559,170.4812
0.138167,2.515000e+01,-5.110564e+00,8.743465e-01,2.240302e-01,5.416259e-01,5.755869e-01,3.474414,170.7890
0.1382,2.515000e+01,-5.110607e+00,8.743465e-01,2.240183e-01,5.416907e-01,5.754873e-01,3.475244,171.0877
0.138233,2.515000e+01,-5.110658e+00,8.743465e-01,2.242624e-01,5.417585e-01,5.760424e-01,3.476074,171.3865
0.138267,2.515000e+01,-5.110701e+00,8.743465e-01,2.239944e-01,5.416878e-01,5.754292e-01,3.476928,171.6943
0.1383,2.515000e+01,-5.110743e+00,8.743465e-01,2.239065e-01,5.416554e-01,5.752378e-01,3.477758,171.9930
0.138333,2.515000e+01,-5.110756e+00,8.743465e-01,2.236517e-01,5.425919e-01,5.735914e-01,3.478588,172.2917
0.138367,2.515000e+01,-5.110768e+00,8.743465e-01,2.239151e-01,5.430631e-01,5.737686e-01,3.479443,172.5995
0.1384,2.515000e+01,-5.110804e+00,8.743465e-01,2.243419e-01,5.425276e-01,5.754296e-01,3.480273,172.8983
0.138433,2.515000e+01,-5.110856e+00,8.743465e-01,2.246540e-01,5.423687e-01,5.763990e-01,3.481103,173.1970
0.138467,2.515000e+01,-5.110880e+00,8.743465e-01,2.242600e-01,5.431310e-01,5.745807e-01,3.481958,173.5048
0.1385,2.515000e+01,-5.110889e+00,8.743465e-01,2.240105e-01,5.432409e-01,5.738253e-01,3.482788,173.8035
0.138533,2.515000e+01,-5.110934e+00,8.743465e-01,2.243202e-01,5.418961e-01,5.760445e-01,3.483617,174.1023
0.138567,2.515000e+01,-5.110986e+00,8.743465e-01,2.246273e-01,5.420970e-01,5.766194e-01,3.484472,174.4101
0.1386,2.515000e+01,-5.111023e+00,8.743465e-01,2.247667e-01,5.430487e-01,5.759660e-01,3.485302,174.7088
0.138633,2.515000e+01,-5.111047e+00,8.743465e-01,2.242955e-01,5.427110e-01,5.751163e-01,3.486132,175.0076
0.138667,2.515000e+01,-5.111064e+00,8.743465e-01,2.241402e-01,5.427732e-01,5.746522e-01,3.486987,175.3153
0.1387,2.515000e+01,-5.111054e+00,8.743465e-01,2.238078e-01,5.433426e-01,5.731987e-01,3.487817,175.6141
0.138733,2.515000e+01,-5.111038e+00,8.743465e-01,2.242380e-01,5.443213e-01,5.732679e-01,3.488647,175.9128
0.138767,2.515000e+01,-5.111082e+00,8.743465e-01,2.251837e-01,5.430719e-01,5.770099e-01,3.489502,176.2206
0.1388,2.515000e+01,-5.111129e+00,8.743465e-01,2.253658e-01,5.431949e-01,5.773458e-01,3.490332,176.5194
0.138833,2.515000e+01,-5.111136e+00,8.743465e-01,2.246862e-01,5.438428e-01,5.749191e-01,3.491161,176.8181
0.138867,2.515000e+01,-5.111117e+00,8.743465e-01,2.238301e-01,5.432928e-01,5.733084e-01,3.492016,177.1259
0.1389,2.515000e+01,-5.111122e+00,8.743465e-01,2.242105e-01,5.427708e-01,5.748350e-01,3.492846,177.4246
0.138933,2.515000e+01,-5.111158e+00,8.743465e-01,2.250467e-01,5.428285e-01,5.769176e-01,3.493676,177.7234
0.138967,2.515000e+01,-5.111180e+00,8.743465e-01,2.251940e-01,5.437481e-01,5.763188e-01,3.494531,178.0312
0.139,2.515000e+01,-5.111172e+00,8.743465e-01,2.248671e-01,5.446451e-01,5.745344e-01,3.495361,178.3299
0.139033,2.515000e+01,-5.111159e+00,8.743465e-01,2.247991e-01,5.447342e-01,5.742668e-01,3.496191,178.6286
0.139067,2.515000e+01,-5.111152e+00,8.743465e-01,2.248130e-01,5.447238e-01,5.743132e-01,3.497046,178.9364
0.1391,2.515000e+01,-5.111181e+00,8.743465e-01,2.250281e-01,5.434588e-01,5.762007e-01,3.497876,179.2352
0.139133,2.515000e+01,-5.111258e+00,8.743465e-01,2.256936e-01,5.423932e-01,5.790400e-01,3.498705,179.5339
0.139167,2.515000e+01,-5.111324e+00,8.743465e-01,2.257605e-01,5.431425e-01,5.784128e-01,3.499560,179.8417
0.1392,2.515000e+01,-5.111325e+00,8.743465e-01,2.249526e-01,5.448043e-01,5.745848e-01,3.500390,180.1405
0.139233,2.515000e+01,-5.111290e+00,8.743465e-01,2.238641e-01,5.443242e-01,5.723088e-01,3.501220,180.4392
0.139267,2.515000e+01,-5.111271e+00,8.743465e-01,2.240597e-01,5.438834e-01,5.732733e-01,3.502075,180.7470
0.1393,2.515000e+01,-5.111299e+00,8.743465e-01,2.252237e-01,5.439650e-01,5.761648e-01,3.502905,181.0457
0.139333,2.515000e+01,-5.111324e+00,8.743465e-01,2.256940e-01,5.448123e-01,5.764701e-01,3.503735,181.3445
0.139367,2.515000e+01,-5.111335e+00,8.743465e-01,2.254091e-01,5.448728e-01,5.756786e-01,3.504590,181.6523
0.1394,2.515000e+01,-5.111324e+00,8.743465e-01,2.249757e-01,5.450616e-01,5.743727e-01,3.505419,181.9510
0.139433,2.515000e+01,-5.111322e+00,8.743465e-01,2.250208e-01,5.447823e-01,5.747823e-01,3.506249,182.2497
0.139467,2.515000e+01,-5.111359e+00,8.743465e-01,2.253762e-01,5.437389e-01,5.767947e-01,3.507104,182.5575
0.1395,2.515000e+01,-5.111413e+00,8.743465e-01,2.257535e-01,5.436883e-01,5.778140e-01,3.507934,182.8563
0.139533,2.515000e+01,-5.111450e+00,8.743465e-01,2.256626e-01,5.442742e-01,5.769598e-01,3.508764,183.1550
0.139567,2.515000e+01,-5.111444e+00,8.743465e-01,2.252154e-01,5.454869e-01,5.745362e-01,3.509619,183.4628
0.1396,2.515000e+01,-5.111427e+00,8.743465e-01,2.249760e-01,5.454164e-01,5.739997e-01,3.510449,183.7615
0.139633,2.515000e+01,-5.111405e+00,8.743465e-01,2.250038e-01,5.455742e-01,5.739045e-01,3.511279,184.0603
0.139667,2.515000e+01,-5.111379e+00,8.743465e-01,2.252390e-01,5.460290e-01,5.740260e-01,3.512134,184.3681
0.1397,2.515000e+01,-5.111403e+00,8.743465e-01,2.258566e-01,5.445356e-01,5.771787e-01,3.512963,184.6668
0.139733,2.515000e+01,-5.111439e+00,8.743465e-01,2.261101e-01,5.441024e-01,5.782864e-01,3.513793,184.9656
0.139767,2.515000e+01,-5.111460e+00,8.743465e-01,2.259954e-01,5.444856e-01,5.775864e-01,3.514648,185.2734
0.1398,2.515000e+01,-5.111427e+00,8.743465e-01,2.253460e-01,5.459008e-01,5.744335e-01,3.515478,185.5721
0.139833,2.515000e+01,-5.111413e+00,8.743465e-01,2.254644e-01,5.452892e-01,5.753800e-01,3.516308,185.8708
0.139867,2.515000e+01,-5.111406e+00,8.743465e-01,2.254947e-01,5.449761e-01,5.757881e-01,3.517163,186.1786
0.1399,2.515000e+01,-5.111381e+00,8.743465e-01,2.253443e-01,5.453544e-01,5.750047e-01,3.517993,186.4774
0.139933,2.515000e+01,-5.111353e+00,8.743465e-01,2.255361e-01,5.457716e-01,5.750543e-01,3.518823,186.7761
0.139967,2.515000e+01,-5.111343e+00,8.743465e-01,2.258305e-01,5.455315e-01,5.760583e-01,3.519678,187.0839
0.14,2.515000e+01,-5.111325e+00,8.743465e-01,2.257800e-01,5.459211e-01,5.755186e-01,3.520507,187.3826
0.140033,2.515000e+01,-5.111295e+00,8.743465e-01,2.256256e-01,5.460751e-01,5.749626e-01,3.521337,187.6814
0.140067,2.515000e+01,-5.111280e+00,8.743465e-01,2.257329e-01,5.453827e-01,5.759666e-01,3.522192,187.9892
0.1401,2.515000e+01,-5.111265e+00,8.743465e-01,2.257478e-01,5.452202e-01,5.761763e-01,3.523022,188.2879
0.140133,2.515000e+01,-5.111250e+00,8.743465e-01,2.259406e-01,5.455092e-01,5.763628e-01,3.523852,188.5867
0.140167,2.515000e+01,-5.111205e+00,8.743465e-01,2.256534e-01,5.459924e-01,5.751206e-01,3.524707,188.8944
0.1402,2.515000e+01,-5.111153e+00,8.743465e-01,2.256599e-01,5.460814e-01,5.750435e-01,3.525537,189.1932
0.140233,2.515000e+01,-5.111083e+00,8.743465e-01,2.254607e-01,5.462119e-01,5.743985e-01,3.526366,189.4919
0.140267,2.515000e+01,-5.111012e+00,8.743465e-01,2.256492e-01,5.463345e-01,5.747498e-01,3.527221,189.7997
0.1403,2.515000e+01,-5.110974e+00,8.743465e-01,2.262905e-01,5.457287e-01,5.770231e-01,3.528051,190.0985
0.140333,2.515000e+01,-5.110935e+00,8.743465e-01,2.264893e-01,5.460348e-01,5.772062e-01,3.528881,190.3972
0.140367,2.515000e+01,-5.110880e+00,8.743465e-01,2.263470e-01,5.464867e-01,5.763665e-01,3.529736,190.7050
0.1404,2.515000e+01,-5.110804e+00,8.743465e-01,2.257331e-01,5.462711e-01,5.750303e-01,3.530566,191.0037
0.140433,2.515000e+01,-5.110733e+00,8.743465e-01,2.256042e-01,5.457415e-01,5.752596e-01,3.531396,191.3025
0.140467,2.515000e+01,-5.110667e+00,8.743465e-01,2.258122e-01,5.457760e-01,5.757537e-01,3.532251,191.6103
0.1405,2.515000e+01,-5.110597e+00,8.743465e-01,2.261728e-01,5.465856e-01,5.758188e-01,3.533081,191.9090
0.140533,2.515000e+01,-5.110525e+00,8.743465e-01,2.262771e-01,5.467878e-01,5.758715e-01,3.533910,192.2077
0.140567,2.515000e+01,-5.110444e+00,8.743465e-01,2.260567e-01,5.464895e-01,5.756246e-01,3.534765,192.5155
0.1406,2.515000e+01,-5.110357e+00,8.743465e-01,2.260403e-01,5.466201e-01,5.754451e-01,3.535595,192.8143
0.140633,2.515000e+01,-5.110265e+00,8.743465e-01,2.260874e-01,5.468445e-01,5.753288e-01,3.536425,193.1130
0.140667,2.515000e+01,-5.110180e+00,8.743465e-01,2.262400e-01,5.467823e-01,5.757828e-01,3.537280,193.4208
0.1407,2.515000e+01,-5.110082e+00,8.743465e-01,2.260593e-01,5.469943e-01,5.750999e-01,3.538110,193.7196
0.140733,2.515000e+01,-5.109984e+00,8.743465e-01,2.260106e-01,5.468198e-01,5.751594e-01,3.538940,194.0183
0.140767,2.515000e+01,-5.109898e+00,8.743465e-01,2.259410e-01,5.461596e-01,5.756776e-01,3.539795,194.3261
0.1408,2.515000e+01,-5.109824e+00,8.743465e-01,2.260193e-01,5.456937e-01,5.763684e-01,3.540625,194.6248
0.140833,2.515000e+01,-5.109732e+00,8.743465e-01,2.260065e-01,5.465880e-01,5.753928e-01,3.541454,194.9236
0.140867,2.515000e+01,-5.109626e+00,8.743465e-01,2.260953e-01,5.472860e-01,5.748847e-01,3.542309,195.2314
0.1409,2.515000e+01,-5.109514e+00,8.743465e-01,2.259951e-01,5.474249e-01,5.744843e-01,3.543139,195.5301
0.140933,2.515000e+01,-5.109407e+00,8.743465e-01,2.259410e-01,5.471016e-01,5.746860e-01,3.543969,195.8288
0.140967,2.515000e+01,-5.109316e+00,8.743465e-01,2.261942e-01,5.468847e-01,5.755585e-01,3.544824,196.1366
0.141,2.515000e+01,-5.109252e+00,8.743465e-01,2.264482e-01,5.460841e-01,5.770495e-01,3.545654,196.4354
0.141033,2.515000e+01,-5.109186e+00,8.743465e-01,2.265284e-01,5.463178e-01,5.770069e-01,3.546484,196.7341
0.141067,2.515000e+01,-5.109100e+00,8.743465e-01,2.263290e-01,5.471005e-01,5.756743e-01,3.547339,197.0419
0.1411,2.515000e+01,-5.109006e+00,8.743465e-01,2.261061e-01,5.471341e-01,5.750719e-01,3.548168,197.3406
0.141133,2.515000e+01,-5.108919e+00,8.743465e-01,2.261898e-01,5.471532e-01,5.752649e-01,3.548998,197.6394
0.141167,2.515000e+01,-5.108838e+00,8.743465e-01,2.260106e-01,5.466802e-01,5.753064e-01,3.549853,197.9472
0.1412,2.515000e+01,-5.108743e+00,8.743465e-01,2.259545e-01,5.473038e-01,5.745082e-01,3.550683,198.2459
0.141233,2.515000e+01,-5.108649e+00,8.743465e-01,2.260712e-01,5.474934e-01,5.746060e-01,3.551513,198.5447
0.141267,2.515000e+01,-5.108556e+00,8.743465e-01,2.260673e-01,5.475286e-01,5.745589e-01,3.552368,198.8525
0.1413,2.515000e+01,-5.108475e+00,8.743465e-01,2.261191e-01,5.473133e-01,5.749168e-01,3.553198,199.1512
0.141333,2.515000e+01,-5.108414e+00,8.743465e-01,2.260656e-01,5.465056e-01,5.756302e-01,3.554028,199.4499
0.141367,2.515000e+01,-5.108354e+00,8.743465e-01,2.260085e-01,5.462381e-01,5.757665e-01,3.554883,199.7577
0.1414,2.515000e+01,-5.108297e+00,8.743465e-01,2.261269e-01,5.466046e-01,5.756821e-01,3.555712,200.0565
0.141433,2.515000e+01,-5.108219e+00,8.743465e-01,2.259171e-01,5.474752e-01,5.742335e-01,3.556542,200.3552
0.141467,2.515000e+01,-5.108138e+00,8.743465e-01,2.260188e-01,5.480198e-01,5.739210e-01,3.557397,200.6630
0.1415,2.515000e+01,-5.108058e+00,8.743465e-01,2.258764e-01,5.479395e-01,5.736432e-01,3.558227,200.9617
0.141533,2.515000e+01,-5.107981e+00,8.743465e-01,2.257598e-01,5.477741e-01,5.735204e-01,3.559057,201.2605
0.141567,2.515000e+01,-5.107941e+00,8.743465e-01,2.261503e-01,5.471038e-01,5.752162e-01,3.559912,201.5683
0.1416,2.515000e+01,-5.107942e+00,8.743465e-01,2.266436e-01,5.463838e-01,5.772305e-01,3.560742,201.8670
0.141633,2.515000e+01,-5.107947e+00,8.743465e-01,2.266662e-01,5.466531e-01,5.770037e-01,3.561572,202.1658
0.141667,2.515000e+01,-5.107912e+00,8.743465e-01,2.261593e-01,5.478190e-01,5.744882e-01,3.562427,202.4735
0.1417,2.515000e+01,-5.107864e+00,8.743465e-01,2.258119e-01,5.481211e-01,5.732895e-01,3.563256,202.7723
0.141733,2.515000e+01,-5.107843e+00,8.743465e-01,2.260296e-01,5.477862e-01,5.741930e-01,3.564086,203.0710
0.141767,2.515000e+01,-5.107839e+00,8.743465e-01,2.261199e-01,5.473686e-01,5.748606e-01,3.564941,203.3788
0.1418,2.515000e+01,-5.107833e+00,8.743465e-01,2.262610e-01,5.478644e-01,5.746988e-01,3.565771,203.6776
0.141833,2.515000e+01,-5.107829e+00,8.743465e-01,2.263760e-01,5.482264e-01,5.746113e-01,3.566601,203.9763
0.141867,2.515000e+01,-5.107820e+00,8.743465e-01,2.260883e-01,5.481411e-01,5.739703e-01,3.567456,204.2841
0.1419,2.515000e+01,-5.107813e+00,8.743465e-01,2.259878e-01,5.480597e-01,5.738004e-01,3.568286,204.5828
0.141933,2.515000e+01,-5.107835e+00,8.743465e-01,2.260466e-01,5.470569e-01,5.750017e-01,3.569115,204.8816
0.141967,2.515000e+01,-5.107889e+00,8.743465e-01,2.265549e-01,5.467005e-01,5.766704e-01,3.569970,205.1894
0.142,2.515000e+01,-5.107943e+00,8.743465e-01,2.264976e-01,5.469377e-01,5.762744e-01,3.570800,205.4881
0.142033,2.515000e+01,-5.107929e+00,8.743465e-01,2.256153e-01,5.488059e-01,5.720758e-01,3.571630,205.7868
0.142067,2.515000e+01,-5.107905e+00,8.743465e-01,2.254099e-01,5.490852e-01,5.712641e-01,3.572485,206.0946
0.1421,2.515000e+01,-5.107917e+00,8.743465e-01,2.258640e-01,5.484324e-01,5.730964e-01,3.573315,206.3934
0.142133,2.515000e+01,-5.107955e+00,8.743465e-01,2.260469e-01,5.477753e-01,5.742484e-01,3.574145,206.6921
0.142167,2.515000e+01,-5.108012e+00,8.743465e-01,2.263691e-01,5.476006e-01,5.752506e-01,3.575000,206.9999
0.1422,2.515000e+01,-5.108053e+00,8.743465e-01,2.261685e-01,5.480165e-01,5.743043e-01,3.575830,207.2987
0.142233,2.515000e+01,-5.108094e+00,8.743465e-01,2.262685e-01,5.483015e-01,5.742599e-01,3.576659,207.5974
0.142267,2.515000e+01,-5.108126e+00,8.743465e-01,2.262975e-01,5.490189e-01,5.735827e-01,3.577514,207.9052
0.1423,2.515000e+01,-5.108177e+00,8.743465e-01,2.263207e-01,5.480644e-01,5.746408e-01,3.578344,208.2039
0.142333,2.515000e+01,-5.108221e+00,8.743465e-01,2.261366e-01,5.476283e-01,5.746304e-01,3.579174,208.5027
0.142367,2.515000e+01,-5.108253e+00,8.743465e-01,2.258884e-01,5.477305e-01,5.738927e-01,3.580029,208.8105
0.1424,2.515000e+01,-5.108260e+00,8.743465e-01,2.257576e-01,5.488105e-01,5.724316e-01,3.580859,209.1092
0.142433,2.515000e+01,-5.108274e+00,8.743465e-01,2.260171e-01,5.490834e-01,5.728048e-01,3.581689,209.4079
0.142467,2.515000e+01,-5.108309e+00,8.743465e-01,2.263090e-01,5.488092e-01,5.738312e-01,3.582544,209.7157
0.1425,2.515000e+01,-5.108359e+00,8.743465e-01,2.265708e-01,5.488210e-01,5.744828e-01,3.583374,210.0145
0.142533,2.515000e+01,-5.108434e+00,8.743465e-01,2.269134e-01,5.481600e-01,5.760451e-01,3.584203,210.3132
0.142567,2.515000e+01,-5.108490e+00,8.743465e-01,2.264920e-01,5.480460e-01,5.750949e-01,3.585058,210.6210
0.1426,2.515000e+01,-5.108536e+00,8.743465e-01,2.263131e-01,5.483058e-01,5.743684e-01,3.585888,210.9197
0.142633,2.515000e+01,-5.108543e+00,8.743465e-01,2.257992e-01,5.494630e-01,5.718574e-01,3.586718,211.2185
0.142667,2.515000e+01,-5.108569e+00,8.743465e-01,2.260785e-01,5.491420e-01,5.728992e-01,3.587573,211.5263
0.1427,2.515000e+01,-5.108596e+00,8.743465e-01,2.260287e-01,5.490298e-01,5.728903e-01,3.588403,211.8250
0.142733,2.515000e+01,-5.108618e+00,8.743465e-01,2.256575e-01,5.487603e-01,5.722302e-01,3.589233,212.1238
0.142767,2.515000e+01,-5.108643e+00,8.743465e-01,2.259653e-01,5.492373e-01,5.725131e-01,3.590088,212.4316
0.1428,2.515000e+01,-5.108697e+00,8.743465e-01,2.263713e-01,5.489839e-01,5.738064e-01,3.590917,212.7303
0.142833,2.515000e+01,-5.108764e+00,8.743465e-01,2.263239e-01,5.484403e-01,5.742550e-01,3.591747,213.0290
0.142867,2.515000e+01,-5.108789e+00,8.743465e-01,2.254950e-01,5.489673e-01,5.716026e-01,3.592602,213.3368
0.1429,2.515000e+01,-5.108831e+00,8.743465e-01,2.260287e-01,5.489866e-01,5.729353e-01,3.593432,213.6356
0.142933,2.515000e+01,-5.108914e+00,8.743465e-01,2.268871e-01,5.487853e-01,5.753221e-01,3.594262,213.9343
0.142967,2.515000e+01,-5.108996e+00,8.743465e-01,2.268484e-01,5.488543e-01,5.751515e-01,3.595117,214.2421
0.143,2.515000e+01,-5.109032e+00,8.743465e-01,2.258518e-01,5.494298e-01,5.720249e-01,3.595947,214.5408
0.143033,2.515000e+01,-5.109073e+00,8.743465e-01,2.259535e-01,5.493441e-01,5.723720e-01,3.596777,214.8396
0.143067,2.515000e+01,-5.109129e+00,8.743465e-01,2.259439e-01,5.486012e-01,5.731227e-01,3.597632,215.1474
0.1431,2.515000e+01,-5.109195e+00,8.743465e-01,2.261688e-01,5.486332e-01,5.736595e-01,3.598461,215.4461
0.143133,2.515000e+01,-5.109263e+00,8.743465e-01,2.264711e-01,5.491722e-01,5.738625e-01,3.599291,215.7449
0.143167,2.515000e+01,-5.109349e+00,8.743465e-01,2.267464e-01,5.489655e-01,5.747764e-01,3.600146,216.0526
0.1432,2.515000e+01,-5.109428e+00,8.743465e-01,2.264615e-01,5.489416e-01,5.740794e-01,3.600976,216.3514
0.143233,2.515000e+01,-5.109452e+00,8.743465e-01,2.251084e-01,5.491459e-01,5.704371e-01,3.601806,216.6501
0.143267,2.515000e+01,-5.109484e+00,8.743465e-01,2.252586e-01,5.488846e-01,5.710893e-01,3.602661,216.9579
0.1433,2.515000e+01,-5.109551e+00,8.743465e-01,2.260417e-01,5.488702e-01,5.730896e-01,3.603491,217.2567
0.143333,2.515000e+01,-5.109638e+00,8.743465e-01,2.263017e-01,5.484726e-01,5.741648e-01,3.604321,217.5554
0.143367,2.515000e+01,-5.109684e+00,8.743465e-01,2.258385e-01,5.494836e-01,5.719353e-01,3.605176,217.8632
0.1434,2.515000e+01,-5.109724e+00,8.743465e-01,2.255339e-01,5.493192e-01,5.713350e-01,3.606005,218.1619
0.143433,2.515000e+01,-5.109792e+00,8.743465e-01,2.257863e-01,5.485314e-01,5.727959e-01,3.606835,218.4607
0.143467,2.515000e+01,-5.109876e+00,8.743465e-01,2.261473e-01,5.484359e-01,5.738115e-01,3.607690,218.7685
0.1435,2.515000e+01,-5.109970e+00,8.743465e-01,2.262451e-01,5.482490e-01,5.742553e-01,3.608520,219.0672
0.143533,2.515000e+01,-5.110045e+00,8.743465e-01,2.258625e-01,5.482944e-01,5.732368e-01,3.609350,219.3659
0.143567,2.515000e+01,-5.110104e+00,8.743465e-01,2.258170e-01,5.490432e-01,5.723397e-01,3.610205,219.6737
0.1436,2.515000e+01,-5.110137e+00,8.743465e-01,2.251187e-01,5.489277e-01,5.706897e-01,3.611035,219.9725
0.143633,2.515000e+01,-5.110185e+00,8.743465e-01,2.254310e-01,5.486770e-01,5.717426e-01,3.611865,220.2712
0.143667,2.515000e+01,-5.110263e+00,8.743465e-01,2.258567e-01,5.480382e-01,5.734899e-01,3.612719,220.5790
0.1437,2.515000e+01,-5.110348e+00,8.743465e-01,2.262103e-01,5.482416e-01,5.741746e-01,3.613549,220.8778
0.143733,2.515000e+01,-5.110413e+00,8.743465e-01,2.259060e-01,5.485035e-01,5.731286e-01,3.614379,221.1765
0.143767,2.515000e+01,-5.110464e+00,8.743465e-01,2.256666e-01,5.485615e-01,5.724607e-01,3.615234,221.4843
0.1438,2.515000e+01,-5.110525e+00,8.743465e-01,2.258391e-01,5.482751e-01,5.731975e-01,3.616064,221.7830
0.143833,2.515000e+01,-5.110594e+00,8.743465e-01,2.256823e-01,5.477387e-01,5.733605e-01,3.616894,222.0818
0.143867,2.515000e+01,-5.110679e+00,8.743465e-01,2.259013e-01,5.474746e-01,5.741939e-01,3.617749,222.3896
0.1439,2.515000e+01,-5.110704e+00,8.743465e-01,2.247611e-01,5.479786e-01,5.707701e-01,3.618579,222.6883
0.143933,2.515000e+01,-5.110719e+00,8.743465e-01,2.246758e-01,5.482113e-01,5.703113e-01,3.619408,222.9870
0.143967,2.515000e+01,-5.110731e+00,8.743465e-01,2.247577e-01,5.484359e-01,5.702857e-01,3.620263,223.2948
0.144,2.515000e+01,-5.110776e+00,8.743465e-01,2.252159e-01,5.479087e-01,5.719981e-01,3.621093,223.5936
0.144032,2.515000e+01,-5.110848e+00,8.743465e-01,2.257788e-01,5.480842e-01,5.732442e-01,3.621898,223.8833
0.144065,2.515000e+01,-5.110911e+00,8.743465e-01,2.254310e-01,5.476652e-01,5.727990e-01,3.622728,224.1820
0.144097,2.515000e+01,-5.110964e+00,8.743465e-01,2.251563e-01,5.476791e-01,5.720864e-01,3.623532,224.4717
0.144129,2.515000e+01,-5.111022e+00,8.743465e-01,2.252124e-01,5.477024e-01,5.722048e-01,3.624337,224.7614
0.144161,2.515000e+01,-5.111064e+00,8.743465e-01,2.249525e-01,5.477687e-01,5.714751e-01,3.625142,225.0511
0.144194,2.515000e+01,-5.111115e+00,8.743465e-01,2.250720e-01,5.474308e-01,5.721317e-01,3.625972,225.3498
0.144226,2.515000e+01,-5.111177e+00,8.743465e-01,2.253040e-01,5.473774e-01,5.727773e-01,3.626776,225.6395
0.144258,2.515000e+01,-5.111222e+00,8.743465e-01,2.248840e-01,5.471878e-01,5.719075e-01,3.627581,225.9292
0.14429,2.515000e+01,-5.111251e+00,8.743465e-01,2.245669e-01,5.471550e-01,5.711354e-01,3.628386,226.2189
0.144323,2.515000e+01,-5.111275e+00,8.743465e-01,2.244590e-01,5.470263e-01,5.709952e-01,3.629216,226.5176
0.144355,2.515000e+01,-5.111326e+00,8.743465e-01,2.252650e-01,5.471606e-01,5.729051e-01,3.630020,226.8073
0.144387,2.515000e+01,-5.111383e+00,8.743465e-01,2.256352e-01,5.475002e-01,5.734904e-01,3.630825,227.0970
0.144419,2.515000e+01,-5.111409e+00,8.743465e-01,2.248406e-01,5.471210e-01,5.718669e-01,3.631630,227.3867
0.144452,2.515000e+01,-5.111435e+00,8.743465e-01,2.248069e-01,5.468181e-01,5.720981e-01,3.632459,227.6854
0.144484,2.515000e+01,-5.111446e+00,8.743465e-01,2.242859e-01,5.463808e-01,5.712290e-01,3.633264,227.9751
0.144516,2.515000e+01,-5.111473e+00,8.743465e-01,2.246543e-01,5.461293e-01,5.724308e-01,3.634069,228.2648
0.144548,2.515000e+01,-5.111486e+00,8.743465e-01,2.246962e-01,5.468299e-01,5.718042e-01,3.634874,228.5545
0.144581,2.515000e+01,-5.111504e+00,8.743465e-01,2.249031e-01,5.468986e-01,5.722587e-01,3.635703,228.8532
0.144613,2.515000e+01,-5.111519e+00,8.743465e-01,2.247855e-01,5.466499e-01,5.722196e-01,3.636508,229.1429
0.144645,2.515000e+01,-5.111519e+00,8.743465e-01,2.242380e-01,5.460730e-01,5.714288e-01,3.637313,229.4326
0.144677,2.515000e+01,-5.111527e+00,8.743465e-01,2.242846e-01,5.458444e-01,5.717871e-01,3.638117,229.7223
0.14471,2.515000e+01,-5.111541e+00,8.743465e-01,2.248466e-01,5.462436e-01,5.728008e-01,3.638947,230.0210
0.144742,2.515000e+01,-5.111557e+00,8.743465e-01,2.249783e-01,5.461742e-01,5.732092e-01,3.639752,230.3107
0.144774,2.515000e+01,-5.111524e+00,8.743465e-01,2.241666e-01,5.467843e-01,5.705038e-01,3.640557,230.6004
0.144806,2.515000e+01,-5.111487e+00,8.743465e-01,2.237319e-01,5.457290e-01,5.704985e-01,3.641361,230.8901
0.144839,2.515000e+01,-5.111452e+00,8.743465e-01,2.236830e-01,5.452053e-01,5.709218e-01,3.642191,231.1888
0.144871,2.515000e+01,-5.111424e+00,8.743465e-01,2.240290e-01,5.451848e-01,5.718265e-01,3.642996,231.4785
0.144903,2.515000e+01,-5.111386e+00,8.743465e-01,2.241859e-01,5.457241e-01,5.716613e-01,3.643801,231.7682
0.144935,2.515000e+01,-5.111358e+00,8.743465e-01,2.247361e-01,5.459979e-01,5.727770e-01,3.644605,232.0579
0.144968,2.515000e+01,-5.111329e+00,8.743465e-01,2.248056e-01,5.458379e-01,5.731220e-01,3.645435,232.3566
0.145,2.515000e+01,-5.111283e+00,8.743465e-01,2.241889e-01,5.451341e-01,5.722876e-01,3.646240,232.6463
0.145032,2.515000e+01,-5.111229e+00,8.743465e-01,2.240311e-01,5.449759e-01,5.720510e-01,3.647044,232.9360
0.145065,2.515000e+01,-5.111176e+00,8.743465e-01,2.242464e-01,5.451193e-01,5.724500e-01,3.647874,233.2347
0.145097,2.515000e+01,-5.111127e+00,8.743465e-01,2.244056e-01,5.450278e-01,5.729526e-01,3.648679,233.5244
0.145129,2.515000e+01,-5.111065e+00,8.743465e-01,2.241599e-01,5.451879e-01,5.721574e-01,3.649484,233.8141
0.145161,2.515000e+01,-5.110983e+00,8.743465e-01,2.234890e-01,5.446781e-01,5.709787e-01,3.650288,234.1038
0.145194,2.515000e+01,-5.110910e+00,8.743465e-01,2.237351e-01,5.445298e-01,5.717632e-01,3.651118,234.4025
0.145226,2.515000e+01,-5.110831e+00,8.743465e-01,2.237618e-01,5.447166e-01,5.716354e-01,3.651923,234.6922
0.145258,2.515000e+01,-5.110766e+00,8.743465e-01,2.238798e-01,5.443512e-01,5.723207e-01,3.652728,234.9819
0.14529,2.515000e+01,-5.110703e+00,8.743465e-01,2.240379e-01,5.445276e-01,5.725393e-01,3.653532,235.2716
0.145323,2.515000e+01,-5.110638e+00,8.743465e-01,2.240156e-01,5.445194e-01,5.724908e-01,3.654362,235.5703
0.145355,2.515000e+01,-5.110560e+00,8.743465e-01,2.237872e-01,5.444265e-01,5.720048e-01,3.655167,235.8600
0.145387,2.515000e+01,-5.110462e+00,8.743465e-01,2.231464e-01,5.441715e-01,5.706342e-01,3.655971,236.1497
0.145419,2.515000e+01,-5.110369e+00,8.743465e-01,2.233117e-01,5.440715e-01,5.711619e-01,3.656776,236.4394
0.145452,2.515000e+01,-5.110289e+00,8.743465e-01,2.237694e-01,5.442530e-01,5.721417e-01,3.657606,236.7381
0.145484,2.515000e+01,-5.110205e+00,8.743465e-01,2.234896e-01,5.437930e-01,5.719096e-01,3.658411,237.0278
0.145516,2.515000e+01,-5.110128e+00,8.743465e-01,2.234278e-01,5.433591e-01,5.722082e-01,3.659215,237.3175
0.145548,2.515000e+01,-5.110050e+00,8.743465e-01,2.236428e-01,5.437478e-01,5.723492e-01,3.660020,237.6072
0.145581,2.515000e+01,-5.109975e+00,8.743465e-01,2.238626e-01,5.440692e-01,5.725733e-01,3.660850,237.9059
0.145613,2.515000e+01,-5.109900e+00,8.743465e-01,2.239225e-01,5.440214e-01,5.727769e-01,3.661655,238.1956
0.145645,2.515000e+01,-5.109819e+00,8.743465e-01,2.237432e-01,5.438546e-01,5.724938e-01,3.662459,238.4853
0.145677,2.515000e+01,-5.109750e+00,8.743465e-01,2.237778e-01,5.432542e-01,5.732150e-01,3.663264,238.7750
0.14571,2.515000e+01,-5.109675e+00,8.743465e-01,2.236415e-01,5.434160e-01,5.726955e-01,3.664094,239.0737
0.145742,2.515000e+01,-5.109582e+00,8.743465e-01,2.229306e-01,5.429282e-01,5.713877e-01,3.664898,239.3634
0.145774,2.515000e+01,-5.109505e+00,8.743465e-01,2.231161e-01,5.425809e-01,5.722295e-01,3.665703,239.6531
0.145806,2.515000e+01,-5.109420e+00,8.743465e-01,2.230352e-01,5.428698e-01,5.717175e-01,3.666508,239.9428
0.145839,2.515000e+01,-5.109342e+00,8.743465e-01,2.233996e-01,5.431350e-01,5.723720e-01,3.667338,240.2416
0.145871,2.515000e+01,-5.109265e+00,8.743465e-01,2.235010e-01,5.432775e-01,5.724815e-01,3.668142,240.5312
0.145903,2.515000e+01,-5.109190e+00,8.743465e-01,2.234451e-01,5.431177e-01,5.725068e-01,3.668947,240.8209
0.145935,2.515000e+01,-5.109124e+00,8.743465e-01,2.235583e-01,5.428066e-01,5.731250e-01,3.669752,241.1106
0.145968,2.515000e+01,-5.109039e+00,8.743465e-01,2.228778e-01,5.425500e-01,5.716505e-01,3.670582,241.4094
0.146,2.515000e+01,-5.108958e+00,8.743465e-01,2.227811e-01,5.421788e-01,5.717939e-01,3.671386,241.6990
0.146032,2.515000e+01,-5.108873e+00,8.743465e-01,2.228378e-01,5.424154e-01,5.716899e-01,3.672191,241.9887
0.146065,2.515000e+01,-5.108793e+00,8.743465e-01,2.231415e-01,5.428116e-01,5.720512e-01,3.673021,242.2875
0.146097,2.515000e+01,-5.108718e+00,8.743465e-01,2.233084e-01,5.429245e-01,5.723601e-01,3.673825,242.5772
0.146129,2.515000e+01,-5.108651e+00,8.743465e-01,2.234546e-01,5.430813e-01,5.725695e-01,3.674630,242.8668
0.146161,2.515000e+01,-5.108594e+00,8.743465e-01,2.232787e-01,5.422802e-01,5.729638e-01,3.675435,243.1565
0.146194,2.515000e+01,-5.108539e+00,8.743465e-01,2.232630e-01,5.422063e-01,5.730016e-01,3.676265,243.4553
0.146226,2.515000e+01,-5.108484e+00,8.743465e-01,2.232555e-01,5.421942e-01,5.729952e-01,3.677069,243.7450
0.146258,2.515000e+01,-5.108433e+00,8.743465e-01,2.234596e-01,5.424675e-01,5.732302e-01,3.677874,244.0346
0.14629,2.515000e+01,-5.108389e+00,8.743465e-01,2.236456e-01,5.428085e-01,5.733467e-01,3.678679,244.3243
0.146323,2.515000e+01,-5.108343e+00,8.743465e-01,2.231901e-01,5.421677e-01,5.728553e-01,3.679509,244.6231
0.146355,2.515000e+01,-5.108317e+00,8.743465e-01,2.228452e-01,5.407207e-01,5.735009e-01,3.680313,244.9128
0.146387,2.515000e+01,-5.108281e+00,8.743465e-01,2.226276e-01,5.411080e-01,5.725306e-01,3.681118,245.2024
0.146419,2.515000e+01,-5.108243e+00,8.743465e-01,2.228268e-01,5.418130e-01,5.722974e-01,3.681923,245.4921
0.146452,2.515000e+01,-5.108205e+00,8.743465e-01,2.230905e-01,5.424532e-01,5.722982e-01,3.682752,245.7909
0.146484,2.515000e+01,-5.108182e+00,8.743465e-01,2.232358e-01,5.421757e-01,5.729641e-01,3.683557,246.0806
0.146516,2.515000e+01,-5.108173e+00,8.743465e-01,2.234829e-01,5.420315e-01,5.737510e-01,3.684362,246.3703
0.146548,2.515000e+01,-5.108170e+00,8.743465e-01,2.232602e-01,5.414023e-01,5.738454e-01,3.685166,246.6599
0.146581,2.515000e+01,-5.108158e+00,8.743465e-01,2.228937e-01,5.412589e-01,5.730550e-01,3.685996,246.9587
0.146613,2.515000e+01,-5.108140e+00,8.743465e-01,2.228391e-01,5.416200e-01,5.725328e-01,3.686801,247.2484
0.146645,2.515000e+01,-5.108130e+00,8.743465e-01,2.229326e-01,5.417378e-01,5.726486e-01,3.687606,247.5381
0.146677,2.515000e+01,-5.108132e+00,8.743465e-01,2.230428e-01,5.414895e-01,5.731941e-01,3.688410,247.8277
0.14671,2.515000e+01,-5.108137e+00,8.743465e-01,2.227253e-01,5.410653e-01,5.728271e-01,3.689240,248.1265
0.146742,2.515000e+01,-5.108140e+00,8.743465e-01,2.226191e-01,5.411438e-01,5.724709e-01,3.690045,248.4162
0.146774,2.515000e+01,-5.108149e+00,8.743465e-01,2.228560e-01,5.415711e-01,5.726279e-01,3.690850,248.7059
0.146806,2.515000e+01,-5.108163e+00,8.743465e-01,2.232082e-01,5.421157e-01,5.729568e-01,3.691654,248.9955
0.146839,2.515000e+01,-5.108196e+00,8.743465e-01,2.233053e-01,5.416080e-01,5.737434e-01,3.692484,249.2943
0.146871,2.515000e+01,-5.108234e+00,8.743465e-01,2.233546e-01,5.416539e-01,5.738212e-01,3.693289,249.5840
0.146903,2.515000e+01,-5.108284e+00,8.743465e-01,2.233469e-01,5.412858e-01,5.741919e-01,3.694093,249.8737
0.146935,2.515000e+01,-5.108341e+00,8.743465e-01,2.230423e-01,5.407725e-01,5.739530e-01,3.694898,250.1633
0.146968,2.515000e+01,-5.108409e+00,8.743465e-01,2.229811e-01,5.404153e-01,5.741748e-01,3.695728,250.4621
0.147,2.515000e+01,-5.108472e+00,8.743465e-01,2.228247e-01,5.406010e-01,5.735750e-01,3.696533,250.7518
0.147032,2.515000e+01,-5.108535e+00,8.743465e-01,2.230479e-01,5.410022e-01,5.737238e-01,3.697337,251.0415
0.147065,2.515000e+01,-5.108591e+00,8.743465e-01,2.231353e-01,5.416181e-01,5.732959e-01,3.698167,251.3402
0.147097,2.515000e+01,-5.108650e+00,8.743465e-01,2.231836e-01,5.415857e-01,5.734544e-01,3.698972,251.6299
0.147129,2.515000e+01,-5.108706e+00,8.743465e-01,2.231951e-01,5.418783e-01,5.731741e-01,3.699777,251.9196
0.147161,2.515000e+01,-5.108783e+00,8.743465e-01,2.232385e-01,5.408965e-01,5.743263e-01,3.700581,252.2093
0.147194,2.515000e+01,-5.108869e+00,8.743465e-01,2.234183e-01,5.408637e-01,5.748236e-01,3.701411,252.5080
0.147226,2.515000e+01,-5.108945e+00,8.743465e-01,2.232102e-01,5.408688e-01,5.742828e-01,3.702216,252.7977
0.147258,2.515000e+01,-5.109002e+00,8.743465e-01,2.229001e-01,5.411613e-01,5.731751e-01,3.703021,253.0874
0.14729,2.515000e+01,-5.109053e+00,8.743465e-01,2.227962e-01,5.413990e-01,5.726562e-01,3.703825,253.3771
0.147323,2.515000e+01,-5.109111e+00,8.743465e-01,2.229233e-01,5.412678e-01,5.731220e-01,3.704655,253.6758
0.147355,2.515000e+01,-5.109184e+00,8.743465e-01,2.231395e-01,5.410233e-01,5.739369e-01,3.705460,253.9655
0.147387,2.515000e+01,-5.109251e+00,8.743465e-01,2.232387e-01,5.416123e-01,5.735676e-01,3.706264,254.2552
0.147419,2.515000e+01,-5.109317e+00,8.743465e-01,2.232454e-01,5.417394e-01,5.734504e-01,3.707069,254.5449
0.147452,2.515000e+01,-5.109383e+00,8.743465e-01,2.233309e-01,5.420123e-01,5.733810e-01,3.707899,254.8436
0.147484,2.515000e+01,-5.109453e+00,8.743465e-01,2.233204e-01,5.415913e-01,5.738000e-01,3.708704,255.1333
0.147516,2.515000e+01,-5.109544e+00,8.743465e-01,2.233789e-01,5.405211e-01,5.750864e-01,3.709508,255.4230
0.147548,2.515000e+01,-5.109637e+00,8.743465e-01,2.232807e-01,5.402330e-01,5.751404e-01,3.710313,255.7127
0.147581,2.515000e+01,-5.109728e+00,8.743465e-01,2.234337e-01,5.405966e-01,5.751473e-01,3.711143,256.0114
0.147613,2.515000e+01,-5.109788e+00,8.743465e-01,2.231921e-01,5.416000e-01,5.734610e-01,3.711948,256.3011
0.147645,2.515000e+01,-5.109844e+00,8.743465e-01,2.231650e-01,5.417117e-01,5.732730e-01,3.712752,256.5908
0.147677,2.515000e+01,-5.109911e+00,8.743465e-01,2.234782e-01,5.416737e-01,5.741180e-01,3.713557,256.8805
0.14771,2.515000e+01,-5.109977e+00,8.743465e-01,2.235616e-01,5.417341e-01,5.742682e-01,3.714387,257.1792
0.147742,2.515000e+01,-5.110046e+00,8.743465e-01,2.235010e-01,5.413009e-01,5.745720e-01,3.715191,257.4689
0.147774,2.515000e+01,-5.110111e+00,8.743465e-01,2.235060e-01,5.413484e-01,5.745345e-01,3.715996,257.7586
0.147806,2.515000e+01,-5.110176e+00,8.743465e-01,2.238199e-01,5.417408e-01,5.749246e-01,3.716801,258.0483
0.147839,2.515000e+01,-5.110237e+00,8.743465e-01,2.238238e-01,5.415614e-01,5.751252e-01,3.717631,258.3470
0.147871,2.515000e+01,-5.110302e+00,8.743465e-01,2.235866e-01,5.406796e-01,5.754526e-01,3.718435,258.6367
0.147903,2.515000e+01,-5.110349e+00,8.743465e-01,2.232715e-01,5.409231e-01,5.743828e-01,3.719240,258.9264
0.147935,2.515000e+01,-5.110389e+00,8.743465e-01,2.234724e-01,5.416140e-01,5.741663e-01,3.720045,259.2161
0.147968,2.515000e+01,-5.110400e+00,8.743465e-01,2.232376e-01,5.425191e-01,5.726060e-01,3.720875,259.5148
0.148,2.515000e+01,-5.110412e+00,8.743465e-01,2.232676e-01,5.424268e-01,5.727805e-01,3.721679,259.8045
0.148033,2.515000e+01,-5.110451e+00,8.743465e-01,2.237904e-01,5.413618e-01,5.752512e-01,3.722509,260.1032
0.148067,2.515000e+01,-5.110491e+00,8.743465e-01,2.241750e-01,5.422563e-01,5.752892e-01,3.723364,260.4110
0.1481,2.515000e+01,-5.110543e+00,8.743465e-01,2.242414e-01,5.416570e-01,5.760962e-01,3.724194,260.7098
0.148133,2.515000e+01,-5.110585e+00,8.743465e-01,2.240138e-01,5.416537e-01,5.755151e-01,3.725024,261.0085
0.148167,2.515000e+01,-5.110632e+00,8.743465e-01,2.242564e-01,5.417673e-01,5.760176e-01,3.725879,261.3163
0.1482,2.515000e+01,-5.110677e+00,8.743465e-01,2.241734e-01,5.418240e-01,5.757443e-01,3.726708,261.6151
0.148233,2.515000e+01,-5.110724e+00,8.743465e-01,2.239877e-01,5.414298e-01,5.756862e-01,3.727538,261.9138
0.148267,2.515000e+01,-5.110740e+00,8.743465e-01,2.236819e-01,5.424166e-01,5.738542e-01,3.728393,262.2216
0.1483,2.515000e+01,-5.110754e+00,8.743465e-01,2.239368e-01,5.429841e-01,5.739078e-01,3.729223,262.5203
0.148333,2.515000e+01,-5.110780e+00,8.743465e-01,2.242417e-01,5.427460e-01,5.749413e-01,3.730053,262.8191
0.148367,2.515000e+01,-5.110835e+00,8.743465e-01,2.247237e-01,5.422706e-01,5.766821e-01,3.730908,263.1269
0.1484,2.515000e+01,-5.110866e+00,8.743465e-01,2.244387e-01,5.429749e-01,5.752037e-01,3.731738,263.4256
0.148433,2.515000e+01,-5.110867e+00,8.743465e-01,2.240242e-01,5.435786e-01,5.735039e-01,3.732568,263.7243
0.148467,2.515000e+01,-5.110914e+00,8.743465e-01,2.243744e-01,5.418586e-01,5.762236e-01,3.733423,264.0321
0.1485,2.515000e+01,-5.110962e+00,8.743465e-01,2.245475e-01,5.420380e-01,5.764773e-01,3.734252,264.3309
0.148533,2.515000e+01,-5.111005e+00,8.743465e-01,2.248321e-01,5.427853e-01,5.764131e-01,3.735082,264.6296
0.148567,2.515000e+01,-5.111031e+00,8.743465e-01,2.244842e-01,5.429246e-01,5.753735e-01,3.735937,264.9374
0.1486,2.515000e+01,-5.111051e+00,8.743465e-01,2.242200e-01,5.426584e-01,5.749784e-01,3.736767,265.2361
0.148633,2.515000e+01,-5.111047e+00,8.743465e-01,2.239116e-01,5.431400e-01,5.736783e-01,3.737597,265.5349
0.148667,2.515000e+01,-5.111025e+00,8.743465e-01,2.241240e-01,5.443383e-01,5.729585e-01,3.738452,265.8427
0.1487,2.515000e+01,-5.111060e+00,8.743465e-01,2.250693e-01,5.431760e-01,5.766063e-01,3.739282,266.1414
0.148733,2.515000e+01,-5.111110e+00,8.743465e-01,2.254257e-01,5.431338e-01,5.775641e-01,3.740112,266.4402
0.148767,2.515000e+01,-5.111134e+00,8.743465e-01,2.251173e-01,5.436736e-01,5.762015e-01,3.740967,266.7480
0.1488,2.515000e+01,-5.111108e+00,8.743465e-01,2.238522e-01,5.436125e-01,5.730276e-01,3.741796,267.0467
0.148833,2.515000e+01,-5.111110e+00,8.743465e-01,2.241977e-01,5.427606e-01,5.748129e-01,3.742626,267.3454
0.148867,2.515000e+01,-5.111139e+00,8.743465e-01,2.248632e-01,5.427489e-01,5.765317e-01,3.743481,267.6532
0.1489,2.515000e+01,-5.111171e+00,8.743465e-01,2.253332e-01,5.434134e-01,5.770303e-01,3.744311,267.9520
0.148933,2.515000e+01,-5.111167e+00,8.743465e-01,2.249896e-01,5.445185e-01,5.749810e-01,3.745141,268.2507
0.148967,2.515000e+01,-5.111152e+00,8.743465e-01,2.248692e-01,5.447857e-01,5.743914e-01,3.745996,268.5585
0.149,2.515000e+01,-5.111147e+00,8.743465e-01,2.249024e-01,5.446202e-01,5.746509e-01,3.746826,268.8572
0.149033,2.515000e+01,-5.111154e+00,8.743465e-01,2.248859e-01,5.441356e-01,5.751206e-01,3.747656,269.1560
0.149067,2.515000e+01,-5.111232e+00,8.743465e-01,2.257432e-01,5.422793e-01,5.792892e-01,3.748510,269.4638
0.1491,2.515000e+01,-5.111301e+00,8.743465e-01,2.257790e-01,5.428720e-01,5.787484e-01,3.749340,269.7625
0.149133,2.515000e+01,-5.111325e+00,8.743465e-01,2.254313e-01,5.444947e-01,5.761350e-01,3.750170,270.0613
0.149167,2.515000e+01,-5.111291e+00,8.743465e-01,2.240449e-01,5.445545e-01,5.725290e-01,3.751025,270.3690
0.1492,2.515000e+01,-5.111265e+00,8.743465e-01,2.240260e-01,5.439668e-01,5.730991e-01,3.751855,270.6678
0.149233,2.515000e+01,-5.111284e+00,8.743465e-01,2.249599e-01,5.437035e-01,5.757669e-01,3.752685,270.9665
0.149267,2.515000e+01,-5.111310e+00,8.743465e-01,2.257663e-01,5.448138e-01,5.766532e-01,3.753540,271.2743
0.1493,2.515000e+01,-5.111330e+00,8.743465e-01,2.256348e-01,5.447891e-01,5.763434e-01,3.754370,271.5731
0.149333,2.515000e+01,-5.111321e+00,8.743465e-01,2.251016e-01,5.450347e-01,5.747224e-01,3.755199,271.8718
0.149367,2.515000e+01,-5.111313e+00,8.743465e-01,2.250578e-01,5.449732e-01,5.746755e-01,3.756054,272.1796
0.1494,2.515000e+01,-5.111338e+00,8.743465e-01,2.253045e-01,5.439644e-01,5.763723e-01,3.756884,272.4783
0.149433,2.515000e+01,-5.111393e+00,8.743465e-01,2.258317e-01,5.435884e-01,5.781204e-01,3.757714,272.7771
0.149467,2.515000e+01,-5.111436e+00,8.743465e-01,2.257324e-01,5.440004e-01,5.774286e-01,3.758569,273.0849
0.1495,2.515000e+01,-5.111444e+00,8.743465e-01,2.255470e-01,5.453141e-01,5.755645e-01,3.759399,273.3836
0.149533,2.515000e+01,-5.111424e+00,8.743465e-01,2.250022e-01,5.454411e-01,5.740405e-01,3.760229,273.6823
0.149567,2.515000e+01,-5.111405e+00,8.743465e-01,2.251121e-01,5.455079e-01,5.742506e-01,3.761084,273.9901
0.1496,2.515000e+01,-5.111378e+00,8.743465e-01,2.252033e-01,5.459236e-01,5.740459e-01,3.761914,274.2889
0.149633,2.515000e+01,-5.111386e+00,8.743465e-01,2.257434e-01,5.449570e-01,5.764432e-01,3.762743,274.5876
0.149667,2.515000e+01,-5.111425e+00,8.743465e-01,2.262473e-01,5.441397e-01,5.785978e-01,3.763598,274.8954
0.1497,2.515000e+01,-5.111457e+00,8.743465e-01,2.261725e-01,5.441477e-01,5.783978e-01,3.764428,275.1942
0.149733,2.515000e+01,-5.111425e+00,8.743465e-01,2.254756e-01,5.458265e-01,5.748421e-01,3.765258,275.4929
0.149767,2.515000e+01,-5.111407e+00,8.743465e-01,2.255324e-01,5.454627e-01,5.753705e-01,3.766113,275.8007
0.1498,2.515000e+01,-5.111400e+00,8.743465e-01,2.256193e-01,5.450381e-01,5.760405e-01,3.766943,276.0994
0.149833,2.515000e+01,-5.111382e+00,8.743465e-01,2.254279e-01,5.450686e-01,5.755197e-01,3.767773,276.3982
0.149867,2.515000e+01,-5.111349e+00,8.743465e-01,2.255683e-01,5.458895e-01,5.750120e-01,3.768628,276.7060
0.1499,2.515000e+01,-5.111337e+00,8.743465e-01,2.258880e-01,5.455278e-01,5.762087e-01,3.769458,277.0047
0.149933,2.515000e+01,-5.111324e+00,8.743465e-01,2.259221e-01,5.457200e-01,5.760929e-01,3.770287,277.3034
0.149967,2.515000e+01,-5.111295e+00,8.743465e-01,2.257582e-01,5.461820e-01,5.751880e-01,3.771142,277.6112
0.15,2.515000e+01,-5.111276e+00,8.743465e-01,2.257445e-01,5.454676e-01,5.759065e-01,3.771972,277.9100
0.150033,2.515000e+01,-5.111260e+00,8.743465e-01,2.258453e-01,5.452920e-01,5.763492e-01,3.772802,278.2087
0.150067,2.515000e+01,-5.111248e+00,8.743465e-01,2.260067e-01,5.453107e-01,5.767413e-01,3.773657,278.5165
0.1501,2.515000e+01,-5.111210e+00,8.743465e-01,2.258443e-01,5.459463e-01,5.756559e-01,3.774487,278.8152
0.150133,2.515000e+01,-5.111159e+00,8.743465e-01,2.257670e-01,5.461016e-01,5.752951e-01,3.775317,279.1140
0.150167,2.515000e+01,-5.111093e+00,8.743465e-01,2.255869e-01,5.461463e-01,5.747891e-01,3.776172,279.4218
0.1502,2.515000e+01,-5.111021e+00,8.743465e-01,2.256912e-01,5.463538e-01,5.748367e-01,3.777001,279.7205
0.150233,2.515000e+01,-5.110975e+00,8.743465e-01,2.262242e-01,5.458345e-01,5.767423e-01,3.777831,280.0193
0.150267,2.515000e+01,-5.110939e+00,8.743465e-01,2.265984e-01,5.459263e-01,5.775990e-01,3.778686,280.3271
0.1503,2.515000e+01,-5.110894e+00,8.743465e-01,2.265565e-01,5.462040e-01,5.771987e-01,3.779516,280.6258
0.150333,2.515000e+01,-5.110816e+00,8.743465e-01,2.259674e-01,5.466531e-01,5.752248e-01,3.780346,280.9245
0.150367,2.515000e+01,-5.110742e+00,8.743465e-01,2.256352e-01,5.457318e-01,5.753489e-01,3.781201,281.2323
0.1504,2.515000e+01,-5.110677e+00,8.743465e-01,2.258857e-01,5.457021e-01,5.760189e-01,3.782031,281.5311
0.150433,2.515000e+01,-5.110610e+00,8.743465e-01,2.262254e-01,5.463471e-01,5.762043e-01,3.782861,281.8298
0.150467,2.515000e+01,-5.110536e+00,8.743465e-01,2.263599e-01,5.468614e-01,5.760046e-01,3.783716,282.1376
0.1505,2.515000e+01,-5.110456e+00,8.743465e-01,2.262103e-01,5.465864e-01,5.759136e-01,3.784545,282.4363
0.150533,2.515000e+01,-5.110374e+00,8.743465e-01,2.261695e-01,5.464525e-01,5.759507e-01,3.785375,282.7351
0.150567,2.515000e+01,-5.110281e+00,8.743465e-01,2.261819e-01,5.468689e-01,5.755438e-01,3.786230,283.0429
0.1506,2.515000e+01,-5.110196e+00,8.743465e-01,2.263345e-01,5.467126e-01,5.760966e-01,3.787060,283.3416
0.150633,2.515000e+01,-5.110100e+00,8.743465e-01,2.262184e-01,5.470257e-01,5.754716e-01,3.787890,283.6404
0.150667,2.515000e+01,-5.110000e+00,8.743465e-01,2.261297e-01,5.469311e-01,5.753453e-01,3.788745,283.9481
0.1507,2.515000e+01,-5.109911e+00,8.743465e-01,2.260855e-01,5.463419e-01,5.758532e-01,3.789575,284.2469
0.150733,2.515000e+01,-5.109836e+00,8.743465e-01,2.260934e-01,5.456840e-01,5.765677e-01,3.790405,284.5456
0.150767,2.515000e+01,-5.109751e+00,8.743465e-01,2.261756e-01,5.463178e-01,5.761082e-01,3.791260,284.8534
0.1508,2.515000e+01,-5.109647e+00,8.743465e-01,2.261524e-01,5.471484e-01,5.751748e-01,3.792089,285.1522
0.150833,2.515000e+01,-5.109534e+00,8.743465e-01,2.261269e-01,5.474578e-01,5.747848e-01,3.792919,285.4509
0.150867,2.515000e+01,-5.109426e+00,8.743465e-01,2.260816e-01,5.472087e-01,5.749313e-01,3.793774,285.7587
0.1509,2.515000e+01,-5.109327e+00,8.743465e-01,2.262157e-01,5.470295e-01,5.754607e-01,3.794604,286.0574
0.150933,2.515000e+01,-5.109263e+00,8.743465e-01,2.265485e-01,5.460784e-01,5.773111e-01,3.795434,286.3562
0.150967,2.515000e+01,-5.109195e+00,8.743465e-01,2.266165e-01,5.463119e-01,5.772376e-01,3.796289,286.6640
0.151,2.515000e+01,-5.109118e+00,8.743465e-01,2.265534e-01,5.468262e-01,5.765339e-01,3.797119,286.9627
0.151033,2.515000e+01,-5.109024e+00,8.743465e-01,2.262546e-01,5.471361e-01,5.754476e-01,3.797948,287.2614
0.151067,2.515000e+01,-5.108933e+00,8.743465e-01,2.262502e-01,5.471951e-01,5.753744e-01,3.798803,287.5692
0.1511,2.515000e+01,-5.108853e+00,8.743465e-01,2.262223e-01,5.467665e-01,5.757543e-01,3.799633,287.8680
0.151133,2.515000e+01,-5.108761e+00,8.743465e-01,2.260440e-01,5.470833e-01,5.749675e-01,3.800463,288.1667
0.151167,2.515000e+01,-5.108666e+00,8.743465e-01,2.262157e-01,5.475524e-01,5.749111e-01,3.801318,288.4745
0.1512,2.515000e+01,-5.108573e+00,8.743465e-01,2.261772e-01,5.474956e-01,5.748729e-01,3.802148,288.7733
0.151233,2.515000e+01,-5.108487e+00,8.743465e-01,2.262396e-01,5.474627e-01,5.750661e-01,3.802978,289.0720
0.151267,2.515000e+01,-5.108421e+00,8.743465e-01,2.261804e-01,5.466690e-01,5.757505e-01,3.803833,289.3798
0.1513,2.515000e+01,-5.108363e+00,8.743465e-01,2.261709e-01,5.462195e-01,5.761999e-01,3.804663,289.6785
0.151333,2.515000e+01,-5.108307e+00,8.743465e-01,2.262182e-01,5.463800e-01,5.761510e-01,3.805492,289.9773
0.151367,2.515000e+01,-5.108234e+00,8.743465e-01,2.261161e-01,5.472897e-01,5.749339e-01,3.806347,290.2851
0.1514,2.515000e+01,-5.108151e+00,8.743465e-01,2.261414e-01,5.480512e-01,5.741992e-01,3.807177,290.5838
0.151433,2.515000e+01,-5.108073e+00,8.743465e-01,2.260291e-01,5.478905e-01,5.740826e-01,3.808007,290.8825
0.151467,2.515000e+01,-5.107991e+00,8.743465e-01,2.258698e-01,5.478369e-01,5.737339e-01,3.808862,291.1903
0.1515,2.515000e+01,-5.107941e+00,8.743465e-01,2.261675e-01,5.473174e-01,5.750354e-01,3.809692,291.4891
0.151533,2.515000e+01,-5.107936e+00,8.743465e-01,2.266988e-01,5.464287e-01,5.773237e-01,3.810522,291.7878
0.151567,2.515000e+01,-5.107944e+00,8.743465e-01,2.268272e-01,5.464615e-01,5.776159e-01,3.811377,292.0956
0.1516,2.515000e+01,-5.107917e+00,8.743465e-01,2.264523e-01,5.476888e-01,5.753691e-01,3.812207,292.3943
0.151633,2.515000e+01,-5.107869e+00,8.743465e-01,2.259779e-01,5.480527e-01,5.737825e-01,3.813036,292.6931
0.151667,2.515000e+01,-5.107841e+00,8.743465e-01,2.260863e-01,5.478996e-01,5.742183e-01,3.813891,293.0009
0.1517,2.515000e+01,-5.107834e+00,8.743465e-01,2.262171e-01,5.473732e-01,5.751029e-01,3.814721,293.2996
0.151733,2.515000e+01,-5.107831e+00,8.743465e-01,2.263897e-01,5.476591e-01,5.752413e-01,3.815551,293.5984
0.151767,2.515000e+01,-5.107826e+00,8.743465e-01,2.265339e-01,5.482717e-01,5.749645e-01,3.816406,293.9062
0.1518,2.515000e+01,-5.107818e+00,8.743465e-01,2.262419e-01,5.480946e-01,5.744089e-01,3.817236,294.2049
0.151833,2.515000e+01,-5.107808e+00,8.743465e-01,2.261579e-01,5.481848e-01,5.741012e-01,3.818066,294.5036
0.151867,2.515000e+01,-5.107821e+00,8.743465e-01,2.260950e-01,5.472810e-01,5.748894e-01,3.818921,294.8114
0.1519,2.515000e+01,-5.107870e+00,8.743465e-01,2.266414e-01,5.467657e-01,5.768219e-01,3.819750,295.1102
0.151933,2.515000e+01,-5.107932e+00,8.743465e-01,2.266821e-01,5.465473e-01,5.771560e-01,3.820580,295.4089
0.151967,2.515000e+01,-5.107932e+00,8.743465e-01,2.260096e-01,5.485633e-01,5.733289e-01,3.821435,295.7167
0.152,2.515000e+01,-5.107904e+00,8.743465e-01,2.255180e-01,5.491714e-01,5.714483e-01,3.822265,296.0154
0.152033,2.515000e+01,-5.107907e+00,8.743465e-01,2.258550e-01,5.485317e-01,5.729698e-01,3.823095,296.3142
0.152067,2.515000e+01,-5.107940e+00,8.743465e-01,2.261538e-01,5.478942e-01,5.743953e-01,3.823950,296.6220
0.1521,2.515000e+01,-5.107992e+00,8.743465e-01,2.264448e-01,5.477042e-01,5.753340e-01,3.824780,296.9207
0.152133,2.515000e+01,-5.108041e+00,8.743465e-01,2.263919e-01,5.477875e-01,5.751119e-01,3.825610,297.2195
0.152167,2.515000e+01,-5.108080e+00,8.743465e-01,2.263301e-01,5.481845e-01,5.745386e-01,3.826465,297.5272
0.1522,2.515000e+01,-5.108112e+00,8.743465e-01,2.264285e-01,5.489784e-01,5.739571e-01,3.827294,297.8260
0.152233,2.515000e+01,-5.108158e+00,8.743465e-01,2.264646e-01,5.483323e-01,5.747251e-01,3.828124,298.1247
0.152267,2.515000e+01,-5.108206e+00,8.743465e-01,2.263756e-01,5.477180e-01,5.751435e-01,3.828979,298.4325
0.1523,2.515000e+01,-5.108246e+00,8.743465e-01,2.260735e-01,5.474769e-01,5.746290e-01,3.829809,298.7313
0.152333,2.515000e+01,-5.108254e+00,8.743465e-01,2.258826e-01,5.486509e-01,5.729153e-01,3.830639,299.0300
0.152367,2.515000e+01,-5.108265e+00,8.743465e-01,2.260905e-01,5.490580e-01,5.730172e-01,3.831494,299.3378
0.1524,2.515000e+01,-5.108295e+00,8.743465e-01,2.263758e-01,5.488742e-01,5.739325e-01,3.832324,299.6365
0.152433,2.515000e+01,-5.108341e+00,8.743465e-01,2.266612e-01,5.488096e-01,5.747238e-01,3.833154,299.9353
0.152467,2.515000e+01,-5.108412e+00,8.743465e-01,2.270011e-01,5.483508e-01,5.760671e-01,3.834009,300.2431
0.1525,2.515000e+01,-5.108473e+00,8.743465e-01,2.267756e-01,5.480525e-01,5.758083e-01,3.834838,300.5418
0.152533,2.515000e+01,-5.108527e+00,8.743465e-01,2.265548e-01,5.480515e-01,5.752488e-01,3.835668,300.8405
0.152567,2.515000e+01,-5.108538e+00,8.743465e-01,2.259345e-01,5.492693e-01,5.724017e-01,3.836523,301.1483
0.1526,2.515000e+01,-5.108555e+00,8.743465e-01,2.261503e-01,5.493544e-01,5.728595e-01,3.837353,301.4471
0.152633,2.515000e+01,-5.108587e+00,8.743465e-01,2.262890e-01,5.490001e-01,5.735808e-01,3.838183,301.7458
0.152667,2.515000e+01,-5.108611e+00,8.743465e-01,2.258810e-01,5.488066e-01,5.727486e-01,3.839038,302.0536
0.1527,2.515000e+01,-5.108626e+00,8.743465e-01,2.258671e-01,5.491440e-01,5.723615e-01,3.839868,302.3524
0.152733,2.515000e+01,-5.108677e+00,8.743465e-01,2.265208e-01,5.490892e-01,5.740752e-01,3.840697,302.6511
0.152767,2.515000e+01,-5.108743e+00,8.743465e-01,2.265213e-01,5.484930e-01,5.747008e-01,3.841552,302.9589
0.1528,2.515000e+01,-5.108780e+00,8.743465e-01,2.258275e-01,5.487633e-01,5.726581e-01,3.842382,303.2576
0.152833,2.515000e+01,-5.108812e+00,8.743465e-01,2.259820e-01,5.491687e-01,5.726270e-01,3.843212,303.5564
0.152867,2.515000e+01,-5.108888e+00,8.743465e-01,2.268660e-01,5.487492e-01,5.753065e-01,3.844067,303.8642
0.1529,2.515000e+01,-5.108978e+00,8.743465e-01,2.271050e-01,5.486417e-01,5.760253e-01,3.844897,304.1629
0.152933,2.515000e+01,-5.109021e+00,8.743465e-01,2.262259e-01,5.494981e-01,5.729013e-01,3.845727,304.4616
0.152967,2.515000e+01,-5.109055e+00,8.743465e-01,2.259501e-01,5.494057e-01,5.722991e-01,3.846582,304.7694
0.153,2.515000e+01,-5.109110e+00,8.743465e-01,2.261101e-01,5.487159e-01,5.734244e-01,3.847412,305.0682
0.153032,2.515000e+01,-5.109174e+00,8.743465e-01,2.262560e-01,5.490649e-01,5.734297e-01,3.848216,305.3579
0.153065,2.515000e+01,-5.109233e+00,8.743465e-01,2.263546e-01,5.493793e-01,5.733511e-01,3.849046,305.6566
0.153097,2.515000e+01,-5.109312e+00,8.743465e-01,2.267393e-01,5.492071e-01,5.745057e-01,3.849851,305.9463
0.153129,2.515000e+01,-5.109402e+00,8.743465e-01,2.268143e-01,5.488467e-01,5.750732e-01,3.850655,306.2360
0.153161,2.515000e+01,-5.109438e+00,8.743465e-01,2.255020e-01,5.492138e-01,5.713635e-01,3.851460,306.5257
0.153194,2.515000e+01,-5.109465e+00,8.743465e-01,2.252414e-01,5.490880e-01,5.708342e-01,3.852290,306.8244
0.153226,2.515000e+01,-5.109511e+00,8.743465e-01,2.256772e-01,5.489056e-01,5.721286e-01,3.853095,307.1141
0.153258,2.515000e+01,-5.109585e+00,8.743465e-01,2.262850e-01,5.488372e-01,5.737409e-01,3.853899,307.4038
0.15329,2.515000e+01,-5.109659e+00,8.743465e-01,2.263515e-01,5.489384e-01,5.738038e-01,3.854704,307.6935
0.153323,2.515000e+01,-5.109692e+00,8.743465e-01,2.255719e-01,5.494839e-01,5.712599e-01,3.855534,307.9922
0.153355,2.515000e+01,-5.109743e+00,8.743465e-01,2.257300e-01,5.490045e-01,5.721596e-01,3.856339,308.2819
0.153387,2.515000e+01,-5.109815e+00,8.743465e-01,2.260262e-01,5.485493e-01,5.733855e-01,3.857143,308.5716
0.153419,2.515000e+01,-5.109901e+00,8.743465e-01,2.262752e-01,5.483360e-01,5.742407e-01,3.857948,308.8613
0.153452,2.515000e+01,-5.109986e+00,8.743465e-01,2.262395e-01,5.483494e-01,5.741360e-01,3.858778,309.1600
0.153484,2.515000e+01,-5.110060e+00,8.743465e-01,2.259160e-01,5.482291e-01,5.734409e-01,3.859582,309.4497
0.153516,2.515000e+01,-5.110100e+00,8.743465e-01,2.256249e-01,5.493262e-01,5.715581e-01,3.860387,309.7394
0.153548,2.515000e+01,-5.110140e+00,8.743465e-01,2.253505e-01,5.488140e-01,5.713958e-01,3.861192,310.0291
0.153581,2.515000e+01,-5.110191e+00,8.743465e-01,2.255766e-01,5.486346e-01,5.721560e-01,3.862022,310.3278
0.153613,2.515000e+01,-5.110267e+00,8.743465e-01,2.259672e-01,5.480056e-01,5.738047e-01,3.862826,310.6175
0.153645,2.515000e+01,-5.110349e+00,8.743465e-01,2.263074e-01,5.483228e-01,5.743361e-01,3.863631,310.9072
0.153677,2.515000e+01,-5.110410e+00,8.743465e-01,2.259443e-01,5.485000e-01,5.732294e-01,3.864436,311.1969
0.15371,2.515000e+01,-5.110460e+00,8.743465e-01,2.257531e-01,5.485421e-01,5.727004e-01,3.865266,311.4956
0.153742,2.515000e+01,-5.110518e+00,8.743465e-01,2.259096e-01,5.482763e-01,5.733753e-01,3.866070,311.7853
0.153774,2.515000e+01,-5.110585e+00,8.743465e-01,2.257553e-01,5.477438e-01,5.735405e-01,3.866875,312.0750
0.153806,2.515000e+01,-5.110668e+00,8.743465e-01,2.259939e-01,5.474412e-01,5.744642e-01,3.867680,312.3647
0.153839,2.515000e+01,-5.110696e+00,8.743465e-01,2.249019e-01,5.479460e-01,5.711618e-01,3.868509,312.6634
0.153871,2.515000e+01,-5.110712e+00,8.743465e-01,2.247653e-01,5.481527e-01,5.705995e-01,3.869314,312.9531
0.153903,2.515000e+01,-5.110718e+00,8.743465e-01,2.247096e-01,5.484725e-01,5.701256e-01,3.870119,313.2428
0.153935,2.515000e+01,-5.110759e+00,8.743465e-01,2.252674e-01,5.479894e-01,5.720447e-01,3.870924,313.5325
0.153968,2.515000e+01,-5.110830e+00,8.743465e-01,2.258333e-01,5.474883e-01,5.740064e-01,3.871753,313.8312
0.154,2.515000e+01,-5.110891e+00,8.743465e-01,2.256093e-01,5.475319e-01,5.733917e-01,3.872558,314.1209
0.154032,2.515000e+01,-5.110949e+00,8.743465e-01,2.254685e-01,5.474806e-01,5.730873e-01,3.873363,314.4106
0.154065,2.515000e+01,-5.111003e+00,8.743465e-01,2.253214e-01,5.476447e-01,5.725417e-01,3.874193,314.7093
0.154097,2.515000e+01,-5.111053e+00,8.743465e-01,2.251849e-01,5.474829e-01,5.723641e-01,3.874997,314.9990
0.154129,2.515000e+01,-5.111098e+00,8.743465e-01,2.251686e-01,5.475305e-01,5.722727e-01,3.875802,315.2887
0.154161,2.515000e+01,-5.111157e+00,8.743465e-01,2.253687e-01,5.472710e-01,5.730531e-01,3.876607,315.5784
0.154194,2.515000e+01,-5.111210e+00,8.743465e-01,2.252224e-01,5.471533e-01,5.728042e-01,3.877436,315.8771
0.154226,2.515000e+01,-5.111241e+00,8.743465e-01,2.247008e-01,5.469936e-01,5.716446e-01,3.878241,316.1668
0.154258,2.515000e+01,-5.111264e+00,8.743465e-01,2.245293e-01,5.469772e-01,5.712255e-01,3.879046,316.4565
0.15429,2.515000e+01,-5.111311e+00,8.743465e-01,2.252771e-01,5.470743e-01,5.730261e-01,3.879851,316.7462
0.154323,2.515000e+01,-5.111368e+00,8.743465e-01,2.257463e-01,5.474377e-01,5.738384e-01,3.880680,317.0449
0.154355,2.515000e+01,-5.111400e+00,8.743465e-01,2.251045e-01,5.470996e-01,5.725607e-01,3.881485,317.3346
0.154387,2.515000e+01,-5.111427e+00,8.743465e-01,2.249481e-01,5.468056e-01,5.724703e-01,3.882290,317.6243
0.154419,2.515000e+01,-5.111439e+00,8.743465e-01,2.244451e-01,5.463525e-01,5.716639e-01,3.883094,317.9140
0.154452,2.515000e+01,-5.111465e+00,8.743465e-01,2.247190e-01,5.460942e-01,5.726325e-01,3.883924,318.2127
0.154484,2.515000e+01,-5.111480e+00,8.743465e-01,2.248121e-01,5.466384e-01,5.722994e-01,3.884729,318.5024
0.154516,2.515000e+01,-5.111496e+00,8.743465e-01,2.249893e-01,5.468839e-01,5.724934e-01,3.885534,318.7921
0.154548,2.515000e+01,-5.111512e+00,8.743465e-01,2.249381e-01,5.466592e-01,5.725984e-01,3.886338,319.0818
0.154581,2.515000e+01,-5.111517e+00,8.743465e-01,2.244986e-01,5.460835e-01,5.720820e-01,3.887168,319.3805
0.154613,2.515000e+01,-5.111522e+00,8.743465e-01,2.243299e-01,5.458068e-01,5.719419e-01,3.887973,319.6702
0.154645,2.515000e+01,-5.111536e+00,8.743465e-01,2.248912e-01,5.461269e-01,5.730368e-01,3.888778,319.9599
0.154677,2.515000e+01,-5.111550e+00,8.743465e-01,2.250374e-01,5.461304e-01,5.734057e-01,3.889582,320.2496
0.15471,2.515000e+01,-5.111529e+00,8.743465e-01,2.245515e-01,5.467587e-01,5.715101e-01,3.890412,320.5483
0.154742,2.515000e+01,-5.111493e+00,8.743465e-01,2.238757e-01,5.457382e-01,5.708557e-01,3.891217,320.8380
0.154774,2.515000e+01,-5.111457e+00,8.743465e-01,2.238010e-01,5.452675e-01,5.711579e-01,3.892021,321.1277
0.154806,2.515000e+01,-5.111428e+00,8.743465e-01,2.240583e-01,5.451206e-01,5.719686e-01,3.892826,321.4174
0.154839,2.515000e+01,-5.111392e+00,8.743465e-01,2.243002e-01,5.455660e-01,5.721187e-01,3.893656,321.7162
0.154871,2.515000e+01,-5.111361e+00,8.743465e-01,2.247025e-01,5.459093e-01,5.727843e-01,3.894461,322.0058
0.154903,2.515000e+01,-5.111334e+00,8.743465e-01,2.250084e-01,5.458685e-01,5.736070e-01,3.895265,322.2955
0.154935,2.515000e+01,-5.111291e+00,8.743465e-01,2.244290e-01,5.452489e-01,5.727799e-01,3.896070,322.5852
0.154968,2.515000e+01,-5.111238e+00,8.743465e-01,2.241451e-01,5.449067e-01,5.724148e-01,3.896900,322.8840
0.155,2.515000e+01,-5.111183e+00,8.743465e-01,2.243049e-01,5.451171e-01,5.726017e-01,3.897705,323.1736
0.155032,2.515000e+01,-5.111133e+00,8.743465e-01,2.244785e-01,5.449900e-01,5.731787e-01,3.898509,323.4633
0.155065,2.515000e+01,-5.111080e+00,8.743465e-01,2.244852e-01,5.450947e-01,5.730856e-01,3.899339,323.7621
0.155097,2.515000e+01,-5.110996e+00,8.743465e-01,2.235855e-01,5.447546e-01,5.711450e-01,3.900144,324.0518
0.155129,2.515000e+01,-5.110923e+00,8.743465e-01,2.238469e-01,5.445064e-01,5.720735e-01,3.900948,324.3414
0.155161,2.515000e+01,-5.110844e+00,8.743465e-01,2.238867e-01,5.447088e-01,5.719625e-01,3.901753,324.6311
0.155194,2.515000e+01,-5.110778e+00,8.743465e-01,2.239549e-01,5.442744e-01,5.725935e-01,3.902583,324.9299
0.155226,2.515000e+01,-5.110715e+00,8.743465e-01,2.241459e-01,5.444472e-01,5.728998e-01,3.903388,325.2196
0.155258,2.515000e+01,-5.110650e+00,8.743465e-01,2.241393e-01,5.445577e-01,5.727668e-01,3.904192,325.5092
0.15529,2.515000e+01,-5.110578e+00,8.743465e-01,2.240640e-01,5.444313e-01,5.727073e-01,3.904997,325.7989
0.155323,2.515000e+01,-5.110480e+00,8.743465e-01,2.232682e-01,5.441832e-01,5.709334e-01,3.905827,326.0977
0.155355,2.515000e+01,-5.110386e+00,8.743465e-01,2.233884e-01,5.440425e-01,5.713884e-01,3.906632,326.3874
0.155387,2.515000e+01,-5.110304e+00,8.743465e-01,2.238362e-01,5.442372e-01,5.723290e-01,3.907436,326.6770
0.155419,2.515000e+01,-5.110220e+00,8.743465e-01,2.236764e-01,5.439113e-01,5.722631e-01,3.908241,326.9667
0.155452,2.515000e+01,-5.110143e+00,8.743465e-01,2.235387e-01,5.433525e-01,5.724991e-01,3.909071,327.2655
0.155484,2.515000e+01,-5.110065e+00,8.743465e-01,2.237171e-01,5.436300e-01,5.726634e-01,3.909875,327.5552
0.155516,2.515000e+01,-5.109991e+00,8.743465e-01,2.239544e-01,5.439359e-01,5.729486e-01,3.910680,327.8449
0.155548,2.515000e+01,-5.109915e+00,8.743465e-01,2.240265e-01,5.440610e-01,5.730011e-01,3.911485,328.1345
0.155581,2.515000e+01,-5.109833e+00,8.743465e-01,2.238940e-01,5.439657e-01,5.727624e-01,3.912315,328.4333
0.155613,2.515000e+01,-5.109763e+00,8.743465e-01,2.238638e-01,5.432185e-01,5.734731e-01,3.913119,328.7230
0.155645,2.515000e+01,-5.109691e+00,8.743465e-01,2.238636e-01,5.434063e-01,5.732743e-01,3.913924,329.0127
0.155677,2.515000e+01,-5.109601e+00,8.743465e-01,2.231647e-01,5.429982e-01,5.719142e-01,3.914729,329.3023
0.15571,2.515000e+01,-5.109521e+00,8.743465e-01,2.231751e-01,5.426302e-01,5.723285e-01,3.915559,329.6011
0.155742,2.515000e+01,-5.109435e+00,8.743465e-01,2.231317e-01,5.428171e-01,5.720203e-01,3.916363,329.8908
0.155774,2.515000e+01,-5.109356e+00,8.743465e-01,2.234457e-01,5.430292e-01,5.726016e-01,3.917168,330.1805
0.155806,2.515000e+01,-5.109280e+00,8.743465e-01,2.236280e-01,5.432475e-01,5.728384e-01,3.917973,330.4701
0.155839,2.515000e+01,-5.109206e+00,8.743465e-01,2.236055e-01,5.431211e-01,5.729140e-01,3.918802,330.7689
0.155871,2.515000e+01,-5.109137e+00,8.743465e-01,2.236552e-01,5.429159e-01,5.732579e-01,3.919607,331.0586
0.155903,2.515000e+01,-5.109055e+00,8.743465e-01,2.231222e-01,5.426561e-01,5.721656e-01,3.920412,331.3483
0.155935,2.515000e+01,-5.108974e+00,8.743465e-01,2.228626e-01,5.420859e-01,5.721012e-01,3.921217,331.6379
0.155968,2.515000e+01,-5.108891e+00,8.743465e-01,2.229514e-01,5.423487e-01,5.720517e-01,3.922046,331.9367
0.156,2.515000e+01,-5.108810e+00,8.743465e-01,2.231926e-01,5.426679e-01,5.723337e-01,3.922851,332.2264
0.156032,2.515000e+01,-5.108732e+00,8.743465e-01,2.234087e-01,5.430297e-01,5.725062e-01,3.923656,332.5161
0.156065,2.515000e+01,-5.108663e+00,8.743465e-01,2.235181e-01,5.430457e-01,5.727697e-01,3.924486,332.8148
0.156097,2.515000e+01,-5.108604e+00,8.743465e-01,2.234247e-01,5.424102e-01,5.732011e-01,3.925290,333.1045
0.156129,2.515000e+01,-5.108550e+00,8.743465e-01,2.234184e-01,5.421732e-01,5.734357e-01,3.926095,333.3942
0.156161,2.515000e+01,-5.108496e+00,8.743465e-01,2.233614e-01,5.421347e-01,5.733299e-01,3.926900,333.6839
0.156194,2.515000e+01,-5.108442e+00,8.743465e-01,2.234711e-01,5.424174e-01,5.733125e-01,3.927729,333.9826
0.156226,2.515000e+01,-5.108396e+00,8.743465e-01,2.237783e-01,5.428660e-01,5.736263e-01,3.928534,334.2723
0.156258,2.515000e+01,-5.108350e+00,8.743465e-01,2.234102e-01,5.423442e-01,5.732337e-01,3.929339,334.5620
0.15629,2.515000e+01,-5.108323e+00,8.743465e-01,2.230013e-01,5.407917e-01,5.738271e-01,3.930144,334.8517
0.156323,2.515000e+01,-5.108289e+00,8.743465e-01,2.227805e-01,5.410314e-01,5.730049e-01,3.930973,335.1504
0.156355,2.515000e+01,-5.108249e+00,8.743465e-01,2.228260e-01,5.416479e-01,5.724697e-01,3.931778,335.4401
0.156387,2.515000e+01,-5.108211e+00,8.743465e-01,2.232131e-01,5.423995e-01,5.726696e-01,3.932583,335.7298
0.156419,2.515000e+01,-5.108185e+00,8.743465e-01,2.233067e-01,5.422534e-01,5.730641e-01,3.933387,336.0195
0.156452,2.515000e+01,-5.108176e+00,8.743465e-01,2.235454e-01,5.419298e-01,5.740191e-01,3.934217,336.3182
0.156484,2.515000e+01,-5.108173e+00,8.743465e-01,2.234868e-01,5.415556e-01,5.742653e-01,3.935022,336.6079
0.156516,2.515000e+01,-5.108159e+00,8.743465e-01,2.229842e-01,5.413043e-01,5.732397e-01,3.935827,336.8976
0.156548,2.515000e+01,-5.108145e+00,8.743465e-01,2.230137e-01,5.415068e-01,5.731012e-01,3.936631,337.1873
0.156581,2.515000e+01,-5.108132e+00,8.743465e-01,2.229888e-01,5.417419e-01,5.727887e-01,3.937461,337.4860
0.156613,2.515000e+01,-5.108134e+00,8.743465e-01,2.231699e-01,5.414967e-01,5.735133e-01,3.938266,337.7757
0.156645,2.515000e+01,-5.108136e+00,8.743465e-01,2.228656e-01,5.411702e-01,5.730769e-01,3.939071,338.0654
0.156677,2.515000e+01,-5.108139e+00,8.743465e-01,2.227173e-01,5.411017e-01,5.727681e-01,3.939875,338.3551
0.15671,2.515000e+01,-5.108149e+00,8.743465e-01,2.229131e-01,5.413779e-01,5.729792e-01,3.940705,338.6538
0.156742,2.515000e+01,-5.108160e+00,8.743465e-01,2.232528e-01,5.420957e-01,5.730923e-01,3.941510,338.9435
0.156774,2.515000e+01,-5.108189e+00,8.743465e-01,2.234017e-01,5.417023e-01,5.738910e-01,3.942314,339.2332
0.156806,2.515000e+01,-5.108227e+00,8.743465e-01,2.234464e-01,5.415711e-01,5.741450e-01,3.943119,339.5229
0.156839,2.515000e+01,-5.108274e+00,8.743465e-01,2.234832e-01,5.414394e-01,5.743793e-01,3.943949,339.8216
0.156871,2.515000e+01,-5.108329e+00,8.743465e-01,2.232049e-01,5.408605e-01,5.742780e-01,3.944754,340.1113
0.156903,2.515000e+01,-5.108398e+00,8.743465e-01,2.231318e-01,5.403913e-01,5.745884e-01,3.945558,340.4010
0.156935,2.515000e+01,-5.108459e+00,8.743465e-01,2.228621e-01,5.405859e-01,5.736871e-01,3.946363,340.6907
0.156968,2.515000e+01,-5.108522e+00,8.743465e-01,2.231270e-01,5.409108e-01,5.740240e-01,3.947193,340.9894
0.157,2.515000e+01,-5.108579e+00,8.743465e-01,2.232204e-01,5.415100e-01,5.736291e-01,3.947998,341.2791
0.157032,2.515000e+01,-5.108638e+00,8.743465e-01,2.232972e-01,5.415931e-01,5.737383e-01,3.948802,341.5688
0.157065,2.515000e+01,-5.108690e+00,8.743465e-01,2.232390e-01,5.419506e-01,5.732104e-01,3.949632,341.8675
0.157097,2.515000e+01,-5.108765e+00,8.743465e-01,2.233360e-01,5.409944e-01,5.744730e-01,3.950437,342.1572
0.157129,2.515000e+01,-5.108851e+00,8.743465e-01,2.235160e-01,5.408342e-01,5.751063e-01,3.951241,342.4469
0.157161,2.515000e+01,-5.108932e+00,8.743465e-01,2.234042e-01,5.408173e-01,5.748367e-01,3.952046,342.7366
0.157194,2.515000e+01,-5.108991e+00,8.743465e-01,2.229971e-01,5.411015e-01,5.734876e-01,3.952876,343.0353
0.157226,2.515000e+01,-5.109042e+00,8.743465e-01,2.229235e-01,5.413756e-01,5.730083e-01,3.953681,343.3250
0.157258,2.515000e+01,-5.109098e+00,8.743465e-01,2.229633e-01,5.412939e-01,5.731971e-01,3.954485,343.6147
0.15729,2.515000e+01,-5.109170e+00,8.743465e-01,2.231928e-01,5.409987e-01,5.741000e-01,3.955290,343.9044
0.157323,2.515000e+01,-5.109238e+00,8.743465e-01,2.233637e-01,5.415475e-01,5.739575e-01,3.956120,344.2031
0.157355,2.515000e+01,-5.109304e+00,8.743465e-01,2.233165e-01,5.417044e-01,5.736700e-01,3.956925,344.4928
0.157387,2.515000e+01,-5.109370e+00,8.743465e-01,2.233927e-01,5.418977e-01,5.736612e-01,3.957729,344.7825
0.157419,2.515000e+01,-5.109437e+00,8.743465e-01,2.234407e-01,5.418382e-01,5.738474e-01,3.958534,345.0722
0.157452,2.515000e+01,-5.109525e+00,8.743465e-01,2.234956e-01,5.406841e-01,5.752134e-01,3.959364,345.3709
0.157484,2.515000e+01,-5.109619e+00,8.743465e-01,2.233557e-01,5.401504e-01,5.754215e-01,3.960168,345.6606
0.157516,2.515000e+01,-5.109713e+00,8.743465e-01,2.235191e-01,5.404573e-01,5.755154e-01,3.960973,345.9503
0.157548,2.515000e+01,-5.109776e+00,8.743465e-01,2.233236e-01,5.414935e-01,5.739117e-01,3.961778,346.2400
0.157581,2.515000e+01,-5.109835e+00,8.743465e-01,2.232502e-01,5.416066e-01,5.736031e-01,3.962608,346.5387
0.157613,2.515000e+01,-5.109896e+00,8.743465e-01,2.234735e-01,5.417753e-01,5.739981e-01,3.963412,346.8284
0.157645,2.515000e+01,-5.109965e+00,8.743465e-01,2.236971e-01,5.416669e-01,5.746875e-01,3.964217,347.1181
0.157677,2.515000e+01,-5.110033e+00,8.743465e-01,2.236134e-01,5.413777e-01,5.747793e-01,3.965022,347.4078
0.15771,2.515000e+01,-5.110098e+00,8.743465e-01,2.235472e-01,5.412920e-01,5.747003e-01,3.965852,347.7065
0.157742,2.515000e+01,-5.110159e+00,8.743465e-01,2.238157e-01,5.417976e-01,5.748535e-01,3.966656,347.9962
0.157774,2.515000e+01,-5.110222e+00,8.743465e-01,2.239473e-01,5.415662e-01,5.754374e-01,3.967461,348.2859
0.157806,2.515000e+01,-5.110289e+00,8.743465e-01,2.237500e-01,5.408032e-01,5.757413e-01,3.968266,348.5756
0.157839,2.515000e+01,-5.110338e+00,8.743465e-01,2.233693e-01,5.408068e-01,5.747579e-01,3.969095,348.8743
0.157871,2.515000e+01,-5.110383e+00,8.743465e-01,2.235606e-01,5.413968e-01,5.746234e-01,3.969900,349.1640
0.157903,2.515000e+01,-5.110395e+00,8.743465e-01,2.233632e-01,5.424974e-01,5.729513e-01,3.970705,349.4537
0.157935,2.515000e+01,-5.110407e+00,8.743465e-01,2.233115e-01,5.423947e-01,5.729270e-01,3.971509,349.7434
0.157968,2.515000e+01,-5.110440e+00,8.743465e-01,2.237853e-01,5.420076e-01,5.745528e-01,3.972339,350.0422
0.158,2.515000e+01,-5.110481e+00,8.743465e-01,2.240489e-01,5.421441e-01,5.750847e-01,3.973144,350.3318
0.158033,2.515000e+01,-5.110529e+00,8.743465e-01,2.242620e-01,5.415019e-01,5.763143e-01,3.973974,350.6306
0.158067,2.515000e+01,-5.110571e+00,8.743465e-01,2.241071e-01,5.415908e-01,5.758219e-01,3.974829,350.9384
0.1581,2.515000e+01,-5.110616e+00,8.743465e-01,2.242906e-01,5.416741e-01,5.762045e-01,3.975659,351.2371
0.158133,2.515000e+01,-5.110664e+00,8.743465e-01,2.243687e-01,5.418639e-01,5.762032e-01,3.976488,351.5359
0.158167,2.515000e+01,-5.110710e+00,8.743465e-01,2.240836e-01,5.414059e-01,5.759579e-01,3.977343,351.8436
0.1582,2.515000e+01,-5.110734e+00,8.743465e-01,2.238651e-01,5.421450e-01,5.746118e-01,3.978173,352.1424
0.158233,2.515000e+01,-5.110751e+00,8.743465e-01,2.240139e-01,5.428285e-01,5.742700e-01,3.979003,352.4411
0.158267,2.515000e+01,-5.110766e+00,8.743465e-01,2.241436e-01,5.429528e-01,5.744708e-01,3.979858,352.7489
0.1583,2.515000e+01,-5.110818e+00,8.743465e-01,2.247490e-01,5.422721e-01,5.767455e-01,3.980688,353.0477
0.158333,2.515000e+01,-5.110855e+00,8.743465e-01,2.246150e-01,5.427988e-01,5.758424e-01,3.981518,353.3464
0.158367,2.515000e+01,-5.110862e+00,8.743465e-01,2.241933e-01,5.435151e-01,5.740038e-01,3.982373,353.6542
0.1584,2.515000e+01,-5.110900e+00,8.743465e-01,2.243540e-01,5.421616e-01,5.758493e-01,3.983203,353.9529
0.158433,2.515000e+01,-5.110943e+00,8.743465e-01,2.245160e-01,5.419919e-01,5.764455e-01,3.984032,354.2517
0.158467,2.515000e+01,-5.110990e+00,8.743465e-01,2.248893e-01,5.425706e-01,5.767881e-01,3.984887,354.5595
0.1585,2.515000e+01,-5.111020e+00,8.743465e-01,2.247217e-01,5.430444e-01,5.758554e-01,3.985717,354.8582
0.158533,2.515000e+01,-5.111045e+00,8.743465e-01,2.243378e-01,5.424922e-01,5.754567e-01,3.986547,355.1569
0.158567,2.515000e+01,-5.111048e+00,8.743465e-01,2.240545e-01,5.429900e-01,5.742031e-01,3.987402,355.4647
0.1586,2.515000e+01,-5.111028e+00,8.743465e-01,2.240887e-01,5.440116e-01,5.732124e-01,3.988232,355.7635
0.158633,2.515000e+01,-5.111045e+00,8.743465e-01,2.248669e-01,5.435703e-01,5.756699e-01,3.989062,356.0622
0.158667,2.515000e+01,-5.111093e+00,8.743465e-01,2.254659e-01,5.431018e-01,5.777014e-01,3.989917,356.3700
0.1587,2.515000e+01,-5.111133e+00,8.743465e-01,2.254318e-01,5.434528e-01,5.772408e-01,3.990747,356.6688
0.158733,2.515000e+01,-5.111109e+00,8.743465e-01,2.240970e-01,5.438464e-01,5.734076e-01,3.991576,356.9675
0.158767,2.515000e+01,-5.111104e+00,8.743465e-01,2.241380e-01,5.428170e-01,5.746002e-01,3.992431,357.2753
0.1588,2.515000e+01,-5.111125e+00,8.743465e-01,2.246944e-01,5.427183e-01,5.761313e-01,3.993261,357.5740
0.158833,2.515000e+01,-5.111160e+00,8.743465e-01,2.253927e-01,5.431971e-01,5.774124e-01,3.994091,357.8728
0.158867,2.515000e+01,-5.111165e+00,8.743465e-01,2.251599e-01,5.442932e-01,5.756544e-01,3.994946,358.1806
0.1589,2.515000e+01,-5.111152e+00,8.743465e-01,2.249532e-01,5.447373e-01,5.746571e-01,3.995776,358.4793
0.158933,2.515000e+01,-5.111146e+00,8.743465e-01,2.249741e-01,5.446164e-01,5.748381e-01,3.996606,358.7780
0.158967,2.515000e+01,-5.111141e+00,8.743465e-01,2.248817e-01,5.445382e-01,5.746844e-01,3.997461,359.0858
0.159,2.515000e+01,-5.111211e+00,8.743465e-01,2.256692e-01,5.423911e-01,5.789799e-01,3.998290,359.3846
0.159033,2.515000e+01,-5.111281e+00,8.743465e-01,2.258092e-01,5.426929e-01,5.790168e-01,3.999120,359.6833
0.159067,2.515000e+01,-5.111324e+00,8.743465e-01,2.257531e-01,5.440431e-01,5.774364e-01,3.999975,359.9911
