time,n,U_aval,J,KT,10KQ,eta0,tours,angle_deg
1,2.51500000e+01,-4.95493255e+00,8.743465e-01,9.465645e-02,2.535853e-01,5.194335e-01,,
2,2.51500000e+01,-4.95367461e+00,8.743465e-01,1.929444e-01,4.365850e-01,6.149887e-01,,
3,2.51500000e+01,-4.95876243e+00,8.743465e-01,2.282920e-01,4.914618e-01,6.464050e-01,,
4,2.51500000e+01,-4.96547370e+00,8.743465e-01,2.343905e-01,5.008244e-01,6.512658e-01,,
5,2.51500000e+01,-4.97778525e+00,8.743465e-01,2.291958e-01,4.967862e-01,6.420086e-01,,
6,2.51500000e+01,-4.99566473e+00,8.743465e-01,2.202934e-01,4.894764e-01,6.262870e-01,,
7,2.51500000e+01,-5.01791515e+00,8.743465e-01,2.107578e-01,4.818956e-01,6.086034e-01,,
8,2.51500000e+01,-5.04145179e+00,8.743465e-01,2.019834e-01,4.747279e-01,5.920721e-01,,
9,2.51500000e+01,-5.06197904e+00,8.743465e-01,1.953230e-01,4.696643e-01,5.787213e-01,,
10,2.51500000e+01,-5.07491421e+00,8.743465e-01,1.915213e-01,4.678389e-01,5.696715e-01,,
11,2.51500000e+01,-5.08028757e+00,8.743465e-01,1.904955e-01,4.691832e-01,5.649967e-01,,
12,2.51500000e+01,-5.08187649e+00,8.743465e-01,1.909050e-01,4.720474e-01,5.627758e-01,,
13,2.51500000e+01,-5.08218396e+00,8.743465e-01,1.937155e-01,4.776609e-01,5.643497e-01,,
14,2.51500000e+01,-5.08369737e+00,8.743465e-01,1.980470e-01,4.848107e-01,5.684599e-01,,
15,2.51500000e+01,-5.08632996e+00,8.743465e-01,2.032407e-01,4.925984e-01,5.741447e-01,,
16,2.51500000e+01,-5.08753343e+00,8.743465e-01,2.086398e-01,5.001507e-01,5.804970e-01,,
17,2.51500000e+01,-5.08723435e+00,8.743465e-01,2.137456e-01,5.069436e-01,5.867338e-01,,
18,2.51500000e+01,-5.08722759e+00,8.743465e-01,2.182712e-01,5.127413e-01,5.923820e-01,,
19,2.51500000e+01,-5.08817518e+00,8.743465e-01,2.220388e-01,5.174676e-01,5.971034e-01,,
20,2.51500000e+01,-5.08874634e+00,8.743465e-01,2.249384e-01,5.210908e-01,6.006948e-01,,
21,2.51500000e+01,-5.08905716e+00,8.743465e-01,2.269780e-01,5.236917e-01,6.031312e-01,,
22,2.51500000e+01,-5.09017273e+00,8.743465e-01,2.282013e-01,5.253726e-01,6.044417e-01,,
23,2.51500000e+01,-5.09110074e+00,8.743465e-01,2.287093e-01,5.262890e-01,6.047324e-01,,
24,2.51500000e+01,-5.09084335e+00,8.743465e-01,2.286990e-01,5.266734e-01,6.042637e-01,,
25,2.51500000e+01,-5.08978543e+00,8.743465e-01,2.282070e-01,5.265624e-01,6.030909e-01,,
26,2.51500000e+01,-5.08941709e+00,8.743465e-01,2.271133e-01,5.257602e-01,6.011165e-01,,
27,2.51500000e+01,-5.08961082e+00,8.743465e-01,2.259211e-01,5.248494e-01,5.989986e-01,,
28,2.51500000e+01,-5.09025177e+00,8.743465e-01,2.248780e-01,5.240863e-01,5.971010e-01,,
29,2.51500000e+01,-5.09102911e+00,8.743465e-01,2.238364e-01,5.232436e-01,5.952926e-01,,
30,2.51500000e+01,-5.09195697e+00,8.743465e-01,2.228394e-01,5.223542e-01,5.936503e-01,,
31,2.51500000e+01,-5.09313981e+00,8.743465e-01,2.220026e-01,5.215393e-01,5.923448e-01,,
32,2.51500000e+01,-5.09434786e+00,8.743465e-01,2.213496e-01,5.208355e-01,5.914009e-01,,
33,2.51500000e+01,-5.09557407e+00,8.743465e-01,2.208812e-01,5.202681e-01,5.907927e-01,,
34,2.51500000e+01,-5.09664619e+00,8.743465e-01,2.205458e-01,5.198065e-01,5.904197e-01,,
35,2.51500000e+01,-5.09739255e+00,8.743465e-01,2.203537e-01,5.194821e-01,5.902737e-01,,
36,2.51500000e+01,-5.09789901e+00,8.743465e-01,2.203117e-01,5.193174e-01,5.903485e-01,,
37,2.51500000e+01,-5.09823631e+00,8.743465e-01,2.203947e-01,5.192915e-01,5.906004e-01,,
38,2.51500000e+01,-5.09847514e+00,8.743465e-01,2.205283e-01,5.193399e-01,5.909030e-01,,
39,2.51500000e+01,-5.09865763e+00,8.743465e-01,2.206726e-01,5.194249e-01,5.911931e-01,,
40,2.51500000e+01,-5.09879131e+00,8.743465e-01,2.208200e-01,5.195281e-01,5.914704e-01,,
41,2.51500000e+01,-5.09887803e+00,8.743465e-01,2.210087e-01,5.196862e-01,5.917959e-01,,
42,2.51500000e+01,-5.09895282e+00,8.743465e-01,2.211499e-01,5.198018e-01,5.920423e-01,,
43,2.51500000e+01,-5.09896040e+00,8.743465e-01,2.213013e-01,5.199546e-01,5.922733e-01,,
44,2.51500000e+01,-5.09897841e+00,8.743465e-01,2.213674e-01,5.200247e-01,5.923706e-01,,
45,2.51500000e+01,-5.09893387e+00,8.743465e-01,2.214378e-01,5.200961e-01,5.924775e-01,,
46,2.51500000e+01,-5.09888886e+00,8.743465e-01,2.214980e-01,5.201479e-01,5.925795e-01,,
47,2.51500000e+01,-5.09883385e+00,8.743465e-01,2.215593e-01,5.202091e-01,5.926739e-01,,
48,2.51500000e+01,-5.09882172e+00,8.743465e-01,2.215571e-01,5.201949e-01,5.926841e-01,,
49,2.51500000e+01,-5.09880634e+00,8.743465e-01,2.215091e-01,5.201344e-01,5.926246e-01,,
50,2.51500000e+01,-5.09879025e+00,8.743465e-01,2.214756e-01,5.200821e-01,5.925945e-01,,
51,2.51500000e+01,-5.09875777e+00,8.743465e-01,2.214795e-01,5.200644e-01,5.926253e-01,,
52,2.51500000e+01,-5.09874297e+00,8.743465e-01,2.214854e-01,5.200508e-01,5.926564e-01,,
53,2.51500000e+01,-5.09876093e+00,8.743465e-01,2.214391e-01,5.199922e-01,5.925994e-01,,
54,2.51500000e+01,-5.09878950e+00,8.743465e-01,2.213709e-01,5.198996e-01,5.925225e-01,,
55,2.51500000e+01,-5.09880673e+00,8.743465e-01,2.213334e-01,5.198237e-01,5.925083e-01,,
56,2.51500000e+01,-5.09881086e+00,8.743465e-01,2.213409e-01,5.197897e-01,5.925674e-01,,
57,2.51500000e+01,-5.09883945e+00,8.743465e-01,2.213472e-01,5.197699e-01,5.926068e-01,,
58,2.51500000e+01,-5.09889570e+00,8.743465e-01,2.213019e-01,5.197077e-01,5.925566e-01,,
59,2.51500000e+01,-5.09894403e+00,8.743465e-01,2.212543e-01,5.196324e-01,5.925147e-01,,
60,2.51500000e+01,-5.09897234e+00,8.743465e-01,2.212511e-01,5.195896e-01,5.925550e-01,,
61,2.51500000e+01,-5.09898665e+00,8.743465e-01,2.212872e-01,5.195936e-01,5.926470e-01,,
62,2.51500000e+01,-5.09903819e+00,8.743465e-01,2.213038e-01,5.195930e-01,5.926923e-01,,
63,2.51500000e+01,-5.09908321e+00,8.743465e-01,2.212697e-01,5.195482e-01,5.926520e-01,,
64,2.51500000e+01,-5.09910847e+00,8.743465e-01,2.212370e-01,5.195020e-01,5.926172e-01,,
65,2.51500000e+01,-5.09911760e+00,8.743465e-01,2.212550e-01,5.195030e-01,5.926642e-01,,
66,2.51500000e+01,-5.09913592e+00,8.743465e-01,2.212976e-01,5.195394e-01,5.927369e-01,,
67,2.51500000e+01,-5.09917593e+00,8.743465e-01,2.213054e-01,5.195499e-01,5.927458e-01,,
68,2.51500000e+01,-5.09920180e+00,8.743465e-01,2.212775e-01,5.195183e-01,5.927070e-01,,
69,2.51500000e+01,-5.09921231e+00,8.743465e-01,2.212744e-01,5.195039e-01,5.927152e-01,,
70,2.51500000e+01,-5.09921151e+00,8.743465e-01,2.213152e-01,5.195360e-01,5.927879e-01,,
71,2.51500000e+01,-5.09922882e+00,8.743465e-01,2.213404e-01,5.195713e-01,5.928152e-01,,
72,2.51500000e+01,-5.09925415e+00,8.743465e-01,2.213200e-01,5.195643e-01,5.927685e-01,,
73,2.51500000e+01,-5.09926380e+00,8.743465e-01,2.212910e-01,5.195340e-01,5.927254e-01,,
74,2.51500000e+01,-5.09925994e+00,8.743465e-01,2.213014e-01,5.195379e-01,5.927487e-01,,
75,2.51500000e+01,-5.09925839e+00,8.743465e-01,2.213415e-01,5.195798e-01,5.928083e-01,,
76,2.51500000e+01,-5.09927579e+00,8.743465e-01,2.213487e-01,5.195933e-01,5.928120e-01,,
77,2.51500000e+01,-5.09928843e+00,8.743465e-01,2.213199e-01,5.195676e-01,5.927644e-01,,
78,2.51500000e+01,-5.09929173e+00,8.743465e-01,2.213029e-01,5.195523e-01,5.927362e-01,,
79,2.51500000e+01,-5.09928975e+00,8.743465e-01,2.213272e-01,5.195790e-01,5.927711e-01,,
80,2.51500000e+01,-5.09929618e+00,8.743465e-01,2.213500e-01,5.196062e-01,5.928008e-01,,
81,2.51500000e+01,-5.09931223e+00,8.743465e-01,2.213309e-01,5.195969e-01,5.927605e-01,,
82,2.51500000e+01,-5.09932359e+00,8.743465e-01,2.213023e-01,5.195678e-01,5.927170e-01,,
83,2.51500000e+01,-5.09932561e+00,8.743465e-01,2.213067e-01,5.195656e-01,5.927314e-01,,
84,2.51500000e+01,-5.09931623e+00,8.743465e-01,2.213387e-01,5.195913e-01,5.927878e-01,,
85,2.51500000e+01,-5.09932439e+00,8.743465e-01,2.213527e-01,5.196090e-01,5.928049e-01,,
86,2.51500000e+01,-5.09933310e+00,8.743465e-01,2.213233e-01,5.195855e-01,5.927530e-01,,
87,2.51500000e+01,-5.09933749e+00,8.743465e-01,2.213034e-01,5.195610e-01,5.927277e-01,,
88,2.51500000e+01,-5.09933227e+00,8.743465e-01,2.213192e-01,5.195705e-01,5.927592e-01,,
89,2.51500000e+01,-5.09932480e+00,8.743465e-01,2.213435e-01,5.195914e-01,5.928005e-01,,
90,2.51500000e+01,-5.09933131e+00,8.743465e-01,2.213485e-01,5.195940e-01,5.928109e-01,,
91,2.51500000e+01,-5.09933585e+00,8.743465e-01,2.213242e-01,5.195643e-01,5.927798e-01,,
92,2.51500000e+01,-5.09933032e+00,8.743465e-01,2.213155e-01,5.195502e-01,5.927725e-01,,
93,2.51500000e+01,-5.09931604e+00,8.743465e-01,2.213363e-01,5.195675e-01,5.928084e-01,,
94,2.51500000e+01,-5.09931150e+00,8.743465e-01,2.213532e-01,5.195852e-01,5.928335e-01,,
95,2.51500000e+01,-5.09931826e+00,8.743465e-01,2.213400e-01,5.195734e-01,5.928116e-01,,
96,2.51500000e+01,-5.09932238e+00,8.743465e-01,2.213183e-01,5.195459e-01,5.927849e-01,,
97,2.51500000e+01,-5.09931575e+00,8.743465e-01,2.213262e-01,5.195430e-01,5.928093e-01,,
98,2.51500000e+01,-5.09930565e+00,8.743465e-01,2.213549e-01,5.195665e-01,5.928593e-01,,
99,2.51500000e+01,-5.09930488e+00,8.743465e-01,2.213590e-01,5.195722e-01,5.928637e-01,,
100,2.51500000e+01,-5.09931197e+00,8.743465e-01,2.213331e-01,5.195518e-01,5.928179e-01,,
101,2.51500000e+01,-5.09931385e+00,8.743465e-01,2.213149e-01,5.195310e-01,5.927927e-01,,
102,2.51500000e+01,-5.09930761e+00,8.743465e-01,2.213313e-01,5.195421e-01,5.928241e-01,,
103,2.51500000e+01,-5.09930215e+00,8.743465e-01,2.213526e-01,5.195623e-01,5.928581e-01,,
104,2.51500000e+01,-5.09930983e+00,8.743465e-01,2.213528e-01,5.195618e-01,5.928591e-01,,
105,2.51500000e+01,-5.09931229e+00,8.743465e-01,2.213278e-01,5.195299e-01,5.928285e-01,,
106,2.51500000e+01,-5.09931252e+00,8.743465e-01,2.213229e-01,5.195224e-01,5.928241e-01,,
107,2.51500000e+01,-5.09930598e+00,8.743465e-01,2.213400e-01,5.195403e-01,5.928494e-01,,
108,2.51500000e+01,-5.09930771e+00,8.743465e-01,2.213510e-01,5.195565e-01,5.928602e-01,,
109,2.51500000e+01,-5.09931712e+00,8.743465e-01,2.213326e-01,5.195429e-01,5.928266e-01,,
110,2.51500000e+01,-5.09932102e+00,8.743465e-01,2.213100e-01,5.195162e-01,5.927966e-01,,
111,2.51500000e+01,-5.09931724e+00,8.743465e-01,2.213187e-01,5.195175e-01,5.928185e-01,,
112,2.51500000e+01,-5.09931078e+00,8.743465e-01,2.213465e-01,5.195408e-01,5.928661e-01,,
113,2.51500000e+01,-5.09931372e+00,8.743465e-01,2.213480e-01,5.195454e-01,5.928651e-01,,
114,2.51500000e+01,-5.09932091e+00,8.743465e-01,2.213208e-01,5.195226e-01,5.928182e-01,,
115,2.51500000e+01,-5.09932629e+00,8.743465e-01,2.213062e-01,5.195087e-01,5.927949e-01,,
116,2.51500000e+01,-5.09932414e+00,8.743465e-01,2.213226e-01,5.195230e-01,5.928225e-01,,
117,2.51500000e+01,-5.09932149e+00,8.743465e-01,2.213406e-01,5.195420e-01,5.928491e-01,,
118,2.51500000e+01,-5.09933016e+00,8.743465e-01,2.213362e-01,5.195395e-01,5.928402e-01,,
119,2.51500000e+01,-5.09933420e+00,8.743465e-01,2.213137e-01,5.195102e-01,5.928132e-01,,
120,2.51500000e+01,-5.09933253e+00,8.743465e-01,2.213136e-01,5.195048e-01,5.928190e-01,,
121,2.51500000e+01,-5.09932664e+00,8.743465e-01,2.213309e-01,5.195241e-01,5.928434e-01,,
122,2.51500000e+01,-5.09932804e+00,8.743465e-01,2.213382e-01,5.195363e-01,5.928491e-01,,
123,2.51500000e+01,-5.09933618e+00,8.743465e-01,2.213198e-01,5.195213e-01,5.928168e-01,,
124,2.51500000e+01,-5.09934134e+00,8.743465e-01,2.212981e-01,5.194968e-01,5.927869e-01,,
125,2.51500000e+01,-5.09933761e+00,8.743465e-01,2.213070e-01,5.195010e-01,5.928059e-01,,
126,2.51500000e+01,-5.09932822e+00,8.743465e-01,2.213351e-01,5.195230e-01,5.928558e-01,,
127,2.51500000e+01,-5.09932966e+00,8.743465e-01,2.213358e-01,5.195240e-01,5.928567e-01,,
128,2.51500000e+01,-5.09933200e+00,8.743465e-01,2.213113e-01,5.195003e-01,5.928182e-01,,
129,2.51500000e+01,-5.09933008e+00,8.743465e-01,2.212988e-01,5.194870e-01,5.927998e-01,,
130,2.51500000e+01,-5.09932443e+00,8.743465e-01,2.213164e-01,5.195030e-01,5.928288e-01,,
131,2.51500000e+01,-5.09932079e+00,8.743465e-01,2.213338e-01,5.195223e-01,5.928533e-01,,
132,2.51500000e+01,-5.09932824e+00,8.743465e-01,2.213263e-01,5.195175e-01,5.928386e-01,,
133,2.51500000e+01,-5.09933219e+00,8.743465e-01,2.213043e-01,5.194897e-01,5.928114e-01,,
134,2.51500000e+01,-5.09932945e+00,8.743465e-01,2.213092e-01,5.194878e-01,5.928267e-01,,
135,2.51500000e+01,-5.09932158e+00,8.743465e-01,2.213271e-01,5.195064e-01,5.928534e-01,,
136,2.51500000e+01,-5.09932277e+00,8.743465e-01,2.213319e-01,5.195181e-01,5.928530e-01,,
137,2.51500000e+01,-5.09932814e+00,8.743465e-01,2.213073e-01,5.194978e-01,5.928104e-01,,
138,2.51500000e+01,-5.09933201e+00,8.743465e-01,2.212915e-01,5.194805e-01,5.927876e-01,,
139,2.51500000e+01,-5.09932961e+00,8.743465e-01,2.213047e-01,5.194902e-01,5.928120e-01,,
140,2.51500000e+01,-5.09932184e+00,8.743465e-01,2.213302e-01,5.195123e-01,5.928550e-01,,
141,2.51500000e+01,-5.09932431e+00,8.743465e-01,2.213288e-01,5.195099e-01,5.928540e-01,,
142,2.51500000e+01,-5.09932751e+00,8.743465e-01,2.213071e-01,5.194873e-01,5.928217e-01,,
143,2.51500000e+01,-5.09932596e+00,8.743465e-01,2.212963e-01,5.194772e-01,5.928043e-01,,
144,2.51500000e+01,-5.09932064e+00,8.743465e-01,2.213130e-01,5.194954e-01,5.928283e-01,,
145,2.51500000e+01,-5.09931999e+00,8.743465e-01,2.213286e-01,5.195146e-01,5.928481e-01,,
146,2.51500000e+01,-5.09932836e+00,8.743465e-01,2.213169e-01,5.195064e-01,5.928260e-01,,
147,2.51500000e+01,-5.09933347e+00,8.743465e-01,2.212944e-01,5.194802e-01,5.927958e-01,,
148,2.51500000e+01,-5.09933025e+00,8.743465e-01,2.212982e-01,5.194766e-01,5.928101e-01,,
149,2.51500000e+01,-5.09932366e+00,8.743465e-01,2.213248e-01,5.195026e-01,5.928517e-01,,
150,2.51500000e+01,-5.09932809e+00,8.743465e-01,2.213281e-01,5.195133e-01,5.928483e-01,,
151,2.51500000e+01,-5.09933497e+00,8.743465e-01,2.213018e-01,5.194930e-01,5.928010e-01,,
152,2.51500000e+01,-5.09933807e+00,8.743465e-01,2.212871e-01,5.194777e-01,5.927790e-01,,
153,2.51500000e+01,-5.09933530e+00,8.743465e-01,2.213009e-01,5.194900e-01,5.928020e-01,,
154,2.51500000e+01,-5.09933001e+00,8.743465e-01,2.213230e-01,5.195121e-01,5.928359e-01,,
155,2.51500000e+01,-5.09933526e+00,8.743465e-01,2.213197e-01,5.195086e-01,5.928311e-01,,
156,2.51500000e+01,-5.09933857e+00,8.743465e-01,2.213022e-01,5.194875e-01,5.928085e-01,,
157,2.51500000e+01,-5.09933561e+00,8.743465e-01,2.212964e-01,5.194801e-01,5.928012e-01,,
158,2.51500000e+01,-5.09933007e+00,8.743465e-01,2.213151e-01,5.195020e-01,5.928265e-01,,
159,2.51500000e+01,-5.09932935e+00,8.743465e-01,2.213275e-01,5.195177e-01,5.928416e-01,,
160,2.51500000e+01,-5.09933504e+00,8.743465e-01,2.213135e-01,5.195077e-01,5.928158e-01,,
161,2.51500000e+01,-5.09933962e+00,8.743465e-01,2.212934e-01,5.194838e-01,5.927891e-01,,
162,2.51500000e+01,-5.09933695e+00,8.743465e-01,2.213018e-01,5.194857e-01,5.928094e-01,,
163,2.51500000e+01,-5.09932889e+00,8.743465e-01,2.213302e-01,5.195112e-01,5.928565e-01,,
164,2.51500000e+01,-5.09933221e+00,8.743465e-01,2.213327e-01,5.195189e-01,5.928543e-01,,
165,2.51500000e+01,-5.09933782e+00,8.743465e-01,2.213058e-01,5.194980e-01,5.928059e-01,,
166,2.51500000e+01,-5.09933885e+00,8.743465e-01,2.212928e-01,5.194842e-01,5.927870e-01,,
167,2.51500000e+01,-5.09933632e+00,8.743465e-01,2.213088e-01,5.194994e-01,5.928125e-01,,
168,2.51500000e+01,-5.09933251e+00,8.743465e-01,2.213289e-01,5.195208e-01,5.928420e-01,,
169,2.51500000e+01,-5.09933928e+00,8.743465e-01,2.213283e-01,5.195212e-01,5.928397e-01,,
170,2.51500000e+01,-5.09934109e+00,8.743465e-01,2.213052e-01,5.194922e-01,5.928111e-01,,
171,2.51500000e+01,-5.09933793e+00,8.743465e-01,2.213036e-01,5.194865e-01,5.928133e-01,,
172,2.51500000e+01,-5.09933031e+00,8.743465e-01,2.213221e-01,5.195078e-01,5.928384e-01,,
173,2.51500000e+01,-5.09933218e+00,8.743465e-01,2.213306e-01,5.195224e-01,5.928446e-01,,
174,2.51500000e+01,-5.09933759e+00,8.743465e-01,2.213089e-01,5.195046e-01,5.928068e-01,,
175,2.51500000e+01,-5.09934211e+00,8.743465e-01,2.212929e-01,5.194872e-01,5.927838e-01,,
176,2.51500000e+01,-5.09933900e+00,8.743465e-01,2.213032e-01,5.194928e-01,5.928051e-01,,
177,2.51500000e+01,-5.09933220e+00,8.743465e-01,2.213302e-01,5.195165e-01,5.928502e-01,,
178,2.51500000e+01,-5.09933582e+00,8.743465e-01,2.213308e-01,5.195198e-01,5.928481e-01,,
179,2.51500000e+01,-5.09934064e+00,8.743465e-01,2.213050e-01,5.194978e-01,5.928042e-01,,
180,2.51500000e+01,-5.09934085e+00,8.743465e-01,2.212917e-01,5.194851e-01,5.927829e-01,,
181,2.51500000e+01,-5.09933703e+00,8.743465e-01,2.213085e-01,5.195014e-01,5.928095e-01,,
182,2.51500000e+01,-5.09933415e+00,8.743465e-01,2.213258e-01,5.195214e-01,5.928328e-01,,
183,2.51500000e+01,-5.09934220e+00,8.743465e-01,2.213195e-01,5.195185e-01,5.928194e-01,,
184,2.51500000e+01,-5.09934614e+00,8.743465e-01,2.212982e-01,5.194911e-01,5.927937e-01,,
185,2.51500000e+01,-5.09934324e+00,8.743465e-01,2.213021e-01,5.194883e-01,5.928072e-01,,
186,2.51500000e+01,-5.09933430e+00,8.743465e-01,2.213209e-01,5.195071e-01,5.928362e-01,,
187,2.51500000e+01,-5.09933632e+00,8.743465e-01,2.213271e-01,5.195194e-01,5.928387e-01,,
188,2.51500000e+01,-5.09934098e+00,8.743465e-01,2.213043e-01,5.194999e-01,5.927999e-01,,
189,2.51500000e+01,-5.09934361e+00,8.743465e-01,2.212887e-01,5.194826e-01,5.927779e-01,,
190,2.51500000e+01,-5.09934000e+00,8.743465e-01,2.213025e-01,5.194911e-01,5.928050e-01,,
191,2.51500000e+01,-5.09933410e+00,8.743465e-01,2.213280e-01,5.195141e-01,5.928472e-01,,
192,2.51500000e+01,-5.09933682e+00,8.743465e-01,2.213276e-01,5.195130e-01,5.928473e-01,,
193,2.51500000e+01,-5.09934002e+00,8.743465e-01,2.213048e-01,5.194905e-01,5.928121e-01,,
194,2.51500000e+01,-5.09933858e+00,8.743465e-01,2.212931e-01,5.194797e-01,5.927928e-01,,
195,2.51500000e+01,-5.09933331e+00,8.743465e-01,2.213101e-01,5.194976e-01,5.928181e-01,,
196,2.51500000e+01,-5.09933184e+00,8.743465e-01,2.213263e-01,5.195171e-01,5.928392e-01,,
197,2.51500000e+01,-5.09933961e+00,8.743465e-01,2.213164e-01,5.195101e-01,5.928207e-01,,
198,2.51500000e+01,-5.09934359e+00,8.743465e-01,2.212949e-01,5.194838e-01,5.927932e-01,,
199,2.51500000e+01,-5.09933874e+00,8.743465e-01,2.212980e-01,5.194786e-01,5.928073e-01,,
200,2.51500000e+01,-5.09933112e+00,8.743465e-01,2.213250e-01,5.195046e-01,5.928498e-01,,
201,2.51500000e+01,-5.09933446e+00,8.743465e-01,2.213293e-01,5.195161e-01,5.928484e-01,,
202,2.51500000e+01,-5.09934028e+00,8.743465e-01,2.213035e-01,5.194957e-01,5.928024e-01,,
203,2.51500000e+01,-5.09934306e+00,8.743465e-01,2.212887e-01,5.194798e-01,5.927809e-01,,
204,2.51500000e+01,-5.09934024e+00,8.743465e-01,2.213024e-01,5.194914e-01,5.928044e-01,,
205,2.51500000e+01,-5.09933433e+00,8.743465e-01,2.213254e-01,5.195136e-01,5.928407e-01,,
206,2.51500000e+01,-5.09933911e+00,8.743465e-01,2.213227e-01,5.195105e-01,5.928370e-01,,
207,2.51500000e+01,-5.09934294e+00,8.743465e-01,2.213039e-01,5.194891e-01,5.928112e-01,,
208,2.51500000e+01,-5.09934100e+00,8.743465e-01,2.212961e-01,5.194810e-01,5.927994e-01,,
209,2.51500000e+01,-5.09933651e+00,8.743465e-01,2.213147e-01,5.195028e-01,5.928245e-01,,
210,2.51500000e+01,-5.09933605e+00,8.743465e-01,2.213270e-01,5.195182e-01,5.928398e-01,,
211,2.51500000e+01,-5.09934236e+00,8.743465e-01,2.213132e-01,5.195084e-01,5.928140e-01,,
212,2.51500000e+01,-5.09934734e+00,8.743465e-01,2.212922e-01,5.194840e-01,5.927855e-01,,
213,2.51500000e+01,-5.09934480e+00,8.743465e-01,2.212994e-01,5.194842e-01,5.928047e-01,,
214,2.51500000e+01,-5.09933703e+00,8.743465e-01,2.213274e-01,5.195093e-01,5.928510e-01,,
215,2.51500000e+01,-5.09934011e+00,8.743465e-01,2.213303e-01,5.195174e-01,5.928495e-01,,
216,2.51500000e+01,-5.09934546e+00,8.743465e-01,2.213035e-01,5.194960e-01,5.928023e-01,,
217,2.51500000e+01,-5.09934607e+00,8.743465e-01,2.212905e-01,5.194809e-01,5.927844e-01,,
218,2.51500000e+01,-5.09934312e+00,8.743465e-01,2.213058e-01,5.194949e-01,5.928096e-01,,
219,2.51500000e+01,-5.09933854e+00,8.743465e-01,2.213264e-01,5.195161e-01,5.928406e-01,,
220,2.51500000e+01,-5.09934218e+00,8.743465e-01,2.213196e-01,5.195092e-01,5.928304e-01,,
221,2.51500000e+01,-5.09934393e+00,8.743465e-01,2.213036e-01,5.194873e-01,5.928123e-01,,
222,2.51500000e+01,-5.09934082e+00,8.743465e-01,2.213008e-01,5.194814e-01,5.928114e-01,,
223,2.51500000e+01,-5.09933382e+00,8.743465e-01,2.213187e-01,5.195020e-01,5.928360e-01,,
224,2.51500000e+01,-5.09933564e+00,8.743465e-01,2.213278e-01,5.195160e-01,5.928444e-01,,
225,2.51500000e+01,-5.09934092e+00,8.743465e-01,2.213059e-01,5.194977e-01,5.928066e-01,,
226,2.51500000e+01,-5.09934538e+00,8.743465e-01,2.212901e-01,5.194797e-01,5.927848e-01,,
227,2.51500000e+01,-5.09934173e+00,8.743465e-01,2.213002e-01,5.194838e-01,5.928073e-01,,
228,2.51500000e+01,-5.09933378e+00,8.743465e-01,2.213275e-01,5.195070e-01,5.928539e-01,,
229,2.51500000e+01,-5.09933664e+00,8.743465e-01,2.213287e-01,5.195106e-01,5.928530e-01,,
230,2.51500000e+01,-5.09934087e+00,8.743465e-01,2.213026e-01,5.194880e-01,5.928088e-01,,
231,2.51500000e+01,-5.09934087e+00,8.743465e-01,2.212889e-01,5.194745e-01,5.927875e-01,,
232,2.51500000e+01,-5.09933693e+00,8.743465e-01,2.213056e-01,5.194901e-01,5.928144e-01,,
233,2.51500000e+01,-5.09933364e+00,8.743465e-01,2.213235e-01,5.195102e-01,5.928395e-01,,
234,2.51500000e+01,-5.09934167e+00,8.743465e-01,2.213184e-01,5.195080e-01,5.928284e-01,,
235,2.51500000e+01,-5.09934562e+00,8.743465e-01,2.212966e-01,5.194801e-01,5.928018e-01,,
236,2.51500000e+01,-5.09934330e+00,8.743465e-01,2.212984e-01,5.194765e-01,5.928109e-01,,
237,2.51500000e+01,-5.09933559e+00,8.743465e-01,2.213166e-01,5.194962e-01,5.928371e-01,,
238,2.51500000e+01,-5.09933833e+00,8.743465e-01,2.213233e-01,5.195094e-01,5.928400e-01,,
239,2.51500000e+01,-5.09934387e+00,8.743465e-01,2.213009e-01,5.194906e-01,5.928014e-01,,
240,2.51500000e+01,-5.09934776e+00,8.743465e-01,2.212850e-01,5.194737e-01,5.927780e-01,,
241,2.51500000e+01,-5.09934481e+00,8.743465e-01,2.212973e-01,5.194818e-01,5.928019e-01,,
242,2.51500000e+01,-5.09933921e+00,8.743465e-01,2.213236e-01,5.195055e-01,5.928451e-01,,
243,2.51500000e+01,-5.09934236e+00,8.743465e-01,2.213240e-01,5.195062e-01,5.928455e-01,,
244,2.51500000e+01,-5.09934581e+00,8.743465e-01,2.213010e-01,5.194841e-01,5.928090e-01,,
245,2.51500000e+01,-5.09934456e+00,8.743465e-01,2.212891e-01,5.194732e-01,5.927895e-01,,
246,2.51500000e+01,-5.09933924e+00,8.743465e-01,2.213069e-01,5.194912e-01,5.928168e-01,,
247,2.51500000e+01,-5.09933683e+00,8.743465e-01,2.213241e-01,5.195114e-01,5.928397e-01,,
248,2.51500000e+01,-5.09934423e+00,8.743465e-01,2.213159e-01,5.195060e-01,5.928239e-01,,
249,2.51500000e+01,-5.09934773e+00,8.743465e-01,2.212947e-01,5.194799e-01,5.927971e-01,,
250,2.51500000e+01,-5.09934455e+00,8.743465e-01,2.213032e-01,5.194809e-01,5.928185e-01,,
251,2.51500000e+01,-5.09933571e+00,8.743465e-01,2.213225e-01,5.195000e-01,5.928485e-01,,
252,2.51500000e+01,-5.09933839e+00,8.743465e-01,2.213266e-01,5.195115e-01,5.928463e-01,,
253,2.51500000e+01,-5.09934382e+00,8.743465e-01,2.213020e-01,5.194922e-01,5.928026e-01,,
254,2.51500000e+01,-5.09934668e+00,8.743465e-01,2.212873e-01,5.194764e-01,5.927812e-01,,
255,2.51500000e+01,-5.09934410e+00,8.743465e-01,2.213014e-01,5.194879e-01,5.928058e-01,,
256,2.51500000e+01,-5.09933757e+00,8.743465e-01,2.213255e-01,5.195102e-01,5.928448e-01,,
257,2.51500000e+01,-5.09934141e+00,8.743465e-01,2.213233e-01,5.195073e-01,5.928423e-01,,
258,2.51500000e+01,-5.09934473e+00,8.743465e-01,2.213037e-01,5.194855e-01,5.928147e-01,,
259,2.51500000e+01,-5.09934249e+00,8.743465e-01,2.212950e-01,5.194765e-01,5.928016e-01,,
260,2.51500000e+01,-5.09933808e+00,8.743465e-01,2.213137e-01,5.194981e-01,5.928271e-01,,
261,2.51500000e+01,-5.09933708e+00,8.743465e-01,2.213262e-01,5.195134e-01,5.928432e-01,,
262,2.51500000e+01,-5.09934334e+00,8.743465e-01,2.213129e-01,5.195038e-01,5.928184e-01,,
263,2.51500000e+01,-5.09934830e+00,8.743465e-01,2.212913e-01,5.194788e-01,5.927890e-01,,
264,2.51500000e+01,-5.09934564e+00,8.743465e-01,2.212976e-01,5.194775e-01,5.928073e-01,,
265,2.51500000e+01,-5.09933826e+00,8.743465e-01,2.213250e-01,5.195027e-01,5.928521e-01,,
266,2.51500000e+01,-5.09934177e+00,8.743465e-01,2.213278e-01,5.195114e-01,5.928497e-01,,
267,2.51500000e+01,-5.09934754e+00,8.743465e-01,2.213009e-01,5.194899e-01,5.928021e-01,,
268,2.51500000e+01,-5.09934923e+00,8.743465e-01,2.212866e-01,5.194745e-01,5.927814e-01,,
269,2.51500000e+01,-5.09934551e+00,8.743465e-01,2.213012e-01,5.194871e-01,5.928062e-01,,
270,2.51500000e+01,-5.09934026e+00,8.743465e-01,2.213223e-01,5.195081e-01,5.928387e-01,,
271,2.51500000e+01,-5.09934532e+00,8.743465e-01,2.213163e-01,5.195024e-01,5.928292e-01,,
272,2.51500000e+01,-5.09934792e+00,8.743465e-01,2.212998e-01,5.194805e-01,5.928100e-01,,
273,2.51500000e+01,-5.09934485e+00,8.743465e-01,2.212958e-01,5.194738e-01,5.928067e-01,,
274,2.51500000e+01,-5.09933810e+00,8.743465e-01,2.213139e-01,5.194946e-01,5.928316e-01,,
275,2.51500000e+01,-5.09933998e+00,8.743465e-01,2.213240e-01,5.195094e-01,5.928419e-01,,
276,2.51500000e+01,-5.09934539e+00,8.743465e-01,2.213085e-01,5.194972e-01,5.928141e-01,,
277,2.51500000e+01,-5.09934871e+00,8.743465e-01,2.212887e-01,5.194729e-01,5.927890e-01,,
278,2.51500000e+01,-5.09934533e+00,8.743465e-01,2.212981e-01,5.194760e-01,5.928106e-01,,
279,2.51500000e+01,-5.09933733e+00,8.743465e-01,2.213266e-01,5.195003e-01,5.928590e-01,,
280,2.51500000e+01,-5.09934054e+00,8.743465e-01,2.213282e-01,5.195056e-01,5.928574e-01,,
281,2.51500000e+01,-5.09934539e+00,8.743465e-01,2.213015e-01,5.194841e-01,5.928103e-01,,
282,2.51500000e+01,-5.09934569e+00,8.743465e-01,2.212881e-01,5.194709e-01,5.927896e-01,,
283,2.51500000e+01,-5.09934257e+00,8.743465e-01,2.213046e-01,5.194867e-01,5.928158e-01,,
284,2.51500000e+01,-5.09933936e+00,8.743465e-01,2.213231e-01,5.195074e-01,5.928416e-01,,
285,2.51500000e+01,-5.09934706e+00,8.743465e-01,2.213193e-01,5.195064e-01,5.928326e-01,,
286,2.51500000e+01,-5.09935028e+00,8.743465e-01,2.212972e-01,5.194786e-01,5.928052e-01,,
287,2.51500000e+01,-5.09934786e+00,8.743465e-01,2.212980e-01,5.194748e-01,5.928116e-01,,
288,2.51500000e+01,-5.09934025e+00,8.743465e-01,2.213165e-01,5.194955e-01,5.928375e-01,,
289,2.51500000e+01,-5.09934268e+00,8.743465e-01,2.213240e-01,5.195096e-01,5.928416e-01,,
290,2.51500000e+01,-5.09934809e+00,8.743465e-01,2.213019e-01,5.194915e-01,5.928030e-01,,
291,2.51500000e+01,-5.09935206e+00,8.743465e-01,2.212858e-01,5.194747e-01,5.927791e-01,,
292,2.51500000e+01,-5.09934898e+00,8.743465e-01,2.212977e-01,5.194825e-01,5.928020e-01,,
293,2.51500000e+01,-5.09934305e+00,8.743465e-01,2.213247e-01,5.195066e-01,5.928470e-01,,
294,2.51500000e+01,-5.09934613e+00,8.743465e-01,2.213255e-01,5.195082e-01,5.928471e-01,,
295,2.51500000e+01,-5.09934949e+00,8.743465e-01,2.213018e-01,5.194860e-01,5.928090e-01,,
296,2.51500000e+01,-5.09934822e+00,8.743465e-01,2.212894e-01,5.194745e-01,5.927890e-01,,
297,2.51500000e+01,-5.09934288e+00,8.743465e-01,2.213072e-01,5.194919e-01,5.928168e-01,,
298,2.51500000e+01,-5.09933995e+00,8.743465e-01,2.213246e-01,5.195122e-01,5.928402e-01,,
299,2.51500000e+01,-5.09934746e+00,8.743465e-01,2.213168e-01,5.195075e-01,5.928247e-01,,
300,2.51500000e+01,-5.09935111e+00,8.743465e-01,2.212955e-01,5.194810e-01,5.927978e-01,,
301,2.51500000e+01,-5.09934786e+00,8.743465e-01,2.213023e-01,5.194807e-01,5.928163e-01,,
302,2.51500000e+01,-5.09933899e+00,8.743465e-01,2.213210e-01,5.194997e-01,5.928449e-01,,
303,2.51500000e+01,-5.09934152e+00,8.743465e-01,2.213256e-01,5.195114e-01,5.928437e-01,,
304,2.51500000e+01,-5.09934667e+00,8.743465e-01,2.213016e-01,5.194921e-01,5.928014e-01,,
305,2.51500000e+01,-5.09934927e+00,8.743465e-01,2.212863e-01,5.194757e-01,5.927792e-01,,
306,2.51500000e+01,-5.09934634e+00,8.743465e-01,2.213000e-01,5.194863e-01,5.928040e-01,,
307,2.51500000e+01,-5.09933882e+00,8.743465e-01,2.213252e-01,5.195086e-01,5.928460e-01,,
308,2.51500000e+01,-5.09934154e+00,8.743465e-01,2.213237e-01,5.195060e-01,5.928450e-01,,
309,2.51500000e+01,-5.09934413e+00,8.743465e-01,2.213034e-01,5.194837e-01,5.928160e-01,,
310,2.51500000e+01,-5.09934149e+00,8.743465e-01,2.212939e-01,5.194741e-01,5.928013e-01,,
311,2.51500000e+01,-5.09933534e+00,8.743465e-01,2.213107e-01,5.194926e-01,5.928254e-01,,
312,2.51500000e+01,-5.09933416e+00,8.743465e-01,2.213264e-01,5.195117e-01,5.928455e-01,,
313,2.51500000e+01,-5.09934186e+00,8.743465e-01,2.213141e-01,5.195031e-01,5.928225e-01,,
314,2.51500000e+01,-5.09934657e+00,8.743465e-01,2.212918e-01,5.194771e-01,5.927924e-01,,
315,2.51500000e+01,-5.09934340e+00,8.743465e-01,2.212967e-01,5.194743e-01,5.928087e-01,,
316,2.51500000e+01,-5.09933639e+00,8.743465e-01,2.213237e-01,5.194998e-01,5.928519e-01,,
317,2.51500000e+01,-5.09934062e+00,8.743465e-01,2.213266e-01,5.195096e-01,5.928485e-01,,
318,2.51500000e+01,-5.09934722e+00,8.743465e-01,2.213000e-01,5.194885e-01,5.928012e-01,,
319,2.51500000e+01,-5.09934991e+00,8.743465e-01,2.212853e-01,5.194729e-01,5.927799e-01,,
320,2.51500000e+01,-5.09934689e+00,8.743465e-01,2.212994e-01,5.194851e-01,5.928035e-01,,
321,2.51500000e+01,-5.09934179e+00,8.743465e-01,2.213208e-01,5.195064e-01,5.928366e-01,,
322,2.51500000e+01,-5.09934707e+00,8.743465e-01,2.213161e-01,5.195016e-01,5.928296e-01,,
323,2.51500000e+01,-5.09935002e+00,8.743465e-01,2.212991e-01,5.194798e-01,5.928090e-01,,
324,2.51500000e+01,-5.09934684e+00,8.743465e-01,2.212942e-01,5.194724e-01,5.928044e-01,,
325,2.51500000e+01,-5.09934076e+00,8.743465e-01,2.213125e-01,5.194935e-01,5.928293e-01,,
326,2.51500000e+01,-5.09934004e+00,8.743465e-01,2.213241e-01,5.195084e-01,5.928431e-01,,
327,2.51500000e+01,-5.09934523e+00,8.743465e-01,2.213093e-01,5.194970e-01,5.928166e-01,,
328,2.51500000e+01,-5.09934920e+00,8.743465e-01,2.212897e-01,5.194726e-01,5.927919e-01,,
329,2.51500000e+01,-5.09934594e+00,8.743465e-01,2.212986e-01,5.194750e-01,5.928129e-01,,
330,2.51500000e+01,-5.09933745e+00,8.743465e-01,2.213273e-01,5.194999e-01,5.928614e-01,,
331,2.51500000e+01,-5.09934056e+00,8.743465e-01,2.213293e-01,5.195066e-01,5.928593e-01,,
332,2.51500000e+01,-5.09934586e+00,8.743465e-01,2.213024e-01,5.194855e-01,5.928112e-01,,
333,2.51500000e+01,-5.09934670e+00,8.743465e-01,2.212892e-01,5.194722e-01,5.927911e-01,,
334,2.51500000e+01,-5.09934413e+00,8.743465e-01,2.213054e-01,5.194879e-01,5.928165e-01,,
335,2.51500000e+01,-5.09934085e+00,8.743465e-01,2.213247e-01,5.195093e-01,5.928439e-01,,
336,2.51500000e+01,-5.09934819e+00,8.743465e-01,2.213226e-01,5.195091e-01,5.928385e-01,,
337,2.51500000e+01,-5.09935069e+00,8.743465e-01,2.213001e-01,5.194808e-01,5.928104e-01,,
338,2.51500000e+01,-5.09934776e+00,8.743465e-01,2.212999e-01,5.194762e-01,5.928151e-01,,
339,2.51500000e+01,-5.09933985e+00,8.743465e-01,2.213187e-01,5.194973e-01,5.928415e-01,,
340,2.51500000e+01,-5.09934190e+00,8.743465e-01,2.213268e-01,5.195118e-01,5.928466e-01,,
341,2.51500000e+01,-5.09934712e+00,8.743465e-01,2.213049e-01,5.194940e-01,5.928081e-01,,
342,2.51500000e+01,-5.09935126e+00,8.743465e-01,2.212888e-01,5.194769e-01,5.927845e-01,,
343,2.51500000e+01,-5.09934804e+00,8.743465e-01,2.212997e-01,5.194836e-01,5.928062e-01,,
344,2.51500000e+01,-5.09934164e+00,8.743465e-01,2.213268e-01,5.195076e-01,5.928514e-01,,
345,2.51500000e+01,-5.09934509e+00,8.743465e-01,2.213275e-01,5.195102e-01,5.928501e-01,,
346,2.51500000e+01,-5.09934944e+00,8.743465e-01,2.213023e-01,5.194881e-01,5.928079e-01,,
347,2.51500000e+01,-5.09934906e+00,8.743465e-01,2.212892e-01,5.194759e-01,5.927868e-01,,
348,2.51500000e+01,-5.09934463e+00,8.743465e-01,2.213064e-01,5.194926e-01,5.928138e-01,,
349,2.51500000e+01,-5.09934181e+00,8.743465e-01,2.213236e-01,5.195126e-01,5.928370e-01,,
350,2.51500000e+01,-5.09934967e+00,8.743465e-01,2.213165e-01,5.195089e-01,5.928224e-01,,
351,2.51500000e+01,-5.09935354e+00,8.743465e-01,2.212950e-01,5.194818e-01,5.927956e-01,,
352,2.51500000e+01,-5.09935039e+00,8.743465e-01,2.213000e-01,5.194798e-01,5.928113e-01,,
353,2.51500000e+01,-5.09934127e+00,8.743465e-01,2.213187e-01,5.194984e-01,5.928402e-01,,
354,2.51500000e+01,-5.09934328e+00,8.743465e-01,2.213242e-01,5.195104e-01,5.928412e-01,,
355,2.51500000e+01,-5.09934777e+00,8.743465e-01,2.213009e-01,5.194907e-01,5.928013e-01,,
356,2.51500000e+01,-5.09934999e+00,8.743465e-01,2.212856e-01,5.194736e-01,5.927796e-01,,
357,2.51500000e+01,-5.09934598e+00,8.743465e-01,2.213002e-01,5.194828e-01,5.928085e-01,,
358,2.51500000e+01,-5.09933987e+00,8.743465e-01,2.213252e-01,5.195055e-01,5.928494e-01,,
359,2.51500000e+01,-5.09934240e+00,8.743465e-01,2.213245e-01,5.195037e-01,5.928498e-01,,
360,2.51500000e+01,-5.09934508e+00,8.743465e-01,2.213027e-01,5.194812e-01,5.928169e-01,,
361,2.51500000e+01,-5.09934290e+00,8.743465e-01,2.212914e-01,5.194710e-01,5.927982e-01,,
362,2.51500000e+01,-5.09933703e+00,8.743465e-01,2.213081e-01,5.194891e-01,5.928222e-01,,
363,2.51500000e+01,-5.09933580e+00,8.743465e-01,2.213240e-01,5.195085e-01,5.928429e-01,,
364,2.51500000e+01,-5.09934353e+00,8.743465e-01,2.213131e-01,5.195009e-01,5.928222e-01,,
365,2.51500000e+01,-5.09934774e+00,8.743465e-01,2.212911e-01,5.194748e-01,5.927932e-01,,
366,2.51500000e+01,-5.09934344e+00,8.743465e-01,2.212951e-01,5.194708e-01,5.928083e-01,,
367,2.51500000e+01,-5.09933598e+00,8.743465e-01,2.213222e-01,5.194967e-01,5.928514e-01,,
368,2.51500000e+01,-5.09933953e+00,8.743465e-01,2.213262e-01,5.195075e-01,5.928499e-01,,
369,2.51500000e+01,-5.09934548e+00,8.743465e-01,2.213002e-01,5.194871e-01,5.928034e-01,,
370,2.51500000e+01,-5.09934792e+00,8.743465e-01,2.212854e-01,5.194714e-01,5.927818e-01,,
371,2.51500000e+01,-5.09934476e+00,8.743465e-01,2.212993e-01,5.194835e-01,5.928051e-01,,
372,2.51500000e+01,-5.09933924e+00,8.743465e-01,2.213217e-01,5.195057e-01,5.928399e-01,,
373,2.51500000e+01,-5.09934446e+00,8.743465e-01,2.213186e-01,5.195022e-01,5.928354e-01,,
374,2.51500000e+01,-5.09934802e+00,8.743465e-01,2.213007e-01,5.194809e-01,5.928119e-01,,
375,2.51500000e+01,-5.09934559e+00,8.743465e-01,2.212942e-01,5.194734e-01,5.928030e-01,,
376,2.51500000e+01,-5.09934053e+00,8.743465e-01,2.213127e-01,5.194951e-01,5.928277e-01,,
377,2.51500000e+01,-5.09934008e+00,8.743465e-01,2.213249e-01,5.195107e-01,5.928427e-01,,
378,2.51500000e+01,-5.09934609e+00,8.743465e-01,2.213108e-01,5.195006e-01,5.928165e-01,,
379,2.51500000e+01,-5.09935103e+00,8.743465e-01,2.212903e-01,5.194765e-01,5.927890e-01,,
380,2.51500000e+01,-5.09934853e+00,8.743465e-01,2.212983e-01,5.194779e-01,5.928089e-01,,
381,2.51500000e+01,-5.09934061e+00,8.743465e-01,2.213265e-01,5.195031e-01,5.928557e-01,,
382,2.51500000e+01,-5.09934391e+00,8.743465e-01,2.213289e-01,5.195107e-01,5.928534e-01,,
383,2.51500000e+01,-5.09934940e+00,8.743465e-01,2.213021e-01,5.194896e-01,5.928056e-01,,
384,2.51500000e+01,-5.09935018e+00,8.743465e-01,2.212891e-01,5.194754e-01,5.927871e-01,,
385,2.51500000e+01,-5.09934729e+00,8.743465e-01,2.213049e-01,5.194902e-01,5.928126e-01,,
386,2.51500000e+01,-5.09934302e+00,8.743465e-01,2.213251e-01,5.195113e-01,5.928425e-01,,
387,2.51500000e+01,-5.09934686e+00,8.743465e-01,2.213172e-01,5.195039e-01,5.928300e-01,,
388,2.51500000e+01,-5.09934877e+00,8.743465e-01,2.213020e-01,5.194826e-01,5.928135e-01,,
389,2.51500000e+01,-5.09934560e+00,8.743465e-01,2.213010e-01,5.194780e-01,5.928162e-01,,
390,2.51500000e+01,-5.09933803e+00,8.743465e-01,2.213190e-01,5.194985e-01,5.928407e-01,,
391,2.51500000e+01,-5.09934001e+00,8.743465e-01,2.213273e-01,5.195125e-01,5.928470e-01,,
392,2.51500000e+01,-5.09934525e+00,8.743465e-01,2.213054e-01,5.194942e-01,5.928093e-01,,
393,2.51500000e+01,-5.09934948e+00,8.743465e-01,2.212894e-01,5.194765e-01,5.927867e-01,,
394,2.51500000e+01,-5.09934606e+00,8.743465e-01,2.212997e-01,5.194818e-01,5.928080e-01,,
395,2.51500000e+01,-5.09933894e+00,8.743465e-01,2.213266e-01,5.195054e-01,5.928534e-01,,
396,2.51500000e+01,-5.09934238e+00,8.743465e-01,2.213273e-01,5.195086e-01,5.928514e-01,,
397,2.51500000e+01,-5.09934712e+00,8.743465e-01,2.213013e-01,5.194864e-01,5.928072e-01,,
398,2.51500000e+01,-5.09934728e+00,8.743465e-01,2.212879e-01,5.194736e-01,5.927860e-01,,
399,2.51500000e+01,-5.09934340e+00,8.743465e-01,2.213047e-01,5.194897e-01,5.928125e-01,,
400,2.51500000e+01,-5.09934039e+00,8.743465e-01,2.213219e-01,5.195097e-01,5.928359e-01,,
401,2.51500000e+01,-5.09934837e+00,8.743465e-01,2.213157e-01,5.195067e-01,5.928225e-01,,
402,2.51500000e+01,-5.09935222e+00,8.743465e-01,2.212944e-01,5.194793e-01,5.927969e-01,,
403,2.51500000e+01,-5.09934928e+00,8.743465e-01,2.212981e-01,5.194765e-01,5.928101e-01,,
404,2.51500000e+01,-5.09934027e+00,8.743465e-01,2.213170e-01,5.194954e-01,5.928389e-01,,
405,2.51500000e+01,-5.09934219e+00,8.743465e-01,2.213233e-01,5.195079e-01,5.928416e-01,,
406,2.51500000e+01,-5.09934677e+00,8.743465e-01,2.213007e-01,5.194887e-01,5.928029e-01,,
407,2.51500000e+01,-5.09934938e+00,8.743465e-01,2.212852e-01,5.194717e-01,5.927808e-01,,
408,2.51500000e+01,-5.09934576e+00,8.743465e-01,2.212988e-01,5.194804e-01,5.928075e-01,,
409,2.51500000e+01,-5.09933983e+00,8.743465e-01,2.213246e-01,5.195038e-01,5.928497e-01,,
410,2.51500000e+01,-5.09934256e+00,8.743465e-01,2.213243e-01,5.195032e-01,5.928498e-01,,
411,2.51500000e+01,-5.09934578e+00,8.743465e-01,2.213016e-01,5.194810e-01,5.928142e-01,,
412,2.51500000e+01,-5.09934441e+00,8.743465e-01,2.212899e-01,5.194707e-01,5.927947e-01,,
413,2.51500000e+01,-5.09933916e+00,8.743465e-01,2.213072e-01,5.194889e-01,5.928201e-01,,
414,2.51500000e+01,-5.09933764e+00,8.743465e-01,2.213236e-01,5.195088e-01,5.928414e-01,,
415,2.51500000e+01,-5.09934537e+00,8.743465e-01,2.213140e-01,5.195023e-01,5.928231e-01,,
416,2.51500000e+01,-5.09934931e+00,8.743465e-01,2.212927e-01,5.194764e-01,5.927956e-01,,
417,2.51500000e+01,-5.09934439e+00,8.743465e-01,2.212958e-01,5.194715e-01,5.928095e-01,,
418,2.51500000e+01,-5.09933677e+00,8.743465e-01,2.213229e-01,5.194979e-01,5.928519e-01,,
419,2.51500000e+01,-5.09934010e+00,8.743465e-01,2.213274e-01,5.195099e-01,5.928503e-01,,
420,2.51500000e+01,-5.09934589e+00,8.743465e-01,2.213017e-01,5.194899e-01,5.928043e-01,,
421,2.51500000e+01,-5.09934869e+00,8.743465e-01,2.212869e-01,5.194742e-01,5.927827e-01,,
422,2.51500000e+01,-5.09934587e+00,8.743465e-01,2.213008e-01,5.194859e-01,5.928063e-01,,
423,2.51500000e+01,-5.09933988e+00,8.743465e-01,2.213239e-01,5.195083e-01,5.928427e-01,,
424,2.51500000e+01,-5.09934456e+00,8.743465e-01,2.213213e-01,5.195053e-01,5.928391e-01,,
425,2.51500000e+01,-5.09934832e+00,8.743465e-01,2.213024e-01,5.194840e-01,5.928130e-01,,
426,2.51500000e+01,-5.09934634e+00,8.743465e-01,2.212945e-01,5.194759e-01,5.928010e-01,,
427,2.51500000e+01,-5.09934181e+00,8.743465e-01,2.213131e-01,5.194976e-01,5.928261e-01,,
428,2.51500000e+01,-5.09934124e+00,8.743465e-01,2.213254e-01,5.195130e-01,5.928415e-01,,
429,2.51500000e+01,-5.09934745e+00,8.743465e-01,2.213117e-01,5.195032e-01,5.928158e-01,,
430,2.51500000e+01,-5.09935233e+00,8.743465e-01,2.212905e-01,5.194787e-01,5.927871e-01,,
431,2.51500000e+01,-5.09934968e+00,8.743465e-01,2.212977e-01,5.194787e-01,5.928063e-01,,
432,2.51500000e+01,-5.09934183e+00,8.743465e-01,2.213256e-01,5.195038e-01,5.928525e-01,,
433,2.51500000e+01,-5.09934479e+00,8.743465e-01,2.213285e-01,5.195119e-01,5.928510e-01,,
434,2.51500000e+01,-5.09935003e+00,8.743465e-01,2.213017e-01,5.194905e-01,5.928037e-01,,
435,2.51500000e+01,-5.09935053e+00,8.743465e-01,2.212886e-01,5.194754e-01,5.927858e-01,,
436,2.51500000e+01,-5.09934750e+00,8.743465e-01,2.213039e-01,5.194893e-01,5.928110e-01,,
437,2.51500000e+01,-5.09934280e+00,8.743465e-01,2.213245e-01,5.195105e-01,5.928419e-01,,
438,2.51500000e+01,-5.09934637e+00,8.743465e-01,2.213179e-01,5.195037e-01,5.928319e-01,,
439,2.51500000e+01,-5.09934802e+00,8.743465e-01,2.213017e-01,5.194819e-01,5.928136e-01,,
440,2.51500000e+01,-5.09934484e+00,8.743465e-01,2.212988e-01,5.194760e-01,5.928124e-01,,
441,2.51500000e+01,-5.09933777e+00,8.743465e-01,2.213168e-01,5.194967e-01,5.928369e-01,,
442,2.51500000e+01,-5.09933950e+00,8.743465e-01,2.213260e-01,5.195109e-01,5.928455e-01,,
443,2.51500000e+01,-5.09934470e+00,8.743465e-01,2.213042e-01,5.194928e-01,5.928077e-01,,
444,2.51500000e+01,-5.09934911e+00,8.743465e-01,2.212885e-01,5.194749e-01,5.927860e-01,,
445,2.51500000e+01,-5.09934538e+00,8.743465e-01,2.212987e-01,5.194792e-01,5.928085e-01,,
446,2.51500000e+01,-5.09933731e+00,8.743465e-01,2.213261e-01,5.195026e-01,5.928553e-01,,
447,2.51500000e+01,-5.09934008e+00,8.743465e-01,2.213275e-01,5.195065e-01,5.928543e-01,,
448,2.51500000e+01,-5.09934428e+00,8.743465e-01,2.213014e-01,5.194842e-01,5.928100e-01,,
449,2.51500000e+01,-5.09934426e+00,8.743465e-01,2.212878e-01,5.194710e-01,5.927887e-01,,
450,2.51500000e+01,-5.09934034e+00,8.743465e-01,2.213047e-01,5.194869e-01,5.928157e-01,,
451,2.51500000e+01,-5.09933705e+00,8.743465e-01,2.213228e-01,5.195073e-01,5.928409e-01,,
452,2.51500000e+01,-5.09934509e+00,8.743465e-01,2.213179e-01,5.195054e-01,5.928300e-01,,
453,2.51500000e+01,-5.09934903e+00,8.743465e-01,2.212962e-01,5.194778e-01,5.928033e-01,,
454,2.51500000e+01,-5.09934675e+00,8.743465e-01,2.212980e-01,5.194744e-01,5.928121e-01,,
455,2.51500000e+01,-5.09933914e+00,8.743465e-01,2.213162e-01,5.194944e-01,5.928380e-01,,
456,2.51500000e+01,-5.09934193e+00,8.743465e-01,2.213231e-01,5.195079e-01,5.928411e-01,,
457,2.51500000e+01,-5.09934753e+00,8.743465e-01,2.213008e-01,5.194894e-01,5.928025e-01,,
458,2.51500000e+01,-5.09935149e+00,8.743465e-01,2.212849e-01,5.194727e-01,5.927790e-01,,
459,2.51500000e+01,-5.09934854e+00,8.743465e-01,2.212973e-01,5.194809e-01,5.928027e-01,,
460,2.51500000e+01,-5.09934287e+00,8.743465e-01,2.213236e-01,5.195049e-01,5.928460e-01,,
461,2.51500000e+01,-5.09934602e+00,8.743465e-01,2.213242e-01,5.195058e-01,5.928464e-01,,
462,2.51500000e+01,-5.09934943e+00,8.743465e-01,2.213012e-01,5.194839e-01,5.928097e-01,,
463,2.51500000e+01,-5.09934812e+00,8.743465e-01,2.212892e-01,5.194730e-01,5.927902e-01,,
464,2.51500000e+01,-5.09934272e+00,8.743465e-01,2.213071e-01,5.194910e-01,5.928175e-01,,
465,2.51500000e+01,-5.09934014e+00,8.743465e-01,2.213243e-01,5.195112e-01,5.928405e-01,,
466,2.51500000e+01,-5.09934746e+00,8.743465e-01,2.213162e-01,5.195060e-01,5.928247e-01,,
467,2.51500000e+01,-5.09935085e+00,8.743465e-01,2.212950e-01,5.194798e-01,5.927980e-01,,
468,2.51500000e+01,-5.09934751e+00,8.743465e-01,2.213032e-01,5.194806e-01,5.928190e-01,,
469,2.51500000e+01,-5.09933853e+00,8.743465e-01,2.213225e-01,5.194997e-01,5.928487e-01,,
470,2.51500000e+01,-5.09934106e+00,8.743465e-01,2.213266e-01,5.195113e-01,5.928466e-01,,
471,2.51500000e+01,-5.09934631e+00,8.743465e-01,2.213021e-01,5.194919e-01,5.928031e-01,,
472,2.51500000e+01,-5.09934900e+00,8.743465e-01,2.212873e-01,5.194761e-01,5.927816e-01,,
473,2.51500000e+01,-5.09934627e+00,8.743465e-01,2.213013e-01,5.194874e-01,5.928062e-01,,
474,2.51500000e+01,-5.09933947e+00,8.743465e-01,2.213256e-01,5.195098e-01,5.928456e-01,,
475,2.51500000e+01,-5.09934301e+00,8.743465e-01,2.213235e-01,5.195069e-01,5.928434e-01,,
476,2.51500000e+01,-5.09934606e+00,8.743465e-01,2.213038e-01,5.194849e-01,5.928157e-01,,
477,2.51500000e+01,-5.09934355e+00,8.743465e-01,2.212951e-01,5.194758e-01,5.928027e-01,,
478,2.51500000e+01,-5.09933899e+00,8.743465e-01,2.213138e-01,5.194974e-01,5.928282e-01,,
479,2.51500000e+01,-5.09933779e+00,8.743465e-01,2.213264e-01,5.195127e-01,5.928446e-01,,
480,2.51500000e+01,-5.09934396e+00,8.743465e-01,2.213132e-01,5.195032e-01,5.928201e-01,,
481,2.51500000e+01,-5.09934887e+00,8.743465e-01,2.212916e-01,5.194781e-01,5.927906e-01,,
482,2.51500000e+01,-5.09934616e+00,8.743465e-01,2.212977e-01,5.194767e-01,5.928086e-01,,
483,2.51500000e+01,-5.09933885e+00,8.743465e-01,2.213250e-01,5.195019e-01,5.928530e-01,,
484,2.51500000e+01,-5.09934252e+00,8.743465e-01,2.213277e-01,5.195107e-01,5.928502e-01,,
485,2.51500000e+01,-5.09934845e+00,8.743465e-01,2.213008e-01,5.194893e-01,5.928026e-01,,
486,2.51500000e+01,-5.09935031e+00,8.743465e-01,2.212864e-01,5.194739e-01,5.927818e-01,,
487,2.51500000e+01,-5.09934675e+00,8.743465e-01,2.213010e-01,5.194864e-01,5.928063e-01,,
488,2.51500000e+01,-5.09934155e+00,8.743465e-01,2.213221e-01,5.195074e-01,5.928388e-01,,
489,2.51500000e+01,-5.09934668e+00,8.743465e-01,2.213162e-01,5.195019e-01,5.928296e-01,,
490,2.51500000e+01,-5.09934934e+00,8.743465e-01,2.212997e-01,5.194800e-01,5.928103e-01,,
491,2.51500000e+01,-5.09934628e+00,8.743465e-01,2.212956e-01,5.194732e-01,5.928069e-01,,
492,2.51500000e+01,-5.09933954e+00,8.743465e-01,2.213138e-01,5.194941e-01,5.928320e-01,,
493,2.51500000e+01,-5.09934133e+00,8.743465e-01,2.213241e-01,5.195089e-01,5.928427e-01,,
494,2.51500000e+01,-5.09934671e+00,8.743465e-01,2.213087e-01,5.194968e-01,5.928151e-01,,
495,2.51500000e+01,-5.09935002e+00,8.743465e-01,2.212890e-01,5.194726e-01,5.927900e-01,,
496,2.51500000e+01,-5.09934663e+00,8.743465e-01,2.212983e-01,5.194757e-01,5.928115e-01,,
497,2.51500000e+01,-5.09933856e+00,8.743465e-01,2.213268e-01,5.195001e-01,5.928600e-01,,
498,2.51500000e+01,-5.09934177e+00,8.743465e-01,2.213285e-01,5.195056e-01,5.928583e-01,,
499,2.51500000e+01,-5.09934666e+00,8.743465e-01,2.213018e-01,5.194843e-01,5.928110e-01,,
500,2.51500000e+01,-5.09934698e+00,8.743465e-01,2.212885e-01,5.194712e-01,5.927903e-01,,
501,2.51500000e+01,-5.09934393e+00,8.743465e-01,2.213050e-01,5.194870e-01,5.928164e-01,,
502,2.51500000e+01,-5.09934071e+00,8.743465e-01,2.213237e-01,5.195080e-01,5.928425e-01,,
503,2.51500000e+01,-5.09934836e+00,8.743465e-01,2.213201e-01,5.195073e-01,5.928338e-01,,
504,2.51500000e+01,-5.09935151e+00,8.743465e-01,2.212980e-01,5.194795e-01,5.928063e-01,,
505,2.51500000e+01,-5.09934908e+00,8.743465e-01,2.212986e-01,5.194758e-01,5.928122e-01,,
506,2.51500000e+01,-5.09934149e+00,8.743465e-01,2.213171e-01,5.194967e-01,5.928379e-01,,
507,2.51500000e+01,-5.09934388e+00,8.743465e-01,2.213248e-01,5.195108e-01,5.928422e-01,,
508,2.51500000e+01,-5.09934928e+00,8.743465e-01,2.213026e-01,5.194928e-01,5.928035e-01,,
509,2.51500000e+01,-5.09935326e+00,8.743465e-01,2.212865e-01,5.194760e-01,5.927795e-01,,
510,2.51500000e+01,-5.09935013e+00,8.743465e-01,2.212983e-01,5.194837e-01,5.928023e-01,,
511,2.51500000e+01,-5.09934411e+00,8.743465e-01,2.213254e-01,5.195078e-01,5.928475e-01,,
512,2.51500000e+01,-5.09934714e+00,8.743465e-01,2.213262e-01,5.195094e-01,5.928476e-01,,
513,2.51500000e+01,-5.09935047e+00,8.743465e-01,2.213024e-01,5.194872e-01,5.928092e-01,,
514,2.51500000e+01,-5.09934917e+00,8.743465e-01,2.212899e-01,5.194755e-01,5.927891e-01,,
515,2.51500000e+01,-5.09934382e+00,8.743465e-01,2.213076e-01,5.194928e-01,5.928168e-01,,
516,2.51500000e+01,-5.09934081e+00,8.743465e-01,2.213250e-01,5.195129e-01,5.928403e-01,,
517,2.51500000e+01,-5.09934832e+00,8.743465e-01,2.213172e-01,5.195083e-01,5.928249e-01,,
518,2.51500000e+01,-5.09935197e+00,8.743465e-01,2.212958e-01,5.194816e-01,5.927980e-01,,
519,2.51500000e+01,-5.09934872e+00,8.743465e-01,2.213023e-01,5.194810e-01,5.928162e-01,,
520,2.51500000e+01,-5.09933982e+00,8.743465e-01,2.213210e-01,5.194998e-01,5.928447e-01,,
521,2.51500000e+01,-5.09934231e+00,8.743465e-01,2.213256e-01,5.195115e-01,5.928436e-01,,
522,2.51500000e+01,-5.09934739e+00,8.743465e-01,2.213016e-01,5.194920e-01,5.928016e-01,,
523,2.51500000e+01,-5.09934993e+00,8.743465e-01,2.212863e-01,5.194754e-01,5.927796e-01,,
524,2.51500000e+01,-5.09934691e+00,8.743465e-01,2.213000e-01,5.194858e-01,5.928044e-01,,
525,2.51500000e+01,-5.09933924e+00,8.743465e-01,2.213252e-01,5.195079e-01,5.928468e-01,,
526,2.51500000e+01,-5.09934180e+00,8.743465e-01,2.213238e-01,5.195052e-01,5.928461e-01,,
527,2.51500000e+01,-5.09934429e+00,8.743465e-01,2.213034e-01,5.194828e-01,5.928168e-01,,
528,2.51500000e+01,-5.09934162e+00,8.743465e-01,2.212937e-01,5.194731e-01,5.928019e-01,,
529,2.51500000e+01,-5.09933546e+00,8.743465e-01,2.213105e-01,5.194915e-01,5.928261e-01,,
530,2.51500000e+01,-5.09933425e+00,8.743465e-01,2.213262e-01,5.195106e-01,5.928464e-01,,
531,2.51500000e+01,-5.09934198e+00,8.743465e-01,2.213141e-01,5.195021e-01,5.928235e-01,,
532,2.51500000e+01,-5.09934670e+00,8.743465e-01,2.212918e-01,5.194760e-01,5.927935e-01,,
533,2.51500000e+01,-5.09934350e+00,8.743465e-01,2.212966e-01,5.194732e-01,5.928096e-01,,
534,2.51500000e+01,-5.09933655e+00,8.743465e-01,2.213235e-01,5.194988e-01,5.928526e-01,,
535,2.51500000e+01,-5.09934084e+00,8.743465e-01,2.213265e-01,5.195087e-01,5.928492e-01,,
536,2.51500000e+01,-5.09934751e+00,8.743465e-01,2.213000e-01,5.194879e-01,5.928020e-01,,
537,2.51500000e+01,-5.09935029e+00,8.743465e-01,2.212854e-01,5.194724e-01,5.927806e-01,,
538,2.51500000e+01,-5.09934734e+00,8.743465e-01,2.212994e-01,5.194846e-01,5.928041e-01,,
539,2.51500000e+01,-5.09934228e+00,8.743465e-01,2.213209e-01,5.195062e-01,5.928372e-01,,
540,2.51500000e+01,-5.09934762e+00,8.743465e-01,2.213165e-01,5.195016e-01,5.928305e-01,,
541,2.51500000e+01,-5.09935066e+00,8.743465e-01,2.212995e-01,5.194800e-01,5.928097e-01,,
542,2.51500000e+01,-5.09934754e+00,8.743465e-01,2.212946e-01,5.194727e-01,5.928047e-01,,
543,2.51500000e+01,-5.09934156e+00,8.743465e-01,2.213129e-01,5.194940e-01,5.928297e-01,,
544,2.51500000e+01,-5.09934087e+00,8.743465e-01,2.213246e-01,5.195092e-01,5.928437e-01,,
545,2.51500000e+01,-5.09934613e+00,8.743465e-01,2.213100e-01,5.194981e-01,5.928172e-01,,
546,2.51500000e+01,-5.09935021e+00,8.743465e-01,2.212904e-01,5.194739e-01,5.927923e-01,,
547,2.51500000e+01,-5.09934706e+00,8.743465e-01,2.212992e-01,5.194763e-01,5.928131e-01,,
548,2.51500000e+01,-5.09933863e+00,8.743465e-01,2.213279e-01,5.195014e-01,5.928614e-01,,
549,2.51500000e+01,-5.09934180e+00,8.743465e-01,2.213300e-01,5.195082e-01,5.928591e-01,,
550,2.51500000e+01,-5.09934717e+00,8.743465e-01,2.213031e-01,5.194873e-01,5.928109e-01,,
551,2.51500000e+01,-5.09934804e+00,8.743465e-01,2.212899e-01,5.194739e-01,5.927910e-01,,
552,2.51500000e+01,-5.09934547e+00,8.743465e-01,2.213059e-01,5.194895e-01,5.928161e-01,,
553,2.51500000e+01,-5.09934210e+00,8.743465e-01,2.213253e-01,5.195108e-01,5.928438e-01,,
554,2.51500000e+01,-5.09934933e+00,8.743465e-01,2.213234e-01,5.195106e-01,5.928389e-01,,
555,2.51500000e+01,-5.09935167e+00,8.743465e-01,2.213008e-01,5.194821e-01,5.928107e-01,,
556,2.51500000e+01,-5.09934862e+00,8.743465e-01,2.213003e-01,5.194772e-01,5.928151e-01,,
557,2.51500000e+01,-5.09934065e+00,8.743465e-01,2.213191e-01,5.194982e-01,5.928414e-01,,
558,2.51500000e+01,-5.09934258e+00,8.743465e-01,2.213271e-01,5.195126e-01,5.928466e-01,,
559,2.51500000e+01,-5.09934774e+00,8.743465e-01,2.213052e-01,5.194946e-01,5.928083e-01,,
560,2.51500000e+01,-5.09935185e+00,8.743465e-01,2.212890e-01,5.194774e-01,5.927847e-01,,
561,2.51500000e+01,-5.09934853e+00,8.743465e-01,2.212998e-01,5.194837e-01,5.928063e-01,,
562,2.51500000e+01,-5.09934199e+00,8.743465e-01,2.213269e-01,5.195076e-01,5.928516e-01,,
563,2.51500000e+01,-5.09934538e+00,8.743465e-01,2.213275e-01,5.195102e-01,5.928502e-01,,
564,2.51500000e+01,-5.09934972e+00,8.743465e-01,2.213021e-01,5.194880e-01,5.928077e-01,,
565,2.51500000e+01,-5.09934934e+00,8.743465e-01,2.212890e-01,5.194756e-01,5.927866e-01,,
566,2.51500000e+01,-5.09934492e+00,8.743465e-01,2.213061e-01,5.194921e-01,5.928135e-01,,
567,2.51500000e+01,-5.09934202e+00,8.743465e-01,2.213232e-01,5.195120e-01,5.928367e-01,,
568,2.51500000e+01,-5.09934984e+00,8.743465e-01,2.213163e-01,5.195084e-01,5.928224e-01,,
569,2.51500000e+01,-5.09935367e+00,8.743465e-01,2.212948e-01,5.194812e-01,5.927957e-01,,
570,2.51500000e+01,-5.09935051e+00,8.743465e-01,2.212996e-01,5.194790e-01,5.928112e-01,,
571,2.51500000e+01,-5.09934137e+00,8.743465e-01,2.213184e-01,5.194977e-01,5.928400e-01,,
572,2.51500000e+01,-5.09934332e+00,8.743465e-01,2.213240e-01,5.195097e-01,5.928413e-01,,
573,2.51500000e+01,-5.09934780e+00,8.743465e-01,2.213008e-01,5.194902e-01,5.928016e-01,,
574,2.51500000e+01,-5.09935004e+00,8.743465e-01,2.212854e-01,5.194731e-01,5.927799e-01,,
575,2.51500000e+01,-5.09934606e+00,8.743465e-01,2.213001e-01,5.194822e-01,5.928088e-01,,
576,2.51500000e+01,-5.09933993e+00,8.743465e-01,2.213252e-01,5.195050e-01,5.928499e-01,,
577,2.51500000e+01,-5.09934245e+00,8.743465e-01,2.213246e-01,5.195034e-01,5.928503e-01,,
578,2.51500000e+01,-5.09934521e+00,8.743465e-01,2.213027e-01,5.194811e-01,5.928170e-01,,
579,2.51500000e+01,-5.09934316e+00,8.743465e-01,2.212913e-01,5.194709e-01,5.927981e-01,,
580,2.51500000e+01,-5.09933740e+00,8.743465e-01,2.213081e-01,5.194891e-01,5.928223e-01,,
581,2.51500000e+01,-5.09933619e+00,8.743465e-01,2.213241e-01,5.195087e-01,5.928430e-01,,
582,2.51500000e+01,-5.09934405e+00,8.743465e-01,2.213134e-01,5.195013e-01,5.928227e-01,,
583,2.51500000e+01,-5.09934828e+00,8.743465e-01,2.212917e-01,5.194754e-01,5.927940e-01,,
584,2.51500000e+01,-5.09934390e+00,8.743465e-01,2.212955e-01,5.194713e-01,5.928090e-01,,
585,2.51500000e+01,-5.09933641e+00,8.743465e-01,2.213227e-01,5.194973e-01,5.928521e-01,,
586,2.51500000e+01,-5.09933989e+00,8.743465e-01,2.213270e-01,5.195084e-01,5.928510e-01,,
587,2.51500000e+01,-5.09934581e+00,8.743465e-01,2.213010e-01,5.194881e-01,5.928046e-01,,
588,2.51500000e+01,-5.09934826e+00,8.743465e-01,2.212863e-01,5.194725e-01,5.927829e-01,,
589,2.51500000e+01,-5.09934519e+00,8.743465e-01,2.213001e-01,5.194846e-01,5.928062e-01,,
590,2.51500000e+01,-5.09933964e+00,8.743465e-01,2.213227e-01,5.195069e-01,5.928411e-01,,
591,2.51500000e+01,-5.09934484e+00,8.743465e-01,2.213197e-01,5.195037e-01,5.928366e-01,,
592,2.51500000e+01,-5.09934855e+00,8.743465e-01,2.213016e-01,5.194825e-01,5.928125e-01,,
593,2.51500000e+01,-5.09934634e+00,8.743465e-01,2.212947e-01,5.194749e-01,5.928027e-01,,
594,2.51500000e+01,-5.09934149e+00,8.743465e-01,2.213131e-01,5.194966e-01,5.928272e-01,,
595,2.51500000e+01,-5.09934109e+00,8.743465e-01,2.213253e-01,5.195122e-01,5.928422e-01,,
596,2.51500000e+01,-5.09934722e+00,8.743465e-01,2.213113e-01,5.195021e-01,5.928160e-01,,
597,2.51500000e+01,-5.09935220e+00,8.743465e-01,2.212906e-01,5.194780e-01,5.927882e-01,,
598,2.51500000e+01,-5.09934968e+00,8.743465e-01,2.212984e-01,5.194790e-01,5.928078e-01,,
599,2.51500000e+01,-5.09934173e+00,8.743465e-01,2.213265e-01,5.195041e-01,5.928546e-01,,
600,2.51500000e+01,-5.09934488e+00,8.743465e-01,2.213290e-01,5.195117e-01,5.928525e-01,,
601,2.51500000e+01,-5.09935023e+00,8.743465e-01,2.213022e-01,5.194905e-01,5.928049e-01,,
602,2.51500000e+01,-5.09935082e+00,8.743465e-01,2.212892e-01,5.194760e-01,5.927866e-01,,
603,2.51500000e+01,-5.09934776e+00,8.743465e-01,2.213049e-01,5.194906e-01,5.928121e-01,,
604,2.51500000e+01,-5.09934329e+00,8.743465e-01,2.213252e-01,5.195117e-01,5.928424e-01,,
605,2.51500000e+01,-5.09934694e+00,8.743465e-01,2.213176e-01,5.195043e-01,5.928305e-01,,
606,2.51500000e+01,-5.09934867e+00,8.743465e-01,2.213022e-01,5.194829e-01,5.928138e-01,,
607,2.51500000e+01,-5.09934543e+00,8.743465e-01,2.213008e-01,5.194779e-01,5.928156e-01,,
608,2.51500000e+01,-5.09933790e+00,8.743465e-01,2.213186e-01,5.194984e-01,5.928400e-01,,
609,2.51500000e+01,-5.09933978e+00,8.743465e-01,2.213271e-01,5.195124e-01,5.928467e-01,,
610,2.51500000e+01,-5.09934503e+00,8.743465e-01,2.213053e-01,5.194941e-01,5.928091e-01,,
611,2.51500000e+01,-5.09934929e+00,8.743465e-01,2.212894e-01,5.194763e-01,5.927869e-01,,
612,2.51500000e+01,-5.09934585e+00,8.743465e-01,2.212995e-01,5.194814e-01,5.928083e-01,,
613,2.51500000e+01,-5.09933859e+00,8.743465e-01,2.213265e-01,5.195048e-01,5.928537e-01,,
614,2.51500000e+01,-5.09934199e+00,8.743465e-01,2.213272e-01,5.195082e-01,5.928518e-01,,
615,2.51500000e+01,-5.09934677e+00,8.743465e-01,2.213012e-01,5.194859e-01,5.928074e-01,,
616,2.51500000e+01,-5.09934700e+00,8.743465e-01,2.212877e-01,5.194730e-01,5.927862e-01,,
617,2.51500000e+01,-5.09934320e+00,8.743465e-01,2.213045e-01,5.194890e-01,5.928127e-01,,
618,2.51500000e+01,-5.09934016e+00,8.743465e-01,2.213218e-01,5.195090e-01,5.928363e-01,,
619,2.51500000e+01,-5.09934817e+00,8.743465e-01,2.213158e-01,5.195063e-01,5.928233e-01,,
620,2.51500000e+01,-5.09935204e+00,8.743465e-01,2.212945e-01,5.194788e-01,5.927977e-01,,
621,2.51500000e+01,-5.09934921e+00,8.743465e-01,2.212980e-01,5.194758e-01,5.928103e-01,,
622,2.51500000e+01,-5.09934037e+00,8.743465e-01,2.213168e-01,5.194950e-01,5.928389e-01,,
623,2.51500000e+01,-5.09934239e+00,8.743465e-01,2.213233e-01,5.195077e-01,5.928418e-01,,
624,2.51500000e+01,-5.09934711e+00,8.743465e-01,2.213008e-01,5.194886e-01,5.928032e-01,,
625,2.51500000e+01,-5.09934995e+00,8.743465e-01,2.212852e-01,5.194717e-01,5.927810e-01,,
626,2.51500000e+01,-5.09934647e+00,8.743465e-01,2.212986e-01,5.194804e-01,5.928070e-01,,
627,2.51500000e+01,-5.09934064e+00,8.743465e-01,2.213245e-01,5.195040e-01,5.928494e-01,,
628,2.51500000e+01,-5.09934350e+00,8.743465e-01,2.213245e-01,5.195038e-01,5.928495e-01,,
629,2.51500000e+01,-5.09934683e+00,8.743465e-01,2.213017e-01,5.194818e-01,5.928135e-01,,
630,2.51500000e+01,-5.09934554e+00,8.743465e-01,2.212899e-01,5.194714e-01,5.927938e-01,,
631,2.51500000e+01,-5.09934032e+00,8.743465e-01,2.213074e-01,5.194897e-01,5.928197e-01,,
632,2.51500000e+01,-5.09933862e+00,8.743465e-01,2.213241e-01,5.195098e-01,5.928414e-01,,
633,2.51500000e+01,-5.09934624e+00,8.743465e-01,2.213148e-01,5.195036e-01,5.928236e-01,,
634,2.51500000e+01,-5.09935005e+00,8.743465e-01,2.212935e-01,5.194778e-01,5.927962e-01,,
635,2.51500000e+01,-5.09934495e+00,8.743465e-01,2.212965e-01,5.194727e-01,5.928099e-01,,
636,2.51500000e+01,-5.09933724e+00,8.743465e-01,2.213235e-01,5.194992e-01,5.928520e-01,,
637,2.51500000e+01,-5.09934050e+00,8.743465e-01,2.213280e-01,5.195114e-01,5.928502e-01,,
638,2.51500000e+01,-5.09934617e+00,8.743465e-01,2.213024e-01,5.194914e-01,5.928044e-01,,
639,2.51500000e+01,-5.09934900e+00,8.743465e-01,2.212876e-01,5.194756e-01,5.927829e-01,,
640,2.51500000e+01,-5.09934618e+00,8.743465e-01,2.213014e-01,5.194872e-01,5.928067e-01,,
641,2.51500000e+01,-5.09934001e+00,8.743465e-01,2.213247e-01,5.195095e-01,5.928435e-01,,
642,2.51500000e+01,-5.09934449e+00,8.743465e-01,2.213221e-01,5.195065e-01,5.928399e-01,,
643,2.51500000e+01,-5.09934818e+00,8.743465e-01,2.213030e-01,5.194850e-01,5.928134e-01,,
644,2.51500000e+01,-5.09934621e+00,8.743465e-01,2.212948e-01,5.194766e-01,5.928010e-01,,
645,2.51500000e+01,-5.09934173e+00,8.743465e-01,2.213134e-01,5.194983e-01,5.928261e-01,,
646,2.51500000e+01,-5.09934111e+00,8.743465e-01,2.213257e-01,5.195136e-01,5.928415e-01,,
647,2.51500000e+01,-5.09934732e+00,8.743465e-01,2.213119e-01,5.195037e-01,5.928158e-01,,
648,2.51500000e+01,-5.09935220e+00,8.743465e-01,2.212906e-01,5.194790e-01,5.927871e-01,,
649,2.51500000e+01,-5.09934952e+00,8.743465e-01,2.212976e-01,5.194787e-01,5.928061e-01,,
650,2.51500000e+01,-5.09934170e+00,8.743465e-01,2.213255e-01,5.195037e-01,5.928522e-01,,
651,2.51500000e+01,-5.09934463e+00,8.743465e-01,2.213283e-01,5.195118e-01,5.928507e-01,,
652,2.51500000e+01,-5.09934986e+00,8.743465e-01,2.213015e-01,5.194902e-01,5.928035e-01,,
653,2.51500000e+01,-5.09935039e+00,8.743465e-01,2.212884e-01,5.194749e-01,5.927858e-01,,
654,2.51500000e+01,-5.09934739e+00,8.743465e-01,2.213035e-01,5.194885e-01,5.928108e-01,,
655,2.51500000e+01,-5.09934269e+00,8.743465e-01,2.213241e-01,5.195098e-01,5.928416e-01,,
656,2.51500000e+01,-5.09934630e+00,8.743465e-01,2.213176e-01,5.195030e-01,5.928320e-01,,
657,2.51500000e+01,-5.09934799e+00,8.743465e-01,2.213013e-01,5.194811e-01,5.928133e-01,,
658,2.51500000e+01,-5.09934484e+00,8.743465e-01,2.212981e-01,5.194750e-01,5.928116e-01,,
659,2.51500000e+01,-5.09933793e+00,8.743465e-01,2.213161e-01,5.194957e-01,5.928362e-01,,
660,2.51500000e+01,-5.09933963e+00,8.743465e-01,2.213255e-01,5.195099e-01,5.928453e-01,,
661,2.51500000e+01,-5.09934480e+00,8.743465e-01,2.213038e-01,5.194919e-01,5.928076e-01,,
662,2.51500000e+01,-5.09934921e+00,8.743465e-01,2.212881e-01,5.194741e-01,5.927861e-01,,
663,2.51500000e+01,-5.09934538e+00,8.743465e-01,2.212984e-01,5.194782e-01,5.928087e-01,,
664,2.51500000e+01,-5.09933715e+00,8.743465e-01,2.213259e-01,5.195017e-01,5.928557e-01,,
665,2.51500000e+01,-5.09933985e+00,8.743465e-01,2.213274e-01,5.195060e-01,5.928548e-01,,
666,2.51500000e+01,-5.09934406e+00,8.743465e-01,2.213013e-01,5.194838e-01,5.928102e-01,,
667,2.51500000e+01,-5.09934407e+00,8.743465e-01,2.212878e-01,5.194707e-01,5.927890e-01,,
668,2.51500000e+01,-5.09934030e+00,8.743465e-01,2.213046e-01,5.194867e-01,5.928159e-01,,
669,2.51500000e+01,-5.09933704e+00,8.743465e-01,2.213230e-01,5.195073e-01,5.928414e-01,,
670,2.51500000e+01,-5.09934512e+00,8.743465e-01,2.213184e-01,5.195058e-01,5.928310e-01,,
671,2.51500000e+01,-5.09934907e+00,8.743465e-01,2.212967e-01,5.194782e-01,5.928041e-01,,
672,2.51500000e+01,-5.09934690e+00,8.743465e-01,2.212982e-01,5.194748e-01,5.928122e-01,,
673,2.51500000e+01,-5.09933950e+00,8.743465e-01,2.213165e-01,5.194952e-01,5.928380e-01,,
674,2.51500000e+01,-5.09934238e+00,8.743465e-01,2.213235e-01,5.195089e-01,5.928412e-01,,
675,2.51500000e+01,-5.09934809e+00,8.743465e-01,2.213013e-01,5.194906e-01,5.928025e-01,,
676,2.51500000e+01,-5.09935220e+00,8.743465e-01,2.212854e-01,5.194740e-01,5.927789e-01,,
677,2.51500000e+01,-5.09934930e+00,8.743465e-01,2.212977e-01,5.194822e-01,5.928023e-01,,
678,2.51500000e+01,-5.09934362e+00,8.743465e-01,2.213242e-01,5.195062e-01,5.928459e-01,,
679,2.51500000e+01,-5.09934680e+00,8.743465e-01,2.213248e-01,5.195074e-01,5.928463e-01,,
680,2.51500000e+01,-5.09935021e+00,8.743465e-01,2.213017e-01,5.194854e-01,5.928093e-01,,
681,2.51500000e+01,-5.09934889e+00,8.743465e-01,2.212896e-01,5.194744e-01,5.927896e-01,,
682,2.51500000e+01,-5.09934349e+00,8.743465e-01,2.213074e-01,5.194921e-01,5.928171e-01,,
683,2.51500000e+01,-5.09934076e+00,8.743465e-01,2.213246e-01,5.195123e-01,5.928402e-01,,
684,2.51500000e+01,-5.09934806e+00,8.743465e-01,2.213166e-01,5.195071e-01,5.928246e-01,,
685,2.51500000e+01,-5.09935144e+00,8.743465e-01,2.212954e-01,5.194808e-01,5.927979e-01,,
686,2.51500000e+01,-5.09934803e+00,8.743465e-01,2.213033e-01,5.194812e-01,5.928184e-01,,
687,2.51500000e+01,-5.09933900e+00,8.743465e-01,2.213223e-01,5.195002e-01,5.928478e-01,,
688,2.51500000e+01,-5.09934145e+00,8.743465e-01,2.213265e-01,5.195117e-01,5.928459e-01,,
689,2.51500000e+01,-5.09934662e+00,8.743465e-01,2.213021e-01,5.194923e-01,5.928027e-01,,
690,2.51500000e+01,-5.09934925e+00,8.743465e-01,2.212871e-01,5.194762e-01,5.927810e-01,,
691,2.51500000e+01,-5.09934638e+00,8.743465e-01,2.213010e-01,5.194872e-01,5.928055e-01,,
692,2.51500000e+01,-5.09933939e+00,8.743465e-01,2.213255e-01,5.195095e-01,5.928457e-01,,
693,2.51500000e+01,-5.09934272e+00,8.743465e-01,2.213235e-01,5.195066e-01,5.928437e-01,,
694,2.51500000e+01,-5.09934563e+00,8.743465e-01,2.213037e-01,5.194844e-01,5.928158e-01,,
695,2.51500000e+01,-5.09934305e+00,8.743465e-01,2.212947e-01,5.194751e-01,5.928025e-01,,
696,2.51500000e+01,-5.09933688e+00,8.743465e-01,2.213115e-01,5.194936e-01,5.928261e-01,,
697,2.51500000e+01,-5.09933581e+00,8.743465e-01,2.213267e-01,5.195125e-01,5.928455e-01,,
698,2.51500000e+01,-5.09934337e+00,8.743465e-01,2.213138e-01,5.195034e-01,5.928213e-01,,
699,2.51500000e+01,-5.09934813e+00,8.743465e-01,2.212916e-01,5.194776e-01,5.927914e-01,,
700,2.51500000e+01,-5.09934514e+00,8.743465e-01,2.212973e-01,5.194756e-01,5.928088e-01,,
701,2.51500000e+01,-5.09933784e+00,8.743465e-01,2.213244e-01,5.195008e-01,5.928528e-01,,
702,2.51500000e+01,-5.09934176e+00,8.743465e-01,2.213272e-01,5.195099e-01,5.928497e-01,,
703,2.51500000e+01,-5.09934803e+00,8.743465e-01,2.213004e-01,5.194886e-01,5.928022e-01,,
704,2.51500000e+01,-5.09935026e+00,8.743465e-01,2.212860e-01,5.194732e-01,5.927813e-01,,
705,2.51500000e+01,-5.09934698e+00,8.743465e-01,2.213004e-01,5.194857e-01,5.928056e-01,,
706,2.51500000e+01,-5.09934189e+00,8.743465e-01,2.213215e-01,5.195068e-01,5.928381e-01,,
707,2.51500000e+01,-5.09934710e+00,8.743465e-01,2.213160e-01,5.195015e-01,5.928293e-01,,
708,2.51500000e+01,-5.09934987e+00,8.743465e-01,2.212994e-01,5.194797e-01,5.928098e-01,,
709,2.51500000e+01,-5.09934680e+00,8.743465e-01,2.212952e-01,5.194728e-01,5.928063e-01,,
710,2.51500000e+01,-5.09934010e+00,8.743465e-01,2.213136e-01,5.194938e-01,5.928318e-01,,
711,2.51500000e+01,-5.09934176e+00,8.743465e-01,2.213241e-01,5.195087e-01,5.928429e-01,,
712,2.51500000e+01,-5.09934713e+00,8.743465e-01,2.213089e-01,5.194969e-01,5.928156e-01,,
713,2.51500000e+01,-5.09935047e+00,8.743465e-01,2.212893e-01,5.194728e-01,5.927907e-01,,
714,2.51500000e+01,-5.09934707e+00,8.743465e-01,2.212985e-01,5.194758e-01,5.928119e-01,,
715,2.51500000e+01,-5.09933893e+00,8.743465e-01,2.213271e-01,5.195004e-01,5.928603e-01,,
716,2.51500000e+01,-5.09934216e+00,8.743465e-01,2.213288e-01,5.195063e-01,5.928583e-01,,
717,2.51500000e+01,-5.09934711e+00,8.743465e-01,2.213020e-01,5.194851e-01,5.928106e-01,,
718,2.51500000e+01,-5.09934750e+00,8.743465e-01,2.212887e-01,5.194720e-01,5.927901e-01,,
719,2.51500000e+01,-5.09934455e+00,8.743465e-01,2.213052e-01,5.194879e-01,5.928160e-01,,
720,2.51500000e+01,-5.09934135e+00,8.743465e-01,2.213241e-01,5.195091e-01,5.928425e-01,,
721,2.51500000e+01,-5.09934891e+00,8.743465e-01,2.213210e-01,5.195085e-01,5.928346e-01,,
722,2.51500000e+01,-5.09935189e+00,8.743465e-01,2.212987e-01,5.194807e-01,5.928068e-01,,
723,2.51500000e+01,-5.09934936e+00,8.743465e-01,2.212990e-01,5.194767e-01,5.928122e-01,,
724,2.51500000e+01,-5.09934174e+00,8.743465e-01,2.213175e-01,5.194977e-01,5.928378e-01,,
725,2.51500000e+01,-5.09934403e+00,8.743465e-01,2.213253e-01,5.195118e-01,5.928424e-01,,
726,2.51500000e+01,-5.09934937e+00,8.743465e-01,2.213032e-01,5.194938e-01,5.928038e-01,,
727,2.51500000e+01,-5.09935334e+00,8.743465e-01,2.212870e-01,5.194769e-01,5.927797e-01,,
728,2.51500000e+01,-5.09935011e+00,8.743465e-01,2.212986e-01,5.194843e-01,5.928024e-01,,
729,2.51500000e+01,-5.09934393e+00,8.743465e-01,2.213258e-01,5.195082e-01,5.928479e-01,,
730,2.51500000e+01,-5.09934693e+00,8.743465e-01,2.213265e-01,5.195100e-01,5.928479e-01,,
731,2.51500000e+01,-5.09935032e+00,8.743465e-01,2.213024e-01,5.194877e-01,5.928087e-01,,
732,2.51500000e+01,-5.09934909e+00,8.743465e-01,2.212898e-01,5.194758e-01,5.927885e-01,,
733,2.51500000e+01,-5.09934384e+00,8.743465e-01,2.213074e-01,5.194929e-01,5.928161e-01,,
734,2.51500000e+01,-5.09934082e+00,8.743465e-01,2.213247e-01,5.195129e-01,5.928396e-01,,
735,2.51500000e+01,-5.09934839e+00,8.743465e-01,2.213171e-01,5.195084e-01,5.928243e-01,,
736,2.51500000e+01,-5.09935211e+00,8.743465e-01,2.212956e-01,5.194816e-01,5.927974e-01,,
737,2.51500000e+01,-5.09934892e+00,8.743465e-01,2.213017e-01,5.194806e-01,5.928148e-01,,
738,2.51500000e+01,-5.09934000e+00,8.743465e-01,2.213203e-01,5.194993e-01,5.928433e-01,,
739,2.51500000e+01,-5.09934243e+00,8.743465e-01,2.213249e-01,5.195110e-01,5.928425e-01,,
740,2.51500000e+01,-5.09934741e+00,8.743465e-01,2.213011e-01,5.194914e-01,5.928011e-01,,
741,2.51500000e+01,-5.09934988e+00,8.743465e-01,2.212859e-01,5.194747e-01,5.927793e-01,,
742,2.51500000e+01,-5.09934673e+00,8.743465e-01,2.212996e-01,5.194847e-01,5.928044e-01,,
743,2.51500000e+01,-5.09933878e+00,8.743465e-01,2.213250e-01,5.195068e-01,5.928474e-01,,
744,2.51500000e+01,-5.09934107e+00,8.743465e-01,2.213238e-01,5.195042e-01,5.928472e-01,,
745,2.51500000e+01,-5.09934340e+00,8.743465e-01,2.213032e-01,5.194818e-01,5.928175e-01,,
746,2.51500000e+01,-5.09934071e+00,8.743465e-01,2.212933e-01,5.194720e-01,5.928023e-01,,
747,2.51500000e+01,-5.09933455e+00,8.743465e-01,2.213102e-01,5.194903e-01,5.928266e-01,,
748,2.51500000e+01,-5.09933333e+00,8.743465e-01,2.213261e-01,5.195096e-01,5.928472e-01,,
749,2.51500000e+01,-5.09934113e+00,8.743465e-01,2.213142e-01,5.195012e-01,5.928249e-01,,
750,2.51500000e+01,-5.09934590e+00,8.743465e-01,2.212919e-01,5.194752e-01,5.927949e-01,,
751,2.51500000e+01,-5.09934268e+00,8.743465e-01,2.212965e-01,5.194723e-01,5.928106e-01,,
752,2.51500000e+01,-5.09933586e+00,8.743465e-01,2.213235e-01,5.194981e-01,5.928533e-01,,
753,2.51500000e+01,-5.09934026e+00,8.743465e-01,2.213266e-01,5.195083e-01,5.928499e-01,,
754,2.51500000e+01,-5.09934705e+00,8.743465e-01,2.213001e-01,5.194876e-01,5.928027e-01,,
755,2.51500000e+01,-5.09935001e+00,8.743465e-01,2.212855e-01,5.194722e-01,5.927810e-01,,
756,2.51500000e+01,-5.09934716e+00,8.743465e-01,2.212994e-01,5.194846e-01,5.928043e-01,,
757,2.51500000e+01,-5.09934221e+00,8.743465e-01,2.213211e-01,5.195064e-01,5.928374e-01,,
758,2.51500000e+01,-5.09934764e+00,8.743465e-01,2.213169e-01,5.195021e-01,5.928312e-01,,
759,2.51500000e+01,-5.09935083e+00,8.743465e-01,2.212999e-01,5.194807e-01,5.928100e-01,,
760,2.51500000e+01,-5.09934778e+00,8.743465e-01,2.212948e-01,5.194734e-01,5.928046e-01,,
761,2.51500000e+01,-5.09934194e+00,8.743465e-01,2.213133e-01,5.194948e-01,5.928296e-01,,
762,2.51500000e+01,-5.09934125e+00,8.743465e-01,2.213251e-01,5.195102e-01,5.928439e-01,,
763,2.51500000e+01,-5.09934656e+00,8.743465e-01,2.213106e-01,5.194993e-01,5.928175e-01,,
764,2.51500000e+01,-5.09935075e+00,8.743465e-01,2.212909e-01,5.194752e-01,5.927922e-01,,
765,2.51500000e+01,-5.09934769e+00,8.743465e-01,2.212996e-01,5.194775e-01,5.928128e-01,,
766,2.51500000e+01,-5.09933927e+00,8.743465e-01,2.213282e-01,5.195026e-01,5.928608e-01,,
767,2.51500000e+01,-5.09934246e+00,8.743465e-01,2.213303e-01,5.195096e-01,5.928585e-01,,
768,2.51500000e+01,-5.09934788e+00,8.743465e-01,2.213033e-01,5.194886e-01,5.928102e-01,,
769,2.51500000e+01,-5.09934876e+00,8.743465e-01,2.212901e-01,5.194750e-01,5.927903e-01,,
770,2.51500000e+01,-5.09934615e+00,8.743465e-01,2.213060e-01,5.194904e-01,5.928153e-01,,
771,2.51500000e+01,-5.09934262e+00,8.743465e-01,2.213255e-01,5.195116e-01,5.928433e-01,,
772,2.51500000e+01,-5.09934967e+00,8.743465e-01,2.213239e-01,5.195114e-01,5.928391e-01,,
773,2.51500000e+01,-5.09935181e+00,8.743465e-01,2.213011e-01,5.194827e-01,5.928108e-01,,
774,2.51500000e+01,-5.09934863e+00,8.743465e-01,2.213003e-01,5.194775e-01,5.928147e-01,,
775,2.51500000e+01,-5.09934063e+00,8.743465e-01,2.213189e-01,5.194984e-01,5.928407e-01,,
776,2.51500000e+01,-5.09934247e+00,8.743465e-01,2.213270e-01,5.195127e-01,5.928462e-01,,
777,2.51500000e+01,-5.09934760e+00,8.743465e-01,2.213051e-01,5.194946e-01,5.928080e-01,,
778,2.51500000e+01,-5.09935174e+00,8.743465e-01,2.212890e-01,5.194772e-01,5.927846e-01,,
779,2.51500000e+01,-5.09934838e+00,8.743465e-01,2.212996e-01,5.194832e-01,5.928061e-01,,
780,2.51500000e+01,-5.09934166e+00,8.743465e-01,2.213266e-01,5.195069e-01,5.928515e-01,,
781,2.51500000e+01,-5.09934502e+00,8.743465e-01,2.213272e-01,5.195096e-01,5.928500e-01,,
782,2.51500000e+01,-5.09934941e+00,8.743465e-01,2.213016e-01,5.194873e-01,5.928070e-01,,
783,2.51500000e+01,-5.09934908e+00,8.743465e-01,2.212884e-01,5.194748e-01,5.927860e-01,,
784,2.51500000e+01,-5.09934473e+00,8.743465e-01,2.213054e-01,5.194911e-01,5.928129e-01,,
785,2.51500000e+01,-5.09934175e+00,8.743465e-01,2.213226e-01,5.195110e-01,5.928363e-01,,
786,2.51500000e+01,-5.09934955e+00,8.743465e-01,2.213159e-01,5.195074e-01,5.928223e-01,,
787,2.51500000e+01,-5.09935332e+00,8.743465e-01,2.212944e-01,5.194802e-01,5.927960e-01,,
788,2.51500000e+01,-5.09935016e+00,8.743465e-01,2.212990e-01,5.194778e-01,5.928108e-01,,
789,2.51500000e+01,-5.09934099e+00,8.743465e-01,2.213178e-01,5.194965e-01,5.928398e-01,,
790,2.51500000e+01,-5.09934291e+00,8.743465e-01,2.213236e-01,5.195087e-01,5.928415e-01,,
791,2.51500000e+01,-5.09934739e+00,8.743465e-01,2.213006e-01,5.194892e-01,5.928021e-01,,
792,2.51500000e+01,-5.09934971e+00,8.743465e-01,2.212852e-01,5.194722e-01,5.927803e-01,,
793,2.51500000e+01,-5.09934581e+00,8.743465e-01,2.212997e-01,5.194812e-01,5.928088e-01,,
794,2.51500000e+01,-5.09933973e+00,8.743465e-01,2.213250e-01,5.195043e-01,5.928502e-01,,
795,2.51500000e+01,-5.09934229e+00,8.743465e-01,2.213245e-01,5.195030e-01,5.928505e-01,,
796,2.51500000e+01,-5.09934519e+00,8.743465e-01,2.213024e-01,5.194808e-01,5.928166e-01,,
797,2.51500000e+01,-5.09934335e+00,8.743465e-01,2.212910e-01,5.194707e-01,5.927976e-01,,
798,2.51500000e+01,-5.09933777e+00,8.743465e-01,2.213080e-01,5.194890e-01,5.928221e-01,,
799,2.51500000e+01,-5.09933654e+00,8.743465e-01,2.213241e-01,5.195088e-01,5.928428e-01,,
800,2.51500000e+01,-5.09934441e+00,8.743465e-01,2.213137e-01,5.195017e-01,5.928228e-01,,
801,2.51500000e+01,-5.09934861e+00,8.743465e-01,2.212921e-01,5.194759e-01,5.927946e-01,,
802,2.51500000e+01,-5.09934415e+00,8.743465e-01,2.212958e-01,5.194717e-01,5.928093e-01,,
803,2.51500000e+01,-5.09933666e+00,8.743465e-01,2.213230e-01,5.194979e-01,5.928523e-01,,
804,2.51500000e+01,-5.09934011e+00,8.743465e-01,2.213275e-01,5.195093e-01,5.928511e-01,,
805,2.51500000e+01,-5.09934600e+00,8.743465e-01,2.213016e-01,5.194891e-01,5.928048e-01,,
806,2.51500000e+01,-5.09934854e+00,8.743465e-01,2.212868e-01,5.194736e-01,5.927831e-01,,
807,2.51500000e+01,-5.09934554e+00,8.743465e-01,2.213007e-01,5.194857e-01,5.928064e-01,,
808,2.51500000e+01,-5.09933991e+00,8.743465e-01,2.213234e-01,5.195081e-01,5.928417e-01,,
809,2.51500000e+01,-5.09934504e+00,8.743465e-01,2.213205e-01,5.195049e-01,5.928374e-01,,
810,2.51500000e+01,-5.09934880e+00,8.743465e-01,2.213022e-01,5.194837e-01,5.928127e-01,,
811,2.51500000e+01,-5.09934671e+00,8.743465e-01,2.212949e-01,5.194759e-01,5.928021e-01,,
812,2.51500000e+01,-5.09934194e+00,8.743465e-01,2.213134e-01,5.194976e-01,5.928268e-01,,
813,2.51500000e+01,-5.09934151e+00,8.743465e-01,2.213255e-01,5.195131e-01,5.928417e-01,,
814,2.51500000e+01,-5.09934769e+00,8.743465e-01,2.213115e-01,5.195030e-01,5.928155e-01,,
815,2.51500000e+01,-5.09935268e+00,8.743465e-01,2.212906e-01,5.194787e-01,5.927875e-01,,
816,2.51500000e+01,-5.09935012e+00,8.743465e-01,2.212982e-01,5.194794e-01,5.928069e-01,,
817,2.51500000e+01,-5.09934214e+00,8.743465e-01,2.213263e-01,5.195044e-01,5.928536e-01,,
818,2.51500000e+01,-5.09934518e+00,8.743465e-01,2.213289e-01,5.195120e-01,5.928518e-01,,
819,2.51500000e+01,-5.09935042e+00,8.743465e-01,2.213020e-01,5.194906e-01,5.928044e-01,,
820,2.51500000e+01,-5.09935088e+00,8.743465e-01,2.212890e-01,5.194759e-01,5.927863e-01,,
821,2.51500000e+01,-5.09934772e+00,8.743465e-01,2.213046e-01,5.194902e-01,5.928117e-01,,
822,2.51500000e+01,-5.09934309e+00,8.743465e-01,2.213250e-01,5.195112e-01,5.928424e-01,,
823,2.51500000e+01,-5.09934661e+00,8.743465e-01,2.213177e-01,5.195039e-01,5.928310e-01,,
824,2.51500000e+01,-5.09934823e+00,8.743465e-01,2.213021e-01,5.194823e-01,5.928140e-01,,
825,2.51500000e+01,-5.09934494e+00,8.743465e-01,2.213002e-01,5.194770e-01,5.928150e-01,,
826,2.51500000e+01,-5.09933749e+00,8.743465e-01,2.213179e-01,5.194975e-01,5.928391e-01,,
827,2.51500000e+01,-5.09933931e+00,8.743465e-01,2.213266e-01,5.195115e-01,5.928463e-01,,
828,2.51500000e+01,-5.09934459e+00,8.743465e-01,2.213048e-01,5.194932e-01,5.928088e-01,,
829,2.51500000e+01,-5.09934892e+00,8.743465e-01,2.212890e-01,5.194754e-01,5.927868e-01,,
830,2.51500000e+01,-5.09934544e+00,8.743465e-01,2.212991e-01,5.194803e-01,5.928083e-01,,
831,2.51500000e+01,-5.09933801e+00,8.743465e-01,2.213262e-01,5.195037e-01,5.928542e-01,,
832,2.51500000e+01,-5.09934128e+00,8.743465e-01,2.213271e-01,5.195072e-01,5.928526e-01,,
833,2.51500000e+01,-5.09934592e+00,8.743465e-01,2.213011e-01,5.194850e-01,5.928082e-01,,
834,2.51500000e+01,-5.09934611e+00,8.743465e-01,2.212876e-01,5.194719e-01,5.927870e-01,,
835,2.51500000e+01,-5.09934229e+00,8.743465e-01,2.213044e-01,5.194880e-01,5.928137e-01,,
836,2.51500000e+01,-5.09933918e+00,8.743465e-01,2.213219e-01,5.195081e-01,5.928376e-01,,
837,2.51500000e+01,-5.09934720e+00,8.743465e-01,2.213162e-01,5.195057e-01,5.928252e-01,,
838,2.51500000e+01,-5.09935112e+00,8.743465e-01,2.212949e-01,5.194782e-01,5.927995e-01,,
839,2.51500000e+01,-5.09934846e+00,8.743465e-01,2.212980e-01,5.194752e-01,5.928111e-01,,
840,2.51500000e+01,-5.09933998e+00,8.743465e-01,2.213167e-01,5.194947e-01,5.928390e-01,,
841,2.51500000e+01,-5.09934224e+00,8.743465e-01,2.213233e-01,5.195077e-01,5.928419e-01,,
842,2.51500000e+01,-5.09934723e+00,8.743465e-01,2.213009e-01,5.194889e-01,5.928033e-01,,
843,2.51500000e+01,-5.09935045e+00,8.743465e-01,2.212853e-01,5.194721e-01,5.927807e-01,,
844,2.51500000e+01,-5.09934722e+00,8.743465e-01,2.212984e-01,5.194808e-01,5.928057e-01,,
845,2.51500000e+01,-5.09934154e+00,8.743465e-01,2.213244e-01,5.195046e-01,5.928484e-01,,
846,2.51500000e+01,-5.09934457e+00,8.743465e-01,2.213245e-01,5.195047e-01,5.928485e-01,,
847,2.51500000e+01,-5.09934799e+00,8.743465e-01,2.213016e-01,5.194828e-01,5.928122e-01,,
848,2.51500000e+01,-5.09934675e+00,8.743465e-01,2.212899e-01,5.194724e-01,5.927926e-01,,
849,2.51500000e+01,-5.09934151e+00,8.743465e-01,2.213075e-01,5.194907e-01,5.928190e-01,,
850,2.51500000e+01,-5.09933955e+00,8.743465e-01,2.213244e-01,5.195109e-01,5.928411e-01,,
851,2.51500000e+01,-5.09934702e+00,8.743465e-01,2.213154e-01,5.195049e-01,5.928238e-01,,
852,2.51500000e+01,-5.09935061e+00,8.743465e-01,2.212942e-01,5.194790e-01,5.927967e-01,,
853,2.51500000e+01,-5.09934530e+00,8.743465e-01,2.212969e-01,5.194736e-01,5.928101e-01,,
854,2.51500000e+01,-5.09933744e+00,8.743465e-01,2.213238e-01,5.195001e-01,5.928518e-01,,
855,2.51500000e+01,-5.09934054e+00,8.743465e-01,2.213283e-01,5.195123e-01,5.928500e-01,,
856,2.51500000e+01,-5.09934606e+00,8.743465e-01,2.213028e-01,5.194922e-01,5.928045e-01,,
857,2.51500000e+01,-5.09934887e+00,8.743465e-01,2.212880e-01,5.194763e-01,5.927830e-01,,
858,2.51500000e+01,-5.09934601e+00,8.743465e-01,2.213018e-01,5.194876e-01,5.928070e-01,,
859,2.51500000e+01,-5.09933964e+00,8.743465e-01,2.213251e-01,5.195099e-01,5.928443e-01,,
860,2.51500000e+01,-5.09934390e+00,8.743465e-01,2.213225e-01,5.195068e-01,5.928408e-01,,
861,2.51500000e+01,-5.09934754e+00,8.743465e-01,2.213032e-01,5.194852e-01,5.928138e-01,,
862,2.51500000e+01,-5.09934558e+00,8.743465e-01,2.212948e-01,5.194766e-01,5.928009e-01,,
863,2.51500000e+01,-5.09934119e+00,8.743465e-01,2.213134e-01,5.194982e-01,5.928261e-01,,
864,2.51500000e+01,-5.09934053e+00,8.743465e-01,2.213256e-01,5.195134e-01,5.928416e-01,,
865,2.51500000e+01,-5.09934676e+00,8.743465e-01,2.213118e-01,5.195035e-01,5.928159e-01,,
866,2.51500000e+01,-5.09935165e+00,8.743465e-01,2.212904e-01,5.194787e-01,5.927868e-01,,
867,2.51500000e+01,-5.09934898e+00,8.743465e-01,2.212973e-01,5.194781e-01,5.928060e-01,,
868,2.51500000e+01,-5.09934122e+00,8.743465e-01,2.213250e-01,5.195030e-01,5.928519e-01,,
869,2.51500000e+01,-5.09934418e+00,8.743465e-01,2.213279e-01,5.195111e-01,5.928504e-01,,
870,2.51500000e+01,-5.09934943e+00,8.743465e-01,2.213011e-01,5.194894e-01,5.928032e-01,,
871,2.51500000e+01,-5.09935001e+00,8.743465e-01,2.212879e-01,5.194739e-01,5.927856e-01,,
872,2.51500000e+01,-5.09934708e+00,8.743465e-01,2.213030e-01,5.194875e-01,5.928106e-01,,
873,2.51500000e+01,-5.09934240e+00,8.743465e-01,2.213235e-01,5.195087e-01,5.928413e-01,,
874,2.51500000e+01,-5.09934609e+00,8.743465e-01,2.213173e-01,5.195021e-01,5.928320e-01,,
875,2.51500000e+01,-5.09934788e+00,8.743465e-01,2.213008e-01,5.194801e-01,5.928130e-01,,
876,2.51500000e+01,-5.09934477e+00,8.743465e-01,2.212973e-01,5.194739e-01,5.928109e-01,,
877,2.51500000e+01,-5.09933800e+00,8.743465e-01,2.213154e-01,5.194947e-01,5.928354e-01,,
878,2.51500000e+01,-5.09933971e+00,8.743465e-01,2.213250e-01,5.195091e-01,5.928449e-01,,
879,2.51500000e+01,-5.09934486e+00,8.743465e-01,2.213035e-01,5.194912e-01,5.928076e-01,,
880,2.51500000e+01,-5.09934927e+00,8.743465e-01,2.212880e-01,5.194734e-01,5.927864e-01,,
881,2.51500000e+01,-5.09934536e+00,8.743465e-01,2.212982e-01,5.194775e-01,5.928091e-01,,
882,2.51500000e+01,-5.09933697e+00,8.743465e-01,2.213259e-01,5.195011e-01,5.928563e-01,,
883,2.51500000e+01,-5.09933962e+00,8.743465e-01,2.213275e-01,5.195057e-01,5.928555e-01,,
884,2.51500000e+01,-5.09934386e+00,8.743465e-01,2.213014e-01,5.194837e-01,5.928104e-01,,
885,2.51500000e+01,-5.09934392e+00,8.743465e-01,2.212879e-01,5.194706e-01,5.927893e-01,,
886,2.51500000e+01,-5.09934028e+00,8.743465e-01,2.213048e-01,5.194867e-01,5.928161e-01,,
887,2.51500000e+01,-5.09933706e+00,8.743465e-01,2.213233e-01,5.195076e-01,5.928420e-01,,
888,2.51500000e+01,-5.09934518e+00,8.743465e-01,2.213191e-01,5.195064e-01,5.928320e-01,,
889,2.51500000e+01,-5.09934909e+00,8.743465e-01,2.212972e-01,5.194789e-01,5.928049e-01,,
890,2.51500000e+01,-5.09934701e+00,8.743465e-01,2.212986e-01,5.194755e-01,5.928124e-01,,
891,2.51500000e+01,-5.09933975e+00,8.743465e-01,2.213169e-01,5.194961e-01,5.928378e-01,,
892,2.51500000e+01,-5.09934270e+00,8.743465e-01,2.213241e-01,5.195100e-01,5.928412e-01,,
893,2.51500000e+01,-5.09934849e+00,8.743465e-01,2.213019e-01,5.194919e-01,5.928025e-01,,
894,2.51500000e+01,-5.09935270e+00,8.743465e-01,2.212859e-01,5.194753e-01,5.927787e-01,,
895,2.51500000e+01,-5.09934984e+00,8.743465e-01,2.212980e-01,5.194834e-01,5.928018e-01,,
896,2.51500000e+01,-5.09934412e+00,8.743465e-01,2.213246e-01,5.195074e-01,5.928457e-01,,
897,2.51500000e+01,-5.09934731e+00,8.743465e-01,2.213253e-01,5.195087e-01,5.928461e-01,,
898,2.51500000e+01,-5.09935070e+00,8.743465e-01,2.213020e-01,5.194865e-01,5.928088e-01,,
899,2.51500000e+01,-5.09934934e+00,8.743465e-01,2.212898e-01,5.194752e-01,5.927891e-01,,
900,2.51500000e+01,-5.09934389e+00,8.743465e-01,2.213075e-01,5.194928e-01,5.928166e-01,,
901,2.51500000e+01,-5.09934101e+00,8.743465e-01,2.213248e-01,5.195129e-01,5.928398e-01,,
902,2.51500000e+01,-5.09934830e+00,8.743465e-01,2.213168e-01,5.195078e-01,5.928244e-01,,
903,2.51500000e+01,-5.09935170e+00,8.743465e-01,2.212956e-01,5.194813e-01,5.927977e-01,,
904,2.51500000e+01,-5.09934826e+00,8.743465e-01,2.213030e-01,5.194813e-01,5.928175e-01,,
905,2.51500000e+01,-5.09933924e+00,8.743465e-01,2.213219e-01,5.195002e-01,5.928466e-01,,
906,2.51500000e+01,-5.09934167e+00,8.743465e-01,2.213262e-01,5.195117e-01,5.928450e-01,,
907,2.51500000e+01,-5.09934680e+00,8.743465e-01,2.213019e-01,5.194921e-01,5.928022e-01,,
908,2.51500000e+01,-5.09934941e+00,8.743465e-01,2.212867e-01,5.194759e-01,5.927801e-01,,
909,2.51500000e+01,-5.09934649e+00,8.743465e-01,2.213005e-01,5.194867e-01,5.928047e-01,,
910,2.51500000e+01,-5.09933931e+00,8.743465e-01,2.213252e-01,5.195088e-01,5.928456e-01,,
911,2.51500000e+01,-5.09934242e+00,8.743465e-01,2.213233e-01,5.195059e-01,5.928439e-01,,
912,2.51500000e+01,-5.09934520e+00,8.743465e-01,2.213033e-01,5.194836e-01,5.928157e-01,,
913,2.51500000e+01,-5.09934258e+00,8.743465e-01,2.212941e-01,5.194741e-01,5.928020e-01,,
914,2.51500000e+01,-5.09933641e+00,8.743465e-01,2.213109e-01,5.194925e-01,5.928259e-01,,
915,2.51500000e+01,-5.09933527e+00,8.743465e-01,2.213263e-01,5.195114e-01,5.928456e-01,,
916,2.51500000e+01,-5.09934283e+00,8.743465e-01,2.213136e-01,5.195025e-01,5.928218e-01,,
917,2.51500000e+01,-5.09934756e+00,8.743465e-01,2.212914e-01,5.194766e-01,5.927919e-01,,
918,2.51500000e+01,-5.09934449e+00,8.743465e-01,2.212968e-01,5.194743e-01,5.928090e-01,,
919,2.51500000e+01,-5.09933731e+00,8.743465e-01,2.213239e-01,5.194996e-01,5.928527e-01,,
920,2.51500000e+01,-5.09934137e+00,8.743465e-01,2.213267e-01,5.195090e-01,5.928495e-01,,
921,2.51500000e+01,-5.09934780e+00,8.743465e-01,2.213000e-01,5.194879e-01,5.928020e-01,,
922,2.51500000e+01,-5.09935024e+00,8.743465e-01,2.212856e-01,5.194725e-01,5.927809e-01,,
923,2.51500000e+01,-5.09934711e+00,8.743465e-01,2.212999e-01,5.194850e-01,5.928049e-01,,
924,2.51500000e+01,-5.09934206e+00,8.743465e-01,2.213212e-01,5.195063e-01,5.928377e-01,,
925,2.51500000e+01,-5.09934734e+00,8.743465e-01,2.213159e-01,5.195012e-01,5.928295e-01,,
926,2.51500000e+01,-5.09935021e+00,8.743465e-01,2.212993e-01,5.194796e-01,5.928097e-01,,
927,2.51500000e+01,-5.09934713e+00,8.743465e-01,2.212950e-01,5.194727e-01,5.928059e-01,,
928,2.51500000e+01,-5.09934047e+00,8.743465e-01,2.213136e-01,5.194938e-01,5.928317e-01,,
929,2.51500000e+01,-5.09934205e+00,8.743465e-01,2.213244e-01,5.195089e-01,5.928433e-01,,
930,2.51500000e+01,-5.09934745e+00,8.743465e-01,2.213094e-01,5.194975e-01,5.928163e-01,,
931,2.51500000e+01,-5.09935086e+00,8.743465e-01,2.212899e-01,5.194734e-01,5.927914e-01,,
932,2.51500000e+01,-5.09934748e+00,8.743465e-01,2.212989e-01,5.194763e-01,5.928122e-01,,
933,2.51500000e+01,-5.09933930e+00,8.743465e-01,2.213274e-01,5.195011e-01,5.928605e-01,,
934,2.51500000e+01,-5.09934256e+00,8.743465e-01,2.213293e-01,5.195074e-01,5.928583e-01,,
935,2.51500000e+01,-5.09934760e+00,8.743465e-01,2.213024e-01,5.194863e-01,5.928102e-01,,
936,2.51500000e+01,-5.09934803e+00,8.743465e-01,2.212891e-01,5.194732e-01,5.927896e-01,,
937,2.51500000e+01,-5.09934515e+00,8.743465e-01,2.213055e-01,5.194890e-01,5.928154e-01,,
938,2.51500000e+01,-5.09934188e+00,8.743465e-01,2.213246e-01,5.195103e-01,5.928424e-01,,
939,2.51500000e+01,-5.09934927e+00,8.743465e-01,2.213218e-01,5.195098e-01,5.928354e-01,,
940,2.51500000e+01,-5.09935190e+00,8.743465e-01,2.212995e-01,5.194817e-01,5.928077e-01,,
941,2.51500000e+01,-5.09934905e+00,8.743465e-01,2.212996e-01,5.194774e-01,5.928130e-01,,
942,2.51500000e+01,-5.09934114e+00,8.743465e-01,2.213183e-01,5.194982e-01,5.928393e-01,,
943,2.51500000e+01,-5.09934316e+00,8.743465e-01,2.213262e-01,5.195124e-01,5.928441e-01,,
944,2.51500000e+01,-5.09934826e+00,8.743465e-01,2.213041e-01,5.194943e-01,5.928056e-01,,
945,2.51500000e+01,-5.09935215e+00,8.743465e-01,2.212879e-01,5.194772e-01,5.927818e-01,,
946,2.51500000e+01,-5.09934883e+00,8.743465e-01,2.212992e-01,5.194842e-01,5.928042e-01,,
947,2.51500000e+01,-5.09934255e+00,8.743465e-01,2.213264e-01,5.195081e-01,5.928497e-01,,
948,2.51500000e+01,-5.09934569e+00,8.743465e-01,2.213270e-01,5.195101e-01,5.928490e-01,,
949,2.51500000e+01,-5.09934948e+00,8.743465e-01,2.213023e-01,5.194878e-01,5.928084e-01,,
950,2.51500000e+01,-5.09934864e+00,8.743465e-01,2.212894e-01,5.194757e-01,5.927876e-01,,
951,2.51500000e+01,-5.09934375e+00,8.743465e-01,2.213068e-01,5.194925e-01,5.928150e-01,,
952,2.51500000e+01,-5.09934086e+00,8.743465e-01,2.213240e-01,5.195125e-01,5.928383e-01,,
953,2.51500000e+01,-5.09934861e+00,8.743465e-01,2.213165e-01,5.195082e-01,5.928230e-01,,
954,2.51500000e+01,-5.09935244e+00,8.743465e-01,2.212950e-01,5.194812e-01,5.927961e-01,,
955,2.51500000e+01,-5.09934932e+00,8.743465e-01,2.213006e-01,5.194798e-01,5.928130e-01,,
956,2.51500000e+01,-5.09934034e+00,8.743465e-01,2.213192e-01,5.194985e-01,5.928414e-01,,
957,2.51500000e+01,-5.09934264e+00,8.743465e-01,2.213242e-01,5.195102e-01,5.928413e-01,,
958,2.51500000e+01,-5.09934743e+00,8.743465e-01,2.213006e-01,5.194905e-01,5.928007e-01,,
959,2.51500000e+01,-5.09934978e+00,8.743465e-01,2.212854e-01,5.194737e-01,5.927790e-01,,
960,2.51500000e+01,-5.09934587e+00,8.743465e-01,2.213002e-01,5.194833e-01,5.928079e-01,,
961,2.51500000e+01,-5.09934017e+00,8.743465e-01,2.213249e-01,5.195060e-01,5.928482e-01,,
962,2.51500000e+01,-5.09934305e+00,8.743465e-01,2.213240e-01,5.195038e-01,5.928481e-01,,
963,2.51500000e+01,-5.09934582e+00,8.743465e-01,2.213028e-01,5.194814e-01,5.928170e-01,,
964,2.51500000e+01,-5.09934352e+00,8.743465e-01,2.212921e-01,5.194716e-01,5.927996e-01,,
965,2.51500000e+01,-5.09933756e+00,8.743465e-01,2.213087e-01,5.194898e-01,5.928232e-01,,
966,2.51500000e+01,-5.09933649e+00,8.743465e-01,2.213245e-01,5.195091e-01,5.928435e-01,,
967,2.51500000e+01,-5.09934423e+00,8.743465e-01,2.213128e-01,5.195010e-01,5.928214e-01,,
968,2.51500000e+01,-5.09934864e+00,8.743465e-01,2.212906e-01,5.194752e-01,5.927914e-01,,
969,2.51500000e+01,-5.09934483e+00,8.743465e-01,2.212951e-01,5.194720e-01,5.928071e-01,,
970,2.51500000e+01,-5.09933767e+00,8.743465e-01,2.213222e-01,5.194978e-01,5.928501e-01,,
971,2.51500000e+01,-5.09934154e+00,8.743465e-01,2.213258e-01,5.195083e-01,5.928478e-01,,
972,2.51500000e+01,-5.09934775e+00,8.743465e-01,2.212997e-01,5.194878e-01,5.928013e-01,,
973,2.51500000e+01,-5.09935023e+00,8.743465e-01,2.212851e-01,5.194724e-01,5.927799e-01,,
974,2.51500000e+01,-5.09934701e+00,8.743465e-01,2.212992e-01,5.194848e-01,5.928035e-01,,
975,2.51500000e+01,-5.09934168e+00,8.743465e-01,2.213212e-01,5.195068e-01,5.928373e-01,,
976,2.51500000e+01,-5.09934688e+00,8.743465e-01,2.213175e-01,5.195028e-01,5.928319e-01,,
977,2.51500000e+01,-5.09934995e+00,8.743465e-01,2.213004e-01,5.194815e-01,5.928104e-01,,
978,2.51500000e+01,-5.09934684e+00,8.743465e-01,2.212951e-01,5.194742e-01,5.928045e-01,,
979,2.51500000e+01,-5.09934105e+00,8.743465e-01,2.213136e-01,5.194958e-01,5.928295e-01,,
980,2.51500000e+01,-5.09934035e+00,8.743465e-01,2.213256e-01,5.195113e-01,5.928440e-01,,
981,2.51500000e+01,-5.09934578e+00,8.743465e-01,2.213112e-01,5.195005e-01,5.928178e-01,,
982,2.51500000e+01,-5.09935016e+00,8.743465e-01,2.212913e-01,5.194764e-01,5.927919e-01,,
983,2.51500000e+01,-5.09934729e+00,8.743465e-01,2.212999e-01,5.194785e-01,5.928125e-01,,
984,2.51500000e+01,-5.09933900e+00,8.743465e-01,2.213283e-01,5.195036e-01,5.928601e-01,,
985,2.51500000e+01,-5.09934230e+00,8.743465e-01,2.213304e-01,5.195106e-01,5.928575e-01,,
986,2.51500000e+01,-5.09934785e+00,8.743465e-01,2.213033e-01,5.194895e-01,5.928090e-01,,
987,2.51500000e+01,-5.09934882e+00,8.743465e-01,2.212900e-01,5.194757e-01,5.927892e-01,,
988,2.51500000e+01,-5.09934626e+00,8.743465e-01,2.213058e-01,5.194909e-01,5.928142e-01,,
989,2.51500000e+01,-5.09934266e+00,8.743465e-01,2.213253e-01,5.195120e-01,5.928424e-01,,
990,2.51500000e+01,-5.09934963e+00,8.743465e-01,2.213238e-01,5.195118e-01,5.928385e-01,,
991,2.51500000e+01,-5.09935170e+00,8.743465e-01,2.213009e-01,5.194828e-01,5.928101e-01,,
992,2.51500000e+01,-5.09934850e+00,8.743465e-01,2.212999e-01,5.194774e-01,5.928137e-01,,
993,2.51500000e+01,-5.09934055e+00,8.743465e-01,2.213184e-01,5.194982e-01,5.928395e-01,,
994,2.51500000e+01,-5.09934235e+00,8.743465e-01,2.213265e-01,5.195124e-01,5.928451e-01,,
995,2.51500000e+01,-5.09934749e+00,8.743465e-01,2.213046e-01,5.194943e-01,5.928071e-01,,
996,2.51500000e+01,-5.09935164e+00,8.743465e-01,2.212885e-01,5.194767e-01,5.927839e-01,,
997,2.51500000e+01,-5.09934826e+00,8.743465e-01,2.212990e-01,5.194825e-01,5.928054e-01,,
998,2.51500000e+01,-5.09934145e+00,8.743465e-01,2.213260e-01,5.195061e-01,5.928508e-01,,
999,2.51500000e+01,-5.09934478e+00,8.743465e-01,2.213266e-01,5.195088e-01,5.928494e-01,,
1000,2.51500000e+01,-5.09934917e+00,8.743465e-01,2.213010e-01,5.194864e-01,5.928064e-01,,
1001,2.51500000e+01,-5.09934885e+00,8.743465e-01,2.212878e-01,5.194738e-01,5.927854e-01,,
1002,2.51500000e+01,-5.09934451e+00,8.743465e-01,2.213047e-01,5.194900e-01,5.928123e-01,,
1003,2.51500000e+01,-5.09934146e+00,8.743465e-01,2.213220e-01,5.195099e-01,5.928359e-01,,
1004,2.51500000e+01,-5.09934925e+00,8.743465e-01,2.213155e-01,5.195065e-01,5.928223e-01,,
1005,2.51500000e+01,-5.09935299e+00,8.743465e-01,2.212941e-01,5.194792e-01,5.927961e-01,,
1006,2.51500000e+01,-5.09934983e+00,8.743465e-01,2.212985e-01,5.194767e-01,5.928108e-01,,
1007,2.51500000e+01,-5.09934066e+00,8.743465e-01,2.213174e-01,5.194956e-01,5.928398e-01,,
1008,2.51500000e+01,-5.09934257e+00,8.743465e-01,2.213233e-01,5.195079e-01,5.928417e-01,,
1009,2.51500000e+01,-5.09934706e+00,8.743465e-01,2.213005e-01,5.194886e-01,5.928025e-01,,
1010,2.51500000e+01,-5.09934945e+00,8.743465e-01,2.212851e-01,5.194716e-01,5.927807e-01,,
1011,2.51500000e+01,-5.09934562e+00,8.743465e-01,2.212995e-01,5.194807e-01,5.928090e-01,,
1012,2.51500000e+01,-5.09933959e+00,8.743465e-01,2.213250e-01,5.195040e-01,5.928506e-01,,
1013,2.51500000e+01,-5.09934221e+00,8.743465e-01,2.213246e-01,5.195029e-01,5.928508e-01,,
1014,2.51500000e+01,-5.09934519e+00,8.743465e-01,2.213024e-01,5.194809e-01,5.928166e-01,,
1015,2.51500000e+01,-5.09934349e+00,8.743465e-01,2.212911e-01,5.194708e-01,5.927975e-01,,
1016,2.51500000e+01,-5.09933803e+00,8.743465e-01,2.213081e-01,5.194893e-01,5.928222e-01,,
1017,2.51500000e+01,-5.09933681e+00,8.743465e-01,2.213244e-01,5.195093e-01,5.928428e-01,,
1018,2.51500000e+01,-5.09934471e+00,8.743465e-01,2.213141e-01,5.195025e-01,5.928231e-01,,
1019,2.51500000e+01,-5.09934893e+00,8.743465e-01,2.212926e-01,5.194768e-01,5.927949e-01,,
1020,2.51500000e+01,-5.09934445e+00,8.743465e-01,2.212963e-01,5.194726e-01,5.928095e-01,,
1021,2.51500000e+01,-5.09933698e+00,8.743465e-01,2.213235e-01,5.194990e-01,5.928523e-01,,
1022,2.51500000e+01,-5.09934044e+00,8.743465e-01,2.213279e-01,5.195105e-01,5.928510e-01,,
1023,2.51500000e+01,-5.09934634e+00,8.743465e-01,2.213021e-01,5.194904e-01,5.928047e-01,,
1024,2.51500000e+01,-5.09934894e+00,8.743465e-01,2.212873e-01,5.194748e-01,5.927830e-01,,
1025,2.51500000e+01,-5.09934598e+00,8.743465e-01,2.213011e-01,5.194869e-01,5.928063e-01,,
1026,2.51500000e+01,-5.09934029e+00,8.743465e-01,2.213239e-01,5.195092e-01,5.928416e-01,,
1027,2.51500000e+01,-5.09934533e+00,8.743465e-01,2.213209e-01,5.195060e-01,5.928374e-01,,
1028,2.51500000e+01,-5.09934907e+00,8.743465e-01,2.213025e-01,5.194846e-01,5.928124e-01,,
1029,2.51500000e+01,-5.09934697e+00,8.743465e-01,2.212951e-01,5.194767e-01,5.928017e-01,,
1030,2.51500000e+01,-5.09934220e+00,8.743465e-01,2.213135e-01,5.194983e-01,5.928263e-01,,
1031,2.51500000e+01,-5.09934170e+00,8.743465e-01,2.213256e-01,5.195136e-01,5.928413e-01,,
1032,2.51500000e+01,-5.09934783e+00,8.743465e-01,2.213115e-01,5.195034e-01,5.928153e-01,,
1033,2.51500000e+01,-5.09935276e+00,8.743465e-01,2.212906e-01,5.194789e-01,5.927871e-01,,
1034,2.51500000e+01,-5.09935013e+00,8.743465e-01,2.212980e-01,5.194794e-01,5.928064e-01,,
1035,2.51500000e+01,-5.09934211e+00,8.743465e-01,2.213261e-01,5.195043e-01,5.928531e-01,,
1036,2.51500000e+01,-5.09934508e+00,8.743465e-01,2.213286e-01,5.195118e-01,5.928514e-01,,
1037,2.51500000e+01,-5.09935025e+00,8.743465e-01,2.213018e-01,5.194903e-01,5.928041e-01,,
1038,2.51500000e+01,-5.09935066e+00,8.743465e-01,2.212887e-01,5.194754e-01,5.927860e-01,,
1039,2.51500000e+01,-5.09934745e+00,8.743465e-01,2.213042e-01,5.194895e-01,5.928115e-01,,
1040,2.51500000e+01,-5.09934277e+00,8.743465e-01,2.213247e-01,5.195104e-01,5.928424e-01,,
1041,2.51500000e+01,-5.09934623e+00,8.743465e-01,2.213174e-01,5.195031e-01,5.928313e-01,,
1042,2.51500000e+01,-5.09934779e+00,8.743465e-01,2.213017e-01,5.194814e-01,5.928140e-01,,
1043,2.51500000e+01,-5.09934449e+00,8.743465e-01,2.212996e-01,5.194759e-01,5.928147e-01,,
1044,2.51500000e+01,-5.09933708e+00,8.743465e-01,2.213174e-01,5.194965e-01,5.928388e-01,,
1045,2.51500000e+01,-5.09933887e+00,8.743465e-01,2.213261e-01,5.195105e-01,5.928463e-01,,
1046,2.51500000e+01,-5.09934417e+00,8.743465e-01,2.213043e-01,5.194922e-01,5.928087e-01,,
1047,2.51500000e+01,-5.09934855e+00,8.743465e-01,2.212886e-01,5.194744e-01,5.927868e-01,,
1048,2.51500000e+01,-5.09934509e+00,8.743465e-01,2.212987e-01,5.194792e-01,5.928085e-01,,
1049,2.51500000e+01,-5.09933759e+00,8.743465e-01,2.213259e-01,5.195027e-01,5.928545e-01,,
1050,2.51500000e+01,-5.09934083e+00,8.743465e-01,2.213269e-01,5.195063e-01,5.928530e-01,,
1051,2.51500000e+01,-5.09934544e+00,8.743465e-01,2.213009e-01,5.194842e-01,5.928087e-01,,
1052,2.51500000e+01,-5.09934565e+00,8.743465e-01,2.212875e-01,5.194712e-01,5.927875e-01,,
1053,2.51500000e+01,-5.09934184e+00,8.743465e-01,2.213043e-01,5.194873e-01,5.928143e-01,,
1054,2.51500000e+01,-5.09933872e+00,8.743465e-01,2.213220e-01,5.195076e-01,5.928384e-01,,
1055,2.51500000e+01,-5.09934679e+00,8.743465e-01,2.213166e-01,5.195054e-01,5.928264e-01,,
1056,2.51500000e+01,-5.09935077e+00,8.743465e-01,2.212953e-01,5.194781e-01,5.928005e-01,,
1057,2.51500000e+01,-5.09934822e+00,8.743465e-01,2.212982e-01,5.194752e-01,5.928117e-01,,
1058,2.51500000e+01,-5.09933995e+00,8.743465e-01,2.213168e-01,5.194949e-01,5.928391e-01,,
1059,2.51500000e+01,-5.09934235e+00,8.743465e-01,2.213235e-01,5.195081e-01,5.928420e-01,,
1060,2.51500000e+01,-5.09934751e+00,8.743465e-01,2.213012e-01,5.194895e-01,5.928034e-01,,
1061,2.51500000e+01,-5.09935092e+00,8.743465e-01,2.212856e-01,5.194729e-01,5.927806e-01,,
1062,2.51500000e+01,-5.09934782e+00,8.743465e-01,2.212985e-01,5.194816e-01,5.928052e-01,,
1063,2.51500000e+01,-5.09934221e+00,8.743465e-01,2.213247e-01,5.195056e-01,5.928480e-01,,
1064,2.51500000e+01,-5.09934532e+00,8.743465e-01,2.213248e-01,5.195060e-01,5.928480e-01,,
1065,2.51500000e+01,-5.09934877e+00,8.743465e-01,2.213020e-01,5.194841e-01,5.928116e-01,,
1066,2.51500000e+01,-5.09934753e+00,8.743465e-01,2.212902e-01,5.194736e-01,5.927920e-01,,
1067,2.51500000e+01,-5.09934225e+00,8.743465e-01,2.213079e-01,5.194919e-01,5.928186e-01,,
1068,2.51500000e+01,-5.09934014e+00,8.743465e-01,2.213247e-01,5.195120e-01,5.928408e-01,,
1069,2.51500000e+01,-5.09934751e+00,8.743465e-01,2.213159e-01,5.195061e-01,5.928238e-01,,
1070,2.51500000e+01,-5.09935096e+00,8.743465e-01,2.212947e-01,5.194799e-01,5.927968e-01,,
1071,2.51500000e+01,-5.09934550e+00,8.743465e-01,2.212972e-01,5.194743e-01,5.928101e-01,,
1072,2.51500000e+01,-5.09933753e+00,8.743465e-01,2.213240e-01,5.195007e-01,5.928517e-01,,
1073,2.51500000e+01,-5.09934051e+00,8.743465e-01,2.213285e-01,5.195129e-01,5.928498e-01,,
1074,2.51500000e+01,-5.09934591e+00,8.743465e-01,2.213029e-01,5.194927e-01,5.928045e-01,,
1075,2.51500000e+01,-5.09934868e+00,8.743465e-01,2.212881e-01,5.194766e-01,5.927830e-01,,
1076,2.51500000e+01,-5.09934579e+00,8.743465e-01,2.213018e-01,5.194878e-01,5.928070e-01,,
1077,2.51500000e+01,-5.09933932e+00,8.743465e-01,2.213252e-01,5.195099e-01,5.928444e-01,,
1078,2.51500000e+01,-5.09934348e+00,8.743465e-01,2.213226e-01,5.195067e-01,5.928411e-01,,
1079,2.51500000e+01,-5.09934707e+00,8.743465e-01,2.213031e-01,5.194849e-01,5.928138e-01,,
1080,2.51500000e+01,-5.09934511e+00,8.743465e-01,2.212946e-01,5.194762e-01,5.928008e-01,,
1081,2.51500000e+01,-5.09934073e+00,8.743465e-01,2.213131e-01,5.194977e-01,5.928260e-01,,
1082,2.51500000e+01,-5.09934006e+00,8.743465e-01,2.213253e-01,5.195128e-01,5.928415e-01,,
1083,2.51500000e+01,-5.09934629e+00,8.743465e-01,2.213115e-01,5.195029e-01,5.928159e-01,,
1084,2.51500000e+01,-5.09935118e+00,8.743465e-01,2.212900e-01,5.194779e-01,5.927867e-01,,
1085,2.51500000e+01,-5.09934850e+00,8.743465e-01,2.212968e-01,5.194771e-01,5.928059e-01,,
1086,2.51500000e+01,-5.09934078e+00,8.743465e-01,2.213246e-01,5.195020e-01,5.928517e-01,,
1087,2.51500000e+01,-5.09934377e+00,8.743465e-01,2.213275e-01,5.195101e-01,5.928502e-01,,
1088,2.51500000e+01,-5.09934905e+00,8.743465e-01,2.213006e-01,5.194885e-01,5.928031e-01,,
1089,2.51500000e+01,-5.09934968e+00,8.743465e-01,2.212875e-01,5.194729e-01,5.927856e-01,,
1090,2.51500000e+01,-5.09934681e+00,8.743465e-01,2.213025e-01,5.194864e-01,5.928105e-01,,
1091,2.51500000e+01,-5.09934217e+00,8.743465e-01,2.213231e-01,5.195077e-01,5.928412e-01,,
1092,2.51500000e+01,-5.09934592e+00,8.743465e-01,2.213169e-01,5.195013e-01,5.928321e-01,,
1093,2.51500000e+01,-5.09934778e+00,8.743465e-01,2.213004e-01,5.194793e-01,5.928129e-01,,
1094,2.51500000e+01,-5.09934471e+00,8.743465e-01,2.212969e-01,5.194731e-01,5.928106e-01,,
1095,2.51500000e+01,-5.09933802e+00,8.743465e-01,2.213150e-01,5.194940e-01,5.928353e-01,,
1096,2.51500000e+01,-5.09933973e+00,8.743465e-01,2.213249e-01,5.195085e-01,5.928451e-01,,
1097,2.51500000e+01,-5.09934491e+00,8.743465e-01,2.213035e-01,5.194908e-01,5.928080e-01,,
1098,2.51500000e+01,-5.09934934e+00,8.743465e-01,2.212880e-01,5.194731e-01,5.927868e-01,,
1099,2.51500000e+01,-5.09934542e+00,8.743465e-01,2.212982e-01,5.194772e-01,5.928095e-01,,
1100,2.51500000e+01,-5.09933699e+00,8.743465e-01,2.213261e-01,5.195011e-01,5.928569e-01,,
1101,2.51500000e+01,-5.09933966e+00,8.743465e-01,2.213278e-01,5.195059e-01,5.928560e-01,,
1102,2.51500000e+01,-5.09934395e+00,8.743465e-01,2.213016e-01,5.194841e-01,5.928107e-01,,
1103,2.51500000e+01,-5.09934408e+00,8.743465e-01,2.212882e-01,5.194711e-01,5.927896e-01,,
1104,2.51500000e+01,-5.09934054e+00,8.743465e-01,2.213051e-01,5.194874e-01,5.928163e-01,,
1105,2.51500000e+01,-5.09933737e+00,8.743465e-01,2.213238e-01,5.195084e-01,5.928423e-01,,
1106,2.51500000e+01,-5.09934552e+00,8.743465e-01,2.213197e-01,5.195074e-01,5.928324e-01,,
1107,2.51500000e+01,-5.09934942e+00,8.743465e-01,2.212978e-01,5.194800e-01,5.928052e-01,,
1108,2.51500000e+01,-5.09934736e+00,8.743465e-01,2.212990e-01,5.194766e-01,5.928124e-01,,
1109,2.51500000e+01,-5.09934014e+00,8.743465e-01,2.213173e-01,5.194973e-01,5.928378e-01,,
1110,2.51500000e+01,-5.09934308e+00,8.743465e-01,2.213246e-01,5.195112e-01,5.928413e-01,,
1111,2.51500000e+01,-5.09934886e+00,8.743465e-01,2.213024e-01,5.194931e-01,5.928024e-01,,
1112,2.51500000e+01,-5.09935306e+00,8.743465e-01,2.212863e-01,5.194764e-01,5.927785e-01,,
1113,2.51500000e+01,-5.09935017e+00,8.743465e-01,2.212983e-01,5.194843e-01,5.928015e-01,,
1114,2.51500000e+01,-5.09934439e+00,8.743465e-01,2.213249e-01,5.195082e-01,5.928456e-01,,
1115,2.51500000e+01,-5.09934753e+00,8.743465e-01,2.213256e-01,5.195095e-01,5.928460e-01,,
1116,2.51500000e+01,-5.09935086e+00,8.743465e-01,2.213022e-01,5.194872e-01,5.928086e-01,,
1117,2.51500000e+01,-5.09934944e+00,8.743465e-01,2.212899e-01,5.194757e-01,5.927888e-01,,
1118,2.51500000e+01,-5.09934394e+00,8.743465e-01,2.213076e-01,5.194931e-01,5.928164e-01,,
1119,2.51500000e+01,-5.09934097e+00,8.743465e-01,2.213248e-01,5.195131e-01,5.928396e-01,,
1120,2.51500000e+01,-5.09934823e+00,8.743465e-01,2.213168e-01,5.195079e-01,5.928243e-01,,
1121,2.51500000e+01,-5.09935162e+00,8.743465e-01,2.212955e-01,5.194813e-01,5.927976e-01,,
1122,2.51500000e+01,-5.09934815e+00,8.743465e-01,2.213027e-01,5.194811e-01,5.928172e-01,,
1123,2.51500000e+01,-5.09933910e+00,8.743465e-01,2.213215e-01,5.194998e-01,5.928461e-01,,
1124,2.51500000e+01,-5.09934151e+00,8.743465e-01,2.213258e-01,5.195112e-01,5.928446e-01,,
1125,2.51500000e+01,-5.09934661e+00,8.743465e-01,2.213015e-01,5.194916e-01,5.928019e-01,,
1126,2.51500000e+01,-5.09934920e+00,8.743465e-01,2.212863e-01,5.194752e-01,5.927798e-01,,
1127,2.51500000e+01,-5.09934626e+00,8.743465e-01,2.213000e-01,5.194858e-01,5.928044e-01,,
1128,2.51500000e+01,-5.09933899e+00,8.743465e-01,2.213248e-01,5.195078e-01,5.928457e-01,,
1129,2.51500000e+01,-5.09934200e+00,8.743465e-01,2.213230e-01,5.195049e-01,5.928441e-01,,
1130,2.51500000e+01,-5.09934473e+00,8.743465e-01,2.213029e-01,5.194826e-01,5.928158e-01,,
1131,2.51500000e+01,-5.09934211e+00,8.743465e-01,2.212936e-01,5.194730e-01,5.928019e-01,,
1132,2.51500000e+01,-5.09933594e+00,8.743465e-01,2.213104e-01,5.194914e-01,5.928259e-01,,
1133,2.51500000e+01,-5.09933480e+00,8.743465e-01,2.213259e-01,5.195104e-01,5.928458e-01,,
1134,2.51500000e+01,-5.09934241e+00,8.743465e-01,2.213133e-01,5.195015e-01,5.928222e-01,,
1135,2.51500000e+01,-5.09934715e+00,8.743465e-01,2.212911e-01,5.194756e-01,5.927922e-01,,
1136,2.51500000e+01,-5.09934408e+00,8.743465e-01,2.212965e-01,5.194733e-01,5.928092e-01,,
1137,2.51500000e+01,-5.09933698e+00,8.743465e-01,2.213236e-01,5.194988e-01,5.928527e-01,,
1138,2.51500000e+01,-5.09934114e+00,8.743465e-01,2.213264e-01,5.195084e-01,5.928495e-01,,
1139,2.51500000e+01,-5.09934766e+00,8.743465e-01,2.212998e-01,5.194874e-01,5.928021e-01,,
1140,2.51500000e+01,-5.09935024e+00,8.743465e-01,2.212854e-01,5.194721e-01,5.927810e-01,,
1141,2.51500000e+01,-5.09934721e+00,8.743465e-01,2.212997e-01,5.194847e-01,5.928049e-01,,
1142,2.51500000e+01,-5.09934221e+00,8.743465e-01,2.213211e-01,5.195062e-01,5.928378e-01,,
1143,2.51500000e+01,-5.09934756e+00,8.743465e-01,2.213161e-01,5.195014e-01,5.928298e-01,,
1144,2.51500000e+01,-5.09935051e+00,8.743465e-01,2.212995e-01,5.194799e-01,5.928099e-01,,
1145,2.51500000e+01,-5.09934746e+00,8.743465e-01,2.212951e-01,5.194730e-01,5.928058e-01,,
1146,2.51500000e+01,-5.09934139e+00,8.743465e-01,2.213134e-01,5.194944e-01,5.928304e-01,,
1147,2.51500000e+01,-5.09934034e+00,8.743465e-01,2.213251e-01,5.195093e-01,5.928449e-01,,
1148,2.51500000e+01,-5.09934712e+00,8.743465e-01,2.213098e-01,5.194981e-01,5.928166e-01,,
1149,2.51500000e+01,-5.09935210e+00,8.743465e-01,2.212894e-01,5.194745e-01,5.927891e-01,,
1150,2.51500000e+01,-5.09934687e+00,8.743465e-01,2.212985e-01,5.194767e-01,5.928108e-01,,
1151,2.51500000e+01,-5.09933714e+00,8.743465e-01,2.213272e-01,5.195016e-01,5.928594e-01,,
1152,2.51500000e+01,-5.09933942e+00,8.743465e-01,2.213296e-01,5.195083e-01,5.928582e-01,,
1153,2.51500000e+01,-5.09934405e+00,8.743465e-01,2.213030e-01,5.194872e-01,5.928110e-01,,
1154,2.51500000e+01,-5.09934465e+00,8.743465e-01,2.212898e-01,5.194739e-01,5.927908e-01,,
1155,2.51500000e+01,-5.09934185e+00,8.743465e-01,2.213064e-01,5.194899e-01,5.928168e-01,,
1156,2.51500000e+01,-5.09933866e+00,8.743465e-01,2.213258e-01,5.195112e-01,5.928445e-01,,
1157,2.51500000e+01,-5.09934645e+00,8.743465e-01,2.213231e-01,5.195107e-01,5.928378e-01,,
1158,2.51500000e+01,-5.09934962e+00,8.743465e-01,2.213006e-01,5.194824e-01,5.928098e-01,,
1159,2.51500000e+01,-5.09934719e+00,8.743465e-01,2.213006e-01,5.194780e-01,5.928148e-01,,
1160,2.51500000e+01,-5.09933974e+00,8.743465e-01,2.213190e-01,5.194988e-01,5.928405e-01,,
1161,2.51500000e+01,-5.09934232e+00,8.743465e-01,2.213266e-01,5.195129e-01,5.928449e-01,,
1162,2.51500000e+01,-5.09934788e+00,8.743465e-01,2.213045e-01,5.194947e-01,5.928063e-01,,
1163,2.51500000e+01,-5.09935220e+00,8.743465e-01,2.212882e-01,5.194775e-01,5.927823e-01,,
1164,2.51500000e+01,-5.09934914e+00,8.743465e-01,2.212992e-01,5.194842e-01,5.928041e-01,,
1165,2.51500000e+01,-5.09934293e+00,8.743465e-01,2.213262e-01,5.195079e-01,5.928493e-01,,
1166,2.51500000e+01,-5.09934628e+00,8.743465e-01,2.213267e-01,5.195099e-01,5.928484e-01,,
1167,2.51500000e+01,-5.09935029e+00,8.743465e-01,2.213018e-01,5.194875e-01,5.928074e-01,,
1168,2.51500000e+01,-5.09934952e+00,8.743465e-01,2.212889e-01,5.194752e-01,5.927866e-01,,
1169,2.51500000e+01,-5.09934470e+00,8.743465e-01,2.213061e-01,5.194918e-01,5.928140e-01,,
1170,2.51500000e+01,-5.09934170e+00,8.743465e-01,2.213233e-01,5.195116e-01,5.928373e-01,,
1171,2.51500000e+01,-5.09934937e+00,8.743465e-01,2.213160e-01,5.195075e-01,5.928226e-01,,
1172,2.51500000e+01,-5.09935308e+00,8.743465e-01,2.212945e-01,5.194804e-01,5.927958e-01,,
1173,2.51500000e+01,-5.09934979e+00,8.743465e-01,2.212999e-01,5.194787e-01,5.928123e-01,,
1174,2.51500000e+01,-5.09934063e+00,8.743465e-01,2.213186e-01,5.194973e-01,5.928411e-01,,
1175,2.51500000e+01,-5.09934270e+00,8.743465e-01,2.213238e-01,5.195091e-01,5.928415e-01,,
1176,2.51500000e+01,-5.09934728e+00,8.743465e-01,2.213004e-01,5.194895e-01,5.928013e-01,,
1177,2.51500000e+01,-5.09934950e+00,8.743465e-01,2.212852e-01,5.194726e-01,5.927799e-01,,
1178,2.51500000e+01,-5.09934553e+00,8.743465e-01,2.213001e-01,5.194821e-01,5.928088e-01,,
1179,2.51500000e+01,-5.09933960e+00,8.743465e-01,2.213250e-01,5.195049e-01,5.928496e-01,,
1180,2.51500000e+01,-5.09934229e+00,8.743465e-01,2.213242e-01,5.195030e-01,5.928498e-01,,
1181,2.51500000e+01,-5.09934500e+00,8.743465e-01,2.213029e-01,5.194807e-01,5.928179e-01,,
1182,2.51500000e+01,-5.09934279e+00,8.743465e-01,2.212920e-01,5.194708e-01,5.928000e-01,,
1183,2.51500000e+01,-5.09933692e+00,8.743465e-01,2.213087e-01,5.194892e-01,5.928237e-01,,
1184,2.51500000e+01,-5.09933586e+00,8.743465e-01,2.213246e-01,5.195087e-01,5.928443e-01,,
1185,2.51500000e+01,-5.09934369e+00,8.743465e-01,2.213134e-01,5.195011e-01,5.928228e-01,,
1186,2.51500000e+01,-5.09934814e+00,8.743465e-01,2.212913e-01,5.194753e-01,5.927931e-01,,
1187,2.51500000e+01,-5.09934431e+00,8.743465e-01,2.212955e-01,5.194719e-01,5.928083e-01,,
1188,2.51500000e+01,-5.09933724e+00,8.743465e-01,2.213226e-01,5.194980e-01,5.928510e-01,,
1189,2.51500000e+01,-5.09934120e+00,8.743465e-01,2.213263e-01,5.195089e-01,5.928485e-01,,
1190,2.51500000e+01,-5.09934748e+00,8.743465e-01,2.213003e-01,5.194885e-01,5.928021e-01,,
1191,2.51500000e+01,-5.09935015e+00,8.743465e-01,2.212857e-01,5.194732e-01,5.927804e-01,,
1192,2.51500000e+01,-5.09934711e+00,8.743465e-01,2.212997e-01,5.194856e-01,5.928036e-01,,
1193,2.51500000e+01,-5.09934178e+00,8.743465e-01,2.213219e-01,5.195078e-01,5.928378e-01,,
1194,2.51500000e+01,-5.09934700e+00,8.743465e-01,2.213184e-01,5.195041e-01,5.928328e-01,,
1195,2.51500000e+01,-5.09935022e+00,8.743465e-01,2.213011e-01,5.194828e-01,5.928107e-01,,
1196,2.51500000e+01,-5.09934725e+00,8.743465e-01,2.212954e-01,5.194754e-01,5.928039e-01,,
1197,2.51500000e+01,-5.09934161e+00,8.743465e-01,2.213139e-01,5.194970e-01,5.928289e-01,,
1198,2.51500000e+01,-5.09934092e+00,8.743465e-01,2.213259e-01,5.195124e-01,5.928436e-01,,
1199,2.51500000e+01,-5.09934647e+00,8.743465e-01,2.213116e-01,5.195017e-01,5.928174e-01,,
1200,2.51500000e+01,-5.09935097e+00,8.743465e-01,2.212914e-01,5.194775e-01,5.927910e-01,,
1201,2.51500000e+01,-5.09934817e+00,8.743465e-01,2.212998e-01,5.194792e-01,5.928113e-01,,
1202,2.51500000e+01,-5.09933992e+00,8.743465e-01,2.213280e-01,5.195042e-01,5.928584e-01,,
1203,2.51500000e+01,-5.09934316e+00,8.743465e-01,2.213300e-01,5.195112e-01,5.928558e-01,,
1204,2.51500000e+01,-5.09934866e+00,8.743465e-01,2.213029e-01,5.194900e-01,5.928074e-01,,
1205,2.51500000e+01,-5.09934953e+00,8.743465e-01,2.212897e-01,5.194760e-01,5.927880e-01,,
1206,2.51500000e+01,-5.09934680e+00,8.743465e-01,2.213055e-01,5.194909e-01,5.928133e-01,,
1207,2.51500000e+01,-5.09934287e+00,8.743465e-01,2.213252e-01,5.195118e-01,5.928421e-01,,
1208,2.51500000e+01,-5.09934952e+00,8.743465e-01,2.213240e-01,5.195116e-01,5.928392e-01,,
1209,2.51500000e+01,-5.09935124e+00,8.743465e-01,2.213010e-01,5.194824e-01,5.928109e-01,,
1210,2.51500000e+01,-5.09934782e+00,8.743465e-01,2.212997e-01,5.194767e-01,5.928140e-01,,
1211,2.51500000e+01,-5.09933979e+00,8.743465e-01,2.213181e-01,5.194975e-01,5.928396e-01,,
1212,2.51500000e+01,-5.09934143e+00,8.743465e-01,2.213264e-01,5.195116e-01,5.928455e-01,,
1213,2.51500000e+01,-5.09934652e+00,8.743465e-01,2.213045e-01,5.194935e-01,5.928078e-01,,
1214,2.51500000e+01,-5.09935069e+00,8.743465e-01,2.212885e-01,5.194758e-01,5.927849e-01,,
1215,2.51500000e+01,-5.09934729e+00,8.743465e-01,2.212989e-01,5.194814e-01,5.928064e-01,,
1216,2.51500000e+01,-5.09934036e+00,8.743465e-01,2.213258e-01,5.195049e-01,5.928517e-01,,
1217,2.51500000e+01,-5.09934372e+00,8.743465e-01,2.213264e-01,5.195077e-01,5.928501e-01,,
1218,2.51500000e+01,-5.09934821e+00,8.743465e-01,2.213007e-01,5.194854e-01,5.928068e-01,,
1219,2.51500000e+01,-5.09934805e+00,8.743465e-01,2.212875e-01,5.194727e-01,5.927858e-01,,
1220,2.51500000e+01,-5.09934387e+00,8.743465e-01,2.213044e-01,5.194889e-01,5.928126e-01,,
1221,2.51500000e+01,-5.09934084e+00,8.743465e-01,2.213217e-01,5.195089e-01,5.928361e-01,,
1222,2.51500000e+01,-5.09934871e+00,8.743465e-01,2.213153e-01,5.195057e-01,5.928227e-01,,
1223,2.51500000e+01,-5.09935252e+00,8.743465e-01,2.212940e-01,5.194785e-01,5.927968e-01,,
1224,2.51500000e+01,-5.09934946e+00,8.743465e-01,2.212982e-01,5.194760e-01,5.928109e-01,,
1225,2.51500000e+01,-5.09934039e+00,8.743465e-01,2.213172e-01,5.194950e-01,5.928399e-01,,
1226,2.51500000e+01,-5.09934236e+00,8.743465e-01,2.213233e-01,5.195075e-01,5.928422e-01,,
1227,2.51500000e+01,-5.09934694e+00,8.743465e-01,2.213006e-01,5.194884e-01,5.928031e-01,,
1228,2.51500000e+01,-5.09934947e+00,8.743465e-01,2.212853e-01,5.194715e-01,5.927812e-01,,
1229,2.51500000e+01,-5.09934578e+00,8.743465e-01,2.212995e-01,5.194807e-01,5.928090e-01,,
1230,2.51500000e+01,-5.09933985e+00,8.743465e-01,2.213251e-01,5.195041e-01,5.928507e-01,,
1231,2.51500000e+01,-5.09934256e+00,8.743465e-01,2.213249e-01,5.195034e-01,5.928509e-01,,
1232,2.51500000e+01,-5.09934570e+00,8.743465e-01,2.213025e-01,5.194815e-01,5.928161e-01,,
1233,2.51500000e+01,-5.09934419e+00,8.743465e-01,2.212911e-01,5.194716e-01,5.927969e-01,,
1234,2.51500000e+01,-5.09933888e+00,8.743465e-01,2.213083e-01,5.194902e-01,5.928217e-01,,
1235,2.51500000e+01,-5.09933761e+00,8.743465e-01,2.213246e-01,5.195102e-01,5.928424e-01,,
1236,2.51500000e+01,-5.09934553e+00,8.743465e-01,2.213146e-01,5.195037e-01,5.928230e-01,,
1237,2.51500000e+01,-5.09934968e+00,8.743465e-01,2.212932e-01,5.194780e-01,5.927951e-01,,
1238,2.51500000e+01,-5.09934506e+00,8.743465e-01,2.212967e-01,5.194736e-01,5.928094e-01,,
1239,2.51500000e+01,-5.09933753e+00,8.743465e-01,2.213238e-01,5.195001e-01,5.928520e-01,,
1240,2.51500000e+01,-5.09934093e+00,8.743465e-01,2.213282e-01,5.195117e-01,5.928505e-01,,
1241,2.51500000e+01,-5.09934677e+00,8.743465e-01,2.213024e-01,5.194916e-01,5.928043e-01,,
1242,2.51500000e+01,-5.09934943e+00,8.743465e-01,2.212876e-01,5.194759e-01,5.927825e-01,,
1243,2.51500000e+01,-5.09934649e+00,8.743465e-01,2.213013e-01,5.194877e-01,5.928059e-01,,
1244,2.51500000e+01,-5.09934062e+00,8.743465e-01,2.213241e-01,5.195099e-01,5.928416e-01,,
1245,2.51500000e+01,-5.09934544e+00,8.743465e-01,2.213212e-01,5.195066e-01,5.928376e-01,,
1246,2.51500000e+01,-5.09934913e+00,8.743465e-01,2.213026e-01,5.194851e-01,5.928122e-01,,
1247,2.51500000e+01,-5.09934701e+00,8.743465e-01,2.212949e-01,5.194770e-01,5.928010e-01,,
1248,2.51500000e+01,-5.09934226e+00,8.743465e-01,2.213134e-01,5.194984e-01,5.928258e-01,,
1249,2.51500000e+01,-5.09934165e+00,8.743465e-01,2.213255e-01,5.195136e-01,5.928409e-01,,
1250,2.51500000e+01,-5.09934776e+00,8.743465e-01,2.213115e-01,5.195035e-01,5.928150e-01,,
1251,2.51500000e+01,-5.09935255e+00,8.743465e-01,2.212904e-01,5.194788e-01,5.927867e-01,,
1252,2.51500000e+01,-5.09934985e+00,8.743465e-01,2.212976e-01,5.194789e-01,5.928060e-01,,
1253,2.51500000e+01,-5.09934185e+00,8.743465e-01,2.213256e-01,5.195037e-01,5.928526e-01,,
1254,2.51500000e+01,-5.09934476e+00,8.743465e-01,2.213282e-01,5.195113e-01,5.928510e-01,,
1255,2.51500000e+01,-5.09934992e+00,8.743465e-01,2.213014e-01,5.194897e-01,5.928037e-01,,
1256,2.51500000e+01,-5.09935034e+00,8.743465e-01,2.212883e-01,5.194746e-01,5.927858e-01,,
1257,2.51500000e+01,-5.09934716e+00,8.743465e-01,2.213036e-01,5.194884e-01,5.928111e-01,,
1258,2.51500000e+01,-5.09934245e+00,8.743465e-01,2.213242e-01,5.195095e-01,5.928422e-01,,
1259,2.51500000e+01,-5.09934591e+00,8.743465e-01,2.213171e-01,5.195023e-01,5.928316e-01,,
1260,2.51500000e+01,-5.09934748e+00,8.743465e-01,2.213013e-01,5.194804e-01,5.928140e-01,,
1261,2.51500000e+01,-5.09934422e+00,8.743465e-01,2.212988e-01,5.194748e-01,5.928139e-01,,
1262,2.51500000e+01,-5.09933694e+00,8.743465e-01,2.213167e-01,5.194954e-01,5.928382e-01,,
1263,2.51500000e+01,-5.09933870e+00,8.743465e-01,2.213257e-01,5.195095e-01,5.928462e-01,,
1264,2.51500000e+01,-5.09934398e+00,8.743465e-01,2.213039e-01,5.194913e-01,5.928086e-01,,
1265,2.51500000e+01,-5.09934840e+00,8.743465e-01,2.212882e-01,5.194736e-01,5.927868e-01,,
1266,2.51500000e+01,-5.09934485e+00,8.743465e-01,2.212984e-01,5.194783e-01,5.928088e-01,,
1267,2.51500000e+01,-5.09933714e+00,8.743465e-01,2.213258e-01,5.195018e-01,5.928553e-01,,
1268,2.51500000e+01,-5.09934021e+00,8.743465e-01,2.213271e-01,5.195058e-01,5.928542e-01,,
1269,2.51500000e+01,-5.09934463e+00,8.743465e-01,2.213012e-01,5.194837e-01,5.928102e-01,,
1270,2.51500000e+01,-5.09934478e+00,8.743465e-01,2.212877e-01,5.194708e-01,5.927888e-01,,
1271,2.51500000e+01,-5.09934092e+00,8.743465e-01,2.213047e-01,5.194870e-01,5.928156e-01,,
1272,2.51500000e+01,-5.09933777e+00,8.743465e-01,2.213226e-01,5.195075e-01,5.928403e-01,,
1273,2.51500000e+01,-5.09934591e+00,8.743465e-01,2.213175e-01,5.195057e-01,5.928287e-01,,
1274,2.51500000e+01,-5.09934999e+00,8.743465e-01,2.212961e-01,5.194784e-01,5.928024e-01,,
1275,2.51500000e+01,-5.09934766e+00,8.743465e-01,2.212986e-01,5.194755e-01,5.928125e-01,,
1276,2.51500000e+01,-5.09933980e+00,8.743465e-01,2.213171e-01,5.194956e-01,5.928391e-01,,
1277,2.51500000e+01,-5.09934249e+00,8.743465e-01,2.213239e-01,5.195091e-01,5.928419e-01,,
1278,2.51500000e+01,-5.09934793e+00,8.743465e-01,2.213016e-01,5.194907e-01,5.928032e-01,,
1279,2.51500000e+01,-5.09935168e+00,8.743465e-01,2.212859e-01,5.194741e-01,5.927800e-01,,
1280,2.51500000e+01,-5.09934871e+00,8.743465e-01,2.212986e-01,5.194828e-01,5.928041e-01,,
1281,2.51500000e+01,-5.09934314e+00,8.743465e-01,2.213248e-01,5.195068e-01,5.928469e-01,,
1282,2.51500000e+01,-5.09934627e+00,8.743465e-01,2.213251e-01,5.195074e-01,5.928471e-01,,
1283,2.51500000e+01,-5.09934970e+00,8.743465e-01,2.213022e-01,5.194855e-01,5.928106e-01,,
1284,2.51500000e+01,-5.09934839e+00,8.743465e-01,2.212903e-01,5.194748e-01,5.927909e-01,,
1285,2.51500000e+01,-5.09934300e+00,8.743465e-01,2.213080e-01,5.194928e-01,5.928179e-01,,
1286,2.51500000e+01,-5.09934062e+00,8.743465e-01,2.213249e-01,5.195128e-01,5.928405e-01,,
1287,2.51500000e+01,-5.09934786e+00,8.743465e-01,2.213163e-01,5.195070e-01,5.928240e-01,,
1288,2.51500000e+01,-5.09935116e+00,8.743465e-01,2.212951e-01,5.194806e-01,5.927971e-01,,
1289,2.51500000e+01,-5.09934552e+00,8.743465e-01,2.212973e-01,5.194746e-01,5.928099e-01,,
1290,2.51500000e+01,-5.09933745e+00,8.743465e-01,2.213239e-01,5.195009e-01,5.928511e-01,,
1291,2.51500000e+01,-5.09934032e+00,8.743465e-01,2.213283e-01,5.195131e-01,5.928491e-01,,
1292,2.51500000e+01,-5.09934563e+00,8.743465e-01,2.213028e-01,5.194928e-01,5.928040e-01,,
1293,2.51500000e+01,-5.09934844e+00,8.743465e-01,2.212878e-01,5.194765e-01,5.927824e-01,,
1294,2.51500000e+01,-5.09934551e+00,8.743465e-01,2.213015e-01,5.194875e-01,5.928065e-01,,
1295,2.51500000e+01,-5.09933891e+00,8.743465e-01,2.213251e-01,5.195095e-01,5.928446e-01,,
1296,2.51500000e+01,-5.09934288e+00,8.743465e-01,2.213226e-01,5.195063e-01,5.928416e-01,,
1297,2.51500000e+01,-5.09934636e+00,8.743465e-01,2.213029e-01,5.194843e-01,5.928140e-01,,
1298,2.51500000e+01,-5.09934435e+00,8.743465e-01,2.212941e-01,5.194754e-01,5.928006e-01,,
1299,2.51500000e+01,-5.09933998e+00,8.743465e-01,2.213127e-01,5.194968e-01,5.928261e-01,,
1300,2.51500000e+01,-5.09933922e+00,8.743465e-01,2.213251e-01,5.195118e-01,5.928418e-01,,
1301,2.51500000e+01,-5.09934547e+00,8.743465e-01,2.213114e-01,5.195020e-01,5.928164e-01,,
1302,2.51500000e+01,-5.09935035e+00,8.743465e-01,2.212898e-01,5.194769e-01,5.927872e-01,,
1303,2.51500000e+01,-5.09934765e+00,8.743465e-01,2.212965e-01,5.194759e-01,5.928063e-01,,
1304,2.51500000e+01,-5.09934001e+00,8.743465e-01,2.213241e-01,5.195009e-01,5.928518e-01,,
1305,2.51500000e+01,-5.09934310e+00,8.743465e-01,2.213271e-01,5.195092e-01,5.928503e-01,,
1306,2.51500000e+01,-5.09934849e+00,8.743465e-01,2.213003e-01,5.194876e-01,5.928032e-01,,
1307,2.51500000e+01,-5.09934983e+00,8.743465e-01,2.212862e-01,5.194724e-01,5.927828e-01,,
1308,2.51500000e+01,-5.09934580e+00,8.743465e-01,2.213012e-01,5.194853e-01,5.928083e-01,,
1309,2.51500000e+01,-5.09934046e+00,8.743465e-01,2.213225e-01,5.195063e-01,5.928413e-01,,
1310,2.51500000e+01,-5.09934550e+00,8.743465e-01,2.213162e-01,5.195005e-01,5.928311e-01,,
1311,2.51500000e+01,-5.09934804e+00,8.743465e-01,2.213001e-01,5.194789e-01,5.928125e-01,,
1312,2.51500000e+01,-5.09934511e+00,8.743465e-01,2.212965e-01,5.194727e-01,5.928099e-01,,
1313,2.51500000e+01,-5.09933844e+00,8.743465e-01,2.213146e-01,5.194938e-01,5.928344e-01,,
1314,2.51500000e+01,-5.09934006e+00,8.743465e-01,2.213248e-01,5.195085e-01,5.928451e-01,,
1315,2.51500000e+01,-5.09934538e+00,8.743465e-01,2.213038e-01,5.194911e-01,5.928084e-01,,
1316,2.51500000e+01,-5.09935006e+00,8.743465e-01,2.212884e-01,5.194736e-01,5.927872e-01,,
1317,2.51500000e+01,-5.09934616e+00,8.743465e-01,2.212987e-01,5.194777e-01,5.928101e-01,,
1318,2.51500000e+01,-5.09933755e+00,8.743465e-01,2.213266e-01,5.195016e-01,5.928576e-01,,
1319,2.51500000e+01,-5.09934039e+00,8.743465e-01,2.213283e-01,5.195066e-01,5.928563e-01,,
1320,2.51500000e+01,-5.09934484e+00,8.743465e-01,2.213021e-01,5.194851e-01,5.928107e-01,,
1321,2.51500000e+01,-5.09934497e+00,8.743465e-01,2.212887e-01,5.194722e-01,5.927898e-01,,
1322,2.51500000e+01,-5.09934157e+00,8.743465e-01,2.213055e-01,5.194884e-01,5.928162e-01,,
1323,2.51500000e+01,-5.09933842e+00,8.743465e-01,2.213243e-01,5.195096e-01,5.928423e-01,,
1324,2.51500000e+01,-5.09934652e+00,8.743465e-01,2.213204e-01,5.195087e-01,5.928329e-01,,
1325,2.51500000e+01,-5.09935035e+00,8.743465e-01,2.212984e-01,5.194812e-01,5.928055e-01,,
1326,2.51500000e+01,-5.09934826e+00,8.743465e-01,2.212994e-01,5.194776e-01,5.928121e-01,,
1327,2.51500000e+01,-5.09934094e+00,8.743465e-01,2.213177e-01,5.194983e-01,5.928375e-01,,
1328,2.51500000e+01,-5.09934380e+00,8.743465e-01,2.213249e-01,5.195122e-01,5.928411e-01,,
1329,2.51500000e+01,-5.09934948e+00,8.743465e-01,2.213027e-01,5.194940e-01,5.928023e-01,,
1330,2.51500000e+01,-5.09935361e+00,8.743465e-01,2.212866e-01,5.194772e-01,5.927785e-01,,
1331,2.51500000e+01,-5.09935062e+00,8.743465e-01,2.212984e-01,5.194848e-01,5.928012e-01,,
1332,2.51500000e+01,-5.09934467e+00,8.743465e-01,2.213252e-01,5.195086e-01,5.928458e-01,,
1333,2.51500000e+01,-5.09934770e+00,8.743465e-01,2.213258e-01,5.195099e-01,5.928461e-01,,
1334,2.51500000e+01,-5.09935092e+00,8.743465e-01,2.213022e-01,5.194875e-01,5.928084e-01,,
1335,2.51500000e+01,-5.09934942e+00,8.743465e-01,2.212898e-01,5.194757e-01,5.927886e-01,,
1336,2.51500000e+01,-5.09934385e+00,8.743465e-01,2.213075e-01,5.194929e-01,5.928163e-01,,
1337,2.51500000e+01,-5.09934073e+00,8.743465e-01,2.213247e-01,5.195128e-01,5.928398e-01,,
1338,2.51500000e+01,-5.09934799e+00,8.743465e-01,2.213168e-01,5.195077e-01,5.928245e-01,,
1339,2.51500000e+01,-5.09935141e+00,8.743465e-01,2.212954e-01,5.194809e-01,5.927977e-01,,
1340,2.51500000e+01,-5.09934795e+00,8.743465e-01,2.213023e-01,5.194804e-01,5.928167e-01,,
1341,2.51500000e+01,-5.09933891e+00,8.743465e-01,2.213210e-01,5.194991e-01,5.928455e-01,,
1342,2.51500000e+01,-5.09934132e+00,8.743465e-01,2.213254e-01,5.195105e-01,5.928443e-01,,
1343,2.51500000e+01,-5.09934637e+00,8.743465e-01,2.213012e-01,5.194908e-01,5.928019e-01,,
1344,2.51500000e+01,-5.09934893e+00,8.743465e-01,2.212858e-01,5.194742e-01,5.927797e-01,,
1345,2.51500000e+01,-5.09934600e+00,8.743465e-01,2.212995e-01,5.194847e-01,5.928044e-01,,
1346,2.51500000e+01,-5.09933857e+00,8.743465e-01,2.213245e-01,5.195067e-01,5.928463e-01,,
1347,2.51500000e+01,-5.09934139e+00,8.743465e-01,2.213229e-01,5.195039e-01,5.928451e-01,,
1348,2.51500000e+01,-5.09934405e+00,8.743465e-01,2.213026e-01,5.194815e-01,5.928164e-01,,
1349,2.51500000e+01,-5.09934145e+00,8.743465e-01,2.212932e-01,5.194719e-01,5.928020e-01,,
1350,2.51500000e+01,-5.09933535e+00,8.743465e-01,2.213100e-01,5.194904e-01,5.928261e-01,,
1351,2.51500000e+01,-5.09933424e+00,8.743465e-01,2.213257e-01,5.195095e-01,5.928462e-01,,
1352,2.51500000e+01,-5.09934197e+00,8.743465e-01,2.213133e-01,5.195008e-01,5.928229e-01,,
1353,2.51500000e+01,-5.09934676e+00,8.743465e-01,2.212911e-01,5.194750e-01,5.927930e-01,,
1354,2.51500000e+01,-5.09934370e+00,8.743465e-01,2.212963e-01,5.194726e-01,5.928095e-01,,
1355,2.51500000e+01,-5.09933675e+00,8.743465e-01,2.213234e-01,5.194982e-01,5.928529e-01,,
1356,2.51500000e+01,-5.09934105e+00,8.743465e-01,2.213264e-01,5.195082e-01,5.928495e-01,,
1357,2.51500000e+01,-5.09934772e+00,8.743465e-01,2.212999e-01,5.194874e-01,5.928022e-01,,
1358,2.51500000e+01,-5.09935048e+00,8.743465e-01,2.212854e-01,5.194722e-01,5.927810e-01,,
1359,2.51500000e+01,-5.09934756e+00,8.743465e-01,2.212997e-01,5.194848e-01,5.928047e-01,,
1360,2.51500000e+01,-5.09934260e+00,8.743465e-01,2.213213e-01,5.195066e-01,5.928376e-01,,
1361,2.51500000e+01,-5.09934800e+00,8.743465e-01,2.213166e-01,5.195020e-01,5.928303e-01,,
1362,2.51500000e+01,-5.09935106e+00,8.743465e-01,2.212999e-01,5.194807e-01,5.928099e-01,,
1363,2.51500000e+01,-5.09934802e+00,8.743465e-01,2.212952e-01,5.194738e-01,5.928054e-01,,
1364,2.51500000e+01,-5.09934204e+00,8.743465e-01,2.213136e-01,5.194953e-01,5.928301e-01,,
1365,2.51500000e+01,-5.09934094e+00,8.743465e-01,2.213256e-01,5.195104e-01,5.928449e-01,,
1366,2.51500000e+01,-5.09934774e+00,8.743465e-01,2.213104e-01,5.194994e-01,5.928168e-01,,
1367,2.51500000e+01,-5.09935280e+00,8.743465e-01,2.212900e-01,5.194758e-01,5.927890e-01,,
1368,2.51500000e+01,-5.09934760e+00,8.743465e-01,2.212988e-01,5.194778e-01,5.928105e-01,,
1369,2.51500000e+01,-5.09933781e+00,8.743465e-01,2.213275e-01,5.195026e-01,5.928588e-01,,
1370,2.51500000e+01,-5.09934005e+00,8.743465e-01,2.213298e-01,5.195094e-01,5.928574e-01,,
1371,2.51500000e+01,-5.09934467e+00,8.743465e-01,2.213032e-01,5.194883e-01,5.928102e-01,,
1372,2.51500000e+01,-5.09934524e+00,8.743465e-01,2.212900e-01,5.194748e-01,5.927901e-01,,
1373,2.51500000e+01,-5.09934237e+00,8.743465e-01,2.213063e-01,5.194906e-01,5.928160e-01,,
1374,2.51500000e+01,-5.09933899e+00,8.743465e-01,2.213259e-01,5.195117e-01,5.928441e-01,,
1375,2.51500000e+01,-5.09934652e+00,8.743465e-01,2.213235e-01,5.195113e-01,5.928383e-01,,
1376,2.51500000e+01,-5.09934937e+00,8.743465e-01,2.213009e-01,5.194827e-01,5.928103e-01,,
1377,2.51500000e+01,-5.09934666e+00,8.743465e-01,2.213007e-01,5.194780e-01,5.928151e-01,,
1378,2.51500000e+01,-5.09933900e+00,8.743465e-01,2.213192e-01,5.194986e-01,5.928411e-01,,
1379,2.51500000e+01,-5.09934140e+00,8.743465e-01,2.213269e-01,5.195127e-01,5.928458e-01,,
1380,2.51500000e+01,-5.09934684e+00,8.743465e-01,2.213048e-01,5.194945e-01,5.928074e-01,,
1381,2.51500000e+01,-5.09935114e+00,8.743465e-01,2.212885e-01,5.194771e-01,5.927835e-01,,
1382,2.51500000e+01,-5.09934805e+00,8.743465e-01,2.212992e-01,5.194834e-01,5.928051e-01,,
1383,2.51500000e+01,-5.09934173e+00,8.743465e-01,2.213262e-01,5.195071e-01,5.928503e-01,,
1384,2.51500000e+01,-5.09934519e+00,8.743465e-01,2.213267e-01,5.195093e-01,5.928491e-01,,
1385,2.51500000e+01,-5.09934946e+00,8.743465e-01,2.213015e-01,5.194869e-01,5.928072e-01,,
1386,2.51500000e+01,-5.09934893e+00,8.743465e-01,2.212884e-01,5.194744e-01,5.927863e-01,,
1387,2.51500000e+01,-5.09934436e+00,8.743465e-01,2.213055e-01,5.194908e-01,5.928134e-01,,
1388,2.51500000e+01,-5.09934143e+00,8.743465e-01,2.213226e-01,5.195106e-01,5.928366e-01,,
1389,2.51500000e+01,-5.09934919e+00,8.743465e-01,2.213156e-01,5.195067e-01,5.928222e-01,,
1390,2.51500000e+01,-5.09935298e+00,8.743465e-01,2.212940e-01,5.194796e-01,5.927955e-01,,
1391,2.51500000e+01,-5.09934975e+00,8.743465e-01,2.212991e-01,5.194776e-01,5.928115e-01,,
1392,2.51500000e+01,-5.09934060e+00,8.743465e-01,2.213179e-01,5.194963e-01,5.928404e-01,,
1393,2.51500000e+01,-5.09934261e+00,8.743465e-01,2.213234e-01,5.195083e-01,5.928414e-01,,
1394,2.51500000e+01,-5.09934712e+00,8.743465e-01,2.213002e-01,5.194888e-01,5.928017e-01,,
1395,2.51500000e+01,-5.09934937e+00,8.743465e-01,2.212850e-01,5.194718e-01,5.927802e-01,,
1396,2.51500000e+01,-5.09934542e+00,8.743465e-01,2.212998e-01,5.194812e-01,5.928091e-01,,
1397,2.51500000e+01,-5.09933940e+00,8.743465e-01,2.213249e-01,5.195042e-01,5.928502e-01,,
1398,2.51500000e+01,-5.09934204e+00,8.743465e-01,2.213244e-01,5.195026e-01,5.928505e-01,,
1399,2.51500000e+01,-5.09934483e+00,8.743465e-01,2.213027e-01,5.194805e-01,5.928178e-01,,
1400,2.51500000e+01,-5.09934278e+00,8.743465e-01,2.212916e-01,5.194706e-01,5.927992e-01,,
1401,2.51500000e+01,-5.09933706e+00,8.743465e-01,2.213085e-01,5.194892e-01,5.928233e-01,,
1402,2.51500000e+01,-5.09933601e+00,8.743465e-01,2.213246e-01,5.195089e-01,5.928439e-01,,
1403,2.51500000e+01,-5.09934392e+00,8.743465e-01,2.213137e-01,5.195016e-01,5.928232e-01,,
1404,2.51500000e+01,-5.09934833e+00,8.743465e-01,2.212919e-01,5.194760e-01,5.927940e-01,,
1405,2.51500000e+01,-5.09934426e+00,8.743465e-01,2.212960e-01,5.194723e-01,5.928090e-01,,
1406,2.51500000e+01,-5.09933703e+00,8.743465e-01,2.213232e-01,5.194986e-01,5.928519e-01,,
1407,2.51500000e+01,-5.09934080e+00,8.743465e-01,2.213273e-01,5.195098e-01,5.928502e-01,,
1408,2.51500000e+01,-5.09934693e+00,8.743465e-01,2.213013e-01,5.194896e-01,5.928036e-01,,
1409,2.51500000e+01,-5.09934954e+00,8.743465e-01,2.212866e-01,5.194742e-01,5.927819e-01,,
1410,2.51500000e+01,-5.09934650e+00,8.743465e-01,2.213005e-01,5.194865e-01,5.928050e-01,,
1411,2.51500000e+01,-5.09934106e+00,8.743465e-01,2.213229e-01,5.195088e-01,5.928396e-01,,
1412,2.51500000e+01,-5.09934628e+00,8.743465e-01,2.213197e-01,5.195053e-01,5.928349e-01,,
1413,2.51500000e+01,-5.09934979e+00,8.743465e-01,2.213019e-01,5.194840e-01,5.928115e-01,,
1414,2.51500000e+01,-5.09934724e+00,8.743465e-01,2.212954e-01,5.194763e-01,5.928029e-01,,
1415,2.51500000e+01,-5.09934202e+00,8.743465e-01,2.213138e-01,5.194979e-01,5.928276e-01,,
1416,2.51500000e+01,-5.09934143e+00,8.743465e-01,2.213259e-01,5.195132e-01,5.928424e-01,,
1417,2.51500000e+01,-5.09934725e+00,8.743465e-01,2.213116e-01,5.195027e-01,5.928162e-01,,
1418,2.51500000e+01,-5.09935197e+00,8.743465e-01,2.212910e-01,5.194784e-01,5.927888e-01,,
1419,2.51500000e+01,-5.09934927e+00,8.743465e-01,2.212990e-01,5.194796e-01,5.928088e-01,,
1420,2.51500000e+01,-5.09934113e+00,8.743465e-01,2.213271e-01,5.195044e-01,5.928556e-01,,
1421,2.51500000e+01,-5.09934423e+00,8.743465e-01,2.213293e-01,5.195116e-01,5.928533e-01,,
1422,2.51500000e+01,-5.09934955e+00,8.743465e-01,2.213022e-01,5.194902e-01,5.928054e-01,,
1423,2.51500000e+01,-5.09935017e+00,8.743465e-01,2.212891e-01,5.194758e-01,5.927868e-01,,
1424,2.51500000e+01,-5.09934715e+00,8.743465e-01,2.213049e-01,5.194903e-01,5.928123e-01,,
1425,2.51500000e+01,-5.09934280e+00,8.743465e-01,2.213249e-01,5.195111e-01,5.928421e-01,,
1426,2.51500000e+01,-5.09934656e+00,8.743465e-01,2.213168e-01,5.195034e-01,5.928294e-01,,
1427,2.51500000e+01,-5.09934840e+00,8.743465e-01,2.213015e-01,5.194819e-01,5.928129e-01,,
1428,2.51500000e+01,-5.09934517e+00,8.743465e-01,2.213005e-01,5.194770e-01,5.928159e-01,,
1429,2.51500000e+01,-5.09933753e+00,8.743465e-01,2.213184e-01,5.194973e-01,5.928405e-01,,
1430,2.51500000e+01,-5.09933948e+00,8.743465e-01,2.213266e-01,5.195111e-01,5.928467e-01,,
1431,2.51500000e+01,-5.09934469e+00,8.743465e-01,2.213046e-01,5.194926e-01,5.928090e-01,,
1432,2.51500000e+01,-5.09934888e+00,8.743465e-01,2.212886e-01,5.194748e-01,5.927864e-01,,
1433,2.51500000e+01,-5.09934547e+00,8.743465e-01,2.212989e-01,5.194801e-01,5.928078e-01,,
1434,2.51500000e+01,-5.09933839e+00,8.743465e-01,2.213258e-01,5.195037e-01,5.928533e-01,,
1435,2.51500000e+01,-5.09934187e+00,8.743465e-01,2.213265e-01,5.195068e-01,5.928514e-01,,
1436,2.51500000e+01,-5.09934664e+00,8.743465e-01,2.213006e-01,5.194846e-01,5.928074e-01,,
1437,2.51500000e+01,-5.09934684e+00,8.743465e-01,2.212873e-01,5.194718e-01,5.927863e-01,,
1438,2.51500000e+01,-5.09934302e+00,8.743465e-01,2.213041e-01,5.194881e-01,5.928130e-01,,
1439,2.51500000e+01,-5.09934012e+00,8.743465e-01,2.213215e-01,5.195081e-01,5.928364e-01,,
1440,2.51500000e+01,-5.09934819e+00,8.743465e-01,2.213153e-01,5.195054e-01,5.928231e-01,,
1441,2.51500000e+01,-5.09935215e+00,8.743465e-01,2.212941e-01,5.194782e-01,5.927974e-01,,
1442,2.51500000e+01,-5.09934932e+00,8.743465e-01,2.212980e-01,5.194756e-01,5.928109e-01,,
1443,2.51500000e+01,-5.09934043e+00,8.743465e-01,2.213170e-01,5.194948e-01,5.928398e-01,,
1444,2.51500000e+01,-5.09934249e+00,8.743465e-01,2.213234e-01,5.195076e-01,5.928424e-01,,
1445,2.51500000e+01,-5.09934720e+00,8.743465e-01,2.213009e-01,5.194887e-01,5.928036e-01,,
1446,2.51500000e+01,-5.09934992e+00,8.743465e-01,2.212855e-01,5.194720e-01,5.927815e-01,,
1447,2.51500000e+01,-5.09934641e+00,8.743465e-01,2.212995e-01,5.194811e-01,5.928084e-01,,
1448,2.51500000e+01,-5.09934061e+00,8.743465e-01,2.213253e-01,5.195048e-01,5.928505e-01,,
1449,2.51500000e+01,-5.09934345e+00,8.743465e-01,2.213252e-01,5.195045e-01,5.928505e-01,,
1450,2.51500000e+01,-5.09934676e+00,8.743465e-01,2.213026e-01,5.194827e-01,5.928149e-01,,
1451,2.51500000e+01,-5.09934546e+00,8.743465e-01,2.212910e-01,5.194727e-01,5.927953e-01,,
1452,2.51500000e+01,-5.09934027e+00,8.743465e-01,2.213084e-01,5.194913e-01,5.928205e-01,,
1453,2.51500000e+01,-5.09933883e+00,8.743465e-01,2.213248e-01,5.195114e-01,5.928416e-01,,
1454,2.51500000e+01,-5.09934662e+00,8.743465e-01,2.213151e-01,5.195051e-01,5.928230e-01,,
1455,2.51500000e+01,-5.09935059e+00,8.743465e-01,2.212938e-01,5.194792e-01,5.927953e-01,,
1456,2.51500000e+01,-5.09934570e+00,8.743465e-01,2.212969e-01,5.194744e-01,5.928092e-01,,
1457,2.51500000e+01,-5.09933803e+00,8.743465e-01,2.213240e-01,5.195008e-01,5.928515e-01,,
1458,2.51500000e+01,-5.09934130e+00,8.743465e-01,2.213284e-01,5.195126e-01,5.928499e-01,,
1459,2.51500000e+01,-5.09934700e+00,8.743465e-01,2.213026e-01,5.194924e-01,5.928039e-01,,
1460,2.51500000e+01,-5.09934966e+00,8.743465e-01,2.212877e-01,5.194765e-01,5.927822e-01,,
1461,2.51500000e+01,-5.09934668e+00,8.743465e-01,2.213014e-01,5.194880e-01,5.928057e-01,,
1462,2.51500000e+01,-5.09934056e+00,8.743465e-01,2.213244e-01,5.195101e-01,5.928421e-01,,
1463,2.51500000e+01,-5.09934510e+00,8.743465e-01,2.213216e-01,5.195068e-01,5.928384e-01,,
1464,2.51500000e+01,-5.09934869e+00,8.743465e-01,2.213027e-01,5.194852e-01,5.928124e-01,,
1465,2.51500000e+01,-5.09934655e+00,8.743465e-01,2.212947e-01,5.194768e-01,5.928005e-01,,
1466,2.51500000e+01,-5.09934184e+00,8.743465e-01,2.213132e-01,5.194981e-01,5.928257e-01,,
1467,2.51500000e+01,-5.09934113e+00,8.743465e-01,2.213253e-01,5.195132e-01,5.928410e-01,,
1468,2.51500000e+01,-5.09934721e+00,8.743465e-01,2.213114e-01,5.195031e-01,5.928153e-01,,
1469,2.51500000e+01,-5.09935198e+00,8.743465e-01,2.212902e-01,5.194783e-01,5.927868e-01,,
1470,2.51500000e+01,-5.09934923e+00,8.743465e-01,2.212973e-01,5.194780e-01,5.928060e-01,,
1471,2.51500000e+01,-5.09934128e+00,8.743465e-01,2.213251e-01,5.195028e-01,5.928523e-01,,
1472,2.51500000e+01,-5.09934418e+00,8.743465e-01,2.213279e-01,5.195105e-01,5.928508e-01,,
1473,2.51500000e+01,-5.09934937e+00,8.743465e-01,2.213010e-01,5.194889e-01,5.928036e-01,,
1474,2.51500000e+01,-5.09934983e+00,8.743465e-01,2.212878e-01,5.194735e-01,5.927858e-01,,
1475,2.51500000e+01,-5.09934676e+00,8.743465e-01,2.213031e-01,5.194873e-01,5.928110e-01,,
1476,2.51500000e+01,-5.09934206e+00,8.743465e-01,2.213236e-01,5.195084e-01,5.928420e-01,,
1477,2.51500000e+01,-5.09934561e+00,8.743465e-01,2.213169e-01,5.195014e-01,5.928319e-01,,
1478,2.51500000e+01,-5.09934727e+00,8.743465e-01,2.213008e-01,5.194796e-01,5.928138e-01,,
1479,2.51500000e+01,-5.09934412e+00,8.743465e-01,2.212980e-01,5.194738e-01,5.928128e-01,,
1480,2.51500000e+01,-5.09933711e+00,8.743465e-01,2.213160e-01,5.194945e-01,5.928374e-01,,
1481,2.51500000e+01,-5.09933890e+00,8.743465e-01,2.213253e-01,5.195087e-01,5.928459e-01,,
1482,2.51500000e+01,-5.09934418e+00,8.743465e-01,2.213035e-01,5.194908e-01,5.928082e-01,,
1483,2.51500000e+01,-5.09934867e+00,8.743465e-01,2.212879e-01,5.194732e-01,5.927865e-01,,
1484,2.51500000e+01,-5.09934505e+00,8.743465e-01,2.212983e-01,5.194777e-01,5.928090e-01,,
1485,2.51500000e+01,-5.09933712e+00,8.743465e-01,2.213258e-01,5.195014e-01,5.928558e-01,,
1486,2.51500000e+01,-5.09934004e+00,8.743465e-01,2.213273e-01,5.195056e-01,5.928549e-01,,
1487,2.51500000e+01,-5.09934437e+00,8.743465e-01,2.213014e-01,5.194837e-01,5.928106e-01,,
1488,2.51500000e+01,-5.09934449e+00,8.743465e-01,2.212880e-01,5.194708e-01,5.927894e-01,,
1489,2.51500000e+01,-5.09934070e+00,8.743465e-01,2.213050e-01,5.194871e-01,5.928163e-01,,
1490,2.51500000e+01,-5.09933755e+00,8.743465e-01,2.213232e-01,5.195079e-01,5.928414e-01,,
1491,2.51500000e+01,-5.09934572e+00,8.743465e-01,2.213185e-01,5.195065e-01,5.928305e-01,,
1492,2.51500000e+01,-5.09934980e+00,8.743465e-01,2.212970e-01,5.194793e-01,5.928038e-01,,
1493,2.51500000e+01,-5.09934763e+00,8.743465e-01,2.212990e-01,5.194762e-01,5.928126e-01,,
1494,2.51500000e+01,-5.09934010e+00,8.743465e-01,2.213173e-01,5.194966e-01,5.928385e-01,,
1495,2.51500000e+01,-5.09934297e+00,8.743465e-01,2.213243e-01,5.195103e-01,5.928414e-01,,
1496,2.51500000e+01,-5.09934862e+00,8.743465e-01,2.213020e-01,5.194921e-01,5.928027e-01,,
1497,2.51500000e+01,-5.09935262e+00,8.743465e-01,2.212862e-01,5.194755e-01,5.927792e-01,,
1498,2.51500000e+01,-5.09934969e+00,8.743465e-01,2.212986e-01,5.194839e-01,5.928028e-01,,
1499,2.51500000e+01,-5.09934402e+00,8.743465e-01,2.213249e-01,5.195078e-01,5.928459e-01,,
1500,2.51500000e+01,-5.09934714e+00,8.743465e-01,2.213253e-01,5.195086e-01,5.928462e-01,,
