time,n,U_aval,J,KT,10KQ,eta0,tours,angle_deg
1,2.51500000e+01,-4.99275516e+00,8.743465e-01,4.936651e-01,1.205319e+00,5.699464e-01,,
2,2.51500000e+01,-5.00630788e+00,8.743465e-01,3.735604e-01,8.897405e-01,5.842533e-01,,
3,2.51500000e+01,-5.01151343e+00,8.743465e-01,3.128350e-01,7.319777e-01,5.947318e-01,,
4,2.51500000e+01,-5.01690765e+00,8.743465e-01,2.860223e-01,6.655228e-01,5.980543e-01,,
5,2.51500000e+01,-5.02510407e+00,8.743465e-01,2.695831e-01,6.307465e-01,5.947597e-01,,
6,2.51500000e+01,-5.03630977e+00,8.743465e-01,2.579331e-01,6.098170e-01,5.885878e-01,,
7,2.51500000e+01,-5.05177867e+00,8.743465e-01,2.482409e-01,5.943304e-01,5.812315e-01,,
8,2.51500000e+01,-5.07094338e+00,8.743465e-01,2.391527e-01,5.804565e-01,5.733361e-01,,
9,2.51500000e+01,-5.09308297e+00,8.743465e-01,2.304451e-01,5.665774e-01,5.659942e-01,,
10,2.51500000e+01,-5.11406050e+00,8.743465e-01,2.240793e-01,5.563255e-01,5.605012e-01,,
11,2.51500000e+01,-5.12983462e+00,8.743465e-01,2.194172e-01,5.482997e-01,5.568734e-01,,
12,2.51500000e+01,-5.13777685e+00,8.743465e-01,2.164269e-01,5.425009e-01,5.551553e-01,,
13,2.51500000e+01,-5.13860337e+00,8.743465e-01,2.147864e-01,5.383298e-01,5.552160e-01,,
14,2.51500000e+01,-5.13537607e+00,8.743465e-01,2.140857e-01,5.353463e-01,5.564889e-01,,
15,2.51500000e+01,-5.13082280e+00,8.743465e-01,2.140960e-01,5.332811e-01,5.586709e-01,,
16,2.51500000e+01,-5.12652080e+00,8.743465e-01,2.147206e-01,5.319855e-01,5.616653e-01,,
17,2.51500000e+01,-5.12295106e+00,8.743465e-01,2.156975e-01,5.312418e-01,5.650105e-01,,
18,2.51500000e+01,-5.12032542e+00,8.743465e-01,2.168273e-01,5.308424e-01,5.683974e-01,,
19,2.51500000e+01,-5.11807296e+00,8.743465e-01,2.179242e-01,5.305693e-01,5.715668e-01,,
20,2.51500000e+01,-5.11610646e+00,8.743465e-01,2.189022e-01,5.303927e-01,5.743232e-01,,
21,2.51500000e+01,-5.11401510e+00,8.743465e-01,2.195957e-01,5.300375e-01,5.765288e-01,,
22,2.51500000e+01,-5.11163283e+00,8.743465e-01,2.200363e-01,5.295621e-01,5.782039e-01,,
23,2.51500000e+01,-5.10913925e+00,8.743465e-01,2.202422e-01,5.289826e-01,5.793792e-01,,
24,2.51500000e+01,-5.10688137e+00,8.743465e-01,2.202462e-01,5.283291e-01,5.801062e-01,,
25,2.51500000e+01,-5.10503286e+00,8.743465e-01,2.200891e-01,5.276336e-01,5.804568e-01,,
26,2.51500000e+01,-5.10368460e+00,8.743465e-01,2.198012e-01,5.269132e-01,5.804899e-01,,
27,2.51500000e+01,-5.10288044e+00,8.743465e-01,2.194258e-01,5.261977e-01,5.802866e-01,,
28,2.51500000e+01,-5.10266277e+00,8.743465e-01,2.188288e-01,5.252897e-01,5.797080e-01,,
29,2.51500000e+01,-5.10288070e+00,8.743465e-01,2.183803e-01,5.246303e-01,5.792469e-01,,
30,2.51500000e+01,-5.10347348e+00,8.743465e-01,2.177326e-01,5.237677e-01,5.784801e-01,,
31,2.51500000e+01,-5.10429757e+00,8.743465e-01,2.172682e-01,5.231645e-01,5.779118e-01,,
32,2.51500000e+01,-5.10529369e+00,8.743465e-01,2.168013e-01,5.225706e-01,5.773253e-01,,
33,2.51500000e+01,-5.10635501e+00,8.743465e-01,2.164802e-01,5.221637e-01,5.769194e-01,,
34,2.51500000e+01,-5.10739959e+00,8.743465e-01,2.161915e-01,5.217778e-01,5.765763e-01,,
35,2.51500000e+01,-5.10834196e+00,8.743465e-01,2.160214e-01,5.215159e-01,5.764119e-01,,
36,2.51500000e+01,-5.10917153e+00,8.743465e-01,2.159129e-01,5.213230e-01,5.763357e-01,,
37,2.51500000e+01,-5.10987646e+00,8.743465e-01,2.158435e-01,5.211749e-01,5.763139e-01,,
38,2.51500000e+01,-5.11045273e+00,8.743465e-01,2.158610e-01,5.211236e-01,5.764174e-01,,
39,2.51500000e+01,-5.11090699e+00,8.743465e-01,2.159672e-01,5.211658e-01,5.766545e-01,,
40,2.51500000e+01,-5.11123753e+00,8.743465e-01,2.161062e-01,5.212618e-01,5.769194e-01,,
41,2.51500000e+01,-5.11148757e+00,8.743465e-01,2.162581e-01,5.213852e-01,5.771880e-01,,
42,2.51500000e+01,-5.11164786e+00,8.743465e-01,2.163990e-01,5.215100e-01,5.774260e-01,,
43,2.51500000e+01,-5.11172581e+00,8.743465e-01,2.165401e-01,5.216473e-01,5.776503e-01,,
44,2.51500000e+01,-5.11172819e+00,8.743465e-01,2.166801e-01,5.217957e-01,5.778596e-01,,
45,2.51500000e+01,-5.11170379e+00,8.743465e-01,2.168240e-01,5.219589e-01,5.780623e-01,,
46,2.51500000e+01,-5.11167182e+00,8.743465e-01,2.169213e-01,5.220807e-01,5.781867e-01,,
47,2.51500000e+01,-5.11163383e+00,8.743465e-01,2.170012e-01,5.221854e-01,5.782840e-01,,
48,2.51500000e+01,-5.11158592e+00,8.743465e-01,2.170705e-01,5.222757e-01,5.783685e-01,,
49,2.51500000e+01,-5.11152328e+00,8.743465e-01,2.171215e-01,5.223495e-01,5.784228e-01,,
50,2.51500000e+01,-5.11148320e+00,8.743465e-01,2.171457e-01,5.223988e-01,5.784326e-01,,
51,2.51500000e+01,-5.11147178e+00,8.743465e-01,2.171363e-01,5.224160e-01,5.783885e-01,,
52,2.51500000e+01,-5.11147249e+00,8.743465e-01,2.171251e-01,5.224150e-01,5.783599e-01,,
53,2.51500000e+01,-5.11147324e+00,8.743465e-01,2.171276e-01,5.224228e-01,5.783579e-01,,
54,2.51500000e+01,-5.11148436e+00,8.743465e-01,2.171349e-01,5.224320e-01,5.783672e-01,,
55,2.51500000e+01,-5.11152180e+00,8.743465e-01,2.171309e-01,5.224287e-01,5.783602e-01,,
56,2.51500000e+01,-5.11157160e+00,8.743465e-01,2.170936e-01,5.223966e-01,5.782964e-01,,
57,2.51500000e+01,-5.11161572e+00,8.743465e-01,2.170673e-01,5.223668e-01,5.782590e-01,,
58,2.51500000e+01,-5.11163987e+00,8.743465e-01,2.170621e-01,5.223545e-01,5.782588e-01,,
59,2.51500000e+01,-5.11166847e+00,8.743465e-01,2.170672e-01,5.223515e-01,5.782758e-01,,
60,2.51500000e+01,-5.11170838e+00,8.743465e-01,2.170680e-01,5.223462e-01,5.782839e-01,,
61,2.51500000e+01,-5.11174388e+00,8.743465e-01,2.170520e-01,5.223179e-01,5.782725e-01,,
62,2.51500000e+01,-5.11175632e+00,8.743465e-01,2.170401e-01,5.222938e-01,5.782675e-01,,
63,2.51500000e+01,-5.11174576e+00,8.743465e-01,2.170497e-01,5.222910e-01,5.782962e-01,,
64,2.51500000e+01,-5.11173185e+00,8.743465e-01,2.170702e-01,5.223011e-01,5.783397e-01,,
65,2.51500000e+01,-5.11173788e+00,8.743465e-01,2.170702e-01,5.222948e-01,5.783465e-01,,
66,2.51500000e+01,-5.11173647e+00,8.743465e-01,2.170611e-01,5.222736e-01,5.783458e-01,,
67,2.51500000e+01,-5.11171857e+00,8.743465e-01,2.170669e-01,5.222647e-01,5.783711e-01,,
68,2.51500000e+01,-5.11168802e+00,8.743465e-01,2.170876e-01,5.222770e-01,5.784127e-01,,
69,2.51500000e+01,-5.11166667e+00,8.743465e-01,2.171042e-01,5.222910e-01,5.784414e-01,,
70,2.51500000e+01,-5.11165797e+00,8.743465e-01,2.170945e-01,5.222831e-01,5.784243e-01,,
71,2.51500000e+01,-5.11165119e+00,8.743465e-01,2.170838e-01,5.222647e-01,5.784162e-01,,
72,2.51500000e+01,-5.11163480e+00,8.743465e-01,2.170969e-01,5.222694e-01,5.784459e-01,,
73,2.51500000e+01,-5.11160732e+00,8.743465e-01,2.171207e-01,5.222867e-01,5.784900e-01,,
74,2.51500000e+01,-5.11159882e+00,8.743465e-01,2.171291e-01,5.222958e-01,5.785026e-01,,
75,2.51500000e+01,-5.11159948e+00,8.743465e-01,2.171087e-01,5.222805e-01,5.784651e-01,,
76,2.51500000e+01,-5.11159824e+00,8.743465e-01,2.170998e-01,5.222694e-01,5.784537e-01,,
77,2.51500000e+01,-5.11158855e+00,8.743465e-01,2.171112e-01,5.222801e-01,5.784723e-01,,
78,2.51500000e+01,-5.11157740e+00,8.743465e-01,2.171222e-01,5.222926e-01,5.784875e-01,,
79,2.51500000e+01,-5.11158499e+00,8.743465e-01,2.171191e-01,5.222928e-01,5.784790e-01,,
80,2.51500000e+01,-5.11159548e+00,8.743465e-01,2.171043e-01,5.222769e-01,5.784573e-01,,
81,2.51500000e+01,-5.11160026e+00,8.743465e-01,2.170965e-01,5.222696e-01,5.784445e-01,,
82,2.51500000e+01,-5.11159837e+00,8.743465e-01,2.171055e-01,5.222840e-01,5.784527e-01,,
83,2.51500000e+01,-5.11160215e+00,8.743465e-01,2.171087e-01,5.222944e-01,5.784497e-01,,
84,2.51500000e+01,-5.11161952e+00,8.743465e-01,2.170964e-01,5.222884e-01,5.784235e-01,,
85,2.51500000e+01,-5.11164257e+00,8.743465e-01,2.170851e-01,5.222763e-01,5.784067e-01,,
86,2.51500000e+01,-5.11165099e+00,8.743465e-01,2.170860e-01,5.222747e-01,5.784112e-01,,
87,2.51500000e+01,-5.11164977e+00,8.743465e-01,2.170955e-01,5.222821e-01,5.784282e-01,,
88,2.51500000e+01,-5.11165145e+00,8.743465e-01,2.170974e-01,5.222852e-01,5.784298e-01,,
89,2.51500000e+01,-5.11166662e+00,8.743465e-01,2.170844e-01,5.222747e-01,5.784068e-01,,
90,2.51500000e+01,-5.11167608e+00,8.743465e-01,2.170767e-01,5.222626e-01,5.783997e-01,,
91,2.51500000e+01,-5.11167221e+00,8.743465e-01,2.170845e-01,5.222636e-01,5.784192e-01,,
92,2.51500000e+01,-5.11165703e+00,8.743465e-01,2.170974e-01,5.222696e-01,5.784470e-01,,
93,2.51500000e+01,-5.11164895e+00,8.743465e-01,2.171000e-01,5.222664e-01,5.784576e-01,,
94,2.51500000e+01,-5.11164814e+00,8.743465e-01,2.170878e-01,5.222504e-01,5.784428e-01,,
95,2.51500000e+01,-5.11164104e+00,8.743465e-01,2.170834e-01,5.222403e-01,5.784423e-01,,
96,2.51500000e+01,-5.11162441e+00,8.743465e-01,2.170960e-01,5.222470e-01,5.784684e-01,,
97,2.51500000e+01,-5.11160461e+00,8.743465e-01,2.171088e-01,5.222550e-01,5.784936e-01,,
98,2.51500000e+01,-5.11159665e+00,8.743465e-01,2.171104e-01,5.222527e-01,5.785004e-01,,
99,2.51500000e+01,-5.11159289e+00,8.743465e-01,2.170994e-01,5.222331e-01,5.784929e-01,,
100,2.51500000e+01,-5.11158593e+00,8.743465e-01,2.170999e-01,5.222274e-01,5.785005e-01,,
101,2.51500000e+01,-5.11156866e+00,8.743465e-01,2.171109e-01,5.222374e-01,5.785186e-01,,
102,2.51500000e+01,-5.11155425e+00,8.743465e-01,2.171163e-01,5.222449e-01,5.785248e-01,,
103,2.51500000e+01,-5.11155512e+00,8.743465e-01,2.171063e-01,5.222371e-01,5.785067e-01,,
104,2.51500000e+01,-5.11156254e+00,8.743465e-01,2.170977e-01,5.222245e-01,5.784977e-01,,
105,2.51500000e+01,-5.11156215e+00,8.743465e-01,2.171029e-01,5.222264e-01,5.785095e-01,,
106,2.51500000e+01,-5.11154874e+00,8.743465e-01,2.171156e-01,5.222372e-01,5.785315e-01,,
107,2.51500000e+01,-5.11154763e+00,8.743465e-01,2.171125e-01,5.222403e-01,5.785197e-01,,
108,2.51500000e+01,-5.11155767e+00,8.743465e-01,2.170952e-01,5.222289e-01,5.784861e-01,,
109,2.51500000e+01,-5.11157072e+00,8.743465e-01,2.170863e-01,5.222212e-01,5.784711e-01,,
110,2.51500000e+01,-5.11157480e+00,8.743465e-01,2.170953e-01,5.222318e-01,5.784832e-01,,
111,2.51500000e+01,-5.11157382e+00,8.743465e-01,2.171020e-01,5.222423e-01,5.784896e-01,,
112,2.51500000e+01,-5.11158456e+00,8.743465e-01,2.170988e-01,5.222424e-01,5.784809e-01,,
113,2.51500000e+01,-5.11160104e+00,8.743465e-01,2.170830e-01,5.222276e-01,5.784551e-01,,
114,2.51500000e+01,-5.11161313e+00,8.743465e-01,2.170768e-01,5.222239e-01,5.784427e-01,,
115,2.51500000e+01,-5.11161407e+00,8.743465e-01,2.170828e-01,5.222340e-01,5.784476e-01,,
116,2.51500000e+01,-5.11161453e+00,8.743465e-01,2.170865e-01,5.222420e-01,5.784486e-01,,
117,2.51500000e+01,-5.11162685e+00,8.743465e-01,2.170773e-01,5.222370e-01,5.784296e-01,,
118,2.51500000e+01,-5.11164056e+00,8.743465e-01,2.170671e-01,5.222240e-01,5.784166e-01,,
119,2.51500000e+01,-5.11164349e+00,8.743465e-01,2.170714e-01,5.222231e-01,5.784293e-01,,
120,2.51500000e+01,-5.11163071e+00,8.743465e-01,2.170815e-01,5.222295e-01,5.784489e-01,,
121,2.51500000e+01,-5.11162388e+00,8.743465e-01,2.170843e-01,5.222340e-01,5.784516e-01,,
122,2.51500000e+01,-5.11162674e+00,8.743465e-01,2.170744e-01,5.222246e-01,5.784357e-01,,
123,2.51500000e+01,-5.11162907e+00,8.743465e-01,2.170689e-01,5.222119e-01,5.784349e-01,,
124,2.51500000e+01,-5.11162117e+00,8.743465e-01,2.170781e-01,5.222145e-01,5.784567e-01,,
125,2.51500000e+01,-5.11160292e+00,8.743465e-01,2.170933e-01,5.222229e-01,5.784879e-01,,
126,2.51500000e+01,-5.11159288e+00,8.743465e-01,2.170952e-01,5.222231e-01,5.784927e-01,,
127,2.51500000e+01,-5.11159141e+00,8.743465e-01,2.170818e-01,5.222086e-01,5.784730e-01,,
128,2.51500000e+01,-5.11158806e+00,8.743465e-01,2.170770e-01,5.221997e-01,5.784701e-01,,
129,2.51500000e+01,-5.11157786e+00,8.743465e-01,2.170898e-01,5.222096e-01,5.784934e-01,,
130,2.51500000e+01,-5.11156448e+00,8.743465e-01,2.171006e-01,5.222203e-01,5.785101e-01,,
131,2.51500000e+01,-5.11156607e+00,8.743465e-01,2.170989e-01,5.222202e-01,5.785057e-01,,
132,2.51500000e+01,-5.11157109e+00,8.743465e-01,2.170878e-01,5.222047e-01,5.784931e-01,,
133,2.51500000e+01,-5.11157326e+00,8.743465e-01,2.170872e-01,5.222014e-01,5.784954e-01,,
134,2.51500000e+01,-5.11156429e+00,8.743465e-01,2.170952e-01,5.222137e-01,5.785030e-01,,
135,2.51500000e+01,-5.11156053e+00,8.743465e-01,2.170978e-01,5.222228e-01,5.784998e-01,,
136,2.51500000e+01,-5.11156873e+00,8.743465e-01,2.170864e-01,5.222167e-01,5.784762e-01,,
137,2.51500000e+01,-5.11158249e+00,8.743465e-01,2.170775e-01,5.222060e-01,5.784645e-01,,
138,2.51500000e+01,-5.11158591e+00,8.743465e-01,2.170835e-01,5.222094e-01,5.784768e-01,,
139,2.51500000e+01,-5.11157829e+00,8.743465e-01,2.170945e-01,5.222205e-01,5.784937e-01,,
140,2.51500000e+01,-5.11158083e+00,8.743465e-01,2.170926e-01,5.222254e-01,5.784832e-01,,
141,2.51500000e+01,-5.11159434e+00,8.743465e-01,2.170769e-01,5.222162e-01,5.784515e-01,,
142,2.51500000e+01,-5.11160682e+00,8.743465e-01,2.170688e-01,5.222102e-01,5.784367e-01,,
143,2.51500000e+01,-5.11161026e+00,8.743465e-01,2.170777e-01,5.222202e-01,5.784494e-01,,
144,2.51500000e+01,-5.11160693e+00,8.743465e-01,2.170859e-01,5.222308e-01,5.784593e-01,,
145,2.51500000e+01,-5.11161380e+00,8.743465e-01,2.170808e-01,5.222281e-01,5.784488e-01,,
146,2.51500000e+01,-5.11162439e+00,8.743465e-01,2.170715e-01,5.222166e-01,5.784366e-01,,
147,2.51500000e+01,-5.11162967e+00,8.743465e-01,2.170697e-01,5.222138e-01,5.784349e-01,,
148,2.51500000e+01,-5.11162389e+00,8.743465e-01,2.170793e-01,5.222254e-01,5.784476e-01,,
149,2.51500000e+01,-5.11161931e+00,8.743465e-01,2.170864e-01,5.222350e-01,5.784559e-01,,
150,2.51500000e+01,-5.11162518e+00,8.743465e-01,2.170801e-01,5.222312e-01,5.784435e-01,,
151,2.51500000e+01,-5.11163328e+00,8.743465e-01,2.170716e-01,5.222185e-01,5.784350e-01,,
152,2.51500000e+01,-5.11163178e+00,8.743465e-01,2.170794e-01,5.222194e-01,5.784547e-01,,
153,2.51500000e+01,-5.11161775e+00,8.743465e-01,2.170904e-01,5.222286e-01,5.784739e-01,,
154,2.51500000e+01,-5.11160907e+00,8.743465e-01,2.170932e-01,5.222350e-01,5.784743e-01,,
155,2.51500000e+01,-5.11161197e+00,8.743465e-01,2.170815e-01,5.222264e-01,5.784524e-01,,
156,2.51500000e+01,-5.11161405e+00,8.743465e-01,2.170759e-01,5.222162e-01,5.784489e-01,,
157,2.51500000e+01,-5.11160845e+00,8.743465e-01,2.170873e-01,5.222222e-01,5.784725e-01,,
158,2.51500000e+01,-5.11159245e+00,8.743465e-01,2.171009e-01,5.222335e-01,5.784963e-01,,
159,2.51500000e+01,-5.11158743e+00,8.743465e-01,2.171016e-01,5.222348e-01,5.784966e-01,,
160,2.51500000e+01,-5.11158993e+00,8.743465e-01,2.170887e-01,5.222231e-01,5.784753e-01,,
161,2.51500000e+01,-5.11159150e+00,8.743465e-01,2.170834e-01,5.222174e-01,5.784674e-01,,
162,2.51500000e+01,-5.11158430e+00,8.743465e-01,2.170942e-01,5.222298e-01,5.784826e-01,,
163,2.51500000e+01,-5.11157668e+00,8.743465e-01,2.171028e-01,5.222413e-01,5.784928e-01,,
164,2.51500000e+01,-5.11158208e+00,8.743465e-01,2.170985e-01,5.222412e-01,5.784814e-01,,
165,2.51500000e+01,-5.11159116e+00,8.743465e-01,2.170884e-01,5.222278e-01,5.784693e-01,,
166,2.51500000e+01,-5.11159342e+00,8.743465e-01,2.170907e-01,5.222270e-01,5.784764e-01,,
167,2.51500000e+01,-5.11158550e+00,8.743465e-01,2.170990e-01,5.222390e-01,5.784853e-01,,
168,2.51500000e+01,-5.11158223e+00,8.743465e-01,2.171013e-01,5.222482e-01,5.784812e-01,,
169,2.51500000e+01,-5.11159140e+00,8.743465e-01,2.170897e-01,5.222420e-01,5.784570e-01,,
170,2.51500000e+01,-5.11160260e+00,8.743465e-01,2.170810e-01,5.222321e-01,5.784446e-01,,
171,2.51500000e+01,-5.11160503e+00,8.743465e-01,2.170872e-01,5.222364e-01,5.784565e-01,,
172,2.51500000e+01,-5.11159541e+00,8.743465e-01,2.170989e-01,5.222476e-01,5.784753e-01,,
173,2.51500000e+01,-5.11159661e+00,8.743465e-01,2.170983e-01,5.222518e-01,5.784692e-01,,
174,2.51500000e+01,-5.11160624e+00,8.743465e-01,2.170837e-01,5.222423e-01,5.784409e-01,,
175,2.51500000e+01,-5.11161486e+00,8.743465e-01,2.170767e-01,5.222359e-01,5.784292e-01,,
176,2.51500000e+01,-5.11161248e+00,8.743465e-01,2.170874e-01,5.222457e-01,5.784469e-01,,
177,2.51500000e+01,-5.11160539e+00,8.743465e-01,2.170969e-01,5.222557e-01,5.784610e-01,,
178,2.51500000e+01,-5.11160931e+00,8.743465e-01,2.170971e-01,5.222570e-01,5.784600e-01,,
179,2.51500000e+01,-5.11161617e+00,8.743465e-01,2.170859e-01,5.222422e-01,5.784468e-01,,
180,2.51500000e+01,-5.11161684e+00,8.743465e-01,2.170839e-01,5.222373e-01,5.784469e-01,,
181,2.51500000e+01,-5.11160744e+00,8.743465e-01,2.170933e-01,5.222483e-01,5.784598e-01,,
182,2.51500000e+01,-5.11159916e+00,8.743465e-01,2.170996e-01,5.222581e-01,5.784656e-01,,
183,2.51500000e+01,-5.11160399e+00,8.743465e-01,2.170922e-01,5.222536e-01,5.784509e-01,,
184,2.51500000e+01,-5.11161077e+00,8.743465e-01,2.170838e-01,5.222413e-01,5.784421e-01,,
185,2.51500000e+01,-5.11161009e+00,8.743465e-01,2.170926e-01,5.222435e-01,5.784631e-01,,
186,2.51500000e+01,-5.11159504e+00,8.743465e-01,2.171036e-01,5.222526e-01,5.784824e-01,,
187,2.51500000e+01,-5.11158873e+00,8.743465e-01,2.171048e-01,5.222577e-01,5.784800e-01,,
188,2.51500000e+01,-5.11159155e+00,8.743465e-01,2.170909e-01,5.222473e-01,5.784546e-01,,
189,2.51500000e+01,-5.11159558e+00,8.743465e-01,2.170847e-01,5.222377e-01,5.784486e-01,,
190,2.51500000e+01,-5.11159147e+00,8.743465e-01,2.170962e-01,5.222459e-01,5.784700e-01,,
191,2.51500000e+01,-5.11157947e+00,8.743465e-01,2.171077e-01,5.222571e-01,5.784884e-01,,
192,2.51500000e+01,-5.11157745e+00,8.743465e-01,2.171064e-01,5.222569e-01,5.784851e-01,,
193,2.51500000e+01,-5.11158398e+00,8.743465e-01,2.170940e-01,5.222449e-01,5.784654e-01,,
194,2.51500000e+01,-5.11158747e+00,8.743465e-01,2.170890e-01,5.222404e-01,5.784570e-01,,
195,2.51500000e+01,-5.11158277e+00,8.743465e-01,2.170986e-01,5.222525e-01,5.784692e-01,,
196,2.51500000e+01,-5.11157659e+00,8.743465e-01,2.171058e-01,5.222628e-01,5.784769e-01,,
197,2.51500000e+01,-5.11158463e+00,8.743465e-01,2.171001e-01,5.222606e-01,5.784643e-01,,
198,2.51500000e+01,-5.11159411e+00,8.743465e-01,2.170901e-01,5.222471e-01,5.784525e-01,,
199,2.51500000e+01,-5.11159693e+00,8.743465e-01,2.170942e-01,5.222466e-01,5.784640e-01,,
200,2.51500000e+01,-5.11158746e+00,8.743465e-01,2.171028e-01,5.222574e-01,5.784749e-01,,
201,2.51500000e+01,-5.11158533e+00,8.743465e-01,2.171043e-01,5.222650e-01,5.784706e-01,,
202,2.51500000e+01,-5.11159416e+00,8.743465e-01,2.170918e-01,5.222581e-01,5.784448e-01,,
203,2.51500000e+01,-5.11160516e+00,8.743465e-01,2.170833e-01,5.222478e-01,5.784334e-01,,
204,2.51500000e+01,-5.11160601e+00,8.743465e-01,2.170906e-01,5.222524e-01,5.784479e-01,,
205,2.51500000e+01,-5.11159646e+00,8.743465e-01,2.171029e-01,5.222626e-01,5.784694e-01,,
206,2.51500000e+01,-5.11159547e+00,8.743465e-01,2.171028e-01,5.222649e-01,5.784665e-01,,
207,2.51500000e+01,-5.11160344e+00,8.743465e-01,2.170893e-01,5.222537e-01,5.784430e-01,,
208,2.51500000e+01,-5.11160813e+00,8.743465e-01,2.170832e-01,5.222469e-01,5.784343e-01,,
209,2.51500000e+01,-5.11160411e+00,8.743465e-01,2.170944e-01,5.222564e-01,5.784536e-01,,
210,2.51500000e+01,-5.11159510e+00,8.743465e-01,2.171039e-01,5.222665e-01,5.784677e-01,,
211,2.51500000e+01,-5.11159921e+00,8.743465e-01,2.171029e-01,5.222668e-01,5.784647e-01,,
212,2.51500000e+01,-5.11160506e+00,8.743465e-01,2.170920e-01,5.222517e-01,5.784524e-01,,
213,2.51500000e+01,-5.11160633e+00,8.743465e-01,2.170911e-01,5.222474e-01,5.784548e-01,,
214,2.51500000e+01,-5.11159563e+00,8.743465e-01,2.171001e-01,5.222584e-01,5.784667e-01,,
215,2.51500000e+01,-5.11158901e+00,8.743465e-01,2.171051e-01,5.222675e-01,5.784697e-01,,
216,2.51500000e+01,-5.11159355e+00,8.743465e-01,2.170967e-01,5.222620e-01,5.784536e-01,,
217,2.51500000e+01,-5.11160164e+00,8.743465e-01,2.170886e-01,5.222497e-01,5.784457e-01,,
218,2.51500000e+01,-5.11159926e+00,8.743465e-01,2.170950e-01,5.222499e-01,5.784624e-01,,
219,2.51500000e+01,-5.11158569e+00,8.743465e-01,2.171079e-01,5.222602e-01,5.784854e-01,,
220,2.51500000e+01,-5.11158032e+00,8.743465e-01,2.171095e-01,5.222662e-01,5.784831e-01,,
221,2.51500000e+01,-5.11158556e+00,8.743465e-01,2.170952e-01,5.222555e-01,5.784567e-01,,
222,2.51500000e+01,-5.11159043e+00,8.743465e-01,2.170882e-01,5.222467e-01,5.784478e-01,,
223,2.51500000e+01,-5.11158826e+00,8.743465e-01,2.170990e-01,5.222553e-01,5.784672e-01,,
224,2.51500000e+01,-5.11157783e+00,8.743465e-01,2.171093e-01,5.222662e-01,5.784824e-01,,
225,2.51500000e+01,-5.11157864e+00,8.743465e-01,2.171067e-01,5.222646e-01,5.784772e-01,,
226,2.51500000e+01,-5.11158535e+00,8.743465e-01,2.170955e-01,5.222524e-01,5.784611e-01,,
227,2.51500000e+01,-5.11158982e+00,8.743465e-01,2.170915e-01,5.222483e-01,5.784550e-01,,
228,2.51500000e+01,-5.11158361e+00,8.743465e-01,2.171011e-01,5.222603e-01,5.784673e-01,,
229,2.51500000e+01,-5.11157850e+00,8.743465e-01,2.171076e-01,5.222695e-01,5.784744e-01,,
230,2.51500000e+01,-5.11158571e+00,8.743465e-01,2.171012e-01,5.222661e-01,5.784609e-01,,
231,2.51500000e+01,-5.11159561e+00,8.743465e-01,2.170910e-01,5.222526e-01,5.784489e-01,,
232,2.51500000e+01,-5.11159690e+00,8.743465e-01,2.170967e-01,5.222530e-01,5.784634e-01,,
233,2.51500000e+01,-5.11158702e+00,8.743465e-01,2.171057e-01,5.222630e-01,5.784765e-01,,
234,2.51500000e+01,-5.11158371e+00,8.743465e-01,2.171065e-01,5.222698e-01,5.784709e-01,,
235,2.51500000e+01,-5.11159286e+00,8.743465e-01,2.170931e-01,5.222619e-01,5.784441e-01,,
236,2.51500000e+01,-5.11160172e+00,8.743465e-01,2.170854e-01,5.222519e-01,5.784347e-01,,
237,2.51500000e+01,-5.11160199e+00,8.743465e-01,2.170939e-01,5.222569e-01,5.784518e-01,,
238,2.51500000e+01,-5.11159104e+00,8.743465e-01,2.171060e-01,5.222670e-01,5.784729e-01,,
239,2.51500000e+01,-5.11159012e+00,8.743465e-01,2.171055e-01,5.222678e-01,5.784706e-01,,
240,2.51500000e+01,-5.11159639e+00,8.743465e-01,2.170923e-01,5.222560e-01,5.784483e-01,,
241,2.51500000e+01,-5.11160078e+00,8.743465e-01,2.170866e-01,5.222494e-01,5.784405e-01,,
242,2.51500000e+01,-5.11159544e+00,8.743465e-01,2.170973e-01,5.222597e-01,5.784578e-01,,
243,2.51500000e+01,-5.11158788e+00,8.743465e-01,2.171058e-01,5.222696e-01,5.784695e-01,,
244,2.51500000e+01,-5.11159241e+00,8.743465e-01,2.171029e-01,5.222691e-01,5.784622e-01,,
245,2.51500000e+01,-5.11160009e+00,8.743465e-01,2.170925e-01,5.222542e-01,5.784509e-01,,
246,2.51500000e+01,-5.11160074e+00,8.743465e-01,2.170932e-01,5.222508e-01,5.784567e-01,,
247,2.51500000e+01,-5.11159083e+00,8.743465e-01,2.171020e-01,5.222613e-01,5.784685e-01,,
248,2.51500000e+01,-5.11158409e+00,8.743465e-01,2.171061e-01,5.222699e-01,5.784700e-01,,
249,2.51500000e+01,-5.11158953e+00,8.743465e-01,2.170970e-01,5.222632e-01,5.784530e-01,,
250,2.51500000e+01,-5.11159667e+00,8.743465e-01,2.170893e-01,5.222511e-01,5.784460e-01,,
251,2.51500000e+01,-5.11159508e+00,8.743465e-01,2.170961e-01,5.222524e-01,5.784627e-01,,
252,2.51500000e+01,-5.11158114e+00,8.743465e-01,2.171090e-01,5.222627e-01,5.784855e-01,,
253,2.51500000e+01,-5.11157804e+00,8.743465e-01,2.171098e-01,5.222675e-01,5.784823e-01,,
254,2.51500000e+01,-5.11158370e+00,8.743465e-01,2.170949e-01,5.222569e-01,5.784545e-01,,
255,2.51500000e+01,-5.11159048e+00,8.743465e-01,2.170873e-01,5.222487e-01,5.784432e-01,,
256,2.51500000e+01,-5.11158810e+00,8.743465e-01,2.170980e-01,5.222580e-01,5.784615e-01,,
257,2.51500000e+01,-5.11158010e+00,8.743465e-01,2.171079e-01,5.222685e-01,5.784760e-01,,
258,2.51500000e+01,-5.11158154e+00,8.743465e-01,2.171043e-01,5.222660e-01,5.784694e-01,,
259,2.51500000e+01,-5.11158929e+00,8.743465e-01,2.170941e-01,5.222532e-01,5.784565e-01,,
260,2.51500000e+01,-5.11159230e+00,8.743465e-01,2.170917e-01,5.222498e-01,5.784539e-01,,
261,2.51500000e+01,-5.11158657e+00,8.743465e-01,2.171009e-01,5.222615e-01,5.784654e-01,,
262,2.51500000e+01,-5.11158088e+00,8.743465e-01,2.171072e-01,5.222710e-01,5.784716e-01,,
263,2.51500000e+01,-5.11158831e+00,8.743465e-01,2.170991e-01,5.222663e-01,5.784551e-01,,
264,2.51500000e+01,-5.11159792e+00,8.743465e-01,2.170889e-01,5.222535e-01,5.784423e-01,,
265,2.51500000e+01,-5.11160028e+00,8.743465e-01,2.170958e-01,5.222549e-01,5.784589e-01,,
266,2.51500000e+01,-5.11158884e+00,8.743465e-01,2.171054e-01,5.222643e-01,5.784741e-01,,
267,2.51500000e+01,-5.11158593e+00,8.743465e-01,2.171059e-01,5.222701e-01,5.784691e-01,,
268,2.51500000e+01,-5.11159305e+00,8.743465e-01,2.170925e-01,5.222615e-01,5.784428e-01,,
269,2.51500000e+01,-5.11160060e+00,8.743465e-01,2.170858e-01,5.222514e-01,5.784362e-01,,
270,2.51500000e+01,-5.11159795e+00,8.743465e-01,2.170957e-01,5.222570e-01,5.784564e-01,,
271,2.51500000e+01,-5.11158663e+00,8.743465e-01,2.171073e-01,5.222670e-01,5.784763e-01,,
272,2.51500000e+01,-5.11158432e+00,8.743465e-01,2.171066e-01,5.222671e-01,5.784743e-01,,
273,2.51500000e+01,-5.11159072e+00,8.743465e-01,2.170941e-01,5.222551e-01,5.784543e-01,,
274,2.51500000e+01,-5.11159350e+00,8.743465e-01,2.170887e-01,5.222492e-01,5.784465e-01,,
275,2.51500000e+01,-5.11158869e+00,8.743465e-01,2.170986e-01,5.222601e-01,5.784607e-01,,
276,2.51500000e+01,-5.11158125e+00,8.743465e-01,2.171065e-01,5.222702e-01,5.784707e-01,,
277,2.51500000e+01,-5.11158778e+00,8.743465e-01,2.171025e-01,5.222688e-01,5.784614e-01,,
278,2.51500000e+01,-5.11159551e+00,8.743465e-01,2.170927e-01,5.222544e-01,5.784512e-01,,
279,2.51500000e+01,-5.11159680e+00,8.743465e-01,2.170951e-01,5.222519e-01,5.784606e-01,,
280,2.51500000e+01,-5.11158580e+00,8.743465e-01,2.171042e-01,5.222622e-01,5.784733e-01,,
281,2.51500000e+01,-5.11158053e+00,8.743465e-01,2.171075e-01,5.222702e-01,5.784734e-01,,
282,2.51500000e+01,-5.11158590e+00,8.743465e-01,2.170971e-01,5.222630e-01,5.784534e-01,,
283,2.51500000e+01,-5.11159440e+00,8.743465e-01,2.170889e-01,5.222515e-01,5.784443e-01,,
284,2.51500000e+01,-5.11159290e+00,8.743465e-01,2.170958e-01,5.222545e-01,5.784595e-01,,
285,2.51500000e+01,-5.11158112e+00,8.743465e-01,2.171084e-01,5.222648e-01,5.784816e-01,,
286,2.51500000e+01,-5.11157848e+00,8.743465e-01,2.171086e-01,5.222686e-01,5.784779e-01,,
287,2.51500000e+01,-5.11158577e+00,8.743465e-01,2.170936e-01,5.222576e-01,5.784501e-01,,
288,2.51500000e+01,-5.11159146e+00,8.743465e-01,2.170864e-01,5.222502e-01,5.784393e-01,,
289,2.51500000e+01,-5.11158876e+00,8.743465e-01,2.170977e-01,5.222596e-01,5.784589e-01,,
290,2.51500000e+01,-5.11157975e+00,8.743465e-01,2.171076e-01,5.222699e-01,5.784739e-01,,
291,2.51500000e+01,-5.11158388e+00,8.743465e-01,2.171074e-01,5.222706e-01,5.784725e-01,,
292,2.51500000e+01,-5.11159011e+00,8.743465e-01,2.170953e-01,5.222553e-01,5.784572e-01,,
293,2.51500000e+01,-5.11159308e+00,8.743465e-01,2.170928e-01,5.222505e-01,5.784559e-01,,
294,2.51500000e+01,-5.11158474e+00,8.743465e-01,2.171016e-01,5.222619e-01,5.784667e-01,,
295,2.51500000e+01,-5.11157965e+00,8.743465e-01,2.171065e-01,5.222713e-01,5.784695e-01,,
296,2.51500000e+01,-5.11158620e+00,8.743465e-01,2.170977e-01,5.222663e-01,5.784515e-01,,
297,2.51500000e+01,-5.11159678e+00,8.743465e-01,2.170884e-01,5.222540e-01,5.784403e-01,,
298,2.51500000e+01,-5.11159655e+00,8.743465e-01,2.170937e-01,5.222533e-01,5.784551e-01,,
299,2.51500000e+01,-5.11158546e+00,8.743465e-01,2.171057e-01,5.222637e-01,5.784755e-01,,
300,2.51500000e+01,-5.11158167e+00,8.743465e-01,2.171074e-01,5.222702e-01,5.784729e-01,,
301,2.51500000e+01,-5.11158853e+00,8.743465e-01,2.170934e-01,5.222600e-01,5.784470e-01,,
302,2.51500000e+01,-5.11159446e+00,8.743465e-01,2.170867e-01,5.222505e-01,5.784395e-01,,
303,2.51500000e+01,-5.11159277e+00,8.743465e-01,2.170969e-01,5.222579e-01,5.784587e-01,,
304,2.51500000e+01,-5.11158163e+00,8.743465e-01,2.171076e-01,5.222683e-01,5.784757e-01,,
305,2.51500000e+01,-5.11158163e+00,8.743465e-01,2.171059e-01,5.222673e-01,5.784723e-01,,
306,2.51500000e+01,-5.11158794e+00,8.743465e-01,2.170941e-01,5.222553e-01,5.784542e-01,,
307,2.51500000e+01,-5.11159176e+00,8.743465e-01,2.170892e-01,5.222501e-01,5.784468e-01,,
308,2.51500000e+01,-5.11158573e+00,8.743465e-01,2.170990e-01,5.222615e-01,5.784603e-01,,
309,2.51500000e+01,-5.11157935e+00,8.743465e-01,2.171066e-01,5.222709e-01,5.784701e-01,,
310,2.51500000e+01,-5.11158511e+00,8.743465e-01,2.171019e-01,5.222684e-01,5.784602e-01,,
311,2.51500000e+01,-5.11159343e+00,8.743465e-01,2.170921e-01,5.222541e-01,5.784501e-01,,
312,2.51500000e+01,-5.11159337e+00,8.743465e-01,2.170967e-01,5.222529e-01,5.784636e-01,,
313,2.51500000e+01,-5.11158265e+00,8.743465e-01,2.171058e-01,5.222629e-01,5.784768e-01,,
314,2.51500000e+01,-5.11157721e+00,8.743465e-01,2.171080e-01,5.222703e-01,5.784744e-01,,
315,2.51500000e+01,-5.11158445e+00,8.743465e-01,2.170957e-01,5.222627e-01,5.784501e-01,,
316,2.51500000e+01,-5.11159274e+00,8.743465e-01,2.170875e-01,5.222519e-01,5.784403e-01,,
317,2.51500000e+01,-5.11159287e+00,8.743465e-01,2.170952e-01,5.222562e-01,5.784561e-01,,
318,2.51500000e+01,-5.11158120e+00,8.743465e-01,2.171080e-01,5.222665e-01,5.784788e-01,,
319,2.51500000e+01,-5.11157997e+00,8.743465e-01,2.171078e-01,5.222686e-01,5.784758e-01,,
320,2.51500000e+01,-5.11158650e+00,8.743465e-01,2.170938e-01,5.222572e-01,5.784511e-01,,
321,2.51500000e+01,-5.11159203e+00,8.743465e-01,2.170873e-01,5.222501e-01,5.784416e-01,,
322,2.51500000e+01,-5.11158764e+00,8.743465e-01,2.170985e-01,5.222600e-01,5.784606e-01,,
323,2.51500000e+01,-5.11158003e+00,8.743465e-01,2.171075e-01,5.222701e-01,5.784735e-01,,
324,2.51500000e+01,-5.11158422e+00,8.743465e-01,2.171057e-01,5.222702e-01,5.784685e-01,,
325,2.51500000e+01,-5.11159210e+00,8.743465e-01,2.170943e-01,5.222551e-01,5.784550e-01,,
326,2.51500000e+01,-5.11159406e+00,8.743465e-01,2.170933e-01,5.222512e-01,5.784565e-01,,
327,2.51500000e+01,-5.11158593e+00,8.743465e-01,2.171017e-01,5.222622e-01,5.784667e-01,,
328,2.51500000e+01,-5.11158049e+00,8.743465e-01,2.171060e-01,5.222714e-01,5.784679e-01,,
329,2.51500000e+01,-5.11158746e+00,8.743465e-01,2.170968e-01,5.222655e-01,5.784499e-01,,
330,2.51500000e+01,-5.11159635e+00,8.743465e-01,2.170884e-01,5.222534e-01,5.784409e-01,,
331,2.51500000e+01,-5.11159619e+00,8.743465e-01,2.170944e-01,5.222536e-01,5.784567e-01,,
332,2.51500000e+01,-5.11158319e+00,8.743465e-01,2.171069e-01,5.222638e-01,5.784788e-01,,
333,2.51500000e+01,-5.11158011e+00,8.743465e-01,2.171081e-01,5.222693e-01,5.784759e-01,,
334,2.51500000e+01,-5.11158583e+00,8.743465e-01,2.170939e-01,5.222590e-01,5.784495e-01,,
335,2.51500000e+01,-5.11159243e+00,8.743465e-01,2.170866e-01,5.222500e-01,5.784399e-01,,
336,2.51500000e+01,-5.11158982e+00,8.743465e-01,2.170971e-01,5.222584e-01,5.784586e-01,,
337,2.51500000e+01,-5.11158058e+00,8.743465e-01,2.171071e-01,5.222688e-01,5.784737e-01,,
338,2.51500000e+01,-5.11158079e+00,8.743465e-01,2.171048e-01,5.222671e-01,5.784694e-01,,
339,2.51500000e+01,-5.11158805e+00,8.743465e-01,2.170939e-01,5.222546e-01,5.784545e-01,,
340,2.51500000e+01,-5.11159076e+00,8.743465e-01,2.170903e-01,5.222502e-01,5.784496e-01,,
341,2.51500000e+01,-5.11158448e+00,8.743465e-01,2.171001e-01,5.222615e-01,5.784632e-01,,
342,2.51500000e+01,-5.11157750e+00,8.743465e-01,2.171072e-01,5.222707e-01,5.784719e-01,,
343,2.51500000e+01,-5.11158426e+00,8.743465e-01,2.171013e-01,5.222671e-01,5.784601e-01,,
344,2.51500000e+01,-5.11159200e+00,8.743465e-01,2.170916e-01,5.222534e-01,5.784494e-01,,
345,2.51500000e+01,-5.11159302e+00,8.743465e-01,2.170973e-01,5.222534e-01,5.784647e-01,,
346,2.51500000e+01,-5.11158136e+00,8.743465e-01,2.171068e-01,5.222635e-01,5.784789e-01,,
347,2.51500000e+01,-5.11157766e+00,8.743465e-01,2.171078e-01,5.222701e-01,5.784741e-01,,
348,2.51500000e+01,-5.11158487e+00,8.743465e-01,2.170946e-01,5.222622e-01,5.784477e-01,,
349,2.51500000e+01,-5.11159390e+00,8.743465e-01,2.170869e-01,5.222518e-01,5.784386e-01,,
350,2.51500000e+01,-5.11159297e+00,8.743465e-01,2.170956e-01,5.222570e-01,5.784562e-01,,
351,2.51500000e+01,-5.11158246e+00,8.743465e-01,2.171079e-01,5.222672e-01,5.784776e-01,,
352,2.51500000e+01,-5.11158058e+00,8.743465e-01,2.171072e-01,5.222682e-01,5.784748e-01,,
353,2.51500000e+01,-5.11158777e+00,8.743465e-01,2.170937e-01,5.222564e-01,5.784518e-01,,
354,2.51500000e+01,-5.11159187e+00,8.743465e-01,2.170879e-01,5.222500e-01,5.784433e-01,,
355,2.51500000e+01,-5.11158800e+00,8.743465e-01,2.170985e-01,5.222604e-01,5.784601e-01,,
356,2.51500000e+01,-5.11158038e+00,8.743465e-01,2.171067e-01,5.222705e-01,5.784708e-01,,
357,2.51500000e+01,-5.11158647e+00,8.743465e-01,2.171032e-01,5.222699e-01,5.784622e-01,,
358,2.51500000e+01,-5.11159422e+00,8.743465e-01,2.170926e-01,5.222552e-01,5.784502e-01,,
359,2.51500000e+01,-5.11159657e+00,8.743465e-01,2.170933e-01,5.222520e-01,5.784555e-01,,
360,2.51500000e+01,-5.11158688e+00,8.743465e-01,2.171019e-01,5.222628e-01,5.784666e-01,,
361,2.51500000e+01,-5.11158204e+00,8.743465e-01,2.171057e-01,5.222713e-01,5.784672e-01,,
362,2.51500000e+01,-5.11158757e+00,8.743465e-01,2.170963e-01,5.222647e-01,5.784496e-01,,
363,2.51500000e+01,-5.11159625e+00,8.743465e-01,2.170885e-01,5.222525e-01,5.784421e-01,,
364,2.51500000e+01,-5.11159436e+00,8.743465e-01,2.170952e-01,5.222540e-01,5.784585e-01,,
365,2.51500000e+01,-5.11158182e+00,8.743465e-01,2.171078e-01,5.222640e-01,5.784810e-01,,
366,2.51500000e+01,-5.11157830e+00,8.743465e-01,2.171088e-01,5.222689e-01,5.784782e-01,,
367,2.51500000e+01,-5.11158498e+00,8.743465e-01,2.170941e-01,5.222582e-01,5.784507e-01,,
368,2.51500000e+01,-5.11159090e+00,8.743465e-01,2.170866e-01,5.222501e-01,5.784397e-01,,
369,2.51500000e+01,-5.11158910e+00,8.743465e-01,2.170972e-01,5.222590e-01,5.784582e-01,,
370,2.51500000e+01,-5.11157996e+00,8.743465e-01,2.171072e-01,5.222696e-01,5.784733e-01,,
371,2.51500000e+01,-5.11158184e+00,8.743465e-01,2.171040e-01,5.222669e-01,5.784675e-01,,
372,2.51500000e+01,-5.11158820e+00,8.743465e-01,2.170941e-01,5.222542e-01,5.784552e-01,,
373,2.51500000e+01,-5.11159120e+00,8.743465e-01,2.170916e-01,5.222503e-01,5.784530e-01,,
374,2.51500000e+01,-5.11158396e+00,8.743465e-01,2.171011e-01,5.222620e-01,5.784654e-01,,
375,2.51500000e+01,-5.11157824e+00,8.743465e-01,2.171077e-01,5.222713e-01,5.784727e-01,,
376,2.51500000e+01,-5.11158402e+00,8.743465e-01,2.171001e-01,5.222668e-01,5.784572e-01,,
377,2.51500000e+01,-5.11159363e+00,8.743465e-01,2.170900e-01,5.222537e-01,5.784449e-01,,
378,2.51500000e+01,-5.11159467e+00,8.743465e-01,2.170970e-01,5.222551e-01,5.784619e-01,,
379,2.51500000e+01,-5.11158369e+00,8.743465e-01,2.171066e-01,5.222644e-01,5.784772e-01,,
380,2.51500000e+01,-5.11157957e+00,8.743465e-01,2.171071e-01,5.222704e-01,5.784720e-01,,
381,2.51500000e+01,-5.11158718e+00,8.743465e-01,2.170935e-01,5.222616e-01,5.784454e-01,,
382,2.51500000e+01,-5.11159402e+00,8.743465e-01,2.170868e-01,5.222516e-01,5.784386e-01,,
383,2.51500000e+01,-5.11159240e+00,8.743465e-01,2.170967e-01,5.222573e-01,5.784588e-01,,
384,2.51500000e+01,-5.11158052e+00,8.743465e-01,2.171084e-01,5.222675e-01,5.784785e-01,,
385,2.51500000e+01,-5.11157938e+00,8.743465e-01,2.171073e-01,5.222674e-01,5.784758e-01,,
386,2.51500000e+01,-5.11158547e+00,8.743465e-01,2.170946e-01,5.222556e-01,5.784552e-01,,
387,2.51500000e+01,-5.11158977e+00,8.743465e-01,2.170891e-01,5.222497e-01,5.784469e-01,,
388,2.51500000e+01,-5.11158491e+00,8.743465e-01,2.170989e-01,5.222610e-01,5.784606e-01,,
389,2.51500000e+01,-5.11157902e+00,8.743465e-01,2.171064e-01,5.222709e-01,5.784697e-01,,
390,2.51500000e+01,-5.11158543e+00,8.743465e-01,2.171021e-01,5.222695e-01,5.784596e-01,,
391,2.51500000e+01,-5.11159463e+00,8.743465e-01,2.170921e-01,5.222551e-01,5.784489e-01,,
392,2.51500000e+01,-5.11159580e+00,8.743465e-01,2.170946e-01,5.222528e-01,5.784581e-01,,
393,2.51500000e+01,-5.11158629e+00,8.743465e-01,2.171035e-01,5.222630e-01,5.784706e-01,,
394,2.51500000e+01,-5.11158082e+00,8.743465e-01,2.171068e-01,5.222710e-01,5.784704e-01,,
395,2.51500000e+01,-5.11158752e+00,8.743465e-01,2.170962e-01,5.222637e-01,5.784504e-01,,
396,2.51500000e+01,-5.11159549e+00,8.743465e-01,2.170880e-01,5.222523e-01,5.784412e-01,,
397,2.51500000e+01,-5.11159489e+00,8.743465e-01,2.170949e-01,5.222550e-01,5.784564e-01,,
398,2.51500000e+01,-5.11158240e+00,8.743465e-01,2.171075e-01,5.222653e-01,5.784787e-01,,
399,2.51500000e+01,-5.11158044e+00,8.743465e-01,2.171078e-01,5.222689e-01,5.784755e-01,,
400,2.51500000e+01,-5.11158661e+00,8.743465e-01,2.170931e-01,5.222580e-01,5.784483e-01,,
401,2.51500000e+01,-5.11159273e+00,8.743465e-01,2.170860e-01,5.222502e-01,5.784380e-01,,
402,2.51500000e+01,-5.11158883e+00,8.743465e-01,2.170975e-01,5.222597e-01,5.784582e-01,,
403,2.51500000e+01,-5.11158019e+00,8.743465e-01,2.171075e-01,5.222697e-01,5.784739e-01,,
404,2.51500000e+01,-5.11158307e+00,8.743465e-01,2.171077e-01,5.222707e-01,5.784732e-01,,
405,2.51500000e+01,-5.11158959e+00,8.743465e-01,2.170956e-01,5.222551e-01,5.784583e-01,,
406,2.51500000e+01,-5.11159131e+00,8.743465e-01,2.170931e-01,5.222502e-01,5.784571e-01,,
407,2.51500000e+01,-5.11158335e+00,8.743465e-01,2.171020e-01,5.222613e-01,5.784683e-01,,
408,2.51500000e+01,-5.11157693e+00,8.743465e-01,2.171072e-01,5.222709e-01,5.784717e-01,,
409,2.51500000e+01,-5.11158386e+00,8.743465e-01,2.170985e-01,5.222659e-01,5.784540e-01,,
410,2.51500000e+01,-5.11159334e+00,8.743465e-01,2.170892e-01,5.222536e-01,5.784429e-01,,
411,2.51500000e+01,-5.11159384e+00,8.743465e-01,2.170945e-01,5.222528e-01,5.784578e-01,,
412,2.51500000e+01,-5.11158182e+00,8.743465e-01,2.171065e-01,5.222634e-01,5.784782e-01,,
413,2.51500000e+01,-5.11157885e+00,8.743465e-01,2.171081e-01,5.222698e-01,5.784752e-01,,
414,2.51500000e+01,-5.11158499e+00,8.743465e-01,2.170940e-01,5.222598e-01,5.784489e-01,,
415,2.51500000e+01,-5.11159202e+00,8.743465e-01,2.170871e-01,5.222502e-01,5.784412e-01,,
416,2.51500000e+01,-5.11158989e+00,8.743465e-01,2.170974e-01,5.222578e-01,5.784602e-01,,
417,2.51500000e+01,-5.11157989e+00,8.743465e-01,2.171079e-01,5.222681e-01,5.784767e-01,,
418,2.51500000e+01,-5.11157947e+00,8.743465e-01,2.171061e-01,5.222673e-01,5.784728e-01,,
419,2.51500000e+01,-5.11158705e+00,8.743465e-01,2.170941e-01,5.222552e-01,5.784543e-01,,
420,2.51500000e+01,-5.11159061e+00,8.743465e-01,2.170893e-01,5.222503e-01,5.784466e-01,,
421,2.51500000e+01,-5.11158587e+00,8.743465e-01,2.170988e-01,5.222616e-01,5.784597e-01,,
422,2.51500000e+01,-5.11157913e+00,8.743465e-01,2.171063e-01,5.222712e-01,5.784689e-01,,
423,2.51500000e+01,-5.11158610e+00,8.743465e-01,2.171013e-01,5.222684e-01,5.784587e-01,,
424,2.51500000e+01,-5.11159397e+00,8.743465e-01,2.170916e-01,5.222544e-01,5.784484e-01,,
425,2.51500000e+01,-5.11159498e+00,8.743465e-01,2.170961e-01,5.222531e-01,5.784618e-01,,
426,2.51500000e+01,-5.11158367e+00,8.743465e-01,2.171052e-01,5.222632e-01,5.784750e-01,,
427,2.51500000e+01,-5.11157926e+00,8.743465e-01,2.171074e-01,5.222704e-01,5.784727e-01,,
428,2.51500000e+01,-5.11158585e+00,8.743465e-01,2.170952e-01,5.222629e-01,5.784485e-01,,
429,2.51500000e+01,-5.11159489e+00,8.743465e-01,2.170870e-01,5.222520e-01,5.784387e-01,,
430,2.51500000e+01,-5.11159413e+00,8.743465e-01,2.170948e-01,5.222563e-01,5.784547e-01,,
431,2.51500000e+01,-5.11158313e+00,8.743465e-01,2.171075e-01,5.222665e-01,5.784775e-01,,
432,2.51500000e+01,-5.11158087e+00,8.743465e-01,2.171075e-01,5.222687e-01,5.784749e-01,,
433,2.51500000e+01,-5.11158789e+00,8.743465e-01,2.170935e-01,5.222571e-01,5.784505e-01,,
434,2.51500000e+01,-5.11159228e+00,8.743465e-01,2.170871e-01,5.222500e-01,5.784413e-01,,
435,2.51500000e+01,-5.11158836e+00,8.743465e-01,2.170984e-01,5.222597e-01,5.784606e-01,,
436,2.51500000e+01,-5.11157955e+00,8.743465e-01,2.171077e-01,5.222699e-01,5.784741e-01,,
437,2.51500000e+01,-5.11158416e+00,8.743465e-01,2.171060e-01,5.222700e-01,5.784695e-01,,
438,2.51500000e+01,-5.11159087e+00,8.743465e-01,2.170947e-01,5.222549e-01,5.784561e-01,,
439,2.51500000e+01,-5.11159340e+00,8.743465e-01,2.170936e-01,5.222509e-01,5.784576e-01,,
440,2.51500000e+01,-5.11158422e+00,8.743465e-01,2.171021e-01,5.222621e-01,5.784680e-01,,
441,2.51500000e+01,-5.11157936e+00,8.743465e-01,2.171064e-01,5.222711e-01,5.784693e-01,,
442,2.51500000e+01,-5.11158542e+00,8.743465e-01,2.170973e-01,5.222654e-01,5.784513e-01,,
443,2.51500000e+01,-5.11159513e+00,8.743465e-01,2.170887e-01,5.222532e-01,5.784421e-01,,
444,2.51500000e+01,-5.11159419e+00,8.743465e-01,2.170949e-01,5.222536e-01,5.784579e-01,,
445,2.51500000e+01,-5.11158207e+00,8.743465e-01,2.171073e-01,5.222637e-01,5.784798e-01,,
446,2.51500000e+01,-5.11157834e+00,8.743465e-01,2.171084e-01,5.222694e-01,5.784766e-01,,
447,2.51500000e+01,-5.11158508e+00,8.743465e-01,2.170941e-01,5.222589e-01,5.784499e-01,,
448,2.51500000e+01,-5.11159115e+00,8.743465e-01,2.170868e-01,5.222502e-01,5.784402e-01,,
449,2.51500000e+01,-5.11158962e+00,8.743465e-01,2.170971e-01,5.222585e-01,5.784586e-01,,
450,2.51500000e+01,-5.11157985e+00,8.743465e-01,2.171071e-01,5.222690e-01,5.784734e-01,,
451,2.51500000e+01,-5.11158111e+00,8.743465e-01,2.171046e-01,5.222672e-01,5.784688e-01,,
452,2.51500000e+01,-5.11158781e+00,8.743465e-01,2.170938e-01,5.222548e-01,5.784537e-01,,
453,2.51500000e+01,-5.11159157e+00,8.743465e-01,2.170901e-01,5.222504e-01,5.784489e-01,,
454,2.51500000e+01,-5.11158470e+00,8.743465e-01,2.170999e-01,5.222619e-01,5.784623e-01,,
455,2.51500000e+01,-5.11157871e+00,8.743465e-01,2.171069e-01,5.222709e-01,5.784708e-01,,
456,2.51500000e+01,-5.11158480e+00,8.743465e-01,2.171010e-01,5.222674e-01,5.784591e-01,,
457,2.51500000e+01,-5.11159340e+00,8.743465e-01,2.170912e-01,5.222536e-01,5.784483e-01,,
458,2.51500000e+01,-5.11159362e+00,8.743465e-01,2.170970e-01,5.222537e-01,5.784637e-01,,
459,2.51500000e+01,-5.11158278e+00,8.743465e-01,2.171065e-01,5.222635e-01,5.784779e-01,,
460,2.51500000e+01,-5.11157817e+00,8.743465e-01,2.171076e-01,5.222703e-01,5.784733e-01,,
461,2.51500000e+01,-5.11158610e+00,8.743465e-01,2.170944e-01,5.222623e-01,5.784471e-01,,
462,2.51500000e+01,-5.11159419e+00,8.743465e-01,2.170868e-01,5.222520e-01,5.784382e-01,,
463,2.51500000e+01,-5.11159390e+00,8.743465e-01,2.170955e-01,5.222570e-01,5.784560e-01,,
464,2.51500000e+01,-5.11158238e+00,8.743465e-01,2.171079e-01,5.222673e-01,5.784775e-01,,
465,2.51500000e+01,-5.11158115e+00,8.743465e-01,2.171073e-01,5.222682e-01,5.784750e-01,,
466,2.51500000e+01,-5.11158728e+00,8.743465e-01,2.170938e-01,5.222564e-01,5.784520e-01,,
467,2.51500000e+01,-5.11159194e+00,8.743465e-01,2.170879e-01,5.222498e-01,5.784436e-01,,
468,2.51500000e+01,-5.11158701e+00,8.743465e-01,2.170987e-01,5.222603e-01,5.784607e-01,,
469,2.51500000e+01,-5.11157994e+00,8.743465e-01,2.171070e-01,5.222704e-01,5.784717e-01,,
470,2.51500000e+01,-5.11158500e+00,8.743465e-01,2.171036e-01,5.222699e-01,5.784632e-01,,
471,2.51500000e+01,-5.11159344e+00,8.743465e-01,2.170929e-01,5.222551e-01,5.784512e-01,,
472,2.51500000e+01,-5.11159495e+00,8.743465e-01,2.170936e-01,5.222520e-01,5.784565e-01,,
473,2.51500000e+01,-5.11158614e+00,8.743465e-01,2.171021e-01,5.222626e-01,5.784673e-01,,
474,2.51500000e+01,-5.11158051e+00,8.743465e-01,2.171059e-01,5.222713e-01,5.784679e-01,,
475,2.51500000e+01,-5.11158690e+00,8.743465e-01,2.170965e-01,5.222646e-01,5.784501e-01,,
476,2.51500000e+01,-5.11159488e+00,8.743465e-01,2.170887e-01,5.222526e-01,5.784426e-01,,
477,2.51500000e+01,-5.11159395e+00,8.743465e-01,2.170953e-01,5.222540e-01,5.784587e-01,,
478,2.51500000e+01,-5.11158073e+00,8.743465e-01,2.171079e-01,5.222641e-01,5.784811e-01,,
479,2.51500000e+01,-5.11157819e+00,8.743465e-01,2.171088e-01,5.222689e-01,5.784780e-01,,
480,2.51500000e+01,-5.11158426e+00,8.743465e-01,2.170940e-01,5.222583e-01,5.784505e-01,,
481,2.51500000e+01,-5.11159123e+00,8.743465e-01,2.170865e-01,5.222502e-01,5.784394e-01,,
482,2.51500000e+01,-5.11158878e+00,8.743465e-01,2.170971e-01,5.222592e-01,5.784577e-01,,
483,2.51500000e+01,-5.11158063e+00,8.743465e-01,2.171070e-01,5.222696e-01,5.784726e-01,,
484,2.51500000e+01,-5.11158183e+00,8.743465e-01,2.171037e-01,5.222671e-01,5.784667e-01,,
485,2.51500000e+01,-5.11158913e+00,8.743465e-01,2.170938e-01,5.222542e-01,5.784544e-01,,
486,2.51500000e+01,-5.11159140e+00,8.743465e-01,2.170914e-01,5.222505e-01,5.784523e-01,,
487,2.51500000e+01,-5.11158505e+00,8.743465e-01,2.171009e-01,5.222620e-01,5.784647e-01,,
488,2.51500000e+01,-5.11157856e+00,8.743465e-01,2.171075e-01,5.222714e-01,5.784720e-01,,
489,2.51500000e+01,-5.11158515e+00,8.743465e-01,2.170998e-01,5.222668e-01,5.784566e-01,,
490,2.51500000e+01,-5.11159387e+00,8.743465e-01,2.170898e-01,5.222538e-01,5.784444e-01,,
491,2.51500000e+01,-5.11159567e+00,8.743465e-01,2.170968e-01,5.222551e-01,5.784614e-01,,
492,2.51500000e+01,-5.11158379e+00,8.743465e-01,2.171065e-01,5.222645e-01,5.784768e-01,,
493,2.51500000e+01,-5.11158033e+00,8.743465e-01,2.171070e-01,5.222703e-01,5.784718e-01,,
494,2.51500000e+01,-5.11158700e+00,8.743465e-01,2.170935e-01,5.222616e-01,5.784454e-01,,
495,2.51500000e+01,-5.11159453e+00,8.743465e-01,2.170868e-01,5.222515e-01,5.784387e-01,,
496,2.51500000e+01,-5.11159197e+00,8.743465e-01,2.170968e-01,5.222573e-01,5.784590e-01,,
497,2.51500000e+01,-5.11158073e+00,8.743465e-01,2.171084e-01,5.222674e-01,5.784789e-01,,
498,2.51500000e+01,-5.11157865e+00,8.743465e-01,2.171075e-01,5.222674e-01,5.784763e-01,,
499,2.51500000e+01,-5.11158542e+00,8.743465e-01,2.170948e-01,5.222554e-01,5.784557e-01,,
500,2.51500000e+01,-5.11158880e+00,8.743465e-01,2.170893e-01,5.222497e-01,5.784475e-01,,
501,2.51500000e+01,-5.11158469e+00,8.743465e-01,2.170990e-01,5.222607e-01,5.784612e-01,,
502,2.51500000e+01,-5.11157787e+00,8.743465e-01,2.171067e-01,5.222708e-01,5.784703e-01,,
503,2.51500000e+01,-5.11158505e+00,8.743465e-01,2.171023e-01,5.222694e-01,5.784603e-01,,
504,2.51500000e+01,-5.11159344e+00,8.743465e-01,2.170923e-01,5.222551e-01,5.784496e-01,,
505,2.51500000e+01,-5.11159546e+00,8.743465e-01,2.170947e-01,5.222526e-01,5.784586e-01,,
506,2.51500000e+01,-5.11158519e+00,8.743465e-01,2.171037e-01,5.222630e-01,5.784710e-01,,
507,2.51500000e+01,-5.11158059e+00,8.743465e-01,2.171069e-01,5.222709e-01,5.784708e-01,,
508,2.51500000e+01,-5.11158653e+00,8.743465e-01,2.170963e-01,5.222638e-01,5.784506e-01,,
509,2.51500000e+01,-5.11159539e+00,8.743465e-01,2.170880e-01,5.222522e-01,5.784413e-01,,
510,2.51500000e+01,-5.11159409e+00,8.743465e-01,2.170949e-01,5.222551e-01,5.784565e-01,,
511,2.51500000e+01,-5.11158254e+00,8.743465e-01,2.171075e-01,5.222652e-01,5.784786e-01,,
512,2.51500000e+01,-5.11157988e+00,8.743465e-01,2.171078e-01,5.222690e-01,5.784754e-01,,
513,2.51500000e+01,-5.11158699e+00,8.743465e-01,2.170930e-01,5.222580e-01,5.784482e-01,,
514,2.51500000e+01,-5.11159243e+00,8.743465e-01,2.170859e-01,5.222504e-01,5.784377e-01,,
515,2.51500000e+01,-5.11158943e+00,8.743465e-01,2.170973e-01,5.222597e-01,5.784578e-01,,
516,2.51500000e+01,-5.11158005e+00,8.743465e-01,2.171074e-01,5.222698e-01,5.784734e-01,,
517,2.51500000e+01,-5.11158376e+00,8.743465e-01,2.171075e-01,5.222707e-01,5.784728e-01,,
518,2.51500000e+01,-5.11158951e+00,8.743465e-01,2.170955e-01,5.222552e-01,5.784579e-01,,
519,2.51500000e+01,-5.11159203e+00,8.743465e-01,2.170930e-01,5.222501e-01,5.784567e-01,,
520,2.51500000e+01,-5.11158324e+00,8.743465e-01,2.171019e-01,5.222615e-01,5.784680e-01,,
521,2.51500000e+01,-5.11157759e+00,8.743465e-01,2.171071e-01,5.222709e-01,5.784714e-01,,
522,2.51500000e+01,-5.11158368e+00,8.743465e-01,2.170985e-01,5.222660e-01,5.784538e-01,,
523,2.51500000e+01,-5.11159392e+00,8.743465e-01,2.170892e-01,5.222536e-01,5.784428e-01,,
524,2.51500000e+01,-5.11159354e+00,8.743465e-01,2.170944e-01,5.222528e-01,5.784577e-01,,
525,2.51500000e+01,-5.11158230e+00,8.743465e-01,2.171065e-01,5.222633e-01,5.784782e-01,,
526,2.51500000e+01,-5.11157843e+00,8.743465e-01,2.171081e-01,5.222699e-01,5.784753e-01,,
527,2.51500000e+01,-5.11158531e+00,8.743465e-01,2.170940e-01,5.222597e-01,5.784490e-01,,
528,2.51500000e+01,-5.11159146e+00,8.743465e-01,2.170872e-01,5.222502e-01,5.784414e-01,,
529,2.51500000e+01,-5.11159007e+00,8.743465e-01,2.170975e-01,5.222577e-01,5.784604e-01,,
530,2.51500000e+01,-5.11157919e+00,8.743465e-01,2.171081e-01,5.222682e-01,5.784771e-01,,
531,2.51500000e+01,-5.11157951e+00,8.743465e-01,2.171062e-01,5.222672e-01,5.784732e-01,,
532,2.51500000e+01,-5.11158623e+00,8.743465e-01,2.170943e-01,5.222552e-01,5.784547e-01,,
533,2.51500000e+01,-5.11159059e+00,8.743465e-01,2.170893e-01,5.222502e-01,5.784470e-01,,
534,2.51500000e+01,-5.11158503e+00,8.743465e-01,2.170990e-01,5.222616e-01,5.784600e-01,,
535,2.51500000e+01,-5.11157912e+00,8.743465e-01,2.171064e-01,5.222711e-01,5.784692e-01,,
536,2.51500000e+01,-5.11158531e+00,8.743465e-01,2.171014e-01,5.222685e-01,5.784590e-01,,
537,2.51500000e+01,-5.11159403e+00,8.743465e-01,2.170916e-01,5.222543e-01,5.784486e-01,,
538,2.51500000e+01,-5.11159428e+00,8.743465e-01,2.170961e-01,5.222531e-01,5.784619e-01,,
539,2.51500000e+01,-5.11158384e+00,8.743465e-01,2.171052e-01,5.222631e-01,5.784750e-01,,
540,2.51500000e+01,-5.11157867e+00,8.743465e-01,2.171074e-01,5.222705e-01,5.784726e-01,,
541,2.51500000e+01,-5.11158613e+00,8.743465e-01,2.170952e-01,5.222629e-01,5.784484e-01,,
542,2.51500000e+01,-5.11159446e+00,8.743465e-01,2.170870e-01,5.222522e-01,5.784386e-01,,
543,2.51500000e+01,-5.11159456e+00,8.743465e-01,2.170947e-01,5.222563e-01,5.784544e-01,,
544,2.51500000e+01,-5.11158282e+00,8.743465e-01,2.171075e-01,5.222666e-01,5.784772e-01,,
545,2.51500000e+01,-5.11158142e+00,8.743465e-01,2.171074e-01,5.222687e-01,5.784746e-01,,
546,2.51500000e+01,-5.11158767e+00,8.743465e-01,2.170935e-01,5.222572e-01,5.784502e-01,,
547,2.51500000e+01,-5.11159288e+00,8.743465e-01,2.170870e-01,5.222500e-01,5.784410e-01,,
548,2.51500000e+01,-5.11158818e+00,8.743465e-01,2.170983e-01,5.222599e-01,5.784603e-01,,
549,2.51500000e+01,-5.11158018e+00,8.743465e-01,2.171076e-01,5.222699e-01,5.784738e-01,,
550,2.51500000e+01,-5.11158398e+00,8.743465e-01,2.171060e-01,5.222701e-01,5.784693e-01,,
551,2.51500000e+01,-5.11159149e+00,8.743465e-01,2.170946e-01,5.222549e-01,5.784559e-01,,
552,2.51500000e+01,-5.11159320e+00,8.743465e-01,2.170936e-01,5.222510e-01,5.784575e-01,,
553,2.51500000e+01,-5.11158482e+00,8.743465e-01,2.171020e-01,5.222620e-01,5.784678e-01,,
554,2.51500000e+01,-5.11157911e+00,8.743465e-01,2.171064e-01,5.222712e-01,5.784692e-01,,
555,2.51500000e+01,-5.11158593e+00,8.743465e-01,2.170972e-01,5.222653e-01,5.784513e-01,,
556,2.51500000e+01,-5.11159476e+00,8.743465e-01,2.170888e-01,5.222532e-01,5.784422e-01,,
557,2.51500000e+01,-5.11159461e+00,8.743465e-01,2.170948e-01,5.222535e-01,5.784580e-01,,
558,2.51500000e+01,-5.11158163e+00,8.743465e-01,2.171073e-01,5.222638e-01,5.784799e-01,,
559,2.51500000e+01,-5.11157863e+00,8.743465e-01,2.171084e-01,5.222693e-01,5.784767e-01,,
560,2.51500000e+01,-5.11158449e+00,8.743465e-01,2.170941e-01,5.222590e-01,5.784501e-01,,
561,2.51500000e+01,-5.11159130e+00,8.743465e-01,2.170868e-01,5.222501e-01,5.784405e-01,,
562,2.51500000e+01,-5.11158892e+00,8.743465e-01,2.170972e-01,5.222585e-01,5.784589e-01,,
563,2.51500000e+01,-5.11157989e+00,8.743465e-01,2.171071e-01,5.222689e-01,5.784737e-01,,
564,2.51500000e+01,-5.11158032e+00,8.743465e-01,2.171047e-01,5.222672e-01,5.784691e-01,,
565,2.51500000e+01,-5.11158784e+00,8.743465e-01,2.170938e-01,5.222547e-01,5.784540e-01,,
566,2.51500000e+01,-5.11159083e+00,8.743465e-01,2.170902e-01,5.222505e-01,5.784490e-01,,
567,2.51500000e+01,-5.11158481e+00,8.743465e-01,2.170999e-01,5.222618e-01,5.784624e-01,,
568,2.51500000e+01,-5.11157805e+00,8.743465e-01,2.171069e-01,5.222709e-01,5.784709e-01,,
569,2.51500000e+01,-5.11158498e+00,8.743465e-01,2.171010e-01,5.222674e-01,5.784591e-01,,
570,2.51500000e+01,-5.11159282e+00,8.743465e-01,2.170913e-01,5.222537e-01,5.784483e-01,,
571,2.51500000e+01,-5.11159389e+00,8.743465e-01,2.170970e-01,5.222536e-01,5.784637e-01,,
572,2.51500000e+01,-5.11158225e+00,8.743465e-01,2.171065e-01,5.222636e-01,5.784778e-01,,
573,2.51500000e+01,-5.11157853e+00,8.743465e-01,2.171075e-01,5.222703e-01,5.784732e-01,,
574,2.51500000e+01,-5.11158571e+00,8.743465e-01,2.170944e-01,5.222624e-01,5.784470e-01,,
575,2.51500000e+01,-5.11159463e+00,8.743465e-01,2.170867e-01,5.222520e-01,5.784380e-01,,
576,2.51500000e+01,-5.11159358e+00,8.743465e-01,2.170955e-01,5.222571e-01,5.784557e-01,,
577,2.51500000e+01,-5.11158292e+00,8.743465e-01,2.171078e-01,5.222672e-01,5.784773e-01,,
578,2.51500000e+01,-5.11158085e+00,8.743465e-01,2.171072e-01,5.222683e-01,5.784747e-01,,
579,2.51500000e+01,-5.11158782e+00,8.743465e-01,2.170937e-01,5.222564e-01,5.784518e-01,,
580,2.51500000e+01,-5.11159170e+00,8.743465e-01,2.170879e-01,5.222499e-01,5.784434e-01,,
581,2.51500000e+01,-5.11158762e+00,8.743465e-01,2.170986e-01,5.222603e-01,5.784605e-01,,
582,2.51500000e+01,-5.11157974e+00,8.743465e-01,2.171070e-01,5.222704e-01,5.784715e-01,,
583,2.51500000e+01,-5.11158561e+00,8.743465e-01,2.171035e-01,5.222698e-01,5.784631e-01,,
584,2.51500000e+01,-5.11159320e+00,8.743465e-01,2.170929e-01,5.222551e-01,5.784511e-01,,
585,2.51500000e+01,-5.11159548e+00,8.743465e-01,2.170935e-01,5.222519e-01,5.784564e-01,,
586,2.51500000e+01,-5.11158578e+00,8.743465e-01,2.171021e-01,5.222627e-01,5.784673e-01,,
587,2.51500000e+01,-5.11158090e+00,8.743465e-01,2.171059e-01,5.222712e-01,5.784679e-01,,
588,2.51500000e+01,-5.11158645e+00,8.743465e-01,2.170965e-01,5.222646e-01,5.784502e-01,,
589,2.51500000e+01,-5.11159522e+00,8.743465e-01,2.170887e-01,5.222525e-01,5.784426e-01,,
590,2.51500000e+01,-5.11159345e+00,8.743465e-01,2.170954e-01,5.222540e-01,5.784588e-01,,
591,2.51500000e+01,-5.11158101e+00,8.743465e-01,2.171079e-01,5.222640e-01,5.784812e-01,,
592,2.51500000e+01,-5.11157762e+00,8.743465e-01,2.171088e-01,5.222690e-01,5.784782e-01,,
593,2.51500000e+01,-5.11158448e+00,8.743465e-01,2.170941e-01,5.222582e-01,5.784507e-01,,
594,2.51500000e+01,-5.11159059e+00,8.743465e-01,2.170865e-01,5.222502e-01,5.784395e-01,,
595,2.51500000e+01,-5.11158895e+00,8.743465e-01,2.170971e-01,5.222591e-01,5.784579e-01,,
596,2.51500000e+01,-5.11157996e+00,8.743465e-01,2.171071e-01,5.222697e-01,5.784728e-01,,
597,2.51500000e+01,-5.11158199e+00,8.743465e-01,2.171038e-01,5.222670e-01,5.784668e-01,,
598,2.51500000e+01,-5.11158850e+00,8.743465e-01,2.170939e-01,5.222543e-01,5.784545e-01,,
599,2.51500000e+01,-5.11159162e+00,8.743465e-01,2.170914e-01,5.222504e-01,5.784524e-01,,
600,2.51500000e+01,-5.11158447e+00,8.743465e-01,2.171009e-01,5.222621e-01,5.784647e-01,,
601,2.51500000e+01,-5.11157881e+00,8.743465e-01,2.171075e-01,5.222714e-01,5.784720e-01,,
602,2.51500000e+01,-5.11158464e+00,8.743465e-01,2.170999e-01,5.222669e-01,5.784566e-01,,
603,2.51500000e+01,-5.11159423e+00,8.743465e-01,2.170898e-01,5.222538e-01,5.784443e-01,,
604,2.51500000e+01,-5.11159524e+00,8.743465e-01,2.170968e-01,5.222551e-01,5.784613e-01,,
605,2.51500000e+01,-5.11158420e+00,8.743465e-01,2.171064e-01,5.222645e-01,5.784768e-01,,
606,2.51500000e+01,-5.11157997e+00,8.743465e-01,2.171070e-01,5.222704e-01,5.784717e-01,,
607,2.51500000e+01,-5.11158747e+00,8.743465e-01,2.170934e-01,5.222616e-01,5.784453e-01,,
608,2.51500000e+01,-5.11159419e+00,8.743465e-01,2.170868e-01,5.222516e-01,5.784386e-01,,
609,2.51500000e+01,-5.11159245e+00,8.743465e-01,2.170967e-01,5.222572e-01,5.784589e-01,,
610,2.51500000e+01,-5.11158043e+00,8.743465e-01,2.171084e-01,5.222674e-01,5.784787e-01,,
611,2.51500000e+01,-5.11157915e+00,8.743465e-01,2.171074e-01,5.222674e-01,5.784762e-01,,
612,2.51500000e+01,-5.11158510e+00,8.743465e-01,2.170948e-01,5.222555e-01,5.784556e-01,,
613,2.51500000e+01,-5.11158929e+00,8.743465e-01,2.170892e-01,5.222496e-01,5.784474e-01,,
614,2.51500000e+01,-5.11158435e+00,8.743465e-01,2.170990e-01,5.222608e-01,5.784611e-01,,
615,2.51500000e+01,-5.11157835e+00,8.743465e-01,2.171066e-01,5.222708e-01,5.784703e-01,,
616,2.51500000e+01,-5.11158470e+00,8.743465e-01,2.171023e-01,5.222695e-01,5.784603e-01,,
617,2.51500000e+01,-5.11159387e+00,8.743465e-01,2.170923e-01,5.222550e-01,5.784496e-01,,
618,2.51500000e+01,-5.11159506e+00,8.743465e-01,2.170947e-01,5.222527e-01,5.784587e-01,,
619,2.51500000e+01,-5.11158557e+00,8.743465e-01,2.171036e-01,5.222629e-01,5.784710e-01,,
620,2.51500000e+01,-5.11158015e+00,8.743465e-01,2.171069e-01,5.222710e-01,5.784709e-01,,
621,2.51500000e+01,-5.11158688e+00,8.743465e-01,2.170964e-01,5.222637e-01,5.784508e-01,,
622,2.51500000e+01,-5.11159493e+00,8.743465e-01,2.170881e-01,5.222523e-01,5.784415e-01,,
623,2.51500000e+01,-5.11159441e+00,8.743465e-01,2.170949e-01,5.222550e-01,5.784567e-01,,
624,2.51500000e+01,-5.11158200e+00,8.743465e-01,2.171075e-01,5.222653e-01,5.784787e-01,,
625,2.51500000e+01,-5.11158013e+00,8.743465e-01,2.171078e-01,5.222689e-01,5.784755e-01,,
626,2.51500000e+01,-5.11158643e+00,8.743465e-01,2.170930e-01,5.222580e-01,5.784483e-01,,
627,2.51500000e+01,-5.11159268e+00,8.743465e-01,2.170859e-01,5.222503e-01,5.784378e-01,,
628,2.51500000e+01,-5.11158889e+00,8.743465e-01,2.170974e-01,5.222597e-01,5.784579e-01,,
629,2.51500000e+01,-5.11158032e+00,8.743465e-01,2.171074e-01,5.222698e-01,5.784734e-01,,
630,2.51500000e+01,-5.11158327e+00,8.743465e-01,2.171076e-01,5.222707e-01,5.784728e-01,,
631,2.51500000e+01,-5.11158985e+00,8.743465e-01,2.170955e-01,5.222551e-01,5.784579e-01,,
632,2.51500000e+01,-5.11159159e+00,8.743465e-01,2.170930e-01,5.222502e-01,5.784567e-01,,
633,2.51500000e+01,-5.11158365e+00,8.743465e-01,2.171018e-01,5.222614e-01,5.784680e-01,,
634,2.51500000e+01,-5.11157722e+00,8.743465e-01,2.171071e-01,5.222709e-01,5.784714e-01,,
635,2.51500000e+01,-5.11158413e+00,8.743465e-01,2.170984e-01,5.222659e-01,5.784538e-01,,
636,2.51500000e+01,-5.11159358e+00,8.743465e-01,2.170892e-01,5.222537e-01,5.784427e-01,,
637,2.51500000e+01,-5.11159403e+00,8.743465e-01,2.170944e-01,5.222528e-01,5.784576e-01,,
638,2.51500000e+01,-5.11158196e+00,8.743465e-01,2.171065e-01,5.222633e-01,5.784780e-01,,
639,2.51500000e+01,-5.11157890e+00,8.743465e-01,2.171080e-01,5.222698e-01,5.784752e-01,,
640,2.51500000e+01,-5.11158496e+00,8.743465e-01,2.170940e-01,5.222598e-01,5.784489e-01,,
641,2.51500000e+01,-5.11159191e+00,8.743465e-01,2.170872e-01,5.222502e-01,5.784413e-01,,
642,2.51500000e+01,-5.11158971e+00,8.743465e-01,2.170975e-01,5.222578e-01,5.784604e-01,,
643,2.51500000e+01,-5.11157961e+00,8.743465e-01,2.171081e-01,5.222681e-01,5.784771e-01,,
644,2.51500000e+01,-5.11157911e+00,8.743465e-01,2.171063e-01,5.222673e-01,5.784732e-01,,
645,2.51500000e+01,-5.11158664e+00,8.743465e-01,2.170943e-01,5.222552e-01,5.784547e-01,,
646,2.51500000e+01,-5.11159016e+00,8.743465e-01,2.170894e-01,5.222503e-01,5.784470e-01,,
647,2.51500000e+01,-5.11158542e+00,8.743465e-01,2.170989e-01,5.222615e-01,5.784600e-01,,
648,2.51500000e+01,-5.11157866e+00,8.743465e-01,2.171064e-01,5.222711e-01,5.784693e-01,,
649,2.51500000e+01,-5.11158565e+00,8.743465e-01,2.171014e-01,5.222684e-01,5.784590e-01,,
650,2.51500000e+01,-5.11159356e+00,8.743465e-01,2.170917e-01,5.222544e-01,5.784487e-01,,
651,2.51500000e+01,-5.11159463e+00,8.743465e-01,2.170961e-01,5.222530e-01,5.784619e-01,,
652,2.51500000e+01,-5.11158337e+00,8.743465e-01,2.171052e-01,5.222632e-01,5.784750e-01,,
653,2.51500000e+01,-5.11157901e+00,8.743465e-01,2.171074e-01,5.222704e-01,5.784727e-01,,
654,2.51500000e+01,-5.11158566e+00,8.743465e-01,2.170952e-01,5.222630e-01,5.784485e-01,,
655,2.51500000e+01,-5.11159476e+00,8.743465e-01,2.170870e-01,5.222521e-01,5.784387e-01,,
656,2.51500000e+01,-5.11159405e+00,8.743465e-01,2.170947e-01,5.222563e-01,5.784545e-01,,
657,2.51500000e+01,-5.11158310e+00,8.743465e-01,2.171075e-01,5.222665e-01,5.784773e-01,,
658,2.51500000e+01,-5.11158089e+00,8.743465e-01,2.171074e-01,5.222688e-01,5.784746e-01,,
659,2.51500000e+01,-5.11158798e+00,8.743465e-01,2.170934e-01,5.222572e-01,5.784502e-01,,
660,2.51500000e+01,-5.11159241e+00,8.743465e-01,2.170870e-01,5.222501e-01,5.784410e-01,,
661,2.51500000e+01,-5.11158854e+00,8.743465e-01,2.170983e-01,5.222598e-01,5.784603e-01,,
662,2.51500000e+01,-5.11157974e+00,8.743465e-01,2.171076e-01,5.222700e-01,5.784738e-01,,
663,2.51500000e+01,-5.11158434e+00,8.743465e-01,2.171060e-01,5.222701e-01,5.784693e-01,,
664,2.51500000e+01,-5.11159104e+00,8.743465e-01,2.170947e-01,5.222550e-01,5.784560e-01,,
665,2.51500000e+01,-5.11159357e+00,8.743465e-01,2.170935e-01,5.222509e-01,5.784574e-01,,
666,2.51500000e+01,-5.11158438e+00,8.743465e-01,2.171021e-01,5.222621e-01,5.784678e-01,,
667,2.51500000e+01,-5.11157948e+00,8.743465e-01,2.171064e-01,5.222711e-01,5.784692e-01,,
668,2.51500000e+01,-5.11158552e+00,8.743465e-01,2.170973e-01,5.222654e-01,5.784512e-01,,
669,2.51500000e+01,-5.11159520e+00,8.743465e-01,2.170887e-01,5.222532e-01,5.784421e-01,,
670,2.51500000e+01,-5.11159422e+00,8.743465e-01,2.170948e-01,5.222536e-01,5.784579e-01,,
671,2.51500000e+01,-5.11158206e+00,8.743465e-01,2.171073e-01,5.222637e-01,5.784798e-01,,
672,2.51500000e+01,-5.11157826e+00,8.743465e-01,2.171084e-01,5.222694e-01,5.784766e-01,,
673,2.51500000e+01,-5.11158494e+00,8.743465e-01,2.170941e-01,5.222589e-01,5.784500e-01,,
674,2.51500000e+01,-5.11159096e+00,8.743465e-01,2.170869e-01,5.222501e-01,5.784405e-01,,
675,2.51500000e+01,-5.11158939e+00,8.743465e-01,2.170972e-01,5.222584e-01,5.784588e-01,,
676,2.51500000e+01,-5.11157955e+00,8.743465e-01,2.171072e-01,5.222690e-01,5.784738e-01,,
677,2.51500000e+01,-5.11158077e+00,8.743465e-01,2.171047e-01,5.222672e-01,5.784692e-01,,
678,2.51500000e+01,-5.11158745e+00,8.743465e-01,2.170939e-01,5.222548e-01,5.784540e-01,,
679,2.51500000e+01,-5.11159124e+00,8.743465e-01,2.170902e-01,5.222504e-01,5.784490e-01,,
680,2.51500000e+01,-5.11158439e+00,8.743465e-01,2.171000e-01,5.222619e-01,5.784624e-01,,
681,2.51500000e+01,-5.11157842e+00,8.743465e-01,2.171069e-01,5.222709e-01,5.784709e-01,,
682,2.51500000e+01,-5.11158453e+00,8.743465e-01,2.171011e-01,5.222674e-01,5.784592e-01,,
683,2.51500000e+01,-5.11159316e+00,8.743465e-01,2.170913e-01,5.222536e-01,5.784484e-01,,
684,2.51500000e+01,-5.11159342e+00,8.743465e-01,2.170971e-01,5.222537e-01,5.784637e-01,,
685,2.51500000e+01,-5.11158263e+00,8.743465e-01,2.171065e-01,5.222635e-01,5.784778e-01,,
686,2.51500000e+01,-5.11157806e+00,8.743465e-01,2.171076e-01,5.222703e-01,5.784733e-01,,
687,2.51500000e+01,-5.11158605e+00,8.743465e-01,2.170944e-01,5.222623e-01,5.784470e-01,,
688,2.51500000e+01,-5.11159420e+00,8.743465e-01,2.170867e-01,5.222520e-01,5.784380e-01,,
689,2.51500000e+01,-5.11159396e+00,8.743465e-01,2.170954e-01,5.222570e-01,5.784557e-01,,
690,2.51500000e+01,-5.11158247e+00,8.743465e-01,2.171078e-01,5.222673e-01,5.784773e-01,,
691,2.51500000e+01,-5.11158127e+00,8.743465e-01,2.171072e-01,5.222682e-01,5.784748e-01,,
692,2.51500000e+01,-5.11158743e+00,8.743465e-01,2.170937e-01,5.222564e-01,5.784518e-01,,
693,2.51500000e+01,-5.11159211e+00,8.743465e-01,2.170878e-01,5.222499e-01,5.784434e-01,,
694,2.51500000e+01,-5.11158719e+00,8.743465e-01,2.170986e-01,5.222604e-01,5.784605e-01,,
695,2.51500000e+01,-5.11158012e+00,8.743465e-01,2.171069e-01,5.222704e-01,5.784716e-01,,
696,2.51500000e+01,-5.11158516e+00,8.743465e-01,2.171036e-01,5.222699e-01,5.784631e-01,,
697,2.51500000e+01,-5.11159358e+00,8.743465e-01,2.170929e-01,5.222551e-01,5.784511e-01,,
698,2.51500000e+01,-5.11159507e+00,8.743465e-01,2.170936e-01,5.222520e-01,5.784564e-01,,
699,2.51500000e+01,-5.11158622e+00,8.743465e-01,2.171021e-01,5.222626e-01,5.784673e-01,,
700,2.51500000e+01,-5.11158055e+00,8.743465e-01,2.171059e-01,5.222713e-01,5.784678e-01,,
701,2.51500000e+01,-5.11158690e+00,8.743465e-01,2.170965e-01,5.222646e-01,5.784501e-01,,
702,2.51500000e+01,-5.11159484e+00,8.743465e-01,2.170887e-01,5.222526e-01,5.784426e-01,,
703,2.51500000e+01,-5.11159387e+00,8.743465e-01,2.170953e-01,5.222539e-01,5.784588e-01,,
704,2.51500000e+01,-5.11158061e+00,8.743465e-01,2.171080e-01,5.222641e-01,5.784812e-01,,
705,2.51500000e+01,-5.11157803e+00,8.743465e-01,2.171088e-01,5.222689e-01,5.784782e-01,,
706,2.51500000e+01,-5.11158407e+00,8.743465e-01,2.170941e-01,5.222583e-01,5.784507e-01,,
707,2.51500000e+01,-5.11159102e+00,8.743465e-01,2.170865e-01,5.222501e-01,5.784396e-01,,
708,2.51500000e+01,-5.11158857e+00,8.743465e-01,2.170972e-01,5.222592e-01,5.784579e-01,,
709,2.51500000e+01,-5.11158041e+00,8.743465e-01,2.171071e-01,5.222696e-01,5.784727e-01,,
710,2.51500000e+01,-5.11158161e+00,8.743465e-01,2.171038e-01,5.222671e-01,5.784668e-01,,
711,2.51500000e+01,-5.11158892e+00,8.743465e-01,2.170938e-01,5.222542e-01,5.784545e-01,,
712,2.51500000e+01,-5.11159123e+00,8.743465e-01,2.170915e-01,5.222505e-01,5.784523e-01,,
713,2.51500000e+01,-5.11158491e+00,8.743465e-01,2.171009e-01,5.222620e-01,5.784647e-01,,
714,2.51500000e+01,-5.11157843e+00,8.743465e-01,2.171076e-01,5.222714e-01,5.784721e-01,,
715,2.51500000e+01,-5.11158504e+00,8.743465e-01,2.170999e-01,5.222668e-01,5.784566e-01,,
716,2.51500000e+01,-5.11159379e+00,8.743465e-01,2.170899e-01,5.222539e-01,5.784444e-01,,
717,2.51500000e+01,-5.11159561e+00,8.743465e-01,2.170967e-01,5.222551e-01,5.784614e-01,,
718,2.51500000e+01,-5.11158376e+00,8.743465e-01,2.171065e-01,5.222645e-01,5.784768e-01,,
719,2.51500000e+01,-5.11158033e+00,8.743465e-01,2.171070e-01,5.222703e-01,5.784717e-01,,
720,2.51500000e+01,-5.11158704e+00,8.743465e-01,2.170934e-01,5.222616e-01,5.784453e-01,,
721,2.51500000e+01,-5.11159460e+00,8.743465e-01,2.170867e-01,5.222515e-01,5.784386e-01,,
722,2.51500000e+01,-5.11159206e+00,8.743465e-01,2.170967e-01,5.222573e-01,5.784589e-01,,
723,2.51500000e+01,-5.11158083e+00,8.743465e-01,2.171084e-01,5.222674e-01,5.784787e-01,,
724,2.51500000e+01,-5.11157874e+00,8.743465e-01,2.171075e-01,5.222674e-01,5.784762e-01,,
725,2.51500000e+01,-5.11158550e+00,8.743465e-01,2.170947e-01,5.222554e-01,5.784556e-01,,
726,2.51500000e+01,-5.11158888e+00,8.743465e-01,2.170893e-01,5.222497e-01,5.784473e-01,,
727,2.51500000e+01,-5.11158475e+00,8.743465e-01,2.170990e-01,5.222607e-01,5.784611e-01,,
728,2.51500000e+01,-5.11157792e+00,8.743465e-01,2.171066e-01,5.222708e-01,5.784703e-01,,
729,2.51500000e+01,-5.11158507e+00,8.743465e-01,2.171023e-01,5.222694e-01,5.784603e-01,,
730,2.51500000e+01,-5.11159344e+00,8.743465e-01,2.170923e-01,5.222551e-01,5.784496e-01,,
731,2.51500000e+01,-5.11159545e+00,8.743465e-01,2.170947e-01,5.222526e-01,5.784586e-01,,
732,2.51500000e+01,-5.11158516e+00,8.743465e-01,2.171037e-01,5.222630e-01,5.784710e-01,,
733,2.51500000e+01,-5.11158053e+00,8.743465e-01,2.171069e-01,5.222709e-01,5.784708e-01,,
734,2.51500000e+01,-5.11158644e+00,8.743465e-01,2.170964e-01,5.222638e-01,5.784508e-01,,
735,2.51500000e+01,-5.11159527e+00,8.743465e-01,2.170881e-01,5.222522e-01,5.784415e-01,,
736,2.51500000e+01,-5.11159395e+00,8.743465e-01,2.170950e-01,5.222550e-01,5.784567e-01,,
737,2.51500000e+01,-5.11158238e+00,8.743465e-01,2.171075e-01,5.222652e-01,5.784788e-01,,
738,2.51500000e+01,-5.11157970e+00,8.743465e-01,2.171079e-01,5.222690e-01,5.784755e-01,,
739,2.51500000e+01,-5.11158682e+00,8.743465e-01,2.170930e-01,5.222580e-01,5.784482e-01,,
740,2.51500000e+01,-5.11159228e+00,8.743465e-01,2.170860e-01,5.222504e-01,5.784378e-01,,
741,2.51500000e+01,-5.11158931e+00,8.743465e-01,2.170973e-01,5.222597e-01,5.784579e-01,,
742,2.51500000e+01,-5.11157994e+00,8.743465e-01,2.171074e-01,5.222698e-01,5.784734e-01,,
743,2.51500000e+01,-5.11158367e+00,8.743465e-01,2.171075e-01,5.222707e-01,5.784728e-01,,
744,2.51500000e+01,-5.11158943e+00,8.743465e-01,2.170955e-01,5.222552e-01,5.784579e-01,,
745,2.51500000e+01,-5.11159198e+00,8.743465e-01,2.170929e-01,5.222501e-01,5.784567e-01,,
746,2.51500000e+01,-5.11158321e+00,8.743465e-01,2.171019e-01,5.222615e-01,5.784679e-01,,
747,2.51500000e+01,-5.11157757e+00,8.743465e-01,2.171071e-01,5.222709e-01,5.784714e-01,,
748,2.51500000e+01,-5.11158368e+00,8.743465e-01,2.170985e-01,5.222660e-01,5.784538e-01,,
749,2.51500000e+01,-5.11159393e+00,8.743465e-01,2.170891e-01,5.222536e-01,5.784427e-01,,
750,2.51500000e+01,-5.11159356e+00,8.743465e-01,2.170944e-01,5.222528e-01,5.784576e-01,,
751,2.51500000e+01,-5.11158234e+00,8.743465e-01,2.171064e-01,5.222633e-01,5.784781e-01,,
752,2.51500000e+01,-5.11157847e+00,8.743465e-01,2.171081e-01,5.222699e-01,5.784752e-01,,
753,2.51500000e+01,-5.11158536e+00,8.743465e-01,2.170940e-01,5.222597e-01,5.784489e-01,,
754,2.51500000e+01,-5.11159152e+00,8.743465e-01,2.170872e-01,5.222502e-01,5.784413e-01,,
755,2.51500000e+01,-5.11159012e+00,8.743465e-01,2.170975e-01,5.222577e-01,5.784604e-01,,
756,2.51500000e+01,-5.11157923e+00,8.743465e-01,2.171081e-01,5.222681e-01,5.784771e-01,,
757,2.51500000e+01,-5.11157953e+00,8.743465e-01,2.171062e-01,5.222672e-01,5.784733e-01,,
758,2.51500000e+01,-5.11158623e+00,8.743465e-01,2.170943e-01,5.222552e-01,5.784547e-01,,
759,2.51500000e+01,-5.11159058e+00,8.743465e-01,2.170893e-01,5.222502e-01,5.784470e-01,,
760,2.51500000e+01,-5.11158502e+00,8.743465e-01,2.170990e-01,5.222616e-01,5.784600e-01,,
761,2.51500000e+01,-5.11157910e+00,8.743465e-01,2.171064e-01,5.222711e-01,5.784693e-01,,
762,2.51500000e+01,-5.11158529e+00,8.743465e-01,2.171015e-01,5.222685e-01,5.784590e-01,,
763,2.51500000e+01,-5.11159400e+00,8.743465e-01,2.170917e-01,5.222543e-01,5.784486e-01,,
764,2.51500000e+01,-5.11159425e+00,8.743465e-01,2.170961e-01,5.222531e-01,5.784619e-01,,
765,2.51500000e+01,-5.11158380e+00,8.743465e-01,2.171052e-01,5.222631e-01,5.784750e-01,,
766,2.51500000e+01,-5.11157862e+00,8.743465e-01,2.171074e-01,5.222705e-01,5.784726e-01,,
767,2.51500000e+01,-5.11158606e+00,8.743465e-01,2.170952e-01,5.222629e-01,5.784485e-01,,
768,2.51500000e+01,-5.11159438e+00,8.743465e-01,2.170870e-01,5.222521e-01,5.784387e-01,,
769,2.51500000e+01,-5.11159447e+00,8.743465e-01,2.170947e-01,5.222563e-01,5.784546e-01,,
770,2.51500000e+01,-5.11158271e+00,8.743465e-01,2.171075e-01,5.222666e-01,5.784773e-01,,
771,2.51500000e+01,-5.11158130e+00,8.743465e-01,2.171074e-01,5.222687e-01,5.784747e-01,,
772,2.51500000e+01,-5.11158756e+00,8.743465e-01,2.170935e-01,5.222572e-01,5.784502e-01,,
773,2.51500000e+01,-5.11159279e+00,8.743465e-01,2.170870e-01,5.222500e-01,5.784410e-01,,
774,2.51500000e+01,-5.11158811e+00,8.743465e-01,2.170983e-01,5.222599e-01,5.784603e-01,,
775,2.51500000e+01,-5.11158011e+00,8.743465e-01,2.171076e-01,5.222699e-01,5.784738e-01,,
776,2.51500000e+01,-5.11158391e+00,8.743465e-01,2.171060e-01,5.222701e-01,5.784694e-01,,
777,2.51500000e+01,-5.11159143e+00,8.743465e-01,2.170947e-01,5.222549e-01,5.784560e-01,,
778,2.51500000e+01,-5.11159315e+00,8.743465e-01,2.170936e-01,5.222510e-01,5.784575e-01,,
779,2.51500000e+01,-5.11158478e+00,8.743465e-01,2.171020e-01,5.222620e-01,5.784678e-01,,
780,2.51500000e+01,-5.11157909e+00,8.743465e-01,2.171064e-01,5.222712e-01,5.784692e-01,,
781,2.51500000e+01,-5.11158593e+00,8.743465e-01,2.170972e-01,5.222654e-01,5.784513e-01,,
782,2.51500000e+01,-5.11159478e+00,8.743465e-01,2.170888e-01,5.222532e-01,5.784421e-01,,
783,2.51500000e+01,-5.11159465e+00,8.743465e-01,2.170948e-01,5.222535e-01,5.784579e-01,,
784,2.51500000e+01,-5.11158168e+00,8.743465e-01,2.171073e-01,5.222638e-01,5.784798e-01,,
785,2.51500000e+01,-5.11157868e+00,8.743465e-01,2.171084e-01,5.222693e-01,5.784766e-01,,
786,2.51500000e+01,-5.11158455e+00,8.743465e-01,2.170941e-01,5.222590e-01,5.784500e-01,,
787,2.51500000e+01,-5.11159135e+00,8.743465e-01,2.170868e-01,5.222501e-01,5.784404e-01,,
788,2.51500000e+01,-5.11158897e+00,8.743465e-01,2.170972e-01,5.222585e-01,5.784589e-01,,
789,2.51500000e+01,-5.11157992e+00,8.743465e-01,2.171071e-01,5.222689e-01,5.784737e-01,,
790,2.51500000e+01,-5.11158033e+00,8.743465e-01,2.171047e-01,5.222672e-01,5.784691e-01,,
791,2.51500000e+01,-5.11158784e+00,8.743465e-01,2.170938e-01,5.222547e-01,5.784540e-01,,
792,2.51500000e+01,-5.11159083e+00,8.743465e-01,2.170902e-01,5.222505e-01,5.784490e-01,,
793,2.51500000e+01,-5.11158482e+00,8.743465e-01,2.170999e-01,5.222618e-01,5.784623e-01,,
794,2.51500000e+01,-5.11157804e+00,8.743465e-01,2.171069e-01,5.222709e-01,5.784709e-01,,
795,2.51500000e+01,-5.11158496e+00,8.743465e-01,2.171010e-01,5.222674e-01,5.784591e-01,,
796,2.51500000e+01,-5.11159279e+00,8.743465e-01,2.170913e-01,5.222537e-01,5.784484e-01,,
797,2.51500000e+01,-5.11159385e+00,8.743465e-01,2.170970e-01,5.222536e-01,5.784637e-01,,
798,2.51500000e+01,-5.11158221e+00,8.743465e-01,2.171065e-01,5.222636e-01,5.784778e-01,,
799,2.51500000e+01,-5.11157847e+00,8.743465e-01,2.171075e-01,5.222703e-01,5.784733e-01,,
800,2.51500000e+01,-5.11158565e+00,8.743465e-01,2.170944e-01,5.222624e-01,5.784471e-01,,
801,2.51500000e+01,-5.11159458e+00,8.743465e-01,2.170867e-01,5.222520e-01,5.784380e-01,,
802,2.51500000e+01,-5.11159354e+00,8.743465e-01,2.170955e-01,5.222571e-01,5.784557e-01,,
803,2.51500000e+01,-5.11158289e+00,8.743465e-01,2.171078e-01,5.222672e-01,5.784773e-01,,
804,2.51500000e+01,-5.11158082e+00,8.743465e-01,2.171072e-01,5.222683e-01,5.784747e-01,,
805,2.51500000e+01,-5.11158780e+00,8.743465e-01,2.170937e-01,5.222564e-01,5.784518e-01,,
806,2.51500000e+01,-5.11159170e+00,8.743465e-01,2.170879e-01,5.222499e-01,5.784434e-01,,
807,2.51500000e+01,-5.11158762e+00,8.743465e-01,2.170986e-01,5.222603e-01,5.784605e-01,,
808,2.51500000e+01,-5.11157975e+00,8.743465e-01,2.171070e-01,5.222704e-01,5.784715e-01,,
809,2.51500000e+01,-5.11158561e+00,8.743465e-01,2.171036e-01,5.222698e-01,5.784632e-01,,
810,2.51500000e+01,-5.11159320e+00,8.743465e-01,2.170929e-01,5.222551e-01,5.784511e-01,,
811,2.51500000e+01,-5.11159549e+00,8.743465e-01,2.170935e-01,5.222519e-01,5.784563e-01,,
812,2.51500000e+01,-5.11158580e+00,8.743465e-01,2.171021e-01,5.222627e-01,5.784672e-01,,
813,2.51500000e+01,-5.11158092e+00,8.743465e-01,2.171059e-01,5.222712e-01,5.784678e-01,,
814,2.51500000e+01,-5.11158647e+00,8.743465e-01,2.170965e-01,5.222646e-01,5.784502e-01,,
815,2.51500000e+01,-5.11159525e+00,8.743465e-01,2.170886e-01,5.222525e-01,5.784426e-01,,
816,2.51500000e+01,-5.11159348e+00,8.743465e-01,2.170953e-01,5.222540e-01,5.784588e-01,,
817,2.51500000e+01,-5.11158102e+00,8.743465e-01,2.171079e-01,5.222640e-01,5.784812e-01,,
818,2.51500000e+01,-5.11157763e+00,8.743465e-01,2.171088e-01,5.222690e-01,5.784782e-01,,
819,2.51500000e+01,-5.11158448e+00,8.743465e-01,2.170940e-01,5.222583e-01,5.784506e-01,,
820,2.51500000e+01,-5.11159060e+00,8.743465e-01,2.170865e-01,5.222502e-01,5.784395e-01,,
821,2.51500000e+01,-5.11158897e+00,8.743465e-01,2.170971e-01,5.222591e-01,5.784578e-01,,
822,2.51500000e+01,-5.11157997e+00,8.743465e-01,2.171071e-01,5.222697e-01,5.784728e-01,,
823,2.51500000e+01,-5.11158198e+00,8.743465e-01,2.171038e-01,5.222670e-01,5.784668e-01,,
824,2.51500000e+01,-5.11158849e+00,8.743465e-01,2.170939e-01,5.222543e-01,5.784545e-01,,
825,2.51500000e+01,-5.11159161e+00,8.743465e-01,2.170914e-01,5.222504e-01,5.784523e-01,,
826,2.51500000e+01,-5.11158447e+00,8.743465e-01,2.171009e-01,5.222621e-01,5.784647e-01,,
827,2.51500000e+01,-5.11157880e+00,8.743465e-01,2.171075e-01,5.222714e-01,5.784721e-01,,
828,2.51500000e+01,-5.11158461e+00,8.743465e-01,2.170999e-01,5.222669e-01,5.784567e-01,,
829,2.51500000e+01,-5.11159419e+00,8.743465e-01,2.170898e-01,5.222538e-01,5.784444e-01,,
830,2.51500000e+01,-5.11159520e+00,8.743465e-01,2.170968e-01,5.222551e-01,5.784614e-01,,
831,2.51500000e+01,-5.11158417e+00,8.743465e-01,2.171064e-01,5.222644e-01,5.784768e-01,,
832,2.51500000e+01,-5.11157993e+00,8.743465e-01,2.171070e-01,5.222704e-01,5.784717e-01,,
833,2.51500000e+01,-5.11158744e+00,8.743465e-01,2.170934e-01,5.222616e-01,5.784453e-01,,
834,2.51500000e+01,-5.11159417e+00,8.743465e-01,2.170868e-01,5.222516e-01,5.784386e-01,,
835,2.51500000e+01,-5.11159245e+00,8.743465e-01,2.170967e-01,5.222572e-01,5.784589e-01,,
836,2.51500000e+01,-5.11158043e+00,8.743465e-01,2.171084e-01,5.222674e-01,5.784787e-01,,
837,2.51500000e+01,-5.11157914e+00,8.743465e-01,2.171074e-01,5.222674e-01,5.784762e-01,,
838,2.51500000e+01,-5.11158509e+00,8.743465e-01,2.170948e-01,5.222555e-01,5.784556e-01,,
839,2.51500000e+01,-5.11158929e+00,8.743465e-01,2.170892e-01,5.222496e-01,5.784474e-01,,
840,2.51500000e+01,-5.11158434e+00,8.743465e-01,2.170990e-01,5.222608e-01,5.784611e-01,,
841,2.51500000e+01,-5.11157835e+00,8.743465e-01,2.171066e-01,5.222707e-01,5.784703e-01,,
842,2.51500000e+01,-5.11158469e+00,8.743465e-01,2.171023e-01,5.222695e-01,5.784603e-01,,
843,2.51500000e+01,-5.11159386e+00,8.743465e-01,2.170923e-01,5.222550e-01,5.784496e-01,,
844,2.51500000e+01,-5.11159506e+00,8.743465e-01,2.170947e-01,5.222527e-01,5.784586e-01,,
845,2.51500000e+01,-5.11158558e+00,8.743465e-01,2.171036e-01,5.222629e-01,5.784710e-01,,
846,2.51500000e+01,-5.11158015e+00,8.743465e-01,2.171069e-01,5.222710e-01,5.784709e-01,,
847,2.51500000e+01,-5.11158687e+00,8.743465e-01,2.170964e-01,5.222637e-01,5.784508e-01,,
848,2.51500000e+01,-5.11159492e+00,8.743465e-01,2.170881e-01,5.222523e-01,5.784416e-01,,
849,2.51500000e+01,-5.11159439e+00,8.743465e-01,2.170949e-01,5.222550e-01,5.784567e-01,,
850,2.51500000e+01,-5.11158197e+00,8.743465e-01,2.171075e-01,5.222652e-01,5.784788e-01,,
851,2.51500000e+01,-5.11158010e+00,8.743465e-01,2.171078e-01,5.222689e-01,5.784756e-01,,
852,2.51500000e+01,-5.11158639e+00,8.743465e-01,2.170931e-01,5.222580e-01,5.784483e-01,,
853,2.51500000e+01,-5.11159266e+00,8.743465e-01,2.170859e-01,5.222503e-01,5.784378e-01,,
854,2.51500000e+01,-5.11158888e+00,8.743465e-01,2.170974e-01,5.222597e-01,5.784578e-01,,
855,2.51500000e+01,-5.11158032e+00,8.743465e-01,2.171074e-01,5.222698e-01,5.784734e-01,,
856,2.51500000e+01,-5.11158326e+00,8.743465e-01,2.171076e-01,5.222708e-01,5.784728e-01,,
857,2.51500000e+01,-5.11158984e+00,8.743465e-01,2.170955e-01,5.222552e-01,5.784579e-01,,
858,2.51500000e+01,-5.11159159e+00,8.743465e-01,2.170930e-01,5.222502e-01,5.784567e-01,,
859,2.51500000e+01,-5.11158365e+00,8.743465e-01,2.171018e-01,5.222614e-01,5.784680e-01,,
860,2.51500000e+01,-5.11157721e+00,8.743465e-01,2.171071e-01,5.222709e-01,5.784714e-01,,
861,2.51500000e+01,-5.11158411e+00,8.743465e-01,2.170984e-01,5.222659e-01,5.784539e-01,,
862,2.51500000e+01,-5.11159355e+00,8.743465e-01,2.170892e-01,5.222537e-01,5.784427e-01,,
863,2.51500000e+01,-5.11159401e+00,8.743465e-01,2.170944e-01,5.222527e-01,5.784576e-01,,
864,2.51500000e+01,-5.11158196e+00,8.743465e-01,2.171065e-01,5.222633e-01,5.784781e-01,,
865,2.51500000e+01,-5.11157889e+00,8.743465e-01,2.171080e-01,5.222698e-01,5.784752e-01,,
866,2.51500000e+01,-5.11158495e+00,8.743465e-01,2.170940e-01,5.222598e-01,5.784489e-01,,
867,2.51500000e+01,-5.11159190e+00,8.743465e-01,2.170872e-01,5.222502e-01,5.784413e-01,,
868,2.51500000e+01,-5.11158969e+00,8.743465e-01,2.170975e-01,5.222578e-01,5.784604e-01,,
869,2.51500000e+01,-5.11157958e+00,8.743465e-01,2.171081e-01,5.222681e-01,5.784772e-01,,
870,2.51500000e+01,-5.11157907e+00,8.743465e-01,2.171063e-01,5.222673e-01,5.784733e-01,,
871,2.51500000e+01,-5.11158659e+00,8.743465e-01,2.170943e-01,5.222552e-01,5.784547e-01,,
872,2.51500000e+01,-5.11159012e+00,8.743465e-01,2.170894e-01,5.222503e-01,5.784470e-01,,
873,2.51500000e+01,-5.11158539e+00,8.743465e-01,2.170989e-01,5.222615e-01,5.784600e-01,,
874,2.51500000e+01,-5.11157864e+00,8.743465e-01,2.171064e-01,5.222711e-01,5.784693e-01,,
875,2.51500000e+01,-5.11158564e+00,8.743465e-01,2.171014e-01,5.222685e-01,5.784590e-01,,
876,2.51500000e+01,-5.11159356e+00,8.743465e-01,2.170917e-01,5.222544e-01,5.784487e-01,,
877,2.51500000e+01,-5.11159463e+00,8.743465e-01,2.170961e-01,5.222530e-01,5.784618e-01,,
878,2.51500000e+01,-5.11158338e+00,8.743465e-01,2.171052e-01,5.222632e-01,5.784750e-01,,
879,2.51500000e+01,-5.11157903e+00,8.743465e-01,2.171074e-01,5.222704e-01,5.784727e-01,,
880,2.51500000e+01,-5.11158566e+00,8.743465e-01,2.170952e-01,5.222630e-01,5.784485e-01,,
881,2.51500000e+01,-5.11159476e+00,8.743465e-01,2.170870e-01,5.222521e-01,5.784387e-01,,
882,2.51500000e+01,-5.11159404e+00,8.743465e-01,2.170947e-01,5.222563e-01,5.784546e-01,,
883,2.51500000e+01,-5.11158308e+00,8.743465e-01,2.171075e-01,5.222665e-01,5.784774e-01,,
884,2.51500000e+01,-5.11158087e+00,8.743465e-01,2.171074e-01,5.222688e-01,5.784746e-01,,
885,2.51500000e+01,-5.11158796e+00,8.743465e-01,2.170934e-01,5.222572e-01,5.784502e-01,,
886,2.51500000e+01,-5.11159240e+00,8.743465e-01,2.170870e-01,5.222501e-01,5.784410e-01,,
887,2.51500000e+01,-5.11158853e+00,8.743465e-01,2.170983e-01,5.222598e-01,5.784603e-01,,
888,2.51500000e+01,-5.11157973e+00,8.743465e-01,2.171076e-01,5.222700e-01,5.784738e-01,,
889,2.51500000e+01,-5.11158432e+00,8.743465e-01,2.171060e-01,5.222701e-01,5.784694e-01,,
890,2.51500000e+01,-5.11159101e+00,8.743465e-01,2.170947e-01,5.222550e-01,5.784560e-01,,
891,2.51500000e+01,-5.11159353e+00,8.743465e-01,2.170935e-01,5.222509e-01,5.784574e-01,,
892,2.51500000e+01,-5.11158435e+00,8.743465e-01,2.171021e-01,5.222621e-01,5.784678e-01,,
893,2.51500000e+01,-5.11157946e+00,8.743465e-01,2.171064e-01,5.222711e-01,5.784692e-01,,
894,2.51500000e+01,-5.11158550e+00,8.743465e-01,2.170973e-01,5.222654e-01,5.784512e-01,,
895,2.51500000e+01,-5.11159519e+00,8.743465e-01,2.170887e-01,5.222532e-01,5.784421e-01,,
896,2.51500000e+01,-5.11159422e+00,8.743465e-01,2.170948e-01,5.222536e-01,5.784579e-01,,
897,2.51500000e+01,-5.11158207e+00,8.743465e-01,2.171072e-01,5.222637e-01,5.784798e-01,,
898,2.51500000e+01,-5.11157827e+00,8.743465e-01,2.171084e-01,5.222694e-01,5.784766e-01,,
899,2.51500000e+01,-5.11158495e+00,8.743465e-01,2.170941e-01,5.222589e-01,5.784500e-01,,
900,2.51500000e+01,-5.11159097e+00,8.743465e-01,2.170869e-01,5.222501e-01,5.784405e-01,,
901,2.51500000e+01,-5.11158940e+00,8.743465e-01,2.170972e-01,5.222584e-01,5.784588e-01,,
902,2.51500000e+01,-5.11157955e+00,8.743465e-01,2.171072e-01,5.222690e-01,5.784738e-01,,
903,2.51500000e+01,-5.11158076e+00,8.743465e-01,2.171047e-01,5.222672e-01,5.784692e-01,,
904,2.51500000e+01,-5.11158745e+00,8.743465e-01,2.170939e-01,5.222548e-01,5.784540e-01,,
905,2.51500000e+01,-5.11159124e+00,8.743465e-01,2.170901e-01,5.222504e-01,5.784490e-01,,
906,2.51500000e+01,-5.11158441e+00,8.743465e-01,2.170999e-01,5.222619e-01,5.784623e-01,,
907,2.51500000e+01,-5.11157843e+00,8.743465e-01,2.171069e-01,5.222709e-01,5.784709e-01,,
908,2.51500000e+01,-5.11158454e+00,8.743465e-01,2.171011e-01,5.222675e-01,5.784592e-01,,
909,2.51500000e+01,-5.11159317e+00,8.743465e-01,2.170913e-01,5.222536e-01,5.784484e-01,,
910,2.51500000e+01,-5.11159342e+00,8.743465e-01,2.170970e-01,5.222537e-01,5.784637e-01,,
911,2.51500000e+01,-5.11158263e+00,8.743465e-01,2.171065e-01,5.222635e-01,5.784778e-01,,
912,2.51500000e+01,-5.11157806e+00,8.743465e-01,2.171076e-01,5.222703e-01,5.784733e-01,,
913,2.51500000e+01,-5.11158605e+00,8.743465e-01,2.170944e-01,5.222623e-01,5.784470e-01,,
914,2.51500000e+01,-5.11159420e+00,8.743465e-01,2.170867e-01,5.222520e-01,5.784380e-01,,
915,2.51500000e+01,-5.11159397e+00,8.743465e-01,2.170954e-01,5.222570e-01,5.784557e-01,,
916,2.51500000e+01,-5.11158248e+00,8.743465e-01,2.171078e-01,5.222673e-01,5.784773e-01,,
917,2.51500000e+01,-5.11158128e+00,8.743465e-01,2.171072e-01,5.222682e-01,5.784748e-01,,
918,2.51500000e+01,-5.11158745e+00,8.743465e-01,2.170937e-01,5.222565e-01,5.784518e-01,,
919,2.51500000e+01,-5.11159213e+00,8.743465e-01,2.170878e-01,5.222499e-01,5.784434e-01,,
920,2.51500000e+01,-5.11158721e+00,8.743465e-01,2.170986e-01,5.222604e-01,5.784605e-01,,
921,2.51500000e+01,-5.11158013e+00,8.743465e-01,2.171069e-01,5.222704e-01,5.784716e-01,,
922,2.51500000e+01,-5.11158516e+00,8.743465e-01,2.171036e-01,5.222699e-01,5.784632e-01,,
923,2.51500000e+01,-5.11159357e+00,8.743465e-01,2.170929e-01,5.222551e-01,5.784511e-01,,
924,2.51500000e+01,-5.11159506e+00,8.743465e-01,2.170936e-01,5.222520e-01,5.784563e-01,,
925,2.51500000e+01,-5.11158622e+00,8.743465e-01,2.171021e-01,5.222626e-01,5.784672e-01,,
926,2.51500000e+01,-5.11158054e+00,8.743465e-01,2.171059e-01,5.222713e-01,5.784678e-01,,
927,2.51500000e+01,-5.11158690e+00,8.743465e-01,2.170965e-01,5.222646e-01,5.784501e-01,,
928,2.51500000e+01,-5.11159484e+00,8.743465e-01,2.170887e-01,5.222526e-01,5.784426e-01,,
929,2.51500000e+01,-5.11159387e+00,8.743465e-01,2.170953e-01,5.222539e-01,5.784588e-01,,
930,2.51500000e+01,-5.11158060e+00,8.743465e-01,2.171080e-01,5.222641e-01,5.784812e-01,,
931,2.51500000e+01,-5.11157802e+00,8.743465e-01,2.171088e-01,5.222689e-01,5.784782e-01,,
932,2.51500000e+01,-5.11158406e+00,8.743465e-01,2.170941e-01,5.222583e-01,5.784507e-01,,
933,2.51500000e+01,-5.11159102e+00,8.743465e-01,2.170865e-01,5.222501e-01,5.784396e-01,,
934,2.51500000e+01,-5.11158858e+00,8.743465e-01,2.170972e-01,5.222592e-01,5.784579e-01,,
935,2.51500000e+01,-5.11158042e+00,8.743465e-01,2.171071e-01,5.222696e-01,5.784727e-01,,
936,2.51500000e+01,-5.11158161e+00,8.743465e-01,2.171038e-01,5.222671e-01,5.784668e-01,,
937,2.51500000e+01,-5.11158893e+00,8.743465e-01,2.170938e-01,5.222542e-01,5.784545e-01,,
938,2.51500000e+01,-5.11159124e+00,8.743465e-01,2.170914e-01,5.222505e-01,5.784523e-01,,
939,2.51500000e+01,-5.11158493e+00,8.743465e-01,2.171009e-01,5.222620e-01,5.784647e-01,,
940,2.51500000e+01,-5.11157844e+00,8.743465e-01,2.171076e-01,5.222714e-01,5.784721e-01,,
941,2.51500000e+01,-5.11158505e+00,8.743465e-01,2.170999e-01,5.222668e-01,5.784567e-01,,
942,2.51500000e+01,-5.11159379e+00,8.743465e-01,2.170899e-01,5.222539e-01,5.784444e-01,,
943,2.51500000e+01,-5.11159561e+00,8.743465e-01,2.170967e-01,5.222550e-01,5.784614e-01,,
944,2.51500000e+01,-5.11158377e+00,8.743465e-01,2.171065e-01,5.222645e-01,5.784768e-01,,
945,2.51500000e+01,-5.11158033e+00,8.743465e-01,2.171069e-01,5.222703e-01,5.784716e-01,,
946,2.51500000e+01,-5.11158704e+00,8.743465e-01,2.170934e-01,5.222617e-01,5.784453e-01,,
947,2.51500000e+01,-5.11159461e+00,8.743465e-01,2.170867e-01,5.222515e-01,5.784386e-01,,
948,2.51500000e+01,-5.11159208e+00,8.743465e-01,2.170967e-01,5.222573e-01,5.784589e-01,,
949,2.51500000e+01,-5.11158084e+00,8.743465e-01,2.171084e-01,5.222674e-01,5.784787e-01,,
950,2.51500000e+01,-5.11157874e+00,8.743465e-01,2.171075e-01,5.222674e-01,5.784762e-01,,
951,2.51500000e+01,-5.11158550e+00,8.743465e-01,2.170947e-01,5.222554e-01,5.784556e-01,,
952,2.51500000e+01,-5.11158887e+00,8.743465e-01,2.170893e-01,5.222497e-01,5.784473e-01,,
953,2.51500000e+01,-5.11158475e+00,8.743465e-01,2.170990e-01,5.222607e-01,5.784611e-01,,
954,2.51500000e+01,-5.11157790e+00,8.743465e-01,2.171067e-01,5.222708e-01,5.784703e-01,,
955,2.51500000e+01,-5.11158505e+00,8.743465e-01,2.171023e-01,5.222694e-01,5.784603e-01,,
956,2.51500000e+01,-5.11159342e+00,8.743465e-01,2.170924e-01,5.222551e-01,5.784496e-01,,
957,2.51500000e+01,-5.11159543e+00,8.743465e-01,2.170947e-01,5.222526e-01,5.784586e-01,,
958,2.51500000e+01,-5.11158514e+00,8.743465e-01,2.171037e-01,5.222630e-01,5.784710e-01,,
959,2.51500000e+01,-5.11158051e+00,8.743465e-01,2.171069e-01,5.222709e-01,5.784708e-01,,
960,2.51500000e+01,-5.11158641e+00,8.743465e-01,2.170964e-01,5.222638e-01,5.784508e-01,,
961,2.51500000e+01,-5.11159525e+00,8.743465e-01,2.170881e-01,5.222522e-01,5.784415e-01,,
962,2.51500000e+01,-5.11159392e+00,8.743465e-01,2.170950e-01,5.222550e-01,5.784568e-01,,
963,2.51500000e+01,-5.11158234e+00,8.743465e-01,2.171075e-01,5.222652e-01,5.784789e-01,,
964,2.51500000e+01,-5.11157967e+00,8.743465e-01,2.171079e-01,5.222690e-01,5.784755e-01,,
965,2.51500000e+01,-5.11158679e+00,8.743465e-01,2.170930e-01,5.222580e-01,5.784483e-01,,
966,2.51500000e+01,-5.11159227e+00,8.743465e-01,2.170860e-01,5.222504e-01,5.784378e-01,,
967,2.51500000e+01,-5.11158930e+00,8.743465e-01,2.170973e-01,5.222597e-01,5.784579e-01,,
968,2.51500000e+01,-5.11157994e+00,8.743465e-01,2.171074e-01,5.222698e-01,5.784734e-01,,
969,2.51500000e+01,-5.11158367e+00,8.743465e-01,2.171075e-01,5.222707e-01,5.784728e-01,,
970,2.51500000e+01,-5.11158944e+00,8.743465e-01,2.170955e-01,5.222552e-01,5.784578e-01,,
971,2.51500000e+01,-5.11159199e+00,8.743465e-01,2.170929e-01,5.222501e-01,5.784566e-01,,
972,2.51500000e+01,-5.11158322e+00,8.743465e-01,2.171019e-01,5.222615e-01,5.784679e-01,,
973,2.51500000e+01,-5.11157758e+00,8.743465e-01,2.171071e-01,5.222709e-01,5.784714e-01,,
974,2.51500000e+01,-5.11158368e+00,8.743465e-01,2.170985e-01,5.222660e-01,5.784538e-01,,
975,2.51500000e+01,-5.11159393e+00,8.743465e-01,2.170891e-01,5.222536e-01,5.784428e-01,,
976,2.51500000e+01,-5.11159355e+00,8.743465e-01,2.170944e-01,5.222528e-01,5.784577e-01,,
977,2.51500000e+01,-5.11158234e+00,8.743465e-01,2.171064e-01,5.222633e-01,5.784781e-01,,
978,2.51500000e+01,-5.11157847e+00,8.743465e-01,2.171081e-01,5.222699e-01,5.784752e-01,,
979,2.51500000e+01,-5.11158535e+00,8.743465e-01,2.170940e-01,5.222597e-01,5.784489e-01,,
980,2.51500000e+01,-5.11159151e+00,8.743465e-01,2.170872e-01,5.222502e-01,5.784413e-01,,
981,2.51500000e+01,-5.11159011e+00,8.743465e-01,2.170975e-01,5.222577e-01,5.784604e-01,,
982,2.51500000e+01,-5.11157921e+00,8.743465e-01,2.171081e-01,5.222681e-01,5.784772e-01,,
983,2.51500000e+01,-5.11157949e+00,8.743465e-01,2.171063e-01,5.222672e-01,5.784733e-01,,
984,2.51500000e+01,-5.11158619e+00,8.743465e-01,2.170943e-01,5.222552e-01,5.784547e-01,,
985,2.51500000e+01,-5.11159054e+00,8.743465e-01,2.170893e-01,5.222502e-01,5.784470e-01,,
986,2.51500000e+01,-5.11158499e+00,8.743465e-01,2.170990e-01,5.222616e-01,5.784601e-01,,
987,2.51500000e+01,-5.11157908e+00,8.743465e-01,2.171064e-01,5.222711e-01,5.784693e-01,,
988,2.51500000e+01,-5.11158526e+00,8.743465e-01,2.171015e-01,5.222685e-01,5.784590e-01,,
989,2.51500000e+01,-5.11159399e+00,8.743465e-01,2.170917e-01,5.222543e-01,5.784486e-01,,
990,2.51500000e+01,-5.11159424e+00,8.743465e-01,2.170961e-01,5.222531e-01,5.784619e-01,,
991,2.51500000e+01,-5.11158381e+00,8.743465e-01,2.171052e-01,5.222631e-01,5.784749e-01,,
992,2.51500000e+01,-5.11157862e+00,8.743465e-01,2.171074e-01,5.222705e-01,5.784726e-01,,
993,2.51500000e+01,-5.11158606e+00,8.743465e-01,2.170952e-01,5.222629e-01,5.784485e-01,,
994,2.51500000e+01,-5.11159437e+00,8.743465e-01,2.170870e-01,5.222521e-01,5.784387e-01,,
995,2.51500000e+01,-5.11159446e+00,8.743465e-01,2.170947e-01,5.222563e-01,5.784546e-01,,
996,2.51500000e+01,-5.11158269e+00,8.743465e-01,2.171075e-01,5.222666e-01,5.784773e-01,,
997,2.51500000e+01,-5.11158128e+00,8.743465e-01,2.171074e-01,5.222687e-01,5.784747e-01,,
998,2.51500000e+01,-5.11158755e+00,8.743465e-01,2.170935e-01,5.222572e-01,5.784502e-01,,
999,2.51500000e+01,-5.11159279e+00,8.743465e-01,2.170870e-01,5.222500e-01,5.784410e-01,,
1000,2.51500000e+01,-5.11158811e+00,8.743465e-01,2.170983e-01,5.222599e-01,5.784603e-01,,
1001,2.51500000e+01,-5.11158011e+00,8.743465e-01,2.171076e-01,5.222699e-01,5.784738e-01,,
1002,2.51500000e+01,-5.11158391e+00,8.743465e-01,2.171060e-01,5.222701e-01,5.784694e-01,,
1003,2.51500000e+01,-5.11159141e+00,8.743465e-01,2.170947e-01,5.222549e-01,5.784560e-01,,
1004,2.51500000e+01,-5.11159313e+00,8.743465e-01,2.170936e-01,5.222510e-01,5.784575e-01,,
1005,2.51500000e+01,-5.11158478e+00,8.743465e-01,2.171020e-01,5.222620e-01,5.784679e-01,,
1006,2.51500000e+01,-5.11157908e+00,8.743465e-01,2.171064e-01,5.222712e-01,5.784693e-01,,
1007,2.51500000e+01,-5.11158592e+00,8.743465e-01,2.170972e-01,5.222654e-01,5.784513e-01,,
1008,2.51500000e+01,-5.11159479e+00,8.743465e-01,2.170888e-01,5.222532e-01,5.784421e-01,,
1009,2.51500000e+01,-5.11159466e+00,8.743465e-01,2.170948e-01,5.222535e-01,5.784579e-01,,
1010,2.51500000e+01,-5.11158170e+00,8.743465e-01,2.171073e-01,5.222638e-01,5.784798e-01,,
1011,2.51500000e+01,-5.11157869e+00,8.743465e-01,2.171084e-01,5.222693e-01,5.784766e-01,,
1012,2.51500000e+01,-5.11158456e+00,8.743465e-01,2.170941e-01,5.222590e-01,5.784500e-01,,
1013,2.51500000e+01,-5.11159136e+00,8.743465e-01,2.170868e-01,5.222501e-01,5.784405e-01,,
1014,2.51500000e+01,-5.11158898e+00,8.743465e-01,2.170972e-01,5.222585e-01,5.784589e-01,,
1015,2.51500000e+01,-5.11157992e+00,8.743465e-01,2.171071e-01,5.222689e-01,5.784737e-01,,
1016,2.51500000e+01,-5.11158032e+00,8.743465e-01,2.171047e-01,5.222672e-01,5.784691e-01,,
1017,2.51500000e+01,-5.11158783e+00,8.743465e-01,2.170938e-01,5.222547e-01,5.784540e-01,,
1018,2.51500000e+01,-5.11159082e+00,8.743465e-01,2.170902e-01,5.222504e-01,5.784490e-01,,
1019,2.51500000e+01,-5.11158482e+00,8.743465e-01,2.170999e-01,5.222618e-01,5.784623e-01,,
1020,2.51500000e+01,-5.11157805e+00,8.743465e-01,2.171069e-01,5.222709e-01,5.784709e-01,,
1021,2.51500000e+01,-5.11158496e+00,8.743465e-01,2.171010e-01,5.222674e-01,5.784591e-01,,
1022,2.51500000e+01,-5.11159279e+00,8.743465e-01,2.170913e-01,5.222537e-01,5.784484e-01,,
1023,2.51500000e+01,-5.11159385e+00,8.743465e-01,2.170970e-01,5.222536e-01,5.784637e-01,,
1024,2.51500000e+01,-5.11158221e+00,8.743465e-01,2.171065e-01,5.222636e-01,5.784778e-01,,
1025,2.51500000e+01,-5.11157847e+00,8.743465e-01,2.171075e-01,5.222703e-01,5.784733e-01,,
1026,2.51500000e+01,-5.11158565e+00,8.743465e-01,2.170944e-01,5.222624e-01,5.784471e-01,,
1027,2.51500000e+01,-5.11159459e+00,8.743465e-01,2.170867e-01,5.222520e-01,5.784380e-01,,
1028,2.51500000e+01,-5.11159356e+00,8.743465e-01,2.170955e-01,5.222571e-01,5.784557e-01,,
1029,2.51500000e+01,-5.11158290e+00,8.743465e-01,2.171078e-01,5.222672e-01,5.784773e-01,,
1030,2.51500000e+01,-5.11158083e+00,8.743465e-01,2.171072e-01,5.222683e-01,5.784746e-01,,
1031,2.51500000e+01,-5.11158782e+00,8.743465e-01,2.170937e-01,5.222564e-01,5.784518e-01,,
1032,2.51500000e+01,-5.11159172e+00,8.743465e-01,2.170879e-01,5.222499e-01,5.784434e-01,,
1033,2.51500000e+01,-5.11158765e+00,8.743465e-01,2.170986e-01,5.222603e-01,5.784605e-01,,
1034,2.51500000e+01,-5.11157976e+00,8.743465e-01,2.171070e-01,5.222704e-01,5.784715e-01,,
1035,2.51500000e+01,-5.11158562e+00,8.743465e-01,2.171036e-01,5.222698e-01,5.784632e-01,,
1036,2.51500000e+01,-5.11159320e+00,8.743465e-01,2.170929e-01,5.222551e-01,5.784511e-01,,
1037,2.51500000e+01,-5.11159550e+00,8.743465e-01,2.170935e-01,5.222519e-01,5.784563e-01,,
1038,2.51500000e+01,-5.11158581e+00,8.743465e-01,2.171021e-01,5.222627e-01,5.784672e-01,,
1039,2.51500000e+01,-5.11158093e+00,8.743465e-01,2.171059e-01,5.222712e-01,5.784678e-01,,
1040,2.51500000e+01,-5.11158647e+00,8.743465e-01,2.170965e-01,5.222646e-01,5.784502e-01,,
1041,2.51500000e+01,-5.11159525e+00,8.743465e-01,2.170886e-01,5.222525e-01,5.784426e-01,,
1042,2.51500000e+01,-5.11159348e+00,8.743465e-01,2.170953e-01,5.222540e-01,5.784588e-01,,
1043,2.51500000e+01,-5.11158102e+00,8.743465e-01,2.171079e-01,5.222640e-01,5.784812e-01,,
1044,2.51500000e+01,-5.11157762e+00,8.743465e-01,2.171088e-01,5.222690e-01,5.784782e-01,,
1045,2.51500000e+01,-5.11158447e+00,8.743465e-01,2.170940e-01,5.222583e-01,5.784506e-01,,
1046,2.51500000e+01,-5.11159059e+00,8.743465e-01,2.170865e-01,5.222502e-01,5.784395e-01,,
1047,2.51500000e+01,-5.11158897e+00,8.743465e-01,2.170971e-01,5.222591e-01,5.784578e-01,,
1048,2.51500000e+01,-5.11157997e+00,8.743465e-01,2.171071e-01,5.222697e-01,5.784727e-01,,
1049,2.51500000e+01,-5.11158198e+00,8.743465e-01,2.171038e-01,5.222670e-01,5.784668e-01,,
1050,2.51500000e+01,-5.11158849e+00,8.743465e-01,2.170938e-01,5.222543e-01,5.784545e-01,,
1051,2.51500000e+01,-5.11159162e+00,8.743465e-01,2.170914e-01,5.222504e-01,5.784523e-01,,
1052,2.51500000e+01,-5.11158449e+00,8.743465e-01,2.171009e-01,5.222621e-01,5.784647e-01,,
1053,2.51500000e+01,-5.11157880e+00,8.743465e-01,2.171075e-01,5.222714e-01,5.784721e-01,,
1054,2.51500000e+01,-5.11158461e+00,8.743465e-01,2.170999e-01,5.222669e-01,5.784567e-01,,
1055,2.51500000e+01,-5.11159419e+00,8.743465e-01,2.170899e-01,5.222538e-01,5.784444e-01,,
1056,2.51500000e+01,-5.11159519e+00,8.743465e-01,2.170968e-01,5.222551e-01,5.784614e-01,,
1057,2.51500000e+01,-5.11158417e+00,8.743465e-01,2.171064e-01,5.222644e-01,5.784768e-01,,
1058,2.51500000e+01,-5.11157993e+00,8.743465e-01,2.171070e-01,5.222704e-01,5.784717e-01,,
1059,2.51500000e+01,-5.11158744e+00,8.743465e-01,2.170934e-01,5.222616e-01,5.784453e-01,,
1060,2.51500000e+01,-5.11159418e+00,8.743465e-01,2.170867e-01,5.222516e-01,5.784386e-01,,
1061,2.51500000e+01,-5.11159246e+00,8.743465e-01,2.170967e-01,5.222572e-01,5.784588e-01,,
1062,2.51500000e+01,-5.11158044e+00,8.743465e-01,2.171084e-01,5.222674e-01,5.784787e-01,,
1063,2.51500000e+01,-5.11157915e+00,8.743465e-01,2.171074e-01,5.222674e-01,5.784762e-01,,
1064,2.51500000e+01,-5.11158509e+00,8.743465e-01,2.170948e-01,5.222555e-01,5.784556e-01,,
1065,2.51500000e+01,-5.11158929e+00,8.743465e-01,2.170892e-01,5.222496e-01,5.784474e-01,,
1066,2.51500000e+01,-5.11158434e+00,8.743465e-01,2.170990e-01,5.222608e-01,5.784611e-01,,
1067,2.51500000e+01,-5.11157834e+00,8.743465e-01,2.171066e-01,5.222707e-01,5.784704e-01,,
1068,2.51500000e+01,-5.11158468e+00,8.743465e-01,2.171023e-01,5.222695e-01,5.784603e-01,,
1069,2.51500000e+01,-5.11159385e+00,8.743465e-01,2.170923e-01,5.222550e-01,5.784497e-01,,
1070,2.51500000e+01,-5.11159504e+00,8.743465e-01,2.170947e-01,5.222527e-01,5.784586e-01,,
1071,2.51500000e+01,-5.11158557e+00,8.743465e-01,2.171036e-01,5.222629e-01,5.784710e-01,,
1072,2.51500000e+01,-5.11158013e+00,8.743465e-01,2.171069e-01,5.222710e-01,5.784709e-01,,
1073,2.51500000e+01,-5.11158685e+00,8.743465e-01,2.170964e-01,5.222637e-01,5.784508e-01,,
1074,2.51500000e+01,-5.11159490e+00,8.743465e-01,2.170882e-01,5.222523e-01,5.784416e-01,,
1075,2.51500000e+01,-5.11159436e+00,8.743465e-01,2.170950e-01,5.222549e-01,5.784568e-01,,
1076,2.51500000e+01,-5.11158194e+00,8.743465e-01,2.171075e-01,5.222652e-01,5.784788e-01,,
1077,2.51500000e+01,-5.11158007e+00,8.743465e-01,2.171078e-01,5.222689e-01,5.784756e-01,,
1078,2.51500000e+01,-5.11158637e+00,8.743465e-01,2.170931e-01,5.222580e-01,5.784483e-01,,
1079,2.51500000e+01,-5.11159264e+00,8.743465e-01,2.170859e-01,5.222503e-01,5.784378e-01,,
1080,2.51500000e+01,-5.11158887e+00,8.743465e-01,2.170974e-01,5.222597e-01,5.784578e-01,,
1081,2.51500000e+01,-5.11158032e+00,8.743465e-01,2.171074e-01,5.222698e-01,5.784734e-01,,
1082,2.51500000e+01,-5.11158326e+00,8.743465e-01,2.171076e-01,5.222708e-01,5.784728e-01,,
1083,2.51500000e+01,-5.11158985e+00,8.743465e-01,2.170955e-01,5.222552e-01,5.784579e-01,,
1084,2.51500000e+01,-5.11159160e+00,8.743465e-01,2.170929e-01,5.222502e-01,5.784566e-01,,
1085,2.51500000e+01,-5.11158366e+00,8.743465e-01,2.171018e-01,5.222614e-01,5.784679e-01,,
1086,2.51500000e+01,-5.11157722e+00,8.743465e-01,2.171071e-01,5.222709e-01,5.784714e-01,,
1087,2.51500000e+01,-5.11158411e+00,8.743465e-01,2.170984e-01,5.222659e-01,5.784539e-01,,
1088,2.51500000e+01,-5.11159355e+00,8.743465e-01,2.170892e-01,5.222537e-01,5.784427e-01,,
1089,2.51500000e+01,-5.11159401e+00,8.743465e-01,2.170944e-01,5.222527e-01,5.784576e-01,,
1090,2.51500000e+01,-5.11158197e+00,8.743465e-01,2.171065e-01,5.222633e-01,5.784781e-01,,
1091,2.51500000e+01,-5.11157889e+00,8.743465e-01,2.171080e-01,5.222698e-01,5.784752e-01,,
1092,2.51500000e+01,-5.11158495e+00,8.743465e-01,2.170940e-01,5.222598e-01,5.784489e-01,,
1093,2.51500000e+01,-5.11159189e+00,8.743465e-01,2.170872e-01,5.222502e-01,5.784413e-01,,
1094,2.51500000e+01,-5.11158969e+00,8.743465e-01,2.170975e-01,5.222578e-01,5.784604e-01,,
1095,2.51500000e+01,-5.11157957e+00,8.743465e-01,2.171081e-01,5.222681e-01,5.784772e-01,,
1096,2.51500000e+01,-5.11157905e+00,8.743465e-01,2.171063e-01,5.222673e-01,5.784734e-01,,
1097,2.51500000e+01,-5.11158656e+00,8.743465e-01,2.170943e-01,5.222552e-01,5.784547e-01,,
1098,2.51500000e+01,-5.11159009e+00,8.743465e-01,2.170894e-01,5.222503e-01,5.784470e-01,,
1099,2.51500000e+01,-5.11158537e+00,8.743465e-01,2.170989e-01,5.222615e-01,5.784601e-01,,
1100,2.51500000e+01,-5.11157862e+00,8.743465e-01,2.171064e-01,5.222711e-01,5.784693e-01,,
1101,2.51500000e+01,-5.11158562e+00,8.743465e-01,2.171014e-01,5.222685e-01,5.784590e-01,,
1102,2.51500000e+01,-5.11159355e+00,8.743465e-01,2.170917e-01,5.222544e-01,5.784487e-01,,
1103,2.51500000e+01,-5.11159463e+00,8.743465e-01,2.170961e-01,5.222530e-01,5.784618e-01,,
1104,2.51500000e+01,-5.11158339e+00,8.743465e-01,2.171052e-01,5.222632e-01,5.784749e-01,,
1105,2.51500000e+01,-5.11157903e+00,8.743465e-01,2.171074e-01,5.222704e-01,5.784727e-01,,
1106,2.51500000e+01,-5.11158566e+00,8.743465e-01,2.170952e-01,5.222630e-01,5.784485e-01,,
1107,2.51500000e+01,-5.11159476e+00,8.743465e-01,2.170870e-01,5.222521e-01,5.784387e-01,,
1108,2.51500000e+01,-5.11159404e+00,8.743465e-01,2.170947e-01,5.222563e-01,5.784546e-01,,
1109,2.51500000e+01,-5.11158307e+00,8.743465e-01,2.171075e-01,5.222665e-01,5.784774e-01,,
1110,2.51500000e+01,-5.11158086e+00,8.743465e-01,2.171074e-01,5.222688e-01,5.784746e-01,,
1111,2.51500000e+01,-5.11158795e+00,8.743465e-01,2.170934e-01,5.222572e-01,5.784502e-01,,
1112,2.51500000e+01,-5.11159240e+00,8.743465e-01,2.170870e-01,5.222501e-01,5.784410e-01,,
1113,2.51500000e+01,-5.11158853e+00,8.743465e-01,2.170983e-01,5.222598e-01,5.784603e-01,,
1114,2.51500000e+01,-5.11157973e+00,8.743465e-01,2.171076e-01,5.222700e-01,5.784738e-01,,
1115,2.51500000e+01,-5.11158431e+00,8.743465e-01,2.171060e-01,5.222701e-01,5.784694e-01,,
1116,2.51500000e+01,-5.11159100e+00,8.743465e-01,2.170947e-01,5.222550e-01,5.784560e-01,,
1117,2.51500000e+01,-5.11159352e+00,8.743465e-01,2.170935e-01,5.222509e-01,5.784574e-01,,
1118,2.51500000e+01,-5.11158434e+00,8.743465e-01,2.171021e-01,5.222621e-01,5.784678e-01,,
1119,2.51500000e+01,-5.11157945e+00,8.743465e-01,2.171064e-01,5.222711e-01,5.784692e-01,,
1120,2.51500000e+01,-5.11158549e+00,8.743465e-01,2.170973e-01,5.222654e-01,5.784512e-01,,
1121,2.51500000e+01,-5.11159519e+00,8.743465e-01,2.170887e-01,5.222532e-01,5.784421e-01,,
1122,2.51500000e+01,-5.11159423e+00,8.743465e-01,2.170948e-01,5.222536e-01,5.784579e-01,,
1123,2.51500000e+01,-5.11158212e+00,8.743465e-01,2.171072e-01,5.222637e-01,5.784798e-01,,
1124,2.51500000e+01,-5.11157831e+00,8.743465e-01,2.171084e-01,5.222694e-01,5.784766e-01,,
1125,2.51500000e+01,-5.11158498e+00,8.743465e-01,2.170941e-01,5.222589e-01,5.784500e-01,,
1126,2.51500000e+01,-5.11159099e+00,8.743465e-01,2.170869e-01,5.222501e-01,5.784405e-01,,
1127,2.51500000e+01,-5.11158941e+00,8.743465e-01,2.170972e-01,5.222584e-01,5.784588e-01,,
1128,2.51500000e+01,-5.11157955e+00,8.743465e-01,2.171072e-01,5.222690e-01,5.784738e-01,,
1129,2.51500000e+01,-5.11158076e+00,8.743465e-01,2.171047e-01,5.222672e-01,5.784692e-01,,
1130,2.51500000e+01,-5.11158744e+00,8.743465e-01,2.170939e-01,5.222548e-01,5.784540e-01,,
1131,2.51500000e+01,-5.11159123e+00,8.743465e-01,2.170901e-01,5.222504e-01,5.784489e-01,,
1132,2.51500000e+01,-5.11158441e+00,8.743465e-01,2.170999e-01,5.222619e-01,5.784623e-01,,
1133,2.51500000e+01,-5.11157843e+00,8.743465e-01,2.171069e-01,5.222709e-01,5.784709e-01,,
1134,2.51500000e+01,-5.11158455e+00,8.743465e-01,2.171011e-01,5.222675e-01,5.784592e-01,,
1135,2.51500000e+01,-5.11159317e+00,8.743465e-01,2.170913e-01,5.222536e-01,5.784484e-01,,
1136,2.51500000e+01,-5.11159342e+00,8.743465e-01,2.170970e-01,5.222537e-01,5.784637e-01,,
1137,2.51500000e+01,-5.11158263e+00,8.743465e-01,2.171064e-01,5.222635e-01,5.784778e-01,,
1138,2.51500000e+01,-5.11157806e+00,8.743465e-01,2.171076e-01,5.222703e-01,5.784733e-01,,
1139,2.51500000e+01,-5.11158604e+00,8.743465e-01,2.170944e-01,5.222623e-01,5.784470e-01,,
1140,2.51500000e+01,-5.11159421e+00,8.743465e-01,2.170867e-01,5.222520e-01,5.784380e-01,,
1141,2.51500000e+01,-5.11159398e+00,8.743465e-01,2.170954e-01,5.222570e-01,5.784557e-01,,
1142,2.51500000e+01,-5.11158249e+00,8.743465e-01,2.171078e-01,5.222673e-01,5.784773e-01,,
1143,2.51500000e+01,-5.11158130e+00,8.743465e-01,2.171072e-01,5.222682e-01,5.784747e-01,,
1144,2.51500000e+01,-5.11158746e+00,8.743465e-01,2.170937e-01,5.222565e-01,5.784518e-01,,
1145,2.51500000e+01,-5.11159215e+00,8.743465e-01,2.170878e-01,5.222499e-01,5.784434e-01,,
1146,2.51500000e+01,-5.11158723e+00,8.743465e-01,2.170986e-01,5.222604e-01,5.784604e-01,,
1147,2.51500000e+01,-5.11158014e+00,8.743465e-01,2.171069e-01,5.222704e-01,5.784716e-01,,
1148,2.51500000e+01,-5.11158516e+00,8.743465e-01,2.171036e-01,5.222699e-01,5.784632e-01,,
1149,2.51500000e+01,-5.11159357e+00,8.743465e-01,2.170929e-01,5.222551e-01,5.784511e-01,,
1150,2.51500000e+01,-5.11159507e+00,8.743465e-01,2.170936e-01,5.222520e-01,5.784563e-01,,
1151,2.51500000e+01,-5.11158622e+00,8.743465e-01,2.171021e-01,5.222626e-01,5.784672e-01,,
1152,2.51500000e+01,-5.11158055e+00,8.743465e-01,2.171059e-01,5.222713e-01,5.784678e-01,,
1153,2.51500000e+01,-5.11158690e+00,8.743465e-01,2.170965e-01,5.222646e-01,5.784501e-01,,
1154,2.51500000e+01,-5.11159484e+00,8.743465e-01,2.170887e-01,5.222526e-01,5.784426e-01,,
1155,2.51500000e+01,-5.11159387e+00,8.743465e-01,2.170953e-01,5.222539e-01,5.784588e-01,,
1156,2.51500000e+01,-5.11158060e+00,8.743465e-01,2.171080e-01,5.222641e-01,5.784812e-01,,
1157,2.51500000e+01,-5.11157801e+00,8.743465e-01,2.171088e-01,5.222689e-01,5.784782e-01,,
1158,2.51500000e+01,-5.11158405e+00,8.743465e-01,2.170941e-01,5.222583e-01,5.784507e-01,,
1159,2.51500000e+01,-5.11159101e+00,8.743465e-01,2.170865e-01,5.222501e-01,5.784396e-01,,
1160,2.51500000e+01,-5.11158858e+00,8.743465e-01,2.170972e-01,5.222592e-01,5.784579e-01,,
1161,2.51500000e+01,-5.11158042e+00,8.743465e-01,2.171070e-01,5.222696e-01,5.784727e-01,,
1162,2.51500000e+01,-5.11158161e+00,8.743465e-01,2.171038e-01,5.222671e-01,5.784668e-01,,
1163,2.51500000e+01,-5.11158893e+00,8.743465e-01,2.170938e-01,5.222542e-01,5.784544e-01,,
1164,2.51500000e+01,-5.11159125e+00,8.743465e-01,2.170914e-01,5.222505e-01,5.784523e-01,,
1165,2.51500000e+01,-5.11158494e+00,8.743465e-01,2.171009e-01,5.222620e-01,5.784647e-01,,
1166,2.51500000e+01,-5.11157844e+00,8.743465e-01,2.171076e-01,5.222714e-01,5.784721e-01,,
1167,2.51500000e+01,-5.11158505e+00,8.743465e-01,2.170999e-01,5.222669e-01,5.784567e-01,,
1168,2.51500000e+01,-5.11159379e+00,8.743465e-01,2.170899e-01,5.222539e-01,5.784444e-01,,
1169,2.51500000e+01,-5.11159560e+00,8.743465e-01,2.170967e-01,5.222550e-01,5.784614e-01,,
1170,2.51500000e+01,-5.11158377e+00,8.743465e-01,2.171065e-01,5.222645e-01,5.784768e-01,,
1171,2.51500000e+01,-5.11158033e+00,8.743465e-01,2.171069e-01,5.222703e-01,5.784716e-01,,
1172,2.51500000e+01,-5.11158704e+00,8.743465e-01,2.170934e-01,5.222617e-01,5.784453e-01,,
1173,2.51500000e+01,-5.11159462e+00,8.743465e-01,2.170867e-01,5.222515e-01,5.784386e-01,,
1174,2.51500000e+01,-5.11159209e+00,8.743465e-01,2.170967e-01,5.222573e-01,5.784589e-01,,
1175,2.51500000e+01,-5.11158086e+00,8.743465e-01,2.171084e-01,5.222674e-01,5.784787e-01,,
1176,2.51500000e+01,-5.11157875e+00,8.743465e-01,2.171075e-01,5.222674e-01,5.784762e-01,,
1177,2.51500000e+01,-5.11158550e+00,8.743465e-01,2.170947e-01,5.222554e-01,5.784556e-01,,
1178,2.51500000e+01,-5.11158887e+00,8.743465e-01,2.170892e-01,5.222497e-01,5.784473e-01,,
1179,2.51500000e+01,-5.11158475e+00,8.743465e-01,2.170990e-01,5.222607e-01,5.784612e-01,,
1180,2.51500000e+01,-5.11157790e+00,8.743465e-01,2.171067e-01,5.222708e-01,5.784704e-01,,
1181,2.51500000e+01,-5.11158504e+00,8.743465e-01,2.171023e-01,5.222694e-01,5.784603e-01,,
1182,2.51500000e+01,-5.11159341e+00,8.743465e-01,2.170924e-01,5.222551e-01,5.784496e-01,,
1183,2.51500000e+01,-5.11159542e+00,8.743465e-01,2.170947e-01,5.222526e-01,5.784586e-01,,
1184,2.51500000e+01,-5.11158514e+00,8.743465e-01,2.171037e-01,5.222630e-01,5.784710e-01,,
1185,2.51500000e+01,-5.11158050e+00,8.743465e-01,2.171069e-01,5.222709e-01,5.784708e-01,,
1186,2.51500000e+01,-5.11158640e+00,8.743465e-01,2.170964e-01,5.222638e-01,5.784508e-01,,
1187,2.51500000e+01,-5.11159523e+00,8.743465e-01,2.170881e-01,5.222522e-01,5.784416e-01,,
1188,2.51500000e+01,-5.11159390e+00,8.743465e-01,2.170950e-01,5.222550e-01,5.784568e-01,,
1189,2.51500000e+01,-5.11158232e+00,8.743465e-01,2.171075e-01,5.222652e-01,5.784789e-01,,
1190,2.51500000e+01,-5.11157964e+00,8.743465e-01,2.171079e-01,5.222690e-01,5.784756e-01,,
1191,2.51500000e+01,-5.11158677e+00,8.743465e-01,2.170930e-01,5.222580e-01,5.784483e-01,,
1192,2.51500000e+01,-5.11159225e+00,8.743465e-01,2.170860e-01,5.222504e-01,5.784378e-01,,
1193,2.51500000e+01,-5.11158930e+00,8.743465e-01,2.170973e-01,5.222597e-01,5.784579e-01,,
1194,2.51500000e+01,-5.11157994e+00,8.743465e-01,2.171074e-01,5.222698e-01,5.784734e-01,,
1195,2.51500000e+01,-5.11158367e+00,8.743465e-01,2.171075e-01,5.222707e-01,5.784728e-01,,
1196,2.51500000e+01,-5.11158944e+00,8.743465e-01,2.170955e-01,5.222552e-01,5.784578e-01,,
1197,2.51500000e+01,-5.11159199e+00,8.743465e-01,2.170929e-01,5.222501e-01,5.784566e-01,,
1198,2.51500000e+01,-5.11158324e+00,8.743465e-01,2.171019e-01,5.222615e-01,5.784679e-01,,
1199,2.51500000e+01,-5.11157759e+00,8.743465e-01,2.171071e-01,5.222709e-01,5.784714e-01,,
1200,2.51500000e+01,-5.11158369e+00,8.743465e-01,2.170985e-01,5.222660e-01,5.784538e-01,,
1201,2.51500000e+01,-5.11159393e+00,8.743465e-01,2.170891e-01,5.222536e-01,5.784428e-01,,
1202,2.51500000e+01,-5.11159356e+00,8.743465e-01,2.170944e-01,5.222528e-01,5.784576e-01,,
1203,2.51500000e+01,-5.11158234e+00,8.743465e-01,2.171064e-01,5.222633e-01,5.784781e-01,,
1204,2.51500000e+01,-5.11157847e+00,8.743465e-01,2.171081e-01,5.222699e-01,5.784752e-01,,
1205,2.51500000e+01,-5.11158535e+00,8.743465e-01,2.170940e-01,5.222597e-01,5.784489e-01,,
1206,2.51500000e+01,-5.11159151e+00,8.743465e-01,2.170872e-01,5.222502e-01,5.784413e-01,,
1207,2.51500000e+01,-5.11159011e+00,8.743465e-01,2.170975e-01,5.222577e-01,5.784604e-01,,
1208,2.51500000e+01,-5.11157920e+00,8.743465e-01,2.171081e-01,5.222681e-01,5.784772e-01,,
1209,2.51500000e+01,-5.11157947e+00,8.743465e-01,2.171063e-01,5.222672e-01,5.784734e-01,,
1210,2.51500000e+01,-5.11158617e+00,8.743465e-01,2.170943e-01,5.222552e-01,5.784548e-01,,
1211,2.51500000e+01,-5.11159052e+00,8.743465e-01,2.170893e-01,5.222502e-01,5.784471e-01,,
1212,2.51500000e+01,-5.11158497e+00,8.743465e-01,2.170990e-01,5.222616e-01,5.784601e-01,,
1213,2.51500000e+01,-5.11157906e+00,8.743465e-01,2.171064e-01,5.222711e-01,5.784694e-01,,
1214,2.51500000e+01,-5.11158525e+00,8.743465e-01,2.171015e-01,5.222685e-01,5.784590e-01,,
1215,2.51500000e+01,-5.11159398e+00,8.743465e-01,2.170917e-01,5.222543e-01,5.784486e-01,,
1216,2.51500000e+01,-5.11159424e+00,8.743465e-01,2.170961e-01,5.222531e-01,5.784618e-01,,
1217,2.51500000e+01,-5.11158381e+00,8.743465e-01,2.171052e-01,5.222631e-01,5.784749e-01,,
1218,2.51500000e+01,-5.11157862e+00,8.743465e-01,2.171074e-01,5.222705e-01,5.784726e-01,,
1219,2.51500000e+01,-5.11158605e+00,8.743465e-01,2.170952e-01,5.222629e-01,5.784485e-01,,
1220,2.51500000e+01,-5.11159437e+00,8.743465e-01,2.170870e-01,5.222521e-01,5.784387e-01,,
1221,2.51500000e+01,-5.11159445e+00,8.743465e-01,2.170947e-01,5.222562e-01,5.784546e-01,,
1222,2.51500000e+01,-5.11158268e+00,8.743465e-01,2.171075e-01,5.222666e-01,5.784773e-01,,
1223,2.51500000e+01,-5.11158127e+00,8.743465e-01,2.171074e-01,5.222687e-01,5.784747e-01,,
1224,2.51500000e+01,-5.11158754e+00,8.743465e-01,2.170935e-01,5.222572e-01,5.784502e-01,,
1225,2.51500000e+01,-5.11159279e+00,8.743465e-01,2.170870e-01,5.222500e-01,5.784410e-01,,
1226,2.51500000e+01,-5.11158811e+00,8.743465e-01,2.170983e-01,5.222599e-01,5.784603e-01,,
1227,2.51500000e+01,-5.11158011e+00,8.743465e-01,2.171076e-01,5.222699e-01,5.784738e-01,,
1228,2.51500000e+01,-5.11158390e+00,8.743465e-01,2.171060e-01,5.222702e-01,5.784694e-01,,
1229,2.51500000e+01,-5.11159140e+00,8.743465e-01,2.170947e-01,5.222549e-01,5.784560e-01,,
1230,2.51500000e+01,-5.11159312e+00,8.743465e-01,2.170936e-01,5.222510e-01,5.784575e-01,,
1231,2.51500000e+01,-5.11158477e+00,8.743465e-01,2.171020e-01,5.222620e-01,5.784679e-01,,
1232,2.51500000e+01,-5.11157908e+00,8.743465e-01,2.171064e-01,5.222712e-01,5.784693e-01,,
1233,2.51500000e+01,-5.11158592e+00,8.743465e-01,2.170972e-01,5.222654e-01,5.784513e-01,,
1234,2.51500000e+01,-5.11159479e+00,8.743465e-01,2.170888e-01,5.222533e-01,5.784421e-01,,
1235,2.51500000e+01,-5.11159466e+00,8.743465e-01,2.170948e-01,5.222535e-01,5.784579e-01,,
1236,2.51500000e+01,-5.11158171e+00,8.743465e-01,2.171073e-01,5.222638e-01,5.784798e-01,,
1237,2.51500000e+01,-5.11157871e+00,8.743465e-01,2.171084e-01,5.222693e-01,5.784766e-01,,
1238,2.51500000e+01,-5.11158457e+00,8.743465e-01,2.170941e-01,5.222590e-01,5.784500e-01,,
1239,2.51500000e+01,-5.11159137e+00,8.743465e-01,2.170868e-01,5.222501e-01,5.784405e-01,,
1240,2.51500000e+01,-5.11158898e+00,8.743465e-01,2.170972e-01,5.222585e-01,5.784589e-01,,
1241,2.51500000e+01,-5.11157992e+00,8.743465e-01,2.171071e-01,5.222689e-01,5.784738e-01,,
1242,2.51500000e+01,-5.11158031e+00,8.743465e-01,2.171047e-01,5.222672e-01,5.784692e-01,,
1243,2.51500000e+01,-5.11158782e+00,8.743465e-01,2.170938e-01,5.222548e-01,5.784540e-01,,
1244,2.51500000e+01,-5.11159082e+00,8.743465e-01,2.170902e-01,5.222504e-01,5.784490e-01,,
1245,2.51500000e+01,-5.11158482e+00,8.743465e-01,2.170999e-01,5.222618e-01,5.784623e-01,,
1246,2.51500000e+01,-5.11157805e+00,8.743465e-01,2.171069e-01,5.222709e-01,5.784709e-01,,
1247,2.51500000e+01,-5.11158496e+00,8.743465e-01,2.171010e-01,5.222674e-01,5.784591e-01,,
1248,2.51500000e+01,-5.11159279e+00,8.743465e-01,2.170913e-01,5.222537e-01,5.784485e-01,,
1249,2.51500000e+01,-5.11159384e+00,8.743465e-01,2.170970e-01,5.222536e-01,5.784637e-01,,
1250,2.51500000e+01,-5.11158221e+00,8.743465e-01,2.171065e-01,5.222636e-01,5.784778e-01,,
1251,2.51500000e+01,-5.11157847e+00,8.743465e-01,2.171076e-01,5.222703e-01,5.784733e-01,,
1252,2.51500000e+01,-5.11158564e+00,8.743465e-01,2.170944e-01,5.222624e-01,5.784471e-01,,
1253,2.51500000e+01,-5.11159459e+00,8.743465e-01,2.170867e-01,5.222520e-01,5.784380e-01,,
1254,2.51500000e+01,-5.11159356e+00,8.743465e-01,2.170955e-01,5.222571e-01,5.784557e-01,,
1255,2.51500000e+01,-5.11158291e+00,8.743465e-01,2.171078e-01,5.222672e-01,5.784773e-01,,
1256,2.51500000e+01,-5.11158084e+00,8.743465e-01,2.171072e-01,5.222683e-01,5.784746e-01,,
1257,2.51500000e+01,-5.11158783e+00,8.743465e-01,2.170937e-01,5.222564e-01,5.784518e-01,,
1258,2.51500000e+01,-5.11159173e+00,8.743465e-01,2.170879e-01,5.222499e-01,5.784433e-01,,
1259,2.51500000e+01,-5.11158766e+00,8.743465e-01,2.170986e-01,5.222603e-01,5.784605e-01,,
1260,2.51500000e+01,-5.11157977e+00,8.743465e-01,2.171070e-01,5.222704e-01,5.784715e-01,,
1261,2.51500000e+01,-5.11158563e+00,8.743465e-01,2.171036e-01,5.222698e-01,5.784632e-01,,
1262,2.51500000e+01,-5.11159321e+00,8.743465e-01,2.170929e-01,5.222551e-01,5.784511e-01,,
1263,2.51500000e+01,-5.11159550e+00,8.743465e-01,2.170935e-01,5.222519e-01,5.784563e-01,,
1264,2.51500000e+01,-5.11158581e+00,8.743465e-01,2.171021e-01,5.222627e-01,5.784672e-01,,
1265,2.51500000e+01,-5.11158093e+00,8.743465e-01,2.171059e-01,5.222712e-01,5.784678e-01,,
1266,2.51500000e+01,-5.11158647e+00,8.743465e-01,2.170965e-01,5.222646e-01,5.784502e-01,,
1267,2.51500000e+01,-5.11159525e+00,8.743465e-01,2.170886e-01,5.222525e-01,5.784426e-01,,
1268,2.51500000e+01,-5.11159348e+00,8.743465e-01,2.170953e-01,5.222540e-01,5.784588e-01,,
1269,2.51500000e+01,-5.11158102e+00,8.743465e-01,2.171079e-01,5.222640e-01,5.784812e-01,,
1270,2.51500000e+01,-5.11157762e+00,8.743465e-01,2.171088e-01,5.222690e-01,5.784782e-01,,
1271,2.51500000e+01,-5.11158447e+00,8.743465e-01,2.170940e-01,5.222583e-01,5.784506e-01,,
1272,2.51500000e+01,-5.11159059e+00,8.743465e-01,2.170865e-01,5.222502e-01,5.784395e-01,,
1273,2.51500000e+01,-5.11158897e+00,8.743465e-01,2.170971e-01,5.222591e-01,5.784578e-01,,
1274,2.51500000e+01,-5.11157997e+00,8.743465e-01,2.171071e-01,5.222697e-01,5.784727e-01,,
1275,2.51500000e+01,-5.11158198e+00,8.743465e-01,2.171038e-01,5.222670e-01,5.784668e-01,,
1276,2.51500000e+01,-5.11158849e+00,8.743465e-01,2.170938e-01,5.222543e-01,5.784545e-01,,
1277,2.51500000e+01,-5.11159162e+00,8.743465e-01,2.170914e-01,5.222504e-01,5.784523e-01,,
1278,2.51500000e+01,-5.11158449e+00,8.743465e-01,2.171009e-01,5.222621e-01,5.784647e-01,,
1279,2.51500000e+01,-5.11157881e+00,8.743465e-01,2.171075e-01,5.222714e-01,5.784721e-01,,
1280,2.51500000e+01,-5.11158461e+00,8.743465e-01,2.170999e-01,5.222669e-01,5.784567e-01,,
1281,2.51500000e+01,-5.11159418e+00,8.743465e-01,2.170899e-01,5.222538e-01,5.784444e-01,,
1282,2.51500000e+01,-5.11159519e+00,8.743465e-01,2.170968e-01,5.222551e-01,5.784614e-01,,
1283,2.51500000e+01,-5.11158417e+00,8.743465e-01,2.171064e-01,5.222644e-01,5.784768e-01,,
1284,2.51500000e+01,-5.11157993e+00,8.743465e-01,2.171070e-01,5.222704e-01,5.784716e-01,,
1285,2.51500000e+01,-5.11158744e+00,8.743465e-01,2.170934e-01,5.222616e-01,5.784453e-01,,
1286,2.51500000e+01,-5.11159419e+00,8.743465e-01,2.170867e-01,5.222516e-01,5.784386e-01,,
1287,2.51500000e+01,-5.11159248e+00,8.743465e-01,2.170967e-01,5.222572e-01,5.784588e-01,,
1288,2.51500000e+01,-5.11158045e+00,8.743465e-01,2.171084e-01,5.222674e-01,5.784787e-01,,
1289,2.51500000e+01,-5.11157915e+00,8.743465e-01,2.171074e-01,5.222674e-01,5.784762e-01,,
1290,2.51500000e+01,-5.11158509e+00,8.743465e-01,2.170948e-01,5.222555e-01,5.784556e-01,,
1291,2.51500000e+01,-5.11158929e+00,8.743465e-01,2.170892e-01,5.222496e-01,5.784474e-01,,
1292,2.51500000e+01,-5.11158434e+00,8.743465e-01,2.170990e-01,5.222608e-01,5.784611e-01,,
1293,2.51500000e+01,-5.11157834e+00,8.743465e-01,2.171066e-01,5.222707e-01,5.784704e-01,,
1294,2.51500000e+01,-5.11158467e+00,8.743465e-01,2.171023e-01,5.222695e-01,5.784603e-01,,
1295,2.51500000e+01,-5.11159384e+00,8.743465e-01,2.170923e-01,5.222550e-01,5.784497e-01,,
1296,2.51500000e+01,-5.11159504e+00,8.743465e-01,2.170947e-01,5.222527e-01,5.784586e-01,,
1297,2.51500000e+01,-5.11158556e+00,8.743465e-01,2.171036e-01,5.222629e-01,5.784710e-01,,
1298,2.51500000e+01,-5.11158012e+00,8.743465e-01,2.171069e-01,5.222710e-01,5.784709e-01,,
1299,2.51500000e+01,-5.11158684e+00,8.743465e-01,2.170964e-01,5.222637e-01,5.784508e-01,,
1300,2.51500000e+01,-5.11159489e+00,8.743465e-01,2.170882e-01,5.222523e-01,5.784416e-01,,
1301,2.51500000e+01,-5.11159435e+00,8.743465e-01,2.170950e-01,5.222549e-01,5.784568e-01,,
1302,2.51500000e+01,-5.11158192e+00,8.743465e-01,2.171075e-01,5.222652e-01,5.784789e-01,,
1303,2.51500000e+01,-5.11158005e+00,8.743465e-01,2.171079e-01,5.222689e-01,5.784756e-01,,
1304,2.51500000e+01,-5.11158635e+00,8.743465e-01,2.170931e-01,5.222580e-01,5.784483e-01,,
1305,2.51500000e+01,-5.11159263e+00,8.743465e-01,2.170859e-01,5.222503e-01,5.784378e-01,,
1306,2.51500000e+01,-5.11158887e+00,8.743465e-01,2.170974e-01,5.222597e-01,5.784578e-01,,
1307,2.51500000e+01,-5.11158032e+00,8.743465e-01,2.171074e-01,5.222698e-01,5.784734e-01,,
1308,2.51500000e+01,-5.11158327e+00,8.743465e-01,2.171076e-01,5.222708e-01,5.784728e-01,,
1309,2.51500000e+01,-5.11158985e+00,8.743465e-01,2.170955e-01,5.222552e-01,5.784579e-01,,
1310,2.51500000e+01,-5.11159160e+00,8.743465e-01,2.170929e-01,5.222502e-01,5.784566e-01,,
1311,2.51500000e+01,-5.11158367e+00,8.743465e-01,2.171018e-01,5.222614e-01,5.784679e-01,,
1312,2.51500000e+01,-5.11157722e+00,8.743465e-01,2.171071e-01,5.222709e-01,5.784714e-01,,
1313,2.51500000e+01,-5.11158412e+00,8.743465e-01,2.170984e-01,5.222659e-01,5.784539e-01,,
1314,2.51500000e+01,-5.11159356e+00,8.743465e-01,2.170892e-01,5.222537e-01,5.784427e-01,,
1315,2.51500000e+01,-5.11159401e+00,8.743465e-01,2.170944e-01,5.222527e-01,5.784576e-01,,
1316,2.51500000e+01,-5.11158197e+00,8.743465e-01,2.171065e-01,5.222633e-01,5.784781e-01,,
1317,2.51500000e+01,-5.11157890e+00,8.743465e-01,2.171080e-01,5.222698e-01,5.784751e-01,,
1318,2.51500000e+01,-5.11158495e+00,8.743465e-01,2.170940e-01,5.222598e-01,5.784489e-01,,
1319,2.51500000e+01,-5.11159190e+00,8.743465e-01,2.170872e-01,5.222502e-01,5.784413e-01,,
1320,2.51500000e+01,-5.11158969e+00,8.743465e-01,2.170975e-01,5.222578e-01,5.784604e-01,,
1321,2.51500000e+01,-5.11157956e+00,8.743465e-01,2.171081e-01,5.222681e-01,5.784772e-01,,
1322,2.51500000e+01,-5.11157903e+00,8.743465e-01,2.171063e-01,5.222673e-01,5.784734e-01,,
1323,2.51500000e+01,-5.11158655e+00,8.743465e-01,2.170943e-01,5.222552e-01,5.784548e-01,,
1324,2.51500000e+01,-5.11159007e+00,8.743465e-01,2.170894e-01,5.222503e-01,5.784470e-01,,
1325,2.51500000e+01,-5.11158535e+00,8.743465e-01,2.170990e-01,5.222615e-01,5.784601e-01,,
1326,2.51500000e+01,-5.11157861e+00,8.743465e-01,2.171064e-01,5.222711e-01,5.784693e-01,,
1327,2.51500000e+01,-5.11158561e+00,8.743465e-01,2.171014e-01,5.222685e-01,5.784590e-01,,
1328,2.51500000e+01,-5.11159354e+00,8.743465e-01,2.170917e-01,5.222544e-01,5.784487e-01,,
1329,2.51500000e+01,-5.11159463e+00,8.743465e-01,2.170961e-01,5.222530e-01,5.784618e-01,,
1330,2.51500000e+01,-5.11158339e+00,8.743465e-01,2.171052e-01,5.222632e-01,5.784749e-01,,
1331,2.51500000e+01,-5.11157903e+00,8.743465e-01,2.171074e-01,5.222704e-01,5.784727e-01,,
1332,2.51500000e+01,-5.11158566e+00,8.743465e-01,2.170952e-01,5.222630e-01,5.784486e-01,,
1333,2.51500000e+01,-5.11159475e+00,8.743465e-01,2.170870e-01,5.222521e-01,5.784387e-01,,
1334,2.51500000e+01,-5.11159403e+00,8.743465e-01,2.170947e-01,5.222563e-01,5.784546e-01,,
1335,2.51500000e+01,-5.11158306e+00,8.743465e-01,2.171075e-01,5.222665e-01,5.784774e-01,,
1336,2.51500000e+01,-5.11158085e+00,8.743465e-01,2.171074e-01,5.222688e-01,5.784746e-01,,
1337,2.51500000e+01,-5.11158794e+00,8.743465e-01,2.170934e-01,5.222572e-01,5.784502e-01,,
1338,2.51500000e+01,-5.11159239e+00,8.743465e-01,2.170870e-01,5.222501e-01,5.784409e-01,,
1339,2.51500000e+01,-5.11158853e+00,8.743465e-01,2.170983e-01,5.222598e-01,5.784603e-01,,
1340,2.51500000e+01,-5.11157972e+00,8.743465e-01,2.171076e-01,5.222700e-01,5.784738e-01,,
1341,2.51500000e+01,-5.11158431e+00,8.743465e-01,2.171060e-01,5.222701e-01,5.784694e-01,,
1342,2.51500000e+01,-5.11159099e+00,8.743465e-01,2.170947e-01,5.222550e-01,5.784560e-01,,
1343,2.51500000e+01,-5.11159352e+00,8.743465e-01,2.170935e-01,5.222509e-01,5.784574e-01,,
1344,2.51500000e+01,-5.11158434e+00,8.743465e-01,2.171021e-01,5.222621e-01,5.784678e-01,,
1345,2.51500000e+01,-5.11157945e+00,8.743465e-01,2.171064e-01,5.222711e-01,5.784692e-01,,
1346,2.51500000e+01,-5.11158549e+00,8.743465e-01,2.170973e-01,5.222654e-01,5.784512e-01,,
1347,2.51500000e+01,-5.11159520e+00,8.743465e-01,2.170887e-01,5.222532e-01,5.784421e-01,,
1348,2.51500000e+01,-5.11159424e+00,8.743465e-01,2.170948e-01,5.222536e-01,5.784579e-01,,
1349,2.51500000e+01,-5.11158213e+00,8.743465e-01,2.171072e-01,5.222637e-01,5.784798e-01,,
1350,2.51500000e+01,-5.11157832e+00,8.743465e-01,2.171084e-01,5.222694e-01,5.784766e-01,,
1351,2.51500000e+01,-5.11158499e+00,8.743465e-01,2.170941e-01,5.222589e-01,5.784500e-01,,
1352,2.51500000e+01,-5.11159100e+00,8.743465e-01,2.170869e-01,5.222501e-01,5.784405e-01,,
1353,2.51500000e+01,-5.11158942e+00,8.743465e-01,2.170972e-01,5.222584e-01,5.784589e-01,,
1354,2.51500000e+01,-5.11157955e+00,8.743465e-01,2.171072e-01,5.222690e-01,5.784738e-01,,
1355,2.51500000e+01,-5.11158075e+00,8.743465e-01,2.171047e-01,5.222672e-01,5.784692e-01,,
1356,2.51500000e+01,-5.11158744e+00,8.743465e-01,2.170939e-01,5.222548e-01,5.784540e-01,,
1357,2.51500000e+01,-5.11159123e+00,8.743465e-01,2.170901e-01,5.222504e-01,5.784489e-01,,
1358,2.51500000e+01,-5.11158442e+00,8.743465e-01,2.170999e-01,5.222619e-01,5.784623e-01,,
1359,2.51500000e+01,-5.11157844e+00,8.743465e-01,2.171069e-01,5.222709e-01,5.784709e-01,,
1360,2.51500000e+01,-5.11158455e+00,8.743465e-01,2.171011e-01,5.222675e-01,5.784592e-01,,
1361,2.51500000e+01,-5.11159317e+00,8.743465e-01,2.170913e-01,5.222536e-01,5.784484e-01,,
1362,2.51500000e+01,-5.11159342e+00,8.743465e-01,2.170970e-01,5.222537e-01,5.784637e-01,,
1363,2.51500000e+01,-5.11158263e+00,8.743465e-01,2.171064e-01,5.222635e-01,5.784778e-01,,
1364,2.51500000e+01,-5.11157806e+00,8.743465e-01,2.171076e-01,5.222703e-01,5.784733e-01,,
1365,2.51500000e+01,-5.11158604e+00,8.743465e-01,2.170944e-01,5.222623e-01,5.784470e-01,,
1366,2.51500000e+01,-5.11159421e+00,8.743465e-01,2.170867e-01,5.222520e-01,5.784380e-01,,
1367,2.51500000e+01,-5.11159399e+00,8.743465e-01,2.170954e-01,5.222570e-01,5.784557e-01,,
1368,2.51500000e+01,-5.11158250e+00,8.743465e-01,2.171078e-01,5.222673e-01,5.784773e-01,,
1369,2.51500000e+01,-5.11158130e+00,8.743465e-01,2.171072e-01,5.222682e-01,5.784747e-01,,
1370,2.51500000e+01,-5.11158747e+00,8.743465e-01,2.170937e-01,5.222565e-01,5.784518e-01,,
1371,2.51500000e+01,-5.11159216e+00,8.743465e-01,2.170878e-01,5.222499e-01,5.784433e-01,,
1372,2.51500000e+01,-5.11158724e+00,8.743465e-01,2.170986e-01,5.222604e-01,5.784604e-01,,
1373,2.51500000e+01,-5.11158015e+00,8.743465e-01,2.171069e-01,5.222704e-01,5.784716e-01,,
1374,2.51500000e+01,-5.11158517e+00,8.743465e-01,2.171036e-01,5.222699e-01,5.784632e-01,,
1375,2.51500000e+01,-5.11159357e+00,8.743465e-01,2.170929e-01,5.222551e-01,5.784511e-01,,
1376,2.51500000e+01,-5.11159507e+00,8.743465e-01,2.170935e-01,5.222520e-01,5.784563e-01,,
1377,2.51500000e+01,-5.11158623e+00,8.743465e-01,2.171021e-01,5.222626e-01,5.784672e-01,,
1378,2.51500000e+01,-5.11158055e+00,8.743465e-01,2.171059e-01,5.222713e-01,5.784678e-01,,
1379,2.51500000e+01,-5.11158690e+00,8.743465e-01,2.170965e-01,5.222646e-01,5.784501e-01,,
1380,2.51500000e+01,-5.11159484e+00,8.743465e-01,2.170887e-01,5.222526e-01,5.784426e-01,,
1381,2.51500000e+01,-5.11159387e+00,8.743465e-01,2.170953e-01,5.222539e-01,5.784588e-01,,
1382,2.51500000e+01,-5.11158060e+00,8.743465e-01,2.171080e-01,5.222641e-01,5.784812e-01,,
1383,2.51500000e+01,-5.11157801e+00,8.743465e-01,2.171088e-01,5.222689e-01,5.784782e-01,,
1384,2.51500000e+01,-5.11158404e+00,8.743465e-01,2.170941e-01,5.222583e-01,5.784507e-01,,
1385,2.51500000e+01,-5.11159101e+00,8.743465e-01,2.170865e-01,5.222501e-01,5.784396e-01,,
1386,2.51500000e+01,-5.11158858e+00,8.743465e-01,2.170972e-01,5.222592e-01,5.784579e-01,,
1387,2.51500000e+01,-5.11158042e+00,8.743465e-01,2.171070e-01,5.222696e-01,5.784727e-01,,
1388,2.51500000e+01,-5.11158161e+00,8.743465e-01,2.171038e-01,5.222671e-01,5.784669e-01,,
1389,2.51500000e+01,-5.11158893e+00,8.743465e-01,2.170938e-01,5.222542e-01,5.784544e-01,,
1390,2.51500000e+01,-5.11159125e+00,8.743465e-01,2.170914e-01,5.222505e-01,5.784523e-01,,
1391,2.51500000e+01,-5.11158494e+00,8.743465e-01,2.171009e-01,5.222620e-01,5.784647e-01,,
1392,2.51500000e+01,-5.11157845e+00,8.743465e-01,2.171076e-01,5.222714e-01,5.784721e-01,,
1393,2.51500000e+01,-5.11158505e+00,8.743465e-01,2.170999e-01,5.222669e-01,5.784567e-01,,
1394,2.51500000e+01,-5.11159378e+00,8.743465e-01,2.170899e-01,5.222539e-01,5.784445e-01,,
1395,2.51500000e+01,-5.11159560e+00,8.743465e-01,2.170967e-01,5.222550e-01,5.784614e-01,,
1396,2.51500000e+01,-5.11158377e+00,8.743465e-01,2.171065e-01,5.222645e-01,5.784768e-01,,
1397,2.51500000e+01,-5.11158033e+00,8.743465e-01,2.171069e-01,5.222703e-01,5.784716e-01,,
1398,2.51500000e+01,-5.11158704e+00,8.743465e-01,2.170934e-01,5.222617e-01,5.784453e-01,,
1399,2.51500000e+01,-5.11159462e+00,8.743465e-01,2.170867e-01,5.222515e-01,5.784386e-01,,
1400,2.51500000e+01,-5.11159210e+00,8.743465e-01,2.170967e-01,5.222573e-01,5.784588e-01,,
1401,2.51500000e+01,-5.11158086e+00,8.743465e-01,2.171084e-01,5.222674e-01,5.784787e-01,,
1402,2.51500000e+01,-5.11157875e+00,8.743465e-01,2.171075e-01,5.222674e-01,5.784762e-01,,
1403,2.51500000e+01,-5.11158550e+00,8.743465e-01,2.170947e-01,5.222554e-01,5.784556e-01,,
1404,2.51500000e+01,-5.11158887e+00,8.743465e-01,2.170892e-01,5.222497e-01,5.784473e-01,,
1405,2.51500000e+01,-5.11158475e+00,8.743465e-01,2.170990e-01,5.222607e-01,5.784612e-01,,
1406,2.51500000e+01,-5.11157790e+00,8.743465e-01,2.171067e-01,5.222708e-01,5.784704e-01,,
1407,2.51500000e+01,-5.11158504e+00,8.743465e-01,2.171023e-01,5.222694e-01,5.784603e-01,,
1408,2.51500000e+01,-5.11159340e+00,8.743465e-01,2.170924e-01,5.222551e-01,5.784496e-01,,
1409,2.51500000e+01,-5.11159542e+00,8.743465e-01,2.170947e-01,5.222526e-01,5.784586e-01,,
1410,2.51500000e+01,-5.11158513e+00,8.743465e-01,2.171036e-01,5.222630e-01,5.784710e-01,,
1411,2.51500000e+01,-5.11158050e+00,8.743465e-01,2.171069e-01,5.222709e-01,5.784708e-01,,
1412,2.51500000e+01,-5.11158639e+00,8.743465e-01,2.170964e-01,5.222638e-01,5.784509e-01,,
1413,2.51500000e+01,-5.11159522e+00,8.743465e-01,2.170881e-01,5.222522e-01,5.784416e-01,,
1414,2.51500000e+01,-5.11159388e+00,8.743465e-01,2.170950e-01,5.222550e-01,5.784568e-01,,
1415,2.51500000e+01,-5.11158230e+00,8.743465e-01,2.171075e-01,5.222652e-01,5.784789e-01,,
1416,2.51500000e+01,-5.11157963e+00,8.743465e-01,2.171079e-01,5.222690e-01,5.784756e-01,,
1417,2.51500000e+01,-5.11158675e+00,8.743465e-01,2.170930e-01,5.222580e-01,5.784483e-01,,
1418,2.51500000e+01,-5.11159224e+00,8.743465e-01,2.170860e-01,5.222504e-01,5.784378e-01,,
1419,2.51500000e+01,-5.11158930e+00,8.743465e-01,2.170973e-01,5.222597e-01,5.784579e-01,,
1420,2.51500000e+01,-5.11157994e+00,8.743465e-01,2.171074e-01,5.222698e-01,5.784734e-01,,
1421,2.51500000e+01,-5.11158368e+00,8.743465e-01,2.171075e-01,5.222707e-01,5.784728e-01,,
1422,2.51500000e+01,-5.11158944e+00,8.743465e-01,2.170955e-01,5.222552e-01,5.784578e-01,,
1423,2.51500000e+01,-5.11159200e+00,8.743465e-01,2.170929e-01,5.222501e-01,5.784566e-01,,
1424,2.51500000e+01,-5.11158324e+00,8.743465e-01,2.171019e-01,5.222615e-01,5.784679e-01,,
1425,2.51500000e+01,-5.11157759e+00,8.743465e-01,2.171071e-01,5.222709e-01,5.784714e-01,,
1426,2.51500000e+01,-5.11158369e+00,8.743465e-01,2.170985e-01,5.222660e-01,5.784538e-01,,
1427,2.51500000e+01,-5.11159393e+00,8.743465e-01,2.170891e-01,5.222536e-01,5.784428e-01,,
1428,2.51500000e+01,-5.11159356e+00,8.743465e-01,2.170944e-01,5.222528e-01,5.784576e-01,,
1429,2.51500000e+01,-5.11158235e+00,8.743465e-01,2.171064e-01,5.222633e-01,5.784781e-01,,
1430,2.51500000e+01,-5.11157847e+00,8.743465e-01,2.171081e-01,5.222699e-01,5.784752e-01,,
1431,2.51500000e+01,-5.11158535e+00,8.743465e-01,2.170940e-01,5.222597e-01,5.784489e-01,,
1432,2.51500000e+01,-5.11159151e+00,8.743465e-01,2.170872e-01,5.222502e-01,5.784413e-01,,
1433,2.51500000e+01,-5.11159011e+00,8.743465e-01,2.170975e-01,5.222577e-01,5.784604e-01,,
1434,2.51500000e+01,-5.11157919e+00,8.743465e-01,2.171081e-01,5.222681e-01,5.784772e-01,,
1435,2.51500000e+01,-5.11157946e+00,8.743465e-01,2.171063e-01,5.222672e-01,5.784734e-01,,
1436,2.51500000e+01,-5.11158615e+00,8.743465e-01,2.170943e-01,5.222552e-01,5.784548e-01,,
1437,2.51500000e+01,-5.11159050e+00,8.743465e-01,2.170894e-01,5.222502e-01,5.784471e-01,,
1438,2.51500000e+01,-5.11158496e+00,8.743465e-01,2.170990e-01,5.222616e-01,5.784601e-01,,
1439,2.51500000e+01,-5.11157905e+00,8.743465e-01,2.171064e-01,5.222710e-01,5.784694e-01,,
1440,2.51500000e+01,-5.11158524e+00,8.743465e-01,2.171015e-01,5.222685e-01,5.784590e-01,,
1441,2.51500000e+01,-5.11159397e+00,8.743465e-01,2.170917e-01,5.222543e-01,5.784486e-01,,
1442,2.51500000e+01,-5.11159424e+00,8.743465e-01,2.170961e-01,5.222531e-01,5.784618e-01,,
1443,2.51500000e+01,-5.11158381e+00,8.743465e-01,2.171052e-01,5.222631e-01,5.784749e-01,,
1444,2.51500000e+01,-5.11157862e+00,8.743465e-01,2.171074e-01,5.222705e-01,5.784726e-01,,
1445,2.51500000e+01,-5.11158605e+00,8.743465e-01,2.170952e-01,5.222629e-01,5.784485e-01,,
1446,2.51500000e+01,-5.11159436e+00,8.743465e-01,2.170870e-01,5.222521e-01,5.784387e-01,,
1447,2.51500000e+01,-5.11159444e+00,8.743465e-01,2.170947e-01,5.222562e-01,5.784546e-01,,
1448,2.51500000e+01,-5.11158267e+00,8.743465e-01,2.171075e-01,5.222665e-01,5.784773e-01,,
1449,2.51500000e+01,-5.11158126e+00,8.743465e-01,2.171074e-01,5.222687e-01,5.784747e-01,,
1450,2.51500000e+01,-5.11158754e+00,8.743465e-01,2.170935e-01,5.222572e-01,5.784502e-01,,
1451,2.51500000e+01,-5.11159278e+00,8.743465e-01,2.170870e-01,5.222500e-01,5.784410e-01,,
1452,2.51500000e+01,-5.11158811e+00,8.743465e-01,2.170983e-01,5.222599e-01,5.784603e-01,,
1453,2.51500000e+01,-5.11158011e+00,8.743465e-01,2.171076e-01,5.222699e-01,5.784738e-01,,
1454,2.51500000e+01,-5.11158390e+00,8.743465e-01,2.171061e-01,5.222702e-01,5.784694e-01,,
1455,2.51500000e+01,-5.11159139e+00,8.743465e-01,2.170947e-01,5.222549e-01,5.784560e-01,,
1456,2.51500000e+01,-5.11159312e+00,8.743465e-01,2.170936e-01,5.222510e-01,5.784575e-01,,
1457,2.51500000e+01,-5.11158477e+00,8.743465e-01,2.171020e-01,5.222620e-01,5.784679e-01,,
1458,2.51500000e+01,-5.11157907e+00,8.743465e-01,2.171064e-01,5.222712e-01,5.784693e-01,,
1459,2.51500000e+01,-5.11158592e+00,8.743465e-01,2.170972e-01,5.222654e-01,5.784513e-01,,
1460,2.51500000e+01,-5.11159480e+00,8.743465e-01,2.170888e-01,5.222533e-01,5.784421e-01,,
1461,2.51500000e+01,-5.11159467e+00,8.743465e-01,2.170948e-01,5.222535e-01,5.784579e-01,,
1462,2.51500000e+01,-5.11158172e+00,8.743465e-01,2.171073e-01,5.222638e-01,5.784798e-01,,
1463,2.51500000e+01,-5.11157871e+00,8.743465e-01,2.171084e-01,5.222693e-01,5.784766e-01,,
1464,2.51500000e+01,-5.11158458e+00,8.743465e-01,2.170941e-01,5.222590e-01,5.784500e-01,,
1465,2.51500000e+01,-5.11159137e+00,8.743465e-01,2.170868e-01,5.222501e-01,5.784405e-01,,
1466,2.51500000e+01,-5.11158899e+00,8.743465e-01,2.170972e-01,5.222585e-01,5.784589e-01,,
1467,2.51500000e+01,-5.11157992e+00,8.743465e-01,2.171071e-01,5.222689e-01,5.784738e-01,,
1468,2.51500000e+01,-5.11158031e+00,8.743465e-01,2.171047e-01,5.222672e-01,5.784692e-01,,
1469,2.51500000e+01,-5.11158782e+00,8.743465e-01,2.170938e-01,5.222548e-01,5.784540e-01,,
1470,2.51500000e+01,-5.11159082e+00,8.743465e-01,2.170902e-01,5.222504e-01,5.784489e-01,,
1471,2.51500000e+01,-5.11158482e+00,8.743465e-01,2.170999e-01,5.222618e-01,5.784623e-01,,
1472,2.51500000e+01,-5.11157805e+00,8.743465e-01,2.171069e-01,5.222709e-01,5.784709e-01,,
1473,2.51500000e+01,-5.11158496e+00,8.743465e-01,2.171010e-01,5.222674e-01,5.784591e-01,,
1474,2.51500000e+01,-5.11159278e+00,8.743465e-01,2.170913e-01,5.222537e-01,5.784485e-01,,
1475,2.51500000e+01,-5.11159384e+00,8.743465e-01,2.170970e-01,5.222536e-01,5.784637e-01,,
1476,2.51500000e+01,-5.11158221e+00,8.743465e-01,2.171065e-01,5.222636e-01,5.784778e-01,,
1477,2.51500000e+01,-5.11157847e+00,8.743465e-01,2.171076e-01,5.222703e-01,5.784733e-01,,
1478,2.51500000e+01,-5.11158564e+00,8.743465e-01,2.170944e-01,5.222624e-01,5.784471e-01,,
1479,2.51500000e+01,-5.11159460e+00,8.743465e-01,2.170867e-01,5.222520e-01,5.784380e-01,,
1480,2.51500000e+01,-5.11159357e+00,8.743465e-01,2.170955e-01,5.222571e-01,5.784557e-01,,
1481,2.51500000e+01,-5.11158292e+00,8.743465e-01,2.171078e-01,5.222672e-01,5.784773e-01,,
1482,2.51500000e+01,-5.11158085e+00,8.743465e-01,2.171072e-01,5.222683e-01,5.784746e-01,,
1483,2.51500000e+01,-5.11158784e+00,8.743465e-01,2.170937e-01,5.222564e-01,5.784517e-01,,
1484,2.51500000e+01,-5.11159174e+00,8.743465e-01,2.170879e-01,5.222499e-01,5.784433e-01,,
1485,2.51500000e+01,-5.11158767e+00,8.743465e-01,2.170986e-01,5.222603e-01,5.784604e-01,,
1486,2.51500000e+01,-5.11157978e+00,8.743465e-01,2.171070e-01,5.222704e-01,5.784715e-01,,
1487,2.51500000e+01,-5.11158563e+00,8.743465e-01,2.171036e-01,5.222698e-01,5.784632e-01,,
1488,2.51500000e+01,-5.11159321e+00,8.743465e-01,2.170929e-01,5.222551e-01,5.784511e-01,,
1489,2.51500000e+01,-5.11159550e+00,8.743465e-01,2.170935e-01,5.222519e-01,5.784563e-01,,
1490,2.51500000e+01,-5.11158582e+00,8.743465e-01,2.171021e-01,5.222627e-01,5.784672e-01,,
1491,2.51500000e+01,-5.11158093e+00,8.743465e-01,2.171059e-01,5.222712e-01,5.784678e-01,,
1492,2.51500000e+01,-5.11158647e+00,8.743465e-01,2.170965e-01,5.222647e-01,5.784502e-01,,
1493,2.51500000e+01,-5.11159525e+00,8.743465e-01,2.170886e-01,5.222525e-01,5.784426e-01,,
1494,2.51500000e+01,-5.11159348e+00,8.743465e-01,2.170953e-01,5.222540e-01,5.784588e-01,,
1495,2.51500000e+01,-5.11158102e+00,8.743465e-01,2.171079e-01,5.222640e-01,5.784812e-01,,
1496,2.51500000e+01,-5.11157761e+00,8.743465e-01,2.171088e-01,5.222690e-01,5.784782e-01,,
1497,2.51500000e+01,-5.11158446e+00,8.743465e-01,2.170941e-01,5.222583e-01,5.784506e-01,,
1498,2.51500000e+01,-5.11159059e+00,8.743465e-01,2.170865e-01,5.222502e-01,5.784395e-01,,
1499,2.51500000e+01,-5.11158897e+00,8.743465e-01,2.170971e-01,5.222591e-01,5.784578e-01,,
1500,2.51500000e+01,-5.11157997e+00,8.743465e-01,2.171071e-01,5.222697e-01,5.784727e-01,,
