time,n,U_aval,J,KT,10KQ,eta0,tours,angle_deg
1,2.51500000e+01,-4.99275686e+00,8.743465e-01,4.929777e-01,1.209181e+00,5.673349e-01,,
2,2.51500000e+01,-4.99593523e+00,8.743465e-01,3.220680e-01,1.145909e+00,3.911121e-01,,
3,2.51500000e+01,-4.99830896e+00,8.743465e-01,2.372080e-01,8.965781e-01,3.681671e-01,,
4,2.51500000e+01,-5.00179525e+00,8.743465e-01,2.274881e-01,8.016156e-01,3.949083e-01,,
5,2.51500000e+01,-5.00715262e+00,8.743465e-01,2.352693e-01,7.605766e-01,4.304533e-01,,
6,2.51500000e+01,-5.01364088e+00,8.743465e-01,2.383754e-01,7.272372e-01,4.561304e-01,,
7,2.51500000e+01,-5.02103602e+00,8.743465e-01,2.390641e-01,6.996569e-01,4.754808e-01,,
8,2.51500000e+01,-5.02960424e+00,8.743465e-01,2.359652e-01,6.723732e-01,4.883613e-01,,
9,2.51500000e+01,-5.04006761e+00,8.743465e-01,2.319480e-01,6.490171e-01,4.973226e-01,,
10,2.51500000e+01,-5.05352856e+00,8.743465e-01,2.260397e-01,6.260144e-01,5.024631e-01,,
11,2.51500000e+01,-5.06954102e+00,8.743465e-01,2.191442e-01,6.045227e-01,5.044534e-01,,
12,2.51500000e+01,-5.08738160e+00,8.743465e-01,2.136085e-01,5.869683e-01,5.064161e-01,,
13,2.51500000e+01,-5.10446154e+00,8.743465e-01,2.087577e-01,5.730709e-01,5.069182e-01,,
14,2.51500000e+01,-5.11751815e+00,8.743465e-01,2.047521e-01,5.617624e-01,5.072002e-01,,
15,2.51500000e+01,-5.12444004e+00,8.743465e-01,2.013800e-01,5.528512e-01,5.068878e-01,,
16,2.51500000e+01,-5.12529471e+00,8.743465e-01,1.990980e-01,5.457886e-01,5.076285e-01,,
17,2.51500000e+01,-5.12228660e+00,8.743465e-01,1.979269e-01,5.407061e-01,5.093863e-01,,
18,2.51500000e+01,-5.11807435e+00,8.743465e-01,1.978411e-01,5.372713e-01,5.124206e-01,,
19,2.51500000e+01,-5.11446825e+00,8.743465e-01,1.985765e-01,5.350676e-01,5.164435e-01,,
20,2.51500000e+01,-5.11193814e+00,8.743465e-01,2.000827e-01,5.340390e-01,5.213631e-01,,
21,2.51500000e+01,-5.11032183e+00,8.743465e-01,2.020187e-01,5.339428e-01,5.265025e-01,,
22,2.51500000e+01,-5.10934178e+00,8.743465e-01,2.040897e-01,5.343763e-01,5.314686e-01,,
23,2.51500000e+01,-5.10873344e+00,8.743465e-01,2.061491e-01,5.352111e-01,5.359941e-01,,
24,2.51500000e+01,-5.10827052e+00,8.743465e-01,2.080706e-01,5.362793e-01,5.399123e-01,,
25,2.51500000e+01,-5.10778946e+00,8.743465e-01,2.097385e-01,5.374235e-01,5.430818e-01,,
26,2.51500000e+01,-5.10715707e+00,8.743465e-01,2.111306e-01,5.385501e-01,5.455426e-01,,
27,2.51500000e+01,-5.10640462e+00,8.743465e-01,2.122121e-01,5.395164e-01,5.473550e-01,,
28,2.51500000e+01,-5.10564207e+00,8.743465e-01,2.130484e-01,5.403196e-01,5.486953e-01,,
29,2.51500000e+01,-5.10498772e+00,8.743465e-01,2.136204e-01,5.408681e-01,5.496105e-01,,
30,2.51500000e+01,-5.10453375e+00,8.743465e-01,2.139647e-01,5.411775e-01,5.501816e-01,,
31,2.51500000e+01,-5.10428991e+00,8.743465e-01,2.141223e-01,5.412808e-01,5.504818e-01,,
32,2.51500000e+01,-5.10424362e+00,8.743465e-01,2.141556e-01,5.412439e-01,5.506050e-01,,
33,2.51500000e+01,-5.10441316e+00,8.743465e-01,2.140981e-01,5.411190e-01,5.505842e-01,,
34,2.51500000e+01,-5.10478605e+00,8.743465e-01,2.139840e-01,5.409598e-01,5.504527e-01,,
35,2.51500000e+01,-5.10529610e+00,8.743465e-01,2.137993e-01,5.407679e-01,5.501727e-01,,
36,2.51500000e+01,-5.10587176e+00,8.743465e-01,2.135901e-01,5.405916e-01,5.498135e-01,,
37,2.51500000e+01,-5.10644528e+00,8.743465e-01,2.133945e-01,5.404594e-01,5.494444e-01,,
38,2.51500000e+01,-5.10700467e+00,8.743465e-01,2.132249e-01,5.403736e-01,5.490950e-01,,
39,2.51500000e+01,-5.10750340e+00,8.743465e-01,2.130935e-01,5.403334e-01,5.487976e-01,,
40,2.51500000e+01,-5.10790969e+00,8.743465e-01,2.129841e-01,5.403206e-01,5.485286e-01,,
41,2.51500000e+01,-5.10823440e+00,8.743465e-01,2.129204e-01,5.403223e-01,5.483628e-01,,
42,2.51500000e+01,-5.10849510e+00,8.743465e-01,2.129090e-01,5.403485e-01,5.483069e-01,,
43,2.51500000e+01,-5.10870282e+00,8.743465e-01,2.129533e-01,5.404025e-01,5.483663e-01,,
44,2.51500000e+01,-5.10887133e+00,8.743465e-01,2.130128e-01,5.404566e-01,5.484646e-01,,
45,2.51500000e+01,-5.10901426e+00,8.743465e-01,2.130817e-01,5.405111e-01,5.485868e-01,,
46,2.51500000e+01,-5.10912249e+00,8.743465e-01,2.131723e-01,5.405749e-01,5.487550e-01,,
47,2.51500000e+01,-5.10921042e+00,8.743465e-01,2.133067e-01,5.406810e-01,5.489933e-01,,
48,2.51500000e+01,-5.10925466e+00,8.743465e-01,2.134537e-01,5.408138e-01,5.492367e-01,,
49,2.51500000e+01,-5.10929063e+00,8.743465e-01,2.135464e-01,5.409114e-01,5.493761e-01,,
50,2.51500000e+01,-5.10932912e+00,8.743465e-01,2.136026e-01,5.409888e-01,5.494422e-01,,
51,2.51500000e+01,-5.10936635e+00,8.743465e-01,2.136598e-01,5.410676e-01,5.495092e-01,,
52,2.51500000e+01,-5.10938187e+00,8.743465e-01,2.137314e-01,5.411600e-01,5.495994e-01,,
53,2.51500000e+01,-5.10940718e+00,8.743465e-01,2.138026e-01,5.412545e-01,5.496867e-01,,
54,2.51500000e+01,-5.10943728e+00,8.743465e-01,2.138347e-01,5.413137e-01,5.497090e-01,,
55,2.51500000e+01,-5.10947529e+00,8.743465e-01,2.138506e-01,5.413638e-01,5.496990e-01,,
56,2.51500000e+01,-5.10950150e+00,8.743465e-01,2.138656e-01,5.413992e-01,5.497015e-01,,
57,2.51500000e+01,-5.10951595e+00,8.743465e-01,2.139029e-01,5.414469e-01,5.497490e-01,,
58,2.51500000e+01,-5.10953751e+00,8.743465e-01,2.139459e-01,5.414991e-01,5.498067e-01,,
59,2.51500000e+01,-5.10956442e+00,8.743465e-01,2.139643e-01,5.415241e-01,5.498286e-01,,
60,2.51500000e+01,-5.10957262e+00,8.743465e-01,2.139599e-01,5.415302e-01,5.498110e-01,,
61,2.51500000e+01,-5.10956490e+00,8.743465e-01,2.139636e-01,5.415338e-01,5.498168e-01,,
62,2.51500000e+01,-5.10954485e+00,8.743465e-01,2.139950e-01,5.415577e-01,5.498734e-01,,
63,2.51500000e+01,-5.10953244e+00,8.743465e-01,2.140266e-01,5.415834e-01,5.499282e-01,,
64,2.51500000e+01,-5.10952686e+00,8.743465e-01,2.140280e-01,5.415843e-01,5.499311e-01,,
65,2.51500000e+01,-5.10950109e+00,8.743465e-01,2.140118e-01,5.415617e-01,5.499123e-01,,
66,2.51500000e+01,-5.10946821e+00,8.743465e-01,2.140127e-01,5.415486e-01,5.499279e-01,,
67,2.51500000e+01,-5.10943175e+00,8.743465e-01,2.140396e-01,5.415593e-01,5.499864e-01,,
68,2.51500000e+01,-5.10941310e+00,8.743465e-01,2.140526e-01,5.415653e-01,5.500136e-01,,
69,2.51500000e+01,-5.10940472e+00,8.743465e-01,2.140364e-01,5.415502e-01,5.499873e-01,,
70,2.51500000e+01,-5.10938397e+00,8.743465e-01,2.140127e-01,5.415211e-01,5.499557e-01,,
71,2.51500000e+01,-5.10936036e+00,8.743465e-01,2.140175e-01,5.415138e-01,5.499755e-01,,
72,2.51500000e+01,-5.10934840e+00,8.743465e-01,2.140444e-01,5.415306e-01,5.500276e-01,,
73,2.51500000e+01,-5.10934497e+00,8.743465e-01,2.140414e-01,5.415303e-01,5.500203e-01,,
74,2.51500000e+01,-5.10934359e+00,8.743465e-01,2.140128e-01,5.415122e-01,5.499652e-01,,
75,2.51500000e+01,-5.10934036e+00,8.743465e-01,2.139940e-01,5.414961e-01,5.499333e-01,,
76,2.51500000e+01,-5.10933424e+00,8.743465e-01,2.140044e-01,5.415044e-01,5.499516e-01,,
77,2.51500000e+01,-5.10933886e+00,8.743465e-01,2.140257e-01,5.415242e-01,5.499862e-01,,
78,2.51500000e+01,-5.10935076e+00,8.743465e-01,2.140167e-01,5.415227e-01,5.499645e-01,,
79,2.51500000e+01,-5.10936067e+00,8.743465e-01,2.139903e-01,5.415058e-01,5.499140e-01,,
80,2.51500000e+01,-5.10936320e+00,8.743465e-01,2.139766e-01,5.414951e-01,5.498894e-01,,
81,2.51500000e+01,-5.10936649e+00,8.743465e-01,2.139921e-01,5.415103e-01,5.499140e-01,,
82,2.51500000e+01,-5.10936999e+00,8.743465e-01,2.140065e-01,5.415235e-01,5.499376e-01,,
83,2.51500000e+01,-5.10938119e+00,8.743465e-01,2.139993e-01,5.415196e-01,5.499230e-01,,
84,2.51500000e+01,-5.10938596e+00,8.743465e-01,2.139798e-01,5.415010e-01,5.498919e-01,,
85,2.51500000e+01,-5.10937605e+00,8.743465e-01,2.139725e-01,5.414898e-01,5.498844e-01,,
86,2.51500000e+01,-5.10936555e+00,8.743465e-01,2.139940e-01,5.415040e-01,5.499253e-01,,
87,2.51500000e+01,-5.10935746e+00,8.743465e-01,2.140081e-01,5.415129e-01,5.499524e-01,,
88,2.51500000e+01,-5.10934826e+00,8.743465e-01,2.139985e-01,5.415021e-01,5.499389e-01,,
89,2.51500000e+01,-5.10933664e+00,8.743465e-01,2.139846e-01,5.414825e-01,5.499230e-01,,
90,2.51500000e+01,-5.10931456e+00,8.743465e-01,2.139885e-01,5.414753e-01,5.499403e-01,,
91,2.51500000e+01,-5.10929502e+00,8.743465e-01,2.140156e-01,5.414920e-01,5.499930e-01,,
92,2.51500000e+01,-5.10928012e+00,8.743465e-01,2.140233e-01,5.414968e-01,5.500080e-01,,
93,2.51500000e+01,-5.10926733e+00,8.743465e-01,2.140061e-01,5.414809e-01,5.499797e-01,,
94,2.51500000e+01,-5.10925321e+00,8.743465e-01,2.139925e-01,5.414626e-01,5.499633e-01,,
95,2.51500000e+01,-5.10924465e+00,8.743465e-01,2.140073e-01,5.414691e-01,5.499949e-01,,
96,2.51500000e+01,-5.10923759e+00,8.743465e-01,2.140332e-01,5.414858e-01,5.500444e-01,,
97,2.51500000e+01,-5.10923454e+00,8.743465e-01,2.140309e-01,5.414844e-01,5.500399e-01,,
98,2.51500000e+01,-5.10923527e+00,8.743465e-01,2.140061e-01,5.414677e-01,5.499931e-01,,
99,2.51500000e+01,-5.10923512e+00,8.743465e-01,2.139923e-01,5.414554e-01,5.499701e-01,,
100,2.51500000e+01,-5.10923981e+00,8.743465e-01,2.140079e-01,5.414700e-01,5.499955e-01,,
101,2.51500000e+01,-5.10924521e+00,8.743465e-01,2.140240e-01,5.414835e-01,5.500231e-01,,
102,2.51500000e+01,-5.10925347e+00,8.743465e-01,2.140140e-01,5.414771e-01,5.500039e-01,,
103,2.51500000e+01,-5.10925961e+00,8.743465e-01,2.139892e-01,5.414586e-01,5.499589e-01,,
104,2.51500000e+01,-5.10926859e+00,8.743465e-01,2.139839e-01,5.414558e-01,5.499483e-01,,
105,2.51500000e+01,-5.10927737e+00,8.743465e-01,2.140002e-01,5.414737e-01,5.499720e-01,,
106,2.51500000e+01,-5.10928818e+00,8.743465e-01,2.140060e-01,5.414827e-01,5.499777e-01,,
107,2.51500000e+01,-5.10930230e+00,8.743465e-01,2.139904e-01,5.414741e-01,5.499463e-01,,
108,2.51500000e+01,-5.10930780e+00,8.743465e-01,2.139720e-01,5.414565e-01,5.499170e-01,,
109,2.51500000e+01,-5.10931165e+00,8.743465e-01,2.139732e-01,5.414566e-01,5.499201e-01,,
110,2.51500000e+01,-5.10931426e+00,8.743465e-01,2.139908e-01,5.414725e-01,5.499491e-01,,
111,2.51500000e+01,-5.10931594e+00,8.743465e-01,2.139931e-01,5.414765e-01,5.499508e-01,,
112,2.51500000e+01,-5.10931916e+00,8.743465e-01,2.139772e-01,5.414645e-01,5.499220e-01,,
113,2.51500000e+01,-5.10931597e+00,8.743465e-01,2.139630e-01,5.414489e-01,5.499016e-01,,
114,2.51500000e+01,-5.10930884e+00,8.743465e-01,2.139739e-01,5.414518e-01,5.499264e-01,,
115,2.51500000e+01,-5.10930305e+00,8.743465e-01,2.139964e-01,5.414672e-01,5.499687e-01,,
116,2.51500000e+01,-5.10929611e+00,8.743465e-01,2.139958e-01,5.414667e-01,5.499678e-01,,
117,2.51500000e+01,-5.10928883e+00,8.743465e-01,2.139771e-01,5.414509e-01,5.499357e-01,,
118,2.51500000e+01,-5.10927726e+00,8.743465e-01,2.139666e-01,5.414378e-01,5.499220e-01,,
119,2.51500000e+01,-5.10926924e+00,8.743465e-01,2.139845e-01,5.414495e-01,5.499561e-01,,
120,2.51500000e+01,-5.10926273e+00,8.743465e-01,2.140066e-01,5.414642e-01,5.499979e-01,,
121,2.51500000e+01,-5.10925858e+00,8.743465e-01,2.140035e-01,5.414604e-01,5.499938e-01,,
122,2.51500000e+01,-5.10925002e+00,8.743465e-01,2.139801e-01,5.414408e-01,5.499537e-01,,
123,2.51500000e+01,-5.10924460e+00,8.743465e-01,2.139745e-01,5.414345e-01,5.499458e-01,,
124,2.51500000e+01,-5.10924236e+00,8.743465e-01,2.139941e-01,5.414522e-01,5.499781e-01,,
125,2.51500000e+01,-5.10924290e+00,8.743465e-01,2.140059e-01,5.414634e-01,5.499972e-01,,
126,2.51500000e+01,-5.10924598e+00,8.743465e-01,2.139934e-01,5.414548e-01,5.499737e-01,,
127,2.51500000e+01,-5.10924588e+00,8.743465e-01,2.139750e-01,5.414375e-01,5.499439e-01,,
128,2.51500000e+01,-5.10924873e+00,8.743465e-01,2.139775e-01,5.414393e-01,5.499485e-01,,
129,2.51500000e+01,-5.10925338e+00,8.743465e-01,2.139961e-01,5.414582e-01,5.499772e-01,,
130,2.51500000e+01,-5.10925864e+00,8.743465e-01,2.139970e-01,5.414635e-01,5.499739e-01,,
131,2.51500000e+01,-5.10926708e+00,8.743465e-01,2.139787e-01,5.414527e-01,5.499380e-01,,
132,2.51500000e+01,-5.10927303e+00,8.743465e-01,2.139632e-01,5.414395e-01,5.499115e-01,,
133,2.51500000e+01,-5.10927705e+00,8.743465e-01,2.139718e-01,5.414456e-01,5.499274e-01,,
134,2.51500000e+01,-5.10928253e+00,8.743465e-01,2.139903e-01,5.414624e-01,5.499579e-01,,
135,2.51500000e+01,-5.10928865e+00,8.743465e-01,2.139861e-01,5.414631e-01,5.499466e-01,,
136,2.51500000e+01,-5.10929439e+00,8.743465e-01,2.139657e-01,5.414493e-01,5.499081e-01,,
137,2.51500000e+01,-5.10929827e+00,8.743465e-01,2.139560e-01,5.414405e-01,5.498919e-01,,
138,2.51500000e+01,-5.10930055e+00,8.743465e-01,2.139695e-01,5.414520e-01,5.499151e-01,,
139,2.51500000e+01,-5.10930215e+00,8.743465e-01,2.139872e-01,5.414648e-01,5.499476e-01,,
140,2.51500000e+01,-5.10930266e+00,8.743465e-01,2.139805e-01,5.414589e-01,5.499362e-01,,
141,2.51500000e+01,-5.10930089e+00,8.743465e-01,2.139616e-01,5.414425e-01,5.499045e-01,,
142,2.51500000e+01,-5.10929631e+00,8.743465e-01,2.139573e-01,5.414366e-01,5.498993e-01,,
143,2.51500000e+01,-5.10929219e+00,8.743465e-01,2.139764e-01,5.414520e-01,5.499328e-01,,
144,2.51500000e+01,-5.10928933e+00,8.743465e-01,2.139896e-01,5.414621e-01,5.499564e-01,,
145,2.51500000e+01,-5.10928806e+00,8.743465e-01,2.139812e-01,5.414540e-01,5.499432e-01,,
146,2.51500000e+01,-5.10928095e+00,8.743465e-01,2.139645e-01,5.414354e-01,5.499192e-01,,
147,2.51500000e+01,-5.10927496e+00,8.743465e-01,2.139674e-01,5.414341e-01,5.499277e-01,,
148,2.51500000e+01,-5.10927092e+00,8.743465e-01,2.139888e-01,5.414520e-01,5.499648e-01,,
149,2.51500000e+01,-5.10926645e+00,8.743465e-01,2.139939e-01,5.414574e-01,5.499724e-01,,
150,2.51500000e+01,-5.10926494e+00,8.743465e-01,2.139779e-01,5.414455e-01,5.499434e-01,,
151,2.51500000e+01,-5.10926154e+00,8.743465e-01,2.139639e-01,5.414307e-01,5.499223e-01,,
152,2.51500000e+01,-5.10925901e+00,8.743465e-01,2.139751e-01,5.414361e-01,5.499456e-01,,
153,2.51500000e+01,-5.10925908e+00,8.743465e-01,2.139973e-01,5.414545e-01,5.499840e-01,,
154,2.51500000e+01,-5.10926020e+00,8.743465e-01,2.139947e-01,5.414555e-01,5.499763e-01,,
155,2.51500000e+01,-5.10926136e+00,8.743465e-01,2.139726e-01,5.414405e-01,5.499348e-01,,
156,2.51500000e+01,-5.10926397e+00,8.743465e-01,2.139627e-01,5.414318e-01,5.499182e-01,,
157,2.51500000e+01,-5.10926789e+00,8.743465e-01,2.139778e-01,5.414452e-01,5.499433e-01,,
158,2.51500000e+01,-5.10927144e+00,8.743465e-01,2.139950e-01,5.414593e-01,5.499733e-01,,
159,2.51500000e+01,-5.10927483e+00,8.743465e-01,2.139857e-01,5.414535e-01,5.499553e-01,,
160,2.51500000e+01,-5.10927860e+00,8.743465e-01,2.139654e-01,5.414383e-01,5.499183e-01,,
161,2.51500000e+01,-5.10928198e+00,8.743465e-01,2.139602e-01,5.414347e-01,5.499088e-01,,
162,2.51500000e+01,-5.10928581e+00,8.743465e-01,2.139774e-01,5.414514e-01,5.499358e-01,,
163,2.51500000e+01,-5.10929072e+00,8.743465e-01,2.139874e-01,5.414618e-01,5.499510e-01,,
164,2.51500000e+01,-5.10929687e+00,8.743465e-01,2.139766e-01,5.414540e-01,5.499312e-01,,
165,2.51500000e+01,-5.10929772e+00,8.743465e-01,2.139586e-01,5.414366e-01,5.499026e-01,,
166,2.51500000e+01,-5.10929766e+00,8.743465e-01,2.139602e-01,5.414362e-01,5.499071e-01,,
167,2.51500000e+01,-5.10929835e+00,8.743465e-01,2.139799e-01,5.414536e-01,5.499401e-01,,
168,2.51500000e+01,-5.10929789e+00,8.743465e-01,2.139844e-01,5.414592e-01,5.499459e-01,,
169,2.51500000e+01,-5.10929933e+00,8.743465e-01,2.139688e-01,5.414479e-01,5.499175e-01,,
170,2.51500000e+01,-5.10929672e+00,8.743465e-01,2.139549e-01,5.414328e-01,5.498972e-01,,
171,2.51500000e+01,-5.10929222e+00,8.743465e-01,2.139651e-01,5.414364e-01,5.499197e-01,,
172,2.51500000e+01,-5.10929022e+00,8.743465e-01,2.139879e-01,5.414541e-01,5.499602e-01,,
173,2.51500000e+01,-5.10928786e+00,8.743465e-01,2.139875e-01,5.414554e-01,5.499579e-01,,
174,2.51500000e+01,-5.10928652e+00,8.743465e-01,2.139685e-01,5.414412e-01,5.499236e-01,,
175,2.51500000e+01,-5.10928172e+00,8.743465e-01,2.139571e-01,5.414289e-01,5.499065e-01,,
176,2.51500000e+01,-5.10927881e+00,8.743465e-01,2.139731e-01,5.414404e-01,5.499362e-01,,
177,2.51500000e+01,-5.10927653e+00,8.743465e-01,2.139946e-01,5.414556e-01,5.499759e-01,,
178,2.51500000e+01,-5.10927416e+00,8.743465e-01,2.139882e-01,5.414505e-01,5.499645e-01,,
179,2.51500000e+01,-5.10927193e+00,8.743465e-01,2.139680e-01,5.414343e-01,5.499292e-01,,
180,2.51500000e+01,-5.10926996e+00,8.743465e-01,2.139627e-01,5.414292e-01,5.499207e-01,,
181,2.51500000e+01,-5.10926979e+00,8.743465e-01,2.139815e-01,5.414461e-01,5.499518e-01,,
182,2.51500000e+01,-5.10927124e+00,8.743465e-01,2.139939e-01,5.414573e-01,5.499723e-01,,
183,2.51500000e+01,-5.10927456e+00,8.743465e-01,2.139835e-01,5.414496e-01,5.499535e-01,,
184,2.51500000e+01,-5.10927352e+00,8.743465e-01,2.139649e-01,5.414321e-01,5.499234e-01,,
185,2.51500000e+01,-5.10927416e+00,8.743465e-01,2.139664e-01,5.414324e-01,5.499270e-01,,
186,2.51500000e+01,-5.10927656e+00,8.743465e-01,2.139861e-01,5.414511e-01,5.499588e-01,,
187,2.51500000e+01,-5.10927860e+00,8.743465e-01,2.139899e-01,5.414573e-01,5.499621e-01,,
188,2.51500000e+01,-5.10928320e+00,8.743465e-01,2.139733e-01,5.414466e-01,5.499304e-01,,
189,2.51500000e+01,-5.10928486e+00,8.743465e-01,2.139584e-01,5.414323e-01,5.499064e-01,,
190,2.51500000e+01,-5.10928489e+00,8.743465e-01,2.139673e-01,5.414370e-01,5.499247e-01,,
191,2.51500000e+01,-5.10928737e+00,8.743465e-01,2.139883e-01,5.414552e-01,5.499601e-01,,
192,2.51500000e+01,-5.10929006e+00,8.743465e-01,2.139866e-01,5.414571e-01,5.499537e-01,,
193,2.51500000e+01,-5.10929200e+00,8.743465e-01,2.139661e-01,5.414429e-01,5.499154e-01,,
194,2.51500000e+01,-5.10929306e+00,8.743465e-01,2.139561e-01,5.414333e-01,5.498996e-01,,
195,2.51500000e+01,-5.10929367e+00,8.743465e-01,2.139704e-01,5.414447e-01,5.499249e-01,,
196,2.51500000e+01,-5.10929394e+00,8.743465e-01,2.139901e-01,5.414589e-01,5.499609e-01,,
197,2.51500000e+01,-5.10929370e+00,8.743465e-01,2.139836e-01,5.414542e-01,5.499492e-01,,
198,2.51500000e+01,-5.10929255e+00,8.743465e-01,2.139640e-01,5.414383e-01,5.499149e-01,,
199,2.51500000e+01,-5.10928986e+00,8.743465e-01,2.139587e-01,5.414326e-01,5.499069e-01,,
200,2.51500000e+01,-5.10928806e+00,8.743465e-01,2.139772e-01,5.414486e-01,5.499385e-01,,
201,2.51500000e+01,-5.10928737e+00,8.743465e-01,2.139908e-01,5.414597e-01,5.499620e-01,,
202,2.51500000e+01,-5.10928827e+00,8.743465e-01,2.139826e-01,5.414525e-01,5.499483e-01,,
203,2.51500000e+01,-5.10928385e+00,8.743465e-01,2.139645e-01,5.414345e-01,5.499200e-01,,
204,2.51500000e+01,-5.10928061e+00,8.743465e-01,2.139659e-01,5.414334e-01,5.499248e-01,,
205,2.51500000e+01,-5.10927934e+00,8.743465e-01,2.139868e-01,5.414518e-01,5.499596e-01,,
206,2.51500000e+01,-5.10927732e+00,8.743465e-01,2.139923e-01,5.414583e-01,5.499673e-01,,
207,2.51500000e+01,-5.10927795e+00,8.743465e-01,2.139767e-01,5.414473e-01,5.499384e-01,,
208,2.51500000e+01,-5.10927611e+00,8.743465e-01,2.139623e-01,5.414326e-01,5.499162e-01,,
209,2.51500000e+01,-5.10927372e+00,8.743465e-01,2.139717e-01,5.414368e-01,5.499362e-01,,
210,2.51500000e+01,-5.10927447e+00,8.743465e-01,2.139939e-01,5.414558e-01,5.499740e-01,,
211,2.51500000e+01,-5.10927555e+00,8.743465e-01,2.139926e-01,5.414579e-01,5.499685e-01,,
212,2.51500000e+01,-5.10927612e+00,8.743465e-01,2.139714e-01,5.414434e-01,5.499288e-01,,
213,2.51500000e+01,-5.10927730e+00,8.743465e-01,2.139611e-01,5.414338e-01,5.499121e-01,,
214,2.51500000e+01,-5.10927896e+00,8.743465e-01,2.139757e-01,5.414459e-01,5.499372e-01,,
215,2.51500000e+01,-5.10928045e+00,8.743465e-01,2.139948e-01,5.414606e-01,5.499715e-01,,
216,2.51500000e+01,-5.10928177e+00,8.743465e-01,2.139874e-01,5.414560e-01,5.499569e-01,,
217,2.51500000e+01,-5.10928326e+00,8.743465e-01,2.139670e-01,5.414407e-01,5.499201e-01,,
218,2.51500000e+01,-5.10928408e+00,8.743465e-01,2.139611e-01,5.414358e-01,5.499100e-01,,
219,2.51500000e+01,-5.10928553e+00,8.743465e-01,2.139787e-01,5.414520e-01,5.499386e-01,,
220,2.51500000e+01,-5.10928790e+00,8.743465e-01,2.139910e-01,5.414632e-01,5.499590e-01,,
221,2.51500000e+01,-5.10929163e+00,8.743465e-01,2.139821e-01,5.414562e-01,5.499433e-01,,
222,2.51500000e+01,-5.10929010e+00,8.743465e-01,2.139633e-01,5.414385e-01,5.499128e-01,,
223,2.51500000e+01,-5.10928881e+00,8.743465e-01,2.139640e-01,5.414374e-01,5.499156e-01,,
224,2.51500000e+01,-5.10928899e+00,8.743465e-01,2.139841e-01,5.414554e-01,5.499492e-01,,
225,2.51500000e+01,-5.10928803e+00,8.743465e-01,2.139897e-01,5.414619e-01,5.499569e-01,,
226,2.51500000e+01,-5.10928948e+00,8.743465e-01,2.139745e-01,5.414512e-01,5.499288e-01,,
227,2.51500000e+01,-5.10928748e+00,8.743465e-01,2.139602e-01,5.414361e-01,5.499074e-01,,
228,2.51500000e+01,-5.10928379e+00,8.743465e-01,2.139690e-01,5.414392e-01,5.499268e-01,,
229,2.51500000e+01,-5.10928340e+00,8.743465e-01,2.139916e-01,5.414578e-01,5.499659e-01,,
230,2.51500000e+01,-5.10928259e+00,8.743465e-01,2.139915e-01,5.414602e-01,5.499632e-01,,
231,2.51500000e+01,-5.10928320e+00,8.743465e-01,2.139726e-01,5.414468e-01,5.499283e-01,,
232,2.51500000e+01,-5.10928058e+00,8.743465e-01,2.139601e-01,5.414345e-01,5.499087e-01,,
233,2.51500000e+01,-5.10927907e+00,8.743465e-01,2.139749e-01,5.414453e-01,5.499358e-01,,
234,2.51500000e+01,-5.10927828e+00,8.743465e-01,2.139962e-01,5.414609e-01,5.499746e-01,,
235,2.51500000e+01,-5.10927752e+00,8.743465e-01,2.139900e-01,5.414569e-01,5.499628e-01,,
236,2.51500000e+01,-5.10927674e+00,8.743465e-01,2.139696e-01,5.414412e-01,5.499264e-01,,
237,2.51500000e+01,-5.10927563e+00,8.743465e-01,2.139633e-01,5.414355e-01,5.499160e-01,,
238,2.51500000e+01,-5.10927586e+00,8.743465e-01,2.139814e-01,5.414517e-01,5.499460e-01,,
239,2.51500000e+01,-5.10927725e+00,8.743465e-01,2.139949e-01,5.414634e-01,5.499689e-01,,
240,2.51500000e+01,-5.10928017e+00,8.743465e-01,2.139863e-01,5.414564e-01,5.499537e-01,,
241,2.51500000e+01,-5.10927823e+00,8.743465e-01,2.139668e-01,5.414386e-01,5.499218e-01,,
242,2.51500000e+01,-5.10927763e+00,8.743465e-01,2.139671e-01,5.414376e-01,5.499234e-01,,
243,2.51500000e+01,-5.10927893e+00,8.743465e-01,2.139871e-01,5.414562e-01,5.499560e-01,,
244,2.51500000e+01,-5.10927928e+00,8.743465e-01,2.139924e-01,5.414630e-01,5.499626e-01,,
245,2.51500000e+01,-5.10928234e+00,8.743465e-01,2.139770e-01,5.414527e-01,5.499336e-01,,
246,2.51500000e+01,-5.10928218e+00,8.743465e-01,2.139622e-01,5.414378e-01,5.499106e-01,,
247,2.51500000e+01,-5.10928028e+00,8.743465e-01,2.139701e-01,5.414410e-01,5.499277e-01,,
248,2.51500000e+01,-5.10928175e+00,8.743465e-01,2.139920e-01,5.414598e-01,5.499650e-01,,
249,2.51500000e+01,-5.10928284e+00,8.743465e-01,2.139916e-01,5.414625e-01,5.499612e-01,,
250,2.51500000e+01,-5.10928553e+00,8.743465e-01,2.139728e-01,5.414496e-01,5.499259e-01,,
251,2.51500000e+01,-5.10928459e+00,8.743465e-01,2.139598e-01,5.414374e-01,5.499051e-01,,
252,2.51500000e+01,-5.10928389e+00,8.743465e-01,2.139738e-01,5.414478e-01,5.499304e-01,,
253,2.51500000e+01,-5.10928388e+00,8.743465e-01,2.139947e-01,5.414632e-01,5.499683e-01,,
254,2.51500000e+01,-5.10928386e+00,8.743465e-01,2.139888e-01,5.414597e-01,5.499569e-01,,
255,2.51500000e+01,-5.10928334e+00,8.743465e-01,2.139686e-01,5.414441e-01,5.499207e-01,,
256,2.51500000e+01,-5.10928180e+00,8.743465e-01,2.139621e-01,5.414379e-01,5.499103e-01,,
257,2.51500000e+01,-5.10928125e+00,8.743465e-01,2.139800e-01,5.414535e-01,5.499404e-01,,
258,2.51500000e+01,-5.10928167e+00,8.743465e-01,2.139942e-01,5.414653e-01,5.499650e-01,,
259,2.51500000e+01,-5.10928353e+00,8.743465e-01,2.139867e-01,5.414586e-01,5.499525e-01,,
260,2.51500000e+01,-5.10928003e+00,8.743465e-01,2.139672e-01,5.414405e-01,5.499209e-01,,
261,2.51500000e+01,-5.10927769e+00,8.743465e-01,2.139671e-01,5.414387e-01,5.499225e-01,,
262,2.51500000e+01,-5.10927751e+00,8.743465e-01,2.139876e-01,5.414571e-01,5.499563e-01,,
263,2.51500000e+01,-5.10927627e+00,8.743465e-01,2.139938e-01,5.414642e-01,5.499652e-01,,
264,2.51500000e+01,-5.10927770e+00,8.743465e-01,2.139790e-01,5.414538e-01,5.499378e-01,,
265,2.51500000e+01,-5.10927614e+00,8.743465e-01,2.139643e-01,5.414386e-01,5.499155e-01,,
266,2.51500000e+01,-5.10927328e+00,8.743465e-01,2.139721e-01,5.414414e-01,5.499324e-01,,
267,2.51500000e+01,-5.10927429e+00,8.743465e-01,2.139944e-01,5.414606e-01,5.499703e-01,,
268,2.51500000e+01,-5.10927492e+00,8.743465e-01,2.139943e-01,5.414635e-01,5.499670e-01,,
269,2.51500000e+01,-5.10927734e+00,8.743465e-01,2.139752e-01,5.414505e-01,5.499313e-01,,
270,2.51500000e+01,-5.10927674e+00,8.743465e-01,2.139620e-01,5.414383e-01,5.499097e-01,,
271,2.51500000e+01,-5.10927678e+00,8.743465e-01,2.139758e-01,5.414488e-01,5.499346e-01,,
272,2.51500000e+01,-5.10927756e+00,8.743465e-01,2.139965e-01,5.414645e-01,5.499717e-01,,
273,2.51500000e+01,-5.10927846e+00,8.743465e-01,2.139903e-01,5.414612e-01,5.499592e-01,,
274,2.51500000e+01,-5.10927929e+00,8.743465e-01,2.139697e-01,5.414458e-01,5.499218e-01,,
275,2.51500000e+01,-5.10927944e+00,8.743465e-01,2.139629e-01,5.414399e-01,5.499104e-01,,
276,2.51500000e+01,-5.10928033e+00,8.743465e-01,2.139802e-01,5.414555e-01,5.499390e-01,,
277,2.51500000e+01,-5.10928205e+00,8.743465e-01,2.139940e-01,5.414672e-01,5.499626e-01,,
278,2.51500000e+01,-5.10928517e+00,8.743465e-01,2.139864e-01,5.414608e-01,5.499497e-01,,
279,2.51500000e+01,-5.10928289e+00,8.743465e-01,2.139666e-01,5.414428e-01,5.499171e-01,,
280,2.51500000e+01,-5.10928130e+00,8.743465e-01,2.139660e-01,5.414407e-01,5.499176e-01,,
281,2.51500000e+01,-5.10928169e+00,8.743465e-01,2.139862e-01,5.414589e-01,5.499508e-01,,
282,2.51500000e+01,-5.10928078e+00,8.743465e-01,2.139926e-01,5.414661e-01,5.499603e-01,,
283,2.51500000e+01,-5.10928240e+00,8.743465e-01,2.139783e-01,5.414558e-01,5.499337e-01,,
284,2.51500000e+01,-5.10928061e+00,8.743465e-01,2.139637e-01,5.414403e-01,5.499119e-01,,
285,2.51500000e+01,-5.10927699e+00,8.743465e-01,2.139708e-01,5.414425e-01,5.499281e-01,,
286,2.51500000e+01,-5.10927746e+00,8.743465e-01,2.139934e-01,5.414616e-01,5.499667e-01,,
287,2.51500000e+01,-5.10927717e+00,8.743465e-01,2.139939e-01,5.414647e-01,5.499650e-01,,
288,2.51500000e+01,-5.10927841e+00,8.743465e-01,2.139753e-01,5.414516e-01,5.499305e-01,,
289,2.51500000e+01,-5.10927657e+00,8.743465e-01,2.139621e-01,5.414389e-01,5.499093e-01,,
290,2.51500000e+01,-5.10927552e+00,8.743465e-01,2.139760e-01,5.414488e-01,5.499350e-01,,
291,2.51500000e+01,-5.10927539e+00,8.743465e-01,2.139974e-01,5.414647e-01,5.499738e-01,,
292,2.51500000e+01,-5.10927548e+00,8.743465e-01,2.139918e-01,5.414617e-01,5.499625e-01,,
293,2.51500000e+01,-5.10927536e+00,8.743465e-01,2.139711e-01,5.414461e-01,5.499251e-01,,
294,2.51500000e+01,-5.10927481e+00,8.743465e-01,2.139640e-01,5.414397e-01,5.499134e-01,,
295,2.51500000e+01,-5.10927540e+00,8.743465e-01,2.139814e-01,5.414553e-01,5.499423e-01,,
296,2.51500000e+01,-5.10927687e+00,8.743465e-01,2.139958e-01,5.414673e-01,5.499670e-01,,
297,2.51500000e+01,-5.10927992e+00,8.743465e-01,2.139884e-01,5.414610e-01,5.499544e-01,,
298,2.51500000e+01,-5.10927775e+00,8.743465e-01,2.139682e-01,5.414430e-01,5.499208e-01,,
299,2.51500000e+01,-5.10927672e+00,8.743465e-01,2.139671e-01,5.414408e-01,5.499203e-01,,
300,2.51500000e+01,-5.10927786e+00,8.743465e-01,2.139870e-01,5.414592e-01,5.499528e-01,,
301,2.51500000e+01,-5.10927767e+00,8.743465e-01,2.139935e-01,5.414665e-01,5.499620e-01,,
302,2.51500000e+01,-5.10928011e+00,8.743465e-01,2.139791e-01,5.414565e-01,5.499353e-01,,
303,2.51500000e+01,-5.10927915e+00,8.743465e-01,2.139643e-01,5.414410e-01,5.499127e-01,,
304,2.51500000e+01,-5.10927624e+00,8.743465e-01,2.139707e-01,5.414429e-01,5.499273e-01,,
305,2.51500000e+01,-5.10927758e+00,8.743465e-01,2.139930e-01,5.414621e-01,5.499652e-01,,
306,2.51500000e+01,-5.10927809e+00,8.743465e-01,2.139936e-01,5.414655e-01,5.499633e-01,,
307,2.51500000e+01,-5.10928015e+00,8.743465e-01,2.139751e-01,5.414526e-01,5.499288e-01,,
308,2.51500000e+01,-5.10927902e+00,8.743465e-01,2.139616e-01,5.414398e-01,5.499071e-01,,
309,2.51500000e+01,-5.10927815e+00,8.743465e-01,2.139751e-01,5.414493e-01,5.499321e-01,,
310,2.51500000e+01,-5.10927820e+00,8.743465e-01,2.139964e-01,5.414652e-01,5.499707e-01,,
311,2.51500000e+01,-5.10927848e+00,8.743465e-01,2.139911e-01,5.414625e-01,5.499600e-01,,
312,2.51500000e+01,-5.10927828e+00,8.743465e-01,2.139705e-01,5.414469e-01,5.499229e-01,,
313,2.51500000e+01,-5.10927743e+00,8.743465e-01,2.139633e-01,5.414402e-01,5.499111e-01,,
314,2.51500000e+01,-5.10927759e+00,8.743465e-01,2.139805e-01,5.414553e-01,5.499400e-01,,
315,2.51500000e+01,-5.10927853e+00,8.743465e-01,2.139954e-01,5.414675e-01,5.499659e-01,,
316,2.51500000e+01,-5.10928119e+00,8.743465e-01,2.139887e-01,5.414615e-01,5.499548e-01,,
317,2.51500000e+01,-5.10927846e+00,8.743465e-01,2.139684e-01,5.414433e-01,5.499211e-01,,
318,2.51500000e+01,-5.10927675e+00,8.743465e-01,2.139669e-01,5.414406e-01,5.499200e-01,,
319,2.51500000e+01,-5.10927526e+00,8.743465e-01,2.139869e-01,5.414587e-01,5.499529e-01,,
320,2.51500000e+01,-5.10927591e+00,8.743465e-01,2.139950e-01,5.414672e-01,5.499651e-01,,
321,2.51500000e+01,-5.10927879e+00,8.743465e-01,2.139806e-01,5.414570e-01,5.499384e-01,,
322,2.51500000e+01,-5.10927710e+00,8.743465e-01,2.139651e-01,5.414408e-01,5.499153e-01,,
323,2.51500000e+01,-5.10927623e+00,8.743465e-01,2.139732e-01,5.414447e-01,5.499319e-01,,
324,2.51500000e+01,-5.10927535e+00,8.743465e-01,2.139932e-01,5.414619e-01,5.499658e-01,,
325,2.51500000e+01,-5.10927516e+00,8.743465e-01,2.139936e-01,5.414648e-01,5.499639e-01,,
326,2.51500000e+01,-5.10927744e+00,8.743465e-01,2.139755e-01,5.414522e-01,5.499302e-01,,
327,2.51500000e+01,-5.10927672e+00,8.743465e-01,2.139622e-01,5.414397e-01,5.499088e-01,,
328,2.51500000e+01,-5.10927626e+00,8.743465e-01,2.139755e-01,5.414491e-01,5.499335e-01,,
329,2.51500000e+01,-5.10927670e+00,8.743465e-01,2.139967e-01,5.414651e-01,5.499718e-01,,
330,2.51500000e+01,-5.10927740e+00,8.743465e-01,2.139915e-01,5.414627e-01,5.499608e-01,,
331,2.51500000e+01,-5.10927764e+00,8.743465e-01,2.139708e-01,5.414472e-01,5.499233e-01,,
332,2.51500000e+01,-5.10927737e+00,8.743465e-01,2.139634e-01,5.414404e-01,5.499111e-01,,
333,2.51500000e+01,-5.10927798e+00,8.743465e-01,2.139802e-01,5.414554e-01,5.499391e-01,,
334,2.51500000e+01,-5.10927928e+00,8.743465e-01,2.139952e-01,5.414677e-01,5.499650e-01,,
335,2.51500000e+01,-5.10928240e+00,8.743465e-01,2.139885e-01,5.414620e-01,5.499539e-01,,
336,2.51500000e+01,-5.10928018e+00,8.743465e-01,2.139680e-01,5.414439e-01,5.499196e-01,,
337,2.51500000e+01,-5.10927877e+00,8.743465e-01,2.139661e-01,5.414410e-01,5.499176e-01,,
338,2.51500000e+01,-5.10927752e+00,8.743465e-01,2.139858e-01,5.414589e-01,5.499500e-01,,
339,2.51500000e+01,-5.10927831e+00,8.743465e-01,2.139942e-01,5.414675e-01,5.499628e-01,,
340,2.51500000e+01,-5.10928121e+00,8.743465e-01,2.139802e-01,5.414576e-01,5.499369e-01,,
341,2.51500000e+01,-5.10927936e+00,8.743465e-01,2.139648e-01,5.414411e-01,5.499140e-01,,
342,2.51500000e+01,-5.10927808e+00,8.743465e-01,2.139723e-01,5.414446e-01,5.499298e-01,,
343,2.51500000e+01,-5.10927700e+00,8.743465e-01,2.139924e-01,5.414619e-01,5.499639e-01,,
344,2.51500000e+01,-5.10927645e+00,8.743465e-01,2.139932e-01,5.414650e-01,5.499629e-01,,
345,2.51500000e+01,-5.10927826e+00,8.743465e-01,2.139754e-01,5.414524e-01,5.499298e-01,,
346,2.51500000e+01,-5.10927708e+00,8.743465e-01,2.139621e-01,5.414396e-01,5.499085e-01,,
347,2.51500000e+01,-5.10927607e+00,8.743465e-01,2.139754e-01,5.414486e-01,5.499336e-01,,
348,2.51500000e+01,-5.10927610e+00,8.743465e-01,2.139968e-01,5.414648e-01,5.499723e-01,,
349,2.51500000e+01,-5.10927649e+00,8.743465e-01,2.139920e-01,5.414627e-01,5.499621e-01,,
350,2.51500000e+01,-5.10927629e+00,8.743465e-01,2.139713e-01,5.414472e-01,5.499245e-01,,
351,2.51500000e+01,-5.10927578e+00,8.743465e-01,2.139636e-01,5.414401e-01,5.499121e-01,,
352,2.51500000e+01,-5.10927631e+00,8.743465e-01,2.139804e-01,5.414550e-01,5.499400e-01,,
353,2.51500000e+01,-5.10927757e+00,8.743465e-01,2.139957e-01,5.414675e-01,5.499666e-01,,
354,2.51500000e+01,-5.10928075e+00,8.743465e-01,2.139893e-01,5.414620e-01,5.499558e-01,,
355,2.51500000e+01,-5.10927875e+00,8.743465e-01,2.139685e-01,5.414439e-01,5.499206e-01,,
356,2.51500000e+01,-5.10927765e+00,8.743465e-01,2.139662e-01,5.414409e-01,5.499178e-01,,
357,2.51500000e+01,-5.10927679e+00,8.743465e-01,2.139857e-01,5.414587e-01,5.499498e-01,,
358,2.51500000e+01,-5.10927789e+00,8.743465e-01,2.139942e-01,5.414675e-01,5.499627e-01,,
359,2.51500000e+01,-5.10928113e+00,8.743465e-01,2.139804e-01,5.414578e-01,5.499372e-01,,
360,2.51500000e+01,-5.10927953e+00,8.743465e-01,2.139649e-01,5.414413e-01,5.499141e-01,,
361,2.51500000e+01,-5.10927844e+00,8.743465e-01,2.139718e-01,5.414445e-01,5.499287e-01,,
362,2.51500000e+01,-5.10927768e+00,8.743465e-01,2.139919e-01,5.414619e-01,5.499626e-01,,
363,2.51500000e+01,-5.10927735e+00,8.743465e-01,2.139930e-01,5.414652e-01,5.499620e-01,,
364,2.51500000e+01,-5.10927937e+00,8.743465e-01,2.139753e-01,5.414528e-01,5.499291e-01,,
365,2.51500000e+01,-5.10927835e+00,8.743465e-01,2.139619e-01,5.414399e-01,5.499078e-01,,
366,2.51500000e+01,-5.10927721e+00,8.743465e-01,2.139749e-01,5.414485e-01,5.499325e-01,,
367,2.51500000e+01,-5.10927715e+00,8.743465e-01,2.139964e-01,5.414647e-01,5.499712e-01,,
368,2.51500000e+01,-5.10927751e+00,8.743465e-01,2.139919e-01,5.414629e-01,5.499615e-01,,
369,2.51500000e+01,-5.10927714e+00,8.743465e-01,2.139712e-01,5.414474e-01,5.499241e-01,,
370,2.51500000e+01,-5.10927645e+00,8.743465e-01,2.139634e-01,5.414401e-01,5.499116e-01,,
371,2.51500000e+01,-5.10927677e+00,8.743465e-01,2.139800e-01,5.414547e-01,5.499393e-01,,
372,2.51500000e+01,-5.10927777e+00,8.743465e-01,2.139957e-01,5.414674e-01,5.499667e-01,,
373,2.51500000e+01,-5.10928080e+00,8.743465e-01,2.139897e-01,5.414621e-01,5.499566e-01,,
374,2.51500000e+01,-5.10927865e+00,8.743465e-01,2.139687e-01,5.414441e-01,5.499211e-01,,
375,2.51500000e+01,-5.10927736e+00,8.743465e-01,2.139661e-01,5.414407e-01,5.499178e-01,,
376,2.51500000e+01,-5.10927639e+00,8.743465e-01,2.139855e-01,5.414585e-01,5.499495e-01,,
377,2.51500000e+01,-5.10927733e+00,8.743465e-01,2.139944e-01,5.414675e-01,5.499634e-01,,
378,2.51500000e+01,-5.10928042e+00,8.743465e-01,2.139810e-01,5.414579e-01,5.499385e-01,,
379,2.51500000e+01,-5.10927867e+00,8.743465e-01,2.139654e-01,5.414413e-01,5.499154e-01,,
380,2.51500000e+01,-5.10927742e+00,8.743465e-01,2.139719e-01,5.414441e-01,5.499292e-01,,
381,2.51500000e+01,-5.10927671e+00,8.743465e-01,2.139920e-01,5.414616e-01,5.499631e-01,,
382,2.51500000e+01,-5.10927635e+00,8.743465e-01,2.139933e-01,5.414652e-01,5.499628e-01,,
383,2.51500000e+01,-5.10927834e+00,8.743465e-01,2.139758e-01,5.414529e-01,5.499302e-01,,
384,2.51500000e+01,-5.10927738e+00,8.743465e-01,2.139623e-01,5.414398e-01,5.499088e-01,,
385,2.51500000e+01,-5.10927625e+00,8.743465e-01,2.139750e-01,5.414482e-01,5.499331e-01,,
386,2.51500000e+01,-5.10927626e+00,8.743465e-01,2.139964e-01,5.414646e-01,5.499715e-01,,
387,2.51500000e+01,-5.10927680e+00,8.743465e-01,2.139921e-01,5.414631e-01,5.499620e-01,,
388,2.51500000e+01,-5.10927661e+00,8.743465e-01,2.139714e-01,5.414476e-01,5.499245e-01,,
389,2.51500000e+01,-5.10927617e+00,8.743465e-01,2.139635e-01,5.414401e-01,5.499117e-01,,
390,2.51500000e+01,-5.10927667e+00,8.743465e-01,2.139798e-01,5.414546e-01,5.499390e-01,,
391,2.51500000e+01,-5.10927777e+00,8.743465e-01,2.139957e-01,5.414674e-01,5.499667e-01,,
392,2.51500000e+01,-5.10928093e+00,8.743465e-01,2.139898e-01,5.414623e-01,5.499568e-01,,
393,2.51500000e+01,-5.10927903e+00,8.743465e-01,2.139687e-01,5.414443e-01,5.499208e-01,,
394,2.51500000e+01,-5.10927792e+00,8.743465e-01,2.139657e-01,5.414407e-01,5.499168e-01,,
395,2.51500000e+01,-5.10927717e+00,8.743465e-01,2.139849e-01,5.414584e-01,5.499482e-01,,
396,2.51500000e+01,-5.10927823e+00,8.743465e-01,2.139941e-01,5.414676e-01,5.499624e-01,,
397,2.51500000e+01,-5.10928143e+00,8.743465e-01,2.139810e-01,5.414583e-01,5.499382e-01,,
398,2.51500000e+01,-5.10927976e+00,8.743465e-01,2.139653e-01,5.414416e-01,5.499150e-01,,
399,2.51500000e+01,-5.10927842e+00,8.743465e-01,2.139713e-01,5.414440e-01,5.499279e-01,,
400,2.51500000e+01,-5.10927774e+00,8.743465e-01,2.139915e-01,5.414616e-01,5.499618e-01,,
401,2.51500000e+01,-5.10927729e+00,8.743465e-01,2.139931e-01,5.414654e-01,5.499621e-01,,
402,2.51500000e+01,-5.10927910e+00,8.743465e-01,2.139758e-01,5.414531e-01,5.499300e-01,,
403,2.51500000e+01,-5.10927793e+00,8.743465e-01,2.139622e-01,5.414399e-01,5.499086e-01,,
404,2.51500000e+01,-5.10927647e+00,8.743465e-01,2.139748e-01,5.414478e-01,5.499330e-01,,
405,2.51500000e+01,-5.10927626e+00,8.743465e-01,2.139963e-01,5.414644e-01,5.499715e-01,,
406,2.51500000e+01,-5.10927664e+00,8.743465e-01,2.139923e-01,5.414631e-01,5.499625e-01,,
407,2.51500000e+01,-5.10927626e+00,8.743465e-01,2.139716e-01,5.414477e-01,5.499247e-01,,
408,2.51500000e+01,-5.10927568e+00,8.743465e-01,2.139635e-01,5.414400e-01,5.499117e-01,,
409,2.51500000e+01,-5.10927611e+00,8.743465e-01,2.139797e-01,5.414542e-01,5.499390e-01,,
410,2.51500000e+01,-5.10927706e+00,8.743465e-01,2.139960e-01,5.414672e-01,5.499676e-01,,
411,2.51500000e+01,-5.10928011e+00,8.743465e-01,2.139903e-01,5.414623e-01,5.499581e-01,,
412,2.51500000e+01,-5.10927820e+00,8.743465e-01,2.139690e-01,5.414444e-01,5.499215e-01,,
413,2.51500000e+01,-5.10927712e+00,8.743465e-01,2.139657e-01,5.414406e-01,5.499170e-01,,
414,2.51500000e+01,-5.10927651e+00,8.743465e-01,2.139849e-01,5.414582e-01,5.499483e-01,,
415,2.51500000e+01,-5.10927766e+00,8.743465e-01,2.139942e-01,5.414676e-01,5.499628e-01,,
416,2.51500000e+01,-5.10928097e+00,8.743465e-01,2.139814e-01,5.414584e-01,5.499391e-01,,
417,2.51500000e+01,-5.10927949e+00,8.743465e-01,2.139656e-01,5.414417e-01,5.499155e-01,,
418,2.51500000e+01,-5.10927832e+00,8.743465e-01,2.139711e-01,5.414439e-01,5.499274e-01,,
419,2.51500000e+01,-5.10927794e+00,8.743465e-01,2.139911e-01,5.414615e-01,5.499610e-01,,
420,2.51500000e+01,-5.10927771e+00,8.743465e-01,2.139929e-01,5.414656e-01,5.499615e-01,,
421,2.51500000e+01,-5.10927973e+00,8.743465e-01,2.139758e-01,5.414535e-01,5.499297e-01,,
422,2.51500000e+01,-5.10927872e+00,8.743465e-01,2.139621e-01,5.414401e-01,5.499082e-01,,
423,2.51500000e+01,-5.10927718e+00,8.743465e-01,2.139745e-01,5.414476e-01,5.499323e-01,,
424,2.51500000e+01,-5.10927697e+00,8.743465e-01,2.139959e-01,5.414643e-01,5.499704e-01,,
425,2.51500000e+01,-5.10927741e+00,8.743465e-01,2.139922e-01,5.414634e-01,5.499618e-01,,
426,2.51500000e+01,-5.10927706e+00,8.743465e-01,2.139714e-01,5.414480e-01,5.499241e-01,,
427,2.51500000e+01,-5.10927646e+00,8.743465e-01,2.139632e-01,5.414401e-01,5.499109e-01,,
428,2.51500000e+01,-5.10927688e+00,8.743465e-01,2.139793e-01,5.414541e-01,5.499381e-01,,
429,2.51500000e+01,-5.10927765e+00,8.743465e-01,2.139959e-01,5.414672e-01,5.499675e-01,,
430,2.51500000e+01,-5.10928056e+00,8.743465e-01,2.139905e-01,5.414625e-01,5.499584e-01,,
431,2.51500000e+01,-5.10927853e+00,8.743465e-01,2.139691e-01,5.414446e-01,5.499215e-01,,
432,2.51500000e+01,-5.10927726e+00,8.743465e-01,2.139655e-01,5.414404e-01,5.499166e-01,,
433,2.51500000e+01,-5.10927653e+00,8.743465e-01,2.139846e-01,5.414580e-01,5.499479e-01,,
434,2.51500000e+01,-5.10927750e+00,8.743465e-01,2.139943e-01,5.414675e-01,5.499631e-01,,
435,2.51500000e+01,-5.10928063e+00,8.743465e-01,2.139818e-01,5.414585e-01,5.499402e-01,,
436,2.51500000e+01,-5.10927908e+00,8.743465e-01,2.139659e-01,5.414417e-01,5.499163e-01,,
437,2.51500000e+01,-5.10927790e+00,8.743465e-01,2.139710e-01,5.414436e-01,5.499274e-01,,
438,2.51500000e+01,-5.10927761e+00,8.743465e-01,2.139910e-01,5.414613e-01,5.499609e-01,,
439,2.51500000e+01,-5.10927741e+00,8.743465e-01,2.139930e-01,5.414656e-01,5.499617e-01,,
440,2.51500000e+01,-5.10927945e+00,8.743465e-01,2.139760e-01,5.414536e-01,5.499302e-01,,
441,2.51500000e+01,-5.10927848e+00,8.743465e-01,2.139623e-01,5.414401e-01,5.499087e-01,,
442,2.51500000e+01,-5.10927685e+00,8.743465e-01,2.139744e-01,5.414473e-01,5.499325e-01,,
443,2.51500000e+01,-5.10927665e+00,8.743465e-01,2.139958e-01,5.414641e-01,5.499703e-01,,
444,2.51500000e+01,-5.10927718e+00,8.743465e-01,2.139923e-01,5.414635e-01,5.499619e-01,,
445,2.51500000e+01,-5.10927693e+00,8.743465e-01,2.139715e-01,5.414483e-01,5.499240e-01,,
446,2.51500000e+01,-5.10927649e+00,8.743465e-01,2.139631e-01,5.414401e-01,5.499107e-01,,
447,2.51500000e+01,-5.10927708e+00,8.743465e-01,2.139791e-01,5.414539e-01,5.499377e-01,,
448,2.51500000e+01,-5.10927782e+00,8.743465e-01,2.139960e-01,5.414671e-01,5.499678e-01,,
449,2.51500000e+01,-5.10928077e+00,8.743465e-01,2.139907e-01,5.414627e-01,5.499588e-01,,
450,2.51500000e+01,-5.10927885e+00,8.743465e-01,2.139692e-01,5.414449e-01,5.499216e-01,,
451,2.51500000e+01,-5.10927760e+00,8.743465e-01,2.139653e-01,5.414404e-01,5.499159e-01,,
452,2.51500000e+01,-5.10927695e+00,8.743465e-01,2.139843e-01,5.414578e-01,5.499472e-01,,
453,2.51500000e+01,-5.10927792e+00,8.743465e-01,2.139942e-01,5.414675e-01,5.499628e-01,,
454,2.51500000e+01,-5.10928106e+00,8.743465e-01,2.139820e-01,5.414587e-01,5.499405e-01,,
455,2.51500000e+01,-5.10927955e+00,8.743465e-01,2.139659e-01,5.414419e-01,5.499162e-01,,
456,2.51500000e+01,-5.10927842e+00,8.743465e-01,2.139705e-01,5.414435e-01,5.499264e-01,,
457,2.51500000e+01,-5.10927819e+00,8.743465e-01,2.139906e-01,5.414612e-01,5.499599e-01,,
458,2.51500000e+01,-5.10927793e+00,8.743465e-01,2.139929e-01,5.414658e-01,5.499613e-01,,
459,2.51500000e+01,-5.10927986e+00,8.743465e-01,2.139761e-01,5.414539e-01,5.499301e-01,,
460,2.51500000e+01,-5.10927874e+00,8.743465e-01,2.139623e-01,5.414401e-01,5.499085e-01,,
461,2.51500000e+01,-5.10927684e+00,8.743465e-01,2.139743e-01,5.414469e-01,5.499324e-01,,
462,2.51500000e+01,-5.10927646e+00,8.743465e-01,2.139957e-01,5.414639e-01,5.499703e-01,,
463,2.51500000e+01,-5.10927687e+00,8.743465e-01,2.139925e-01,5.414636e-01,5.499624e-01,,
464,2.51500000e+01,-5.10927649e+00,8.743465e-01,2.139718e-01,5.414484e-01,5.499245e-01,,
465,2.51500000e+01,-5.10927595e+00,8.743465e-01,2.139632e-01,5.414400e-01,5.499110e-01,,
466,2.51500000e+01,-5.10927650e+00,8.743465e-01,2.139791e-01,5.414536e-01,5.499381e-01,,
467,2.51500000e+01,-5.10927710e+00,8.743465e-01,2.139964e-01,5.414670e-01,5.499689e-01,,
468,2.51500000e+01,-5.10927993e+00,8.743465e-01,2.139913e-01,5.414628e-01,5.499601e-01,,
469,2.51500000e+01,-5.10927802e+00,8.743465e-01,2.139696e-01,5.414450e-01,5.499224e-01,,
470,2.51500000e+01,-5.10927674e+00,8.743465e-01,2.139653e-01,5.414403e-01,5.499163e-01,,
471,2.51500000e+01,-5.10927620e+00,8.743465e-01,2.139842e-01,5.414576e-01,5.499473e-01,,
472,2.51500000e+01,-5.10927723e+00,8.743465e-01,2.139943e-01,5.414674e-01,5.499632e-01,,
473,2.51500000e+01,-5.10928046e+00,8.743465e-01,2.139825e-01,5.414589e-01,5.499414e-01,,
474,2.51500000e+01,-5.10927910e+00,8.743465e-01,2.139662e-01,5.414420e-01,5.499167e-01,,
475,2.51500000e+01,-5.10927818e+00,8.743465e-01,2.139703e-01,5.414433e-01,5.499259e-01,,
476,2.51500000e+01,-5.10927823e+00,8.743465e-01,2.139903e-01,5.414612e-01,5.499592e-01,,
477,2.51500000e+01,-5.10927816e+00,8.743465e-01,2.139928e-01,5.414660e-01,5.499608e-01,,
478,2.51500000e+01,-5.10928026e+00,8.743465e-01,2.139761e-01,5.414542e-01,5.499298e-01,,
479,2.51500000e+01,-5.10927928e+00,8.743465e-01,2.139622e-01,5.414403e-01,5.499081e-01,,
480,2.51500000e+01,-5.10927735e+00,8.743465e-01,2.139739e-01,5.414467e-01,5.499319e-01,,
481,2.51500000e+01,-5.10927700e+00,8.743465e-01,2.139954e-01,5.414638e-01,5.499696e-01,,
482,2.51500000e+01,-5.10927741e+00,8.743465e-01,2.139925e-01,5.414638e-01,5.499622e-01,,
483,2.51500000e+01,-5.10927698e+00,8.743465e-01,2.139717e-01,5.414486e-01,5.499243e-01,,
484,2.51500000e+01,-5.10927635e+00,8.743465e-01,2.139630e-01,5.414400e-01,5.499105e-01,,
485,2.51500000e+01,-5.10927678e+00,8.743465e-01,2.139789e-01,5.414534e-01,5.499377e-01,,
486,2.51500000e+01,-5.10927718e+00,8.743465e-01,2.139965e-01,5.414669e-01,5.499693e-01,,
487,2.51500000e+01,-5.10927981e+00,8.743465e-01,2.139916e-01,5.414629e-01,5.499608e-01,,
488,2.51500000e+01,-5.10927780e+00,8.743465e-01,2.139698e-01,5.414451e-01,5.499228e-01,,
489,2.51500000e+01,-5.10927637e+00,8.743465e-01,2.139652e-01,5.414401e-01,5.499161e-01,,
490,2.51500000e+01,-5.10927576e+00,8.743465e-01,2.139841e-01,5.414573e-01,5.499472e-01,,
491,2.51500000e+01,-5.10927665e+00,8.743465e-01,2.139945e-01,5.414673e-01,5.499637e-01,,
492,2.51500000e+01,-5.10927977e+00,8.743465e-01,2.139830e-01,5.414590e-01,5.499426e-01,,
493,2.51500000e+01,-5.10927835e+00,8.743465e-01,2.139665e-01,5.414420e-01,5.499175e-01,,
494,2.51500000e+01,-5.10927751e+00,8.743465e-01,2.139702e-01,5.414431e-01,5.499258e-01,,
495,2.51500000e+01,-5.10927770e+00,8.743465e-01,2.139902e-01,5.414610e-01,5.499590e-01,,
496,2.51500000e+01,-5.10927773e+00,8.743465e-01,2.139929e-01,5.414660e-01,5.499610e-01,,
497,2.51500000e+01,-5.10927998e+00,8.743465e-01,2.139763e-01,5.414544e-01,5.499301e-01,,
498,2.51500000e+01,-5.10927915e+00,8.743465e-01,2.139622e-01,5.414404e-01,5.499082e-01,,
499,2.51500000e+01,-5.10927731e+00,8.743465e-01,2.139737e-01,5.414464e-01,5.499316e-01,,
500,2.51500000e+01,-5.10927712e+00,8.743465e-01,2.139951e-01,5.414637e-01,5.499690e-01,,
501,2.51500000e+01,-5.10927767e+00,8.743465e-01,2.139925e-01,5.414640e-01,5.499619e-01,,
502,2.51500000e+01,-5.10927740e+00,8.743465e-01,2.139717e-01,5.414489e-01,5.499238e-01,,
503,2.51500000e+01,-5.10927687e+00,8.743465e-01,2.139628e-01,5.414401e-01,5.499099e-01,,
504,2.51500000e+01,-5.10927733e+00,8.743465e-01,2.139785e-01,5.414532e-01,5.499370e-01,,
505,2.51500000e+01,-5.10927765e+00,8.743465e-01,2.139964e-01,5.414669e-01,5.499692e-01,,
506,2.51500000e+01,-5.10927769e+00,8.743465e-01,2.139886e-01,5.414605e-01,5.499556e-01,,
507,2.51500000e+01,-5.10927717e+00,8.743465e-01,2.139693e-01,5.414446e-01,5.499222e-01,,
508,2.51500000e+01,-5.10927598e+00,8.743465e-01,2.139654e-01,5.414407e-01,5.499162e-01,,
509,2.51500000e+01,-5.10927565e+00,8.743465e-01,2.139841e-01,5.414576e-01,5.499468e-01,,
510,2.51500000e+01,-5.10927689e+00,8.743465e-01,2.139946e-01,5.414676e-01,5.499636e-01,,
511,2.51500000e+01,-5.10927998e+00,8.743465e-01,2.139833e-01,5.414592e-01,5.499432e-01,,
512,2.51500000e+01,-5.10927835e+00,8.743465e-01,2.139665e-01,5.414420e-01,5.499174e-01,,
513,2.51500000e+01,-5.10927732e+00,8.743465e-01,2.139698e-01,5.414429e-01,5.499251e-01,,
514,2.51500000e+01,-5.10927743e+00,8.743465e-01,2.139899e-01,5.414609e-01,5.499584e-01,,
515,2.51500000e+01,-5.10927731e+00,8.743465e-01,2.139930e-01,5.414661e-01,5.499612e-01,,
516,2.51500000e+01,-5.10927948e+00,8.743465e-01,2.139765e-01,5.414545e-01,5.499305e-01,,
517,2.51500000e+01,-5.10927860e+00,8.743465e-01,2.139624e-01,5.414403e-01,5.499086e-01,,
518,2.51500000e+01,-5.10927672e+00,8.743465e-01,2.139736e-01,5.414461e-01,5.499315e-01,,
519,2.51500000e+01,-5.10927663e+00,8.743465e-01,2.139951e-01,5.414635e-01,5.499691e-01,,
520,2.51500000e+01,-5.10927725e+00,8.743465e-01,2.139926e-01,5.414641e-01,5.499622e-01,,
521,2.51500000e+01,-5.10927710e+00,8.743465e-01,2.139718e-01,5.414491e-01,5.499240e-01,,
522,2.51500000e+01,-5.10927672e+00,8.743465e-01,2.139627e-01,5.414401e-01,5.499097e-01,,
523,2.51500000e+01,-5.10927728e+00,8.743465e-01,2.139783e-01,5.414530e-01,5.499367e-01,,
524,2.51500000e+01,-5.10927766e+00,8.743465e-01,2.139965e-01,5.414668e-01,5.499695e-01,,
525,2.51500000e+01,-5.10927773e+00,8.743465e-01,2.139888e-01,5.414607e-01,5.499558e-01,,
526,2.51500000e+01,-5.10927734e+00,8.743465e-01,2.139693e-01,5.414448e-01,5.499219e-01,,
527,2.51500000e+01,-5.10927630e+00,8.743465e-01,2.139651e-01,5.414407e-01,5.499152e-01,,
528,2.51500000e+01,-5.10927612e+00,8.743465e-01,2.139836e-01,5.414575e-01,5.499458e-01,,
529,2.51500000e+01,-5.10927747e+00,8.743465e-01,2.139944e-01,5.414677e-01,5.499631e-01,,
530,2.51500000e+01,-5.10928060e+00,8.743465e-01,2.139835e-01,5.414595e-01,5.499434e-01,,
531,2.51500000e+01,-5.10927896e+00,8.743465e-01,2.139664e-01,5.414422e-01,5.499171e-01,,
532,2.51500000e+01,-5.10927794e+00,8.743465e-01,2.139693e-01,5.414428e-01,5.499240e-01,,
533,2.51500000e+01,-5.10927811e+00,8.743465e-01,2.139894e-01,5.414608e-01,5.499574e-01,,
534,2.51500000e+01,-5.10927793e+00,8.743465e-01,2.139929e-01,5.414662e-01,5.499608e-01,,
535,2.51500000e+01,-5.10928007e+00,8.743465e-01,2.139765e-01,5.414547e-01,5.499304e-01,,
536,2.51500000e+01,-5.10927913e+00,8.743465e-01,2.139623e-01,5.414404e-01,5.499084e-01,,
537,2.51500000e+01,-5.10927715e+00,8.743465e-01,2.139732e-01,5.414458e-01,5.499308e-01,,
538,2.51500000e+01,-5.10927717e+00,8.743465e-01,2.139948e-01,5.414634e-01,5.499684e-01,,
539,2.51500000e+01,-5.10927777e+00,8.743465e-01,2.139926e-01,5.414643e-01,5.499620e-01,,
540,2.51500000e+01,-5.10927756e+00,8.743465e-01,2.139718e-01,5.414493e-01,5.499237e-01,,
541,2.51500000e+01,-5.10927715e+00,8.743465e-01,2.139625e-01,5.414401e-01,5.499093e-01,,
542,2.51500000e+01,-5.10927760e+00,8.743465e-01,2.139780e-01,5.414527e-01,5.499362e-01,,
543,2.51500000e+01,-5.10927779e+00,8.743465e-01,2.139966e-01,5.414666e-01,5.499699e-01,,
544,2.51500000e+01,-5.10927771e+00,8.743465e-01,2.139890e-01,5.414608e-01,5.499563e-01,,
545,2.51500000e+01,-5.10927729e+00,8.743465e-01,2.139694e-01,5.414450e-01,5.499220e-01,,
546,2.51500000e+01,-5.10927621e+00,8.743465e-01,2.139649e-01,5.414406e-01,5.499148e-01,,
547,2.51500000e+01,-5.10927604e+00,8.743465e-01,2.139833e-01,5.414573e-01,5.499453e-01,,
548,2.51500000e+01,-5.10927736e+00,8.743465e-01,2.139946e-01,5.414677e-01,5.499636e-01,,
549,2.51500000e+01,-5.10928041e+00,8.743465e-01,2.139840e-01,5.414597e-01,5.499446e-01,,
550,2.51500000e+01,-5.10927867e+00,8.743465e-01,2.139666e-01,5.414423e-01,5.499176e-01,,
551,2.51500000e+01,-5.10927762e+00,8.743465e-01,2.139692e-01,5.414425e-01,5.499239e-01,,
552,2.51500000e+01,-5.10927784e+00,8.743465e-01,2.139893e-01,5.414606e-01,5.499573e-01,,
553,2.51500000e+01,-5.10927764e+00,8.743465e-01,2.139931e-01,5.414662e-01,5.499613e-01,,
554,2.51500000e+01,-5.10927981e+00,8.743465e-01,2.139768e-01,5.414549e-01,5.499309e-01,,
555,2.51500000e+01,-5.10927896e+00,8.743465e-01,2.139625e-01,5.414405e-01,5.499088e-01,,
556,2.51500000e+01,-5.10927701e+00,8.743465e-01,2.139729e-01,5.414455e-01,5.499304e-01,,
557,2.51500000e+01,-5.10927727e+00,8.743465e-01,2.139946e-01,5.414634e-01,5.499680e-01,,
558,2.51500000e+01,-5.10927800e+00,8.743465e-01,2.139927e-01,5.414645e-01,5.499620e-01,,
559,2.51500000e+01,-5.10927791e+00,8.743465e-01,2.139718e-01,5.414496e-01,5.499236e-01,,
560,2.51500000e+01,-5.10927759e+00,8.743465e-01,2.139624e-01,5.414402e-01,5.499088e-01,,
561,2.51500000e+01,-5.10927799e+00,8.743465e-01,2.139777e-01,5.414525e-01,5.499355e-01,,
562,2.51500000e+01,-5.10927806e+00,8.743465e-01,2.139967e-01,5.414666e-01,5.499702e-01,,
563,2.51500000e+01,-5.10927787e+00,8.743465e-01,2.139893e-01,5.414610e-01,5.499568e-01,,
564,2.51500000e+01,-5.10927741e+00,8.743465e-01,2.139695e-01,5.414451e-01,5.499221e-01,,
565,2.51500000e+01,-5.10927624e+00,8.743465e-01,2.139647e-01,5.414404e-01,5.499144e-01,,
566,2.51500000e+01,-5.10927604e+00,8.743465e-01,2.139831e-01,5.414570e-01,5.499449e-01,,
567,2.51500000e+01,-5.10927724e+00,8.743465e-01,2.139948e-01,5.414677e-01,5.499642e-01,,
568,2.51500000e+01,-5.10928013e+00,8.743465e-01,2.139847e-01,5.414598e-01,5.499462e-01,,
569,2.51500000e+01,-5.10927817e+00,8.743465e-01,2.139670e-01,5.414423e-01,5.499185e-01,,
570,2.51500000e+01,-5.10927701e+00,8.743465e-01,2.139691e-01,5.414423e-01,5.499240e-01,,
571,2.51500000e+01,-5.10927720e+00,8.743465e-01,2.139893e-01,5.414604e-01,5.499574e-01,,
572,2.51500000e+01,-5.10927689e+00,8.743465e-01,2.139934e-01,5.414662e-01,5.499622e-01,,
573,2.51500000e+01,-5.10927901e+00,8.743465e-01,2.139772e-01,5.414549e-01,5.499319e-01,,
574,2.51500000e+01,-5.10927817e+00,8.743465e-01,2.139628e-01,5.414404e-01,5.499097e-01,,
575,2.51500000e+01,-5.10927621e+00,8.743465e-01,2.139729e-01,5.414452e-01,5.499307e-01,,
576,2.51500000e+01,-5.10927671e+00,8.743465e-01,2.139946e-01,5.414632e-01,5.499682e-01,,
577,2.51500000e+01,-5.10927756e+00,8.743465e-01,2.139930e-01,5.414647e-01,5.499625e-01,,
578,2.51500000e+01,-5.10927757e+00,8.743465e-01,2.139720e-01,5.414498e-01,5.499238e-01,,
579,2.51500000e+01,-5.10927741e+00,8.743465e-01,2.139623e-01,5.414402e-01,5.499086e-01,,
580,2.51500000e+01,-5.10927785e+00,8.743465e-01,2.139775e-01,5.414523e-01,5.499353e-01,,
581,2.51500000e+01,-5.10927797e+00,8.743465e-01,2.139968e-01,5.414665e-01,5.499706e-01,,
582,2.51500000e+01,-5.10927779e+00,8.743465e-01,2.139895e-01,5.414611e-01,5.499573e-01,,
583,2.51500000e+01,-5.10927738e+00,8.743465e-01,2.139696e-01,5.414453e-01,5.499222e-01,,
584,2.51500000e+01,-5.10927626e+00,8.743465e-01,2.139645e-01,5.414404e-01,5.499140e-01,,
585,2.51500000e+01,-5.10927612e+00,8.743465e-01,2.139828e-01,5.414569e-01,5.499444e-01,,
586,2.51500000e+01,-5.10927731e+00,8.743465e-01,2.139949e-01,5.414677e-01,5.499645e-01,,
587,2.51500000e+01,-5.10928014e+00,8.743465e-01,2.139852e-01,5.414600e-01,5.499473e-01,,
588,2.51500000e+01,-5.10927802e+00,8.743465e-01,2.139672e-01,5.414424e-01,5.499188e-01,,
589,2.51500000e+01,-5.10927680e+00,8.743465e-01,2.139689e-01,5.414420e-01,5.499236e-01,,
590,2.51500000e+01,-5.10927702e+00,8.743465e-01,2.139891e-01,5.414602e-01,5.499571e-01,,
591,2.51500000e+01,-5.10927661e+00,8.743465e-01,2.139936e-01,5.414662e-01,5.499625e-01,,
592,2.51500000e+01,-5.10927865e+00,8.743465e-01,2.139775e-01,5.414551e-01,5.499325e-01,,
593,2.51500000e+01,-5.10927778e+00,8.743465e-01,2.139630e-01,5.414404e-01,5.499102e-01,,
594,2.51500000e+01,-5.10927572e+00,8.743465e-01,2.139727e-01,5.414448e-01,5.499306e-01,,
595,2.51500000e+01,-5.10927637e+00,8.743465e-01,2.139946e-01,5.414631e-01,5.499682e-01,,
596,2.51500000e+01,-5.10927722e+00,8.743465e-01,2.139932e-01,5.414648e-01,5.499630e-01,,
597,2.51500000e+01,-5.10927725e+00,8.743465e-01,2.139723e-01,5.414500e-01,5.499243e-01,,
598,2.51500000e+01,-5.10927719e+00,8.743465e-01,2.139624e-01,5.414402e-01,5.499087e-01,,
599,2.51500000e+01,-5.10927762e+00,8.743465e-01,2.139773e-01,5.414520e-01,5.499351e-01,,
600,2.51500000e+01,-5.10927782e+00,8.743465e-01,2.139969e-01,5.414664e-01,5.499709e-01,,
601,2.51500000e+01,-5.10927772e+00,8.743465e-01,2.139898e-01,5.414613e-01,5.499577e-01,,
602,2.51500000e+01,-5.10927741e+00,8.743465e-01,2.139697e-01,5.414455e-01,5.499223e-01,,
603,2.51500000e+01,-5.10927637e+00,8.743465e-01,2.139643e-01,5.414404e-01,5.499134e-01,,
604,2.51500000e+01,-5.10927634e+00,8.743465e-01,2.139825e-01,5.414567e-01,5.499436e-01,,
605,2.51500000e+01,-5.10927755e+00,8.743465e-01,2.139950e-01,5.414677e-01,5.499646e-01,,
606,2.51500000e+01,-5.10928034e+00,8.743465e-01,2.139857e-01,5.414603e-01,5.499482e-01,,
607,2.51500000e+01,-5.10927813e+00,8.743465e-01,2.139673e-01,5.414425e-01,5.499189e-01,,
608,2.51500000e+01,-5.10927687e+00,8.743465e-01,2.139686e-01,5.414419e-01,5.499230e-01,,
609,2.51500000e+01,-5.10927716e+00,8.743465e-01,2.139888e-01,5.414601e-01,5.499565e-01,,
610,2.51500000e+01,-5.10927669e+00,8.743465e-01,2.139936e-01,5.414663e-01,5.499625e-01,,
611,2.51500000e+01,-5.10927875e+00,8.743465e-01,2.139777e-01,5.414553e-01,5.499328e-01,,
612,2.51500000e+01,-5.10927784e+00,8.743465e-01,2.139632e-01,5.414405e-01,5.499105e-01,,
613,2.51500000e+01,-5.10927566e+00,8.743465e-01,2.139725e-01,5.414445e-01,5.499303e-01,,
614,2.51500000e+01,-5.10927640e+00,8.743465e-01,2.139945e-01,5.414630e-01,5.499680e-01,,
615,2.51500000e+01,-5.10927716e+00,8.743465e-01,2.139934e-01,5.414649e-01,5.499633e-01,,
616,2.51500000e+01,-5.10927954e+00,8.743465e-01,2.139741e-01,5.414516e-01,5.499273e-01,,
617,2.51500000e+01,-5.10927836e+00,8.743465e-01,2.139618e-01,5.414398e-01,5.499076e-01,,
618,2.51500000e+01,-5.10927795e+00,8.743465e-01,2.139764e-01,5.414509e-01,5.499338e-01,,
619,2.51500000e+01,-5.10927800e+00,8.743465e-01,2.139967e-01,5.414660e-01,5.499707e-01,,
620,2.51500000e+01,-5.10927785e+00,8.743465e-01,2.139900e-01,5.414615e-01,5.499581e-01,,
621,2.51500000e+01,-5.10927764e+00,8.743465e-01,2.139699e-01,5.414458e-01,5.499223e-01,,
622,2.51500000e+01,-5.10927671e+00,8.743465e-01,2.139641e-01,5.414404e-01,5.499129e-01,,
623,2.51500000e+01,-5.10927681e+00,8.743465e-01,2.139822e-01,5.414566e-01,5.499429e-01,,
624,2.51500000e+01,-5.10927804e+00,8.743465e-01,2.139950e-01,5.414677e-01,5.499647e-01,,
625,2.51500000e+01,-5.10928081e+00,8.743465e-01,2.139861e-01,5.414605e-01,5.499490e-01,,
626,2.51500000e+01,-5.10927852e+00,8.743465e-01,2.139673e-01,5.414426e-01,5.499188e-01,,
627,2.51500000e+01,-5.10927719e+00,8.743465e-01,2.139682e-01,5.414417e-01,5.499221e-01,,
628,2.51500000e+01,-5.10927757e+00,8.743465e-01,2.139884e-01,5.414600e-01,5.499554e-01,,
629,2.51500000e+01,-5.10927706e+00,8.743465e-01,2.139935e-01,5.414664e-01,5.499622e-01,,
630,2.51500000e+01,-5.10927913e+00,8.743465e-01,2.139779e-01,5.414555e-01,5.499330e-01,,
631,2.51500000e+01,-5.10927814e+00,8.743465e-01,2.139633e-01,5.414406e-01,5.499106e-01,,
632,2.51500000e+01,-5.10927580e+00,8.743465e-01,2.139721e-01,5.414442e-01,5.499296e-01,,
633,2.51500000e+01,-5.10927660e+00,8.743465e-01,2.139942e-01,5.414628e-01,5.499675e-01,,
634,2.51500000e+01,-5.10927729e+00,8.743465e-01,2.139934e-01,5.414651e-01,5.499633e-01,,
635,2.51500000e+01,-5.10927960e+00,8.743465e-01,2.139743e-01,5.414518e-01,5.499275e-01,,
636,2.51500000e+01,-5.10927843e+00,8.743465e-01,2.139617e-01,5.414398e-01,5.499073e-01,,
637,2.51500000e+01,-5.10927797e+00,8.743465e-01,2.139761e-01,5.414507e-01,5.499333e-01,,
638,2.51500000e+01,-5.10927808e+00,8.743465e-01,2.139966e-01,5.414659e-01,5.499706e-01,,
639,2.51500000e+01,-5.10927805e+00,8.743465e-01,2.139902e-01,5.414617e-01,5.499582e-01,,
640,2.51500000e+01,-5.10927794e+00,8.743465e-01,2.139699e-01,5.414461e-01,5.499220e-01,,
641,2.51500000e+01,-5.10927708e+00,8.743465e-01,2.139638e-01,5.414404e-01,5.499121e-01,,
642,2.51500000e+01,-5.10927725e+00,8.743465e-01,2.139817e-01,5.414564e-01,5.499420e-01,,
643,2.51500000e+01,-5.10927848e+00,8.743465e-01,2.139950e-01,5.414678e-01,5.499646e-01,,
644,2.51500000e+01,-5.10928120e+00,8.743465e-01,2.139864e-01,5.414607e-01,5.499498e-01,,
645,2.51500000e+01,-5.10927882e+00,8.743465e-01,2.139673e-01,5.414428e-01,5.499188e-01,,
646,2.51500000e+01,-5.10927745e+00,8.743465e-01,2.139677e-01,5.414415e-01,5.499212e-01,,
647,2.51500000e+01,-5.10927790e+00,8.743465e-01,2.139880e-01,5.414598e-01,5.499546e-01,,
648,2.51500000e+01,-5.10927735e+00,8.743465e-01,2.139934e-01,5.414664e-01,5.499620e-01,,
649,2.51500000e+01,-5.10927943e+00,8.743465e-01,2.139781e-01,5.414558e-01,5.499334e-01,,
650,2.51500000e+01,-5.10927836e+00,8.743465e-01,2.139635e-01,5.414407e-01,5.499111e-01,,
651,2.51500000e+01,-5.10927582e+00,8.743465e-01,2.139718e-01,5.414439e-01,5.499292e-01,,
652,2.51500000e+01,-5.10927667e+00,8.743465e-01,2.139940e-01,5.414627e-01,5.499672e-01,,
653,2.51500000e+01,-5.10927723e+00,8.743465e-01,2.139936e-01,5.414651e-01,5.499635e-01,,
654,2.51500000e+01,-5.10927943e+00,8.743465e-01,2.139745e-01,5.414520e-01,5.499280e-01,,
655,2.51500000e+01,-5.10927828e+00,8.743465e-01,2.139617e-01,5.414398e-01,5.499074e-01,,
656,2.51500000e+01,-5.10927778e+00,8.743465e-01,2.139759e-01,5.414504e-01,5.499331e-01,,
657,2.51500000e+01,-5.10927798e+00,8.743465e-01,2.139966e-01,5.414658e-01,5.499707e-01,,
658,2.51500000e+01,-5.10927813e+00,8.743465e-01,2.139904e-01,5.414620e-01,5.499586e-01,,
659,2.51500000e+01,-5.10927813e+00,8.743465e-01,2.139700e-01,5.414463e-01,5.499220e-01,,
660,2.51500000e+01,-5.10927738e+00,8.743465e-01,2.139636e-01,5.414404e-01,5.499115e-01,,
661,2.51500000e+01,-5.10927762e+00,8.743465e-01,2.139813e-01,5.414562e-01,5.499412e-01,,
662,2.51500000e+01,-5.10927881e+00,8.743465e-01,2.139950e-01,5.414678e-01,5.499645e-01,,
663,2.51500000e+01,-5.10928146e+00,8.743465e-01,2.139869e-01,5.414609e-01,5.499507e-01,,
664,2.51500000e+01,-5.10927891e+00,8.743465e-01,2.139675e-01,5.414429e-01,5.499191e-01,,
665,2.51500000e+01,-5.10927740e+00,8.743465e-01,2.139675e-01,5.414413e-01,5.499207e-01,,
666,2.51500000e+01,-5.10927783e+00,8.743465e-01,2.139877e-01,5.414596e-01,5.499541e-01,,
667,2.51500000e+01,-5.10927717e+00,8.743465e-01,2.139936e-01,5.414664e-01,5.499623e-01,,
668,2.51500000e+01,-5.10927915e+00,8.743465e-01,2.139786e-01,5.414559e-01,5.499344e-01,,
669,2.51500000e+01,-5.10927793e+00,8.743465e-01,2.139639e-01,5.414407e-01,5.499121e-01,,
670,2.51500000e+01,-5.10927516e+00,8.743465e-01,2.139718e-01,5.414435e-01,5.499294e-01,,
671,2.51500000e+01,-5.10927605e+00,8.743465e-01,2.139940e-01,5.414625e-01,5.499675e-01,,
672,2.51500000e+01,-5.10927648e+00,8.743465e-01,2.139939e-01,5.414652e-01,5.499644e-01,,
673,2.51500000e+01,-5.10927857e+00,8.743465e-01,2.139750e-01,5.414520e-01,5.499291e-01,,
674,2.51500000e+01,-5.10927746e+00,8.743465e-01,2.139619e-01,5.414397e-01,5.499080e-01,,
675,2.51500000e+01,-5.10927697e+00,8.743465e-01,2.139759e-01,5.414501e-01,5.499335e-01,,
676,2.51500000e+01,-5.10927720e+00,8.743465e-01,2.139968e-01,5.414656e-01,5.499714e-01,,
677,2.51500000e+01,-5.10927758e+00,8.743465e-01,2.139908e-01,5.414621e-01,5.499594e-01,,
678,2.51500000e+01,-5.10927772e+00,8.743465e-01,2.139702e-01,5.414465e-01,5.499225e-01,,
679,2.51500000e+01,-5.10927715e+00,8.743465e-01,2.139635e-01,5.414404e-01,5.499115e-01,,
680,2.51500000e+01,-5.10927754e+00,8.743465e-01,2.139811e-01,5.414561e-01,5.499407e-01,,
681,2.51500000e+01,-5.10927884e+00,8.743465e-01,2.139951e-01,5.414678e-01,5.499647e-01,,
682,2.51500000e+01,-5.10928156e+00,8.743465e-01,2.139874e-01,5.414612e-01,5.499517e-01,,
683,2.51500000e+01,-5.10927899e+00,8.743465e-01,2.139676e-01,5.414430e-01,5.499194e-01,,
684,2.51500000e+01,-5.10927744e+00,8.743465e-01,2.139672e-01,5.414412e-01,5.499202e-01,,
685,2.51500000e+01,-5.10927794e+00,8.743465e-01,2.139874e-01,5.414595e-01,5.499534e-01,,
686,2.51500000e+01,-5.10927724e+00,8.743465e-01,2.139936e-01,5.414665e-01,5.499623e-01,,
687,2.51500000e+01,-5.10927918e+00,8.743465e-01,2.139789e-01,5.414562e-01,5.499351e-01,,
688,2.51500000e+01,-5.10927786e+00,8.743465e-01,2.139642e-01,5.414408e-01,5.499129e-01,,
689,2.51500000e+01,-5.10927487e+00,8.743465e-01,2.139715e-01,5.414432e-01,5.499292e-01,,
690,2.51500000e+01,-5.10927581e+00,8.743465e-01,2.139939e-01,5.414623e-01,5.499673e-01,,
691,2.51500000e+01,-5.10927611e+00,8.743465e-01,2.139941e-01,5.414652e-01,5.499648e-01,,
692,2.51500000e+01,-5.10927806e+00,8.743465e-01,2.139753e-01,5.414522e-01,5.499298e-01,,
693,2.51500000e+01,-5.10927686e+00,8.743465e-01,2.139620e-01,5.414396e-01,5.499084e-01,,
694,2.51500000e+01,-5.10927628e+00,8.743465e-01,2.139759e-01,5.414497e-01,5.499338e-01,,
695,2.51500000e+01,-5.10927654e+00,8.743465e-01,2.139970e-01,5.414654e-01,5.499720e-01,,
696,2.51500000e+01,-5.10927696e+00,8.743465e-01,2.139912e-01,5.414623e-01,5.499603e-01,,
697,2.51500000e+01,-5.10927713e+00,8.743465e-01,2.139705e-01,5.414467e-01,5.499231e-01,,
698,2.51500000e+01,-5.10927668e+00,8.743465e-01,2.139636e-01,5.414404e-01,5.499116e-01,,
699,2.51500000e+01,-5.10927719e+00,8.743465e-01,2.139810e-01,5.414559e-01,5.499406e-01,,
700,2.51500000e+01,-5.10927856e+00,8.743465e-01,2.139952e-01,5.414677e-01,5.499651e-01,,
701,2.51500000e+01,-5.10928144e+00,8.743465e-01,2.139878e-01,5.414614e-01,5.499527e-01,,
702,2.51500000e+01,-5.10927897e+00,8.743465e-01,2.139678e-01,5.414432e-01,5.499197e-01,,
703,2.51500000e+01,-5.10927750e+00,8.743465e-01,2.139670e-01,5.414411e-01,5.499196e-01,,
704,2.51500000e+01,-5.10927816e+00,8.743465e-01,2.139870e-01,5.414593e-01,5.499526e-01,,
705,2.51500000e+01,-5.10927752e+00,8.743465e-01,2.139936e-01,5.414666e-01,5.499621e-01,,
706,2.51500000e+01,-5.10927949e+00,8.743465e-01,2.139792e-01,5.414564e-01,5.499355e-01,,
707,2.51500000e+01,-5.10927812e+00,8.743465e-01,2.139644e-01,5.414409e-01,5.499132e-01,,
708,2.51500000e+01,-5.10927495e+00,8.743465e-01,2.139712e-01,5.414430e-01,5.499286e-01,,
709,2.51500000e+01,-5.10927599e+00,8.743465e-01,2.139936e-01,5.414621e-01,5.499667e-01,,
710,2.51500000e+01,-5.10927626e+00,8.743465e-01,2.139941e-01,5.414654e-01,5.499648e-01,,
711,2.51500000e+01,-5.10927811e+00,8.743465e-01,2.139755e-01,5.414524e-01,5.499301e-01,,
712,2.51500000e+01,-5.10927688e+00,8.743465e-01,2.139621e-01,5.414396e-01,5.499084e-01,,
713,2.51500000e+01,-5.10927617e+00,8.743465e-01,2.139757e-01,5.414494e-01,5.499337e-01,,
714,2.51500000e+01,-5.10927634e+00,8.743465e-01,2.139969e-01,5.414653e-01,5.499721e-01,,
715,2.51500000e+01,-5.10927676e+00,8.743465e-01,2.139914e-01,5.414624e-01,5.499609e-01,,
716,2.51500000e+01,-5.10927685e+00,8.743465e-01,2.139708e-01,5.414469e-01,5.499235e-01,,
717,2.51500000e+01,-5.10927639e+00,8.743465e-01,2.139636e-01,5.414403e-01,5.499117e-01,,
718,2.51500000e+01,-5.10927692e+00,8.743465e-01,2.139808e-01,5.414556e-01,5.499405e-01,,
719,2.51500000e+01,-5.10927824e+00,8.743465e-01,2.139954e-01,5.414677e-01,5.499656e-01,,
720,2.51500000e+01,-5.10928120e+00,8.743465e-01,2.139883e-01,5.414616e-01,5.499538e-01,,
721,2.51500000e+01,-5.10927880e+00,8.743465e-01,2.139681e-01,5.414434e-01,5.499201e-01,,
722,2.51500000e+01,-5.10927741e+00,8.743465e-01,2.139668e-01,5.414410e-01,5.499193e-01,,
723,2.51500000e+01,-5.10927823e+00,8.743465e-01,2.139867e-01,5.414592e-01,5.499520e-01,,
724,2.51500000e+01,-5.10927766e+00,8.743465e-01,2.139936e-01,5.414667e-01,5.499620e-01,,
725,2.51500000e+01,-5.10927968e+00,8.743465e-01,2.139795e-01,5.414566e-01,5.499360e-01,,
726,2.51500000e+01,-5.10927828e+00,8.743465e-01,2.139646e-01,5.414410e-01,5.499137e-01,,
727,2.51500000e+01,-5.10927768e+00,8.743465e-01,2.139730e-01,5.414452e-01,5.499310e-01,,
728,2.51500000e+01,-5.10927683e+00,8.743465e-01,2.139930e-01,5.414623e-01,5.499649e-01,,
729,2.51500000e+01,-5.10927648e+00,8.743465e-01,2.139933e-01,5.414649e-01,5.499631e-01,,
730,2.51500000e+01,-5.10927846e+00,8.743465e-01,2.139751e-01,5.414522e-01,5.499294e-01,,
731,2.51500000e+01,-5.10927733e+00,8.743465e-01,2.139619e-01,5.414396e-01,5.499080e-01,,
732,2.51500000e+01,-5.10927658e+00,8.743465e-01,2.139754e-01,5.414492e-01,5.499332e-01,,
733,2.51500000e+01,-5.10927677e+00,8.743465e-01,2.139967e-01,5.414651e-01,5.499718e-01,,
734,2.51500000e+01,-5.10927720e+00,8.743465e-01,2.139915e-01,5.414626e-01,5.499609e-01,,
735,2.51500000e+01,-5.10927715e+00,8.743465e-01,2.139709e-01,5.414470e-01,5.499236e-01,,
736,2.51500000e+01,-5.10927658e+00,8.743465e-01,2.139635e-01,5.414402e-01,5.499115e-01,,
737,2.51500000e+01,-5.10927700e+00,8.743465e-01,2.139805e-01,5.414554e-01,5.499400e-01,,
738,2.51500000e+01,-5.10927818e+00,8.743465e-01,2.139954e-01,5.414676e-01,5.499659e-01,,
739,2.51500000e+01,-5.10928114e+00,8.743465e-01,2.139887e-01,5.414617e-01,5.499546e-01,,
740,2.51500000e+01,-5.10927879e+00,8.743465e-01,2.139683e-01,5.414436e-01,5.499204e-01,,
741,2.51500000e+01,-5.10927740e+00,8.743465e-01,2.139666e-01,5.414409e-01,5.499188e-01,,
742,2.51500000e+01,-5.10927621e+00,8.743465e-01,2.139864e-01,5.414589e-01,5.499514e-01,,
743,2.51500000e+01,-5.10927710e+00,8.743465e-01,2.139945e-01,5.414674e-01,5.499637e-01,,
744,2.51500000e+01,-5.10928018e+00,8.743465e-01,2.139803e-01,5.414574e-01,5.499373e-01,,
745,2.51500000e+01,-5.10927857e+00,8.743465e-01,2.139648e-01,5.414411e-01,5.499142e-01,,
746,2.51500000e+01,-5.10927761e+00,8.743465e-01,2.139726e-01,5.414448e-01,5.499303e-01,,
747,2.51500000e+01,-5.10927673e+00,8.743465e-01,2.139926e-01,5.414620e-01,5.499642e-01,,
748,2.51500000e+01,-5.10927643e+00,8.743465e-01,2.139932e-01,5.414650e-01,5.499628e-01,,
749,2.51500000e+01,-5.10927853e+00,8.743465e-01,2.139753e-01,5.414524e-01,5.499294e-01,,
750,2.51500000e+01,-5.10927758e+00,8.743465e-01,2.139619e-01,5.414397e-01,5.499080e-01,,
751,2.51500000e+01,-5.10927678e+00,8.743465e-01,2.139753e-01,5.414489e-01,5.499330e-01,,
752,2.51500000e+01,-5.10927696e+00,8.743465e-01,2.139966e-01,5.414650e-01,5.499715e-01,,
753,2.51500000e+01,-5.10927744e+00,8.743465e-01,2.139917e-01,5.414627e-01,5.499611e-01,,
754,2.51500000e+01,-5.10927734e+00,8.743465e-01,2.139710e-01,5.414472e-01,5.499237e-01,,
755,2.51500000e+01,-5.10927680e+00,8.743465e-01,2.139634e-01,5.414402e-01,5.499114e-01,,
756,2.51500000e+01,-5.10927724e+00,8.743465e-01,2.139803e-01,5.414552e-01,5.499395e-01,,
757,2.51500000e+01,-5.10927840e+00,8.743465e-01,2.139954e-01,5.414676e-01,5.499659e-01,,
758,2.51500000e+01,-5.10928144e+00,8.743465e-01,2.139890e-01,5.414620e-01,5.499551e-01,,
759,2.51500000e+01,-5.10927920e+00,8.743465e-01,2.139683e-01,5.414439e-01,5.499204e-01,,
760,2.51500000e+01,-5.10927785e+00,8.743465e-01,2.139662e-01,5.414408e-01,5.499180e-01,,
761,2.51500000e+01,-5.10927672e+00,8.743465e-01,2.139859e-01,5.414587e-01,5.499503e-01,,
762,2.51500000e+01,-5.10927761e+00,8.743465e-01,2.139943e-01,5.414675e-01,5.499632e-01,,
763,2.51500000e+01,-5.10928063e+00,8.743465e-01,2.139804e-01,5.414576e-01,5.499375e-01,,
764,2.51500000e+01,-5.10927888e+00,8.743465e-01,2.139650e-01,5.414412e-01,5.499145e-01,,
765,2.51500000e+01,-5.10927772e+00,8.743465e-01,2.139722e-01,5.414445e-01,5.499297e-01,,
766,2.51500000e+01,-5.10927685e+00,8.743465e-01,2.139923e-01,5.414619e-01,5.499636e-01,,
767,2.51500000e+01,-5.10927648e+00,8.743465e-01,2.139932e-01,5.414651e-01,5.499627e-01,,
768,2.51500000e+01,-5.10927849e+00,8.743465e-01,2.139754e-01,5.414526e-01,5.499297e-01,,
769,2.51500000e+01,-5.10927751e+00,8.743465e-01,2.139620e-01,5.414398e-01,5.499083e-01,,
770,2.51500000e+01,-5.10927653e+00,8.743465e-01,2.139752e-01,5.414486e-01,5.499331e-01,,
771,2.51500000e+01,-5.10927661e+00,8.743465e-01,2.139966e-01,5.414648e-01,5.499717e-01,,
772,2.51500000e+01,-5.10927708e+00,8.743465e-01,2.139919e-01,5.414628e-01,5.499616e-01,,
773,2.51500000e+01,-5.10927691e+00,8.743465e-01,2.139712e-01,5.414474e-01,5.499241e-01,,
774,2.51500000e+01,-5.10927640e+00,8.743465e-01,2.139635e-01,5.414401e-01,5.499116e-01,,
775,2.51500000e+01,-5.10927690e+00,8.743465e-01,2.139801e-01,5.414549e-01,5.499393e-01,,
776,2.51500000e+01,-5.10927807e+00,8.743465e-01,2.139955e-01,5.414675e-01,5.499662e-01,,
777,2.51500000e+01,-5.10928122e+00,8.743465e-01,2.139894e-01,5.414621e-01,5.499559e-01,,
778,2.51500000e+01,-5.10927917e+00,8.743465e-01,2.139685e-01,5.414441e-01,5.499205e-01,,
779,2.51500000e+01,-5.10927796e+00,8.743465e-01,2.139660e-01,5.414408e-01,5.499174e-01,,
780,2.51500000e+01,-5.10927700e+00,8.743465e-01,2.139854e-01,5.414586e-01,5.499492e-01,,
781,2.51500000e+01,-5.10927796e+00,8.743465e-01,2.139942e-01,5.414675e-01,5.499627e-01,,
782,2.51500000e+01,-5.10928105e+00,8.743465e-01,2.139806e-01,5.414579e-01,5.499377e-01,,
783,2.51500000e+01,-5.10927928e+00,8.743465e-01,2.139651e-01,5.414413e-01,5.499146e-01,,
784,2.51500000e+01,-5.10927800e+00,8.743465e-01,2.139718e-01,5.414443e-01,5.499289e-01,,
785,2.51500000e+01,-5.10927717e+00,8.743465e-01,2.139920e-01,5.414617e-01,5.499629e-01,,
786,2.51500000e+01,-5.10927673e+00,8.743465e-01,2.139932e-01,5.414652e-01,5.499626e-01,,
787,2.51500000e+01,-5.10927863e+00,8.743465e-01,2.139756e-01,5.414528e-01,5.499299e-01,,
788,2.51500000e+01,-5.10927756e+00,8.743465e-01,2.139621e-01,5.414398e-01,5.499085e-01,,
789,2.51500000e+01,-5.10927638e+00,8.743465e-01,2.139751e-01,5.414483e-01,5.499331e-01,,
790,2.51500000e+01,-5.10927633e+00,8.743465e-01,2.139965e-01,5.414646e-01,5.499717e-01,,
791,2.51500000e+01,-5.10927675e+00,8.743465e-01,2.139921e-01,5.414630e-01,5.499621e-01,,
792,2.51500000e+01,-5.10927647e+00,8.743465e-01,2.139714e-01,5.414475e-01,5.499246e-01,,
793,2.51500000e+01,-5.10927593e+00,8.743465e-01,2.139635e-01,5.414400e-01,5.499119e-01,,
794,2.51500000e+01,-5.10927638e+00,8.743465e-01,2.139800e-01,5.414546e-01,5.499393e-01,,
795,2.51500000e+01,-5.10927749e+00,8.743465e-01,2.139957e-01,5.414674e-01,5.499669e-01,,
796,2.51500000e+01,-5.10928064e+00,8.743465e-01,2.139898e-01,5.414622e-01,5.499569e-01,,
797,2.51500000e+01,-5.10927868e+00,8.743465e-01,2.139687e-01,5.414442e-01,5.499210e-01,,
798,2.51500000e+01,-5.10927756e+00,8.743465e-01,2.139659e-01,5.414407e-01,5.499172e-01,,
799,2.51500000e+01,-5.10927678e+00,8.743465e-01,2.139852e-01,5.414585e-01,5.499488e-01,,
800,2.51500000e+01,-5.10927785e+00,8.743465e-01,2.139942e-01,5.414676e-01,5.499628e-01,,
801,2.51500000e+01,-5.10928107e+00,8.743465e-01,2.139809e-01,5.414581e-01,5.499382e-01,,
802,2.51500000e+01,-5.10927943e+00,8.743465e-01,2.139653e-01,5.414415e-01,5.499150e-01,,
803,2.51500000e+01,-5.10927816e+00,8.743465e-01,2.139715e-01,5.414441e-01,5.499283e-01,,
804,2.51500000e+01,-5.10927749e+00,8.743465e-01,2.139916e-01,5.414616e-01,5.499622e-01,,
805,2.51500000e+01,-5.10927710e+00,8.743465e-01,2.139931e-01,5.414653e-01,5.499622e-01,,
806,2.51500000e+01,-5.10927900e+00,8.743465e-01,2.139757e-01,5.414531e-01,5.499299e-01,,
807,2.51500000e+01,-5.10927792e+00,8.743465e-01,2.139622e-01,5.414399e-01,5.499085e-01,,
808,2.51500000e+01,-5.10927660e+00,8.743465e-01,2.139749e-01,5.414480e-01,5.499329e-01,,
809,2.51500000e+01,-5.10927646e+00,8.743465e-01,2.139963e-01,5.414645e-01,5.499713e-01,,
810,2.51500000e+01,-5.10927688e+00,8.743465e-01,2.139922e-01,5.414631e-01,5.499621e-01,,
811,2.51500000e+01,-5.10927653e+00,8.743465e-01,2.139715e-01,5.414477e-01,5.499246e-01,,
812,2.51500000e+01,-5.10927595e+00,8.743465e-01,2.139634e-01,5.414400e-01,5.499117e-01,,
813,2.51500000e+01,-5.10927635e+00,8.743465e-01,2.139797e-01,5.414544e-01,5.499389e-01,,
814,2.51500000e+01,-5.10927732e+00,8.743465e-01,2.139958e-01,5.414673e-01,5.499673e-01,,
815,2.51500000e+01,-5.10928039e+00,8.743465e-01,2.139901e-01,5.414623e-01,5.499576e-01,,
816,2.51500000e+01,-5.10927843e+00,8.743465e-01,2.139689e-01,5.414443e-01,5.499213e-01,,
817,2.51500000e+01,-5.10927732e+00,8.743465e-01,2.139658e-01,5.414406e-01,5.499170e-01,,
818,2.51500000e+01,-5.10927663e+00,8.743465e-01,2.139850e-01,5.414583e-01,5.499484e-01,,
819,2.51500000e+01,-5.10927773e+00,8.743465e-01,2.139942e-01,5.414676e-01,5.499628e-01,,
820,2.51500000e+01,-5.10928099e+00,8.743465e-01,2.139812e-01,5.414583e-01,5.499388e-01,,
821,2.51500000e+01,-5.10927944e+00,8.743465e-01,2.139655e-01,5.414416e-01,5.499154e-01,,
822,2.51500000e+01,-5.10927820e+00,8.743465e-01,2.139712e-01,5.414439e-01,5.499277e-01,,
823,2.51500000e+01,-5.10927770e+00,8.743465e-01,2.139913e-01,5.414615e-01,5.499615e-01,,
824,2.51500000e+01,-5.10927740e+00,8.743465e-01,2.139930e-01,5.414655e-01,5.499618e-01,,
825,2.51500000e+01,-5.10927936e+00,8.743465e-01,2.139758e-01,5.414533e-01,5.499299e-01,,
826,2.51500000e+01,-5.10927833e+00,8.743465e-01,2.139622e-01,5.414400e-01,5.499085e-01,,
827,2.51500000e+01,-5.10927686e+00,8.743465e-01,2.139747e-01,5.414477e-01,5.499326e-01,,
828,2.51500000e+01,-5.10927668e+00,8.743465e-01,2.139961e-01,5.414643e-01,5.499709e-01,,
829,2.51500000e+01,-5.10927712e+00,8.743465e-01,2.139922e-01,5.414633e-01,5.499621e-01,,
830,2.51500000e+01,-5.10927679e+00,8.743465e-01,2.139715e-01,5.414479e-01,5.499243e-01,,
831,2.51500000e+01,-5.10927621e+00,8.743465e-01,2.139633e-01,5.414400e-01,5.499112e-01,,
832,2.51500000e+01,-5.10927666e+00,8.743465e-01,2.139794e-01,5.414542e-01,5.499384e-01,,
833,2.51500000e+01,-5.10927751e+00,8.743465e-01,2.139959e-01,5.414672e-01,5.499674e-01,,
834,2.51500000e+01,-5.10928049e+00,8.743465e-01,2.139904e-01,5.414625e-01,5.499581e-01,,
835,2.51500000e+01,-5.10927850e+00,8.743465e-01,2.139690e-01,5.414445e-01,5.499215e-01,,
836,2.51500000e+01,-5.10927729e+00,8.743465e-01,2.139656e-01,5.414405e-01,5.499167e-01,,
837,2.51500000e+01,-5.10927659e+00,8.743465e-01,2.139847e-01,5.414581e-01,5.499481e-01,,
838,2.51500000e+01,-5.10927762e+00,8.743465e-01,2.139943e-01,5.414675e-01,5.499630e-01,,
839,2.51500000e+01,-5.10928080e+00,8.743465e-01,2.139816e-01,5.414585e-01,5.499396e-01,,
840,2.51500000e+01,-5.10927925e+00,8.743465e-01,2.139658e-01,5.414417e-01,5.499159e-01,,
841,2.51500000e+01,-5.10927805e+00,8.743465e-01,2.139710e-01,5.414437e-01,5.499274e-01,,
842,2.51500000e+01,-5.10927769e+00,8.743465e-01,2.139911e-01,5.414614e-01,5.499610e-01,,
843,2.51500000e+01,-5.10927746e+00,8.743465e-01,2.139930e-01,5.414656e-01,5.499617e-01,,
844,2.51500000e+01,-5.10927948e+00,8.743465e-01,2.139760e-01,5.414535e-01,5.499301e-01,,
845,2.51500000e+01,-5.10927850e+00,8.743465e-01,2.139622e-01,5.414401e-01,5.499086e-01,,
846,2.51500000e+01,-5.10927692e+00,8.743465e-01,2.139745e-01,5.414474e-01,5.499325e-01,,
847,2.51500000e+01,-5.10927672e+00,8.743465e-01,2.139959e-01,5.414642e-01,5.499705e-01,,
848,2.51500000e+01,-5.10927722e+00,8.743465e-01,2.139923e-01,5.414634e-01,5.499619e-01,,
849,2.51500000e+01,-5.10927694e+00,8.743465e-01,2.139715e-01,5.414482e-01,5.499241e-01,,
850,2.51500000e+01,-5.10927643e+00,8.743465e-01,2.139632e-01,5.414401e-01,5.499109e-01,,
851,2.51500000e+01,-5.10927696e+00,8.743465e-01,2.139792e-01,5.414540e-01,5.499379e-01,,
852,2.51500000e+01,-5.10927774e+00,8.743465e-01,2.139959e-01,5.414672e-01,5.499676e-01,,
853,2.51500000e+01,-5.10928068e+00,8.743465e-01,2.139906e-01,5.414626e-01,5.499586e-01,,
854,2.51500000e+01,-5.10927873e+00,8.743465e-01,2.139691e-01,5.414447e-01,5.499215e-01,,
855,2.51500000e+01,-5.10927750e+00,8.743465e-01,2.139654e-01,5.414405e-01,5.499162e-01,,
856,2.51500000e+01,-5.10927683e+00,8.743465e-01,2.139844e-01,5.414579e-01,5.499474e-01,,
857,2.51500000e+01,-5.10927781e+00,8.743465e-01,2.139942e-01,5.414675e-01,5.499629e-01,,
858,2.51500000e+01,-5.10928096e+00,8.743465e-01,2.139819e-01,5.414587e-01,5.499402e-01,,
859,2.51500000e+01,-5.10927944e+00,8.743465e-01,2.139659e-01,5.414418e-01,5.499162e-01,,
860,2.51500000e+01,-5.10927829e+00,8.743465e-01,2.139707e-01,5.414435e-01,5.499268e-01,,
861,2.51500000e+01,-5.10927803e+00,8.743465e-01,2.139908e-01,5.414613e-01,5.499603e-01,,
862,2.51500000e+01,-5.10927778e+00,8.743465e-01,2.139930e-01,5.414657e-01,5.499614e-01,,
863,2.51500000e+01,-5.10927974e+00,8.743465e-01,2.139761e-01,5.414538e-01,5.499301e-01,,
864,2.51500000e+01,-5.10927868e+00,8.743465e-01,2.139623e-01,5.414401e-01,5.499085e-01,,
865,2.51500000e+01,-5.10927689e+00,8.743465e-01,2.139743e-01,5.414471e-01,5.499324e-01,,
866,2.51500000e+01,-5.10927657e+00,8.743465e-01,2.139957e-01,5.414640e-01,5.499703e-01,,
867,2.51500000e+01,-5.10927702e+00,8.743465e-01,2.139924e-01,5.414635e-01,5.499622e-01,,
868,2.51500000e+01,-5.10927669e+00,8.743465e-01,2.139716e-01,5.414483e-01,5.499243e-01,,
869,2.51500000e+01,-5.10927618e+00,8.743465e-01,2.139631e-01,5.414400e-01,5.499109e-01,,
870,2.51500000e+01,-5.10927674e+00,8.743465e-01,2.139791e-01,5.414538e-01,5.499380e-01,,
871,2.51500000e+01,-5.10927740e+00,8.743465e-01,2.139962e-01,5.414671e-01,5.499684e-01,,
872,2.51500000e+01,-5.10928028e+00,8.743465e-01,2.139911e-01,5.414628e-01,5.499595e-01,,
873,2.51500000e+01,-5.10927836e+00,8.743465e-01,2.139694e-01,5.414449e-01,5.499221e-01,,
874,2.51500000e+01,-5.10927708e+00,8.743465e-01,2.139653e-01,5.414403e-01,5.499162e-01,,
875,2.51500000e+01,-5.10927649e+00,8.743465e-01,2.139843e-01,5.414577e-01,5.499473e-01,,
876,2.51500000e+01,-5.10927750e+00,8.743465e-01,2.139943e-01,5.414675e-01,5.499630e-01,,
877,2.51500000e+01,-5.10928070e+00,8.743465e-01,2.139823e-01,5.414588e-01,5.499410e-01,,
878,2.51500000e+01,-5.10927927e+00,8.743465e-01,2.139661e-01,5.414419e-01,5.499165e-01,,
879,2.51500000e+01,-5.10927826e+00,8.743465e-01,2.139704e-01,5.414434e-01,5.499262e-01,,
880,2.51500000e+01,-5.10927819e+00,8.743465e-01,2.139904e-01,5.414612e-01,5.499595e-01,,
881,2.51500000e+01,-5.10927803e+00,8.743465e-01,2.139929e-01,5.414659e-01,5.499610e-01,,
882,2.51500000e+01,-5.10928006e+00,8.743465e-01,2.139761e-01,5.414540e-01,5.499300e-01,,
883,2.51500000e+01,-5.10927901e+00,8.743465e-01,2.139622e-01,5.414402e-01,5.499083e-01,,
884,2.51500000e+01,-5.10927711e+00,8.743465e-01,2.139741e-01,5.414468e-01,5.499321e-01,,
885,2.51500000e+01,-5.10927674e+00,8.743465e-01,2.139955e-01,5.414638e-01,5.499700e-01,,
886,2.51500000e+01,-5.10927715e+00,8.743465e-01,2.139925e-01,5.414637e-01,5.499623e-01,,
887,2.51500000e+01,-5.10927675e+00,8.743465e-01,2.139718e-01,5.414485e-01,5.499245e-01,,
888,2.51500000e+01,-5.10927616e+00,8.743465e-01,2.139631e-01,5.414400e-01,5.499108e-01,,
889,2.51500000e+01,-5.10927664e+00,8.743465e-01,2.139790e-01,5.414535e-01,5.499380e-01,,
890,2.51500000e+01,-5.10927712e+00,8.743465e-01,2.139965e-01,5.414669e-01,5.499692e-01,,
891,2.51500000e+01,-5.10927984e+00,8.743465e-01,2.139915e-01,5.414629e-01,5.499605e-01,,
892,2.51500000e+01,-5.10927787e+00,8.743465e-01,2.139697e-01,5.414450e-01,5.499227e-01,,
893,2.51500000e+01,-5.10927650e+00,8.743465e-01,2.139653e-01,5.414402e-01,5.499163e-01,,
894,2.51500000e+01,-5.10927591e+00,8.743465e-01,2.139842e-01,5.414574e-01,5.499474e-01,,
895,2.51500000e+01,-5.10927687e+00,8.743465e-01,2.139944e-01,5.414674e-01,5.499635e-01,,
896,2.51500000e+01,-5.10928004e+00,8.743465e-01,2.139828e-01,5.414589e-01,5.499421e-01,,
897,2.51500000e+01,-5.10927866e+00,8.743465e-01,2.139664e-01,5.414420e-01,5.499172e-01,,
898,2.51500000e+01,-5.10927778e+00,8.743465e-01,2.139702e-01,5.414432e-01,5.499259e-01,,
899,2.51500000e+01,-5.10927792e+00,8.743465e-01,2.139902e-01,5.414611e-01,5.499591e-01,,
900,2.51500000e+01,-5.10927791e+00,8.743465e-01,2.139929e-01,5.414660e-01,5.499610e-01,,
901,2.51500000e+01,-5.10928009e+00,8.743465e-01,2.139762e-01,5.414543e-01,5.499300e-01,,
902,2.51500000e+01,-5.10927919e+00,8.743465e-01,2.139622e-01,5.414403e-01,5.499082e-01,,
903,2.51500000e+01,-5.10927730e+00,8.743465e-01,2.139738e-01,5.414466e-01,5.499317e-01,,
904,2.51500000e+01,-5.10927702e+00,8.743465e-01,2.139952e-01,5.414637e-01,5.499693e-01,,
905,2.51500000e+01,-5.10927750e+00,8.743465e-01,2.139925e-01,5.414639e-01,5.499621e-01,,
906,2.51500000e+01,-5.10927714e+00,8.743465e-01,2.139717e-01,5.414488e-01,5.499241e-01,,
907,2.51500000e+01,-5.10927655e+00,8.743465e-01,2.139629e-01,5.414400e-01,5.499102e-01,,
908,2.51500000e+01,-5.10927699e+00,8.743465e-01,2.139787e-01,5.414533e-01,5.499373e-01,,
909,2.51500000e+01,-5.10927735e+00,8.743465e-01,2.139965e-01,5.414669e-01,5.499693e-01,,
910,2.51500000e+01,-5.10927742e+00,8.743465e-01,2.139886e-01,5.414604e-01,5.499556e-01,,
911,2.51500000e+01,-5.10927689e+00,8.743465e-01,2.139694e-01,5.414445e-01,5.499224e-01,,
912,2.51500000e+01,-5.10927573e+00,8.743465e-01,2.139656e-01,5.414407e-01,5.499166e-01,,
913,2.51500000e+01,-5.10927540e+00,8.743465e-01,2.139843e-01,5.414577e-01,5.499474e-01,,
914,2.51500000e+01,-5.10927666e+00,8.743465e-01,2.139946e-01,5.414676e-01,5.499638e-01,,
915,2.51500000e+01,-5.10927981e+00,8.743465e-01,2.139832e-01,5.414591e-01,5.499429e-01,,
916,2.51500000e+01,-5.10927826e+00,8.743465e-01,2.139664e-01,5.414420e-01,5.499174e-01,,
917,2.51500000e+01,-5.10927728e+00,8.743465e-01,2.139699e-01,5.414430e-01,5.499254e-01,,
918,2.51500000e+01,-5.10927742e+00,8.743465e-01,2.139900e-01,5.414610e-01,5.499586e-01,,
919,2.51500000e+01,-5.10927738e+00,8.743465e-01,2.139930e-01,5.414661e-01,5.499610e-01,,
920,2.51500000e+01,-5.10927960e+00,8.743465e-01,2.139764e-01,5.414544e-01,5.499303e-01,,
921,2.51500000e+01,-5.10927876e+00,8.743465e-01,2.139623e-01,5.414404e-01,5.499084e-01,,
922,2.51500000e+01,-5.10927691e+00,8.743465e-01,2.139736e-01,5.414463e-01,5.499315e-01,,
923,2.51500000e+01,-5.10927679e+00,8.743465e-01,2.139951e-01,5.414636e-01,5.499690e-01,,
924,2.51500000e+01,-5.10927739e+00,8.743465e-01,2.139925e-01,5.414641e-01,5.499620e-01,,
925,2.51500000e+01,-5.10927720e+00,8.743465e-01,2.139717e-01,5.414490e-01,5.499239e-01,,
926,2.51500000e+01,-5.10927677e+00,8.743465e-01,2.139627e-01,5.414401e-01,5.499097e-01,,
927,2.51500000e+01,-5.10927729e+00,8.743465e-01,2.139784e-01,5.414531e-01,5.499368e-01,,
928,2.51500000e+01,-5.10927767e+00,8.743465e-01,2.139965e-01,5.414668e-01,5.499693e-01,,
929,2.51500000e+01,-5.10927773e+00,8.743465e-01,2.139887e-01,5.414606e-01,5.499556e-01,,
930,2.51500000e+01,-5.10927728e+00,8.743465e-01,2.139693e-01,5.414447e-01,5.499220e-01,,
931,2.51500000e+01,-5.10927618e+00,8.743465e-01,2.139653e-01,5.414407e-01,5.499157e-01,,
932,2.51500000e+01,-5.10927593e+00,8.743465e-01,2.139838e-01,5.414576e-01,5.499462e-01,,
933,2.51500000e+01,-5.10927723e+00,8.743465e-01,2.139945e-01,5.414677e-01,5.499633e-01,,
934,2.51500000e+01,-5.10928034e+00,8.743465e-01,2.139834e-01,5.414594e-01,5.499432e-01,,
935,2.51500000e+01,-5.10927871e+00,8.743465e-01,2.139664e-01,5.414421e-01,5.499172e-01,,
936,2.51500000e+01,-5.10927767e+00,8.743465e-01,2.139695e-01,5.414428e-01,5.499245e-01,,
937,2.51500000e+01,-5.10927781e+00,8.743465e-01,2.139897e-01,5.414608e-01,5.499579e-01,,
938,2.51500000e+01,-5.10927765e+00,8.743465e-01,2.139930e-01,5.414661e-01,5.499610e-01,,
939,2.51500000e+01,-5.10927979e+00,8.743465e-01,2.139765e-01,5.414546e-01,5.499304e-01,,
940,2.51500000e+01,-5.10927887e+00,8.743465e-01,2.139624e-01,5.414404e-01,5.499086e-01,,
941,2.51500000e+01,-5.10927692e+00,8.743465e-01,2.139734e-01,5.414459e-01,5.499311e-01,,
942,2.51500000e+01,-5.10927687e+00,8.743465e-01,2.139949e-01,5.414635e-01,5.499688e-01,,
943,2.51500000e+01,-5.10927747e+00,8.743465e-01,2.139926e-01,5.414642e-01,5.499621e-01,,
944,2.51500000e+01,-5.10927729e+00,8.743465e-01,2.139718e-01,5.414492e-01,5.499239e-01,,
945,2.51500000e+01,-5.10927691e+00,8.743465e-01,2.139626e-01,5.414401e-01,5.499095e-01,,
946,2.51500000e+01,-5.10927741e+00,8.743465e-01,2.139782e-01,5.414529e-01,5.499364e-01,,
947,2.51500000e+01,-5.10927771e+00,8.743465e-01,2.139966e-01,5.414667e-01,5.499697e-01,,
948,2.51500000e+01,-5.10927771e+00,8.743465e-01,2.139889e-01,5.414607e-01,5.499560e-01,,
949,2.51500000e+01,-5.10927732e+00,8.743465e-01,2.139694e-01,5.414449e-01,5.499219e-01,,
950,2.51500000e+01,-5.10927627e+00,8.743465e-01,2.139650e-01,5.414406e-01,5.499149e-01,,
951,2.51500000e+01,-5.10927610e+00,8.743465e-01,2.139835e-01,5.414574e-01,5.499455e-01,,
952,2.51500000e+01,-5.10927745e+00,8.743465e-01,2.139945e-01,5.414677e-01,5.499633e-01,,
953,2.51500000e+01,-5.10928054e+00,8.743465e-01,2.139838e-01,5.414596e-01,5.499440e-01,,
954,2.51500000e+01,-5.10927886e+00,8.743465e-01,2.139665e-01,5.414422e-01,5.499173e-01,,
955,2.51500000e+01,-5.10927782e+00,8.743465e-01,2.139692e-01,5.414426e-01,5.499239e-01,,
956,2.51500000e+01,-5.10927803e+00,8.743465e-01,2.139894e-01,5.414607e-01,5.499572e-01,,
957,2.51500000e+01,-5.10927784e+00,8.743465e-01,2.139930e-01,5.414662e-01,5.499610e-01,,
958,2.51500000e+01,-5.10927999e+00,8.743465e-01,2.139767e-01,5.414548e-01,5.499306e-01,,
959,2.51500000e+01,-5.10927910e+00,8.743465e-01,2.139624e-01,5.414405e-01,5.499085e-01,,
960,2.51500000e+01,-5.10927714e+00,8.743465e-01,2.139730e-01,5.414457e-01,5.499305e-01,,
961,2.51500000e+01,-5.10927729e+00,8.743465e-01,2.139946e-01,5.414634e-01,5.499681e-01,,
962,2.51500000e+01,-5.10927795e+00,8.743465e-01,2.139927e-01,5.414644e-01,5.499619e-01,,
963,2.51500000e+01,-5.10927780e+00,8.743465e-01,2.139718e-01,5.414495e-01,5.499236e-01,,
964,2.51500000e+01,-5.10927743e+00,8.743465e-01,2.139624e-01,5.414401e-01,5.499090e-01,,
965,2.51500000e+01,-5.10927784e+00,8.743465e-01,2.139778e-01,5.414526e-01,5.499359e-01,,
966,2.51500000e+01,-5.10927796e+00,8.743465e-01,2.139966e-01,5.414666e-01,5.499700e-01,,
967,2.51500000e+01,-5.10927779e+00,8.743465e-01,2.139891e-01,5.414609e-01,5.499565e-01,,
968,2.51500000e+01,-5.10927736e+00,8.743465e-01,2.139694e-01,5.414450e-01,5.499220e-01,,
969,2.51500000e+01,-5.10927623e+00,8.743465e-01,2.139648e-01,5.414405e-01,5.499145e-01,,
970,2.51500000e+01,-5.10927606e+00,8.743465e-01,2.139832e-01,5.414572e-01,5.499450e-01,,
971,2.51500000e+01,-5.10927733e+00,8.743465e-01,2.139947e-01,5.414677e-01,5.499638e-01,,
972,2.51500000e+01,-5.10928031e+00,8.743465e-01,2.139844e-01,5.414598e-01,5.499454e-01,,
973,2.51500000e+01,-5.10927846e+00,8.743465e-01,2.139668e-01,5.414423e-01,5.499180e-01,,
974,2.51500000e+01,-5.10927736e+00,8.743465e-01,2.139691e-01,5.414424e-01,5.499239e-01,,
975,2.51500000e+01,-5.10927757e+00,8.743465e-01,2.139893e-01,5.414605e-01,5.499573e-01,,
976,2.51500000e+01,-5.10927731e+00,8.743465e-01,2.139933e-01,5.414662e-01,5.499617e-01,,
977,2.51500000e+01,-5.10927946e+00,8.743465e-01,2.139770e-01,5.414549e-01,5.499314e-01,,
978,2.51500000e+01,-5.10927861e+00,8.743465e-01,2.139627e-01,5.414405e-01,5.499092e-01,,
979,2.51500000e+01,-5.10927666e+00,8.743465e-01,2.139729e-01,5.414453e-01,5.499305e-01,,
980,2.51500000e+01,-5.10927705e+00,8.743465e-01,2.139946e-01,5.414633e-01,5.499680e-01,,
981,2.51500000e+01,-5.10927784e+00,8.743465e-01,2.139928e-01,5.414646e-01,5.499622e-01,,
982,2.51500000e+01,-5.10927779e+00,8.743465e-01,2.139719e-01,5.414497e-01,5.499236e-01,,
983,2.51500000e+01,-5.10927756e+00,8.743465e-01,2.139623e-01,5.414402e-01,5.499087e-01,,
984,2.51500000e+01,-5.10927797e+00,8.743465e-01,2.139776e-01,5.414524e-01,5.499353e-01,,
985,2.51500000e+01,-5.10927806e+00,8.743465e-01,2.139968e-01,5.414665e-01,5.499704e-01,,
986,2.51500000e+01,-5.10927786e+00,8.743465e-01,2.139894e-01,5.414611e-01,5.499570e-01,,
987,2.51500000e+01,-5.10927740e+00,8.743465e-01,2.139696e-01,5.414452e-01,5.499221e-01,,
988,2.51500000e+01,-5.10927625e+00,8.743465e-01,2.139646e-01,5.414404e-01,5.499142e-01,,
989,2.51500000e+01,-5.10927607e+00,8.743465e-01,2.139829e-01,5.414569e-01,5.499446e-01,,
990,2.51500000e+01,-5.10927725e+00,8.743465e-01,2.139949e-01,5.414677e-01,5.499644e-01,,
991,2.51500000e+01,-5.10928011e+00,8.743465e-01,2.139850e-01,5.414599e-01,5.499468e-01,,
992,2.51500000e+01,-5.10927806e+00,8.743465e-01,2.139671e-01,5.414423e-01,5.499187e-01,,
993,2.51500000e+01,-5.10927687e+00,8.743465e-01,2.139690e-01,5.414421e-01,5.499238e-01,,
994,2.51500000e+01,-5.10927707e+00,8.743465e-01,2.139892e-01,5.414603e-01,5.499573e-01,,
995,2.51500000e+01,-5.10927671e+00,8.743465e-01,2.139935e-01,5.414662e-01,5.499624e-01,,
996,2.51500000e+01,-5.10927879e+00,8.743465e-01,2.139774e-01,5.414550e-01,5.499322e-01,,
997,2.51500000e+01,-5.10927795e+00,8.743465e-01,2.139629e-01,5.414404e-01,5.499099e-01,,
998,2.51500000e+01,-5.10927595e+00,8.743465e-01,2.139728e-01,5.414450e-01,5.499306e-01,,
999,2.51500000e+01,-5.10927654e+00,8.743465e-01,2.139946e-01,5.414632e-01,5.499682e-01,,
1000,2.51500000e+01,-5.10927740e+00,8.743465e-01,2.139931e-01,5.414648e-01,5.499627e-01,,
1001,2.51500000e+01,-5.10927743e+00,8.743465e-01,2.139722e-01,5.414499e-01,5.499240e-01,,
1002,2.51500000e+01,-5.10927733e+00,8.743465e-01,2.139623e-01,5.414402e-01,5.499087e-01,,
1003,2.51500000e+01,-5.10927777e+00,8.743465e-01,2.139774e-01,5.414522e-01,5.499351e-01,,
1004,2.51500000e+01,-5.10927792e+00,8.743465e-01,2.139969e-01,5.414665e-01,5.499707e-01,,
1005,2.51500000e+01,-5.10927778e+00,8.743465e-01,2.139897e-01,5.414613e-01,5.499575e-01,,
1006,2.51500000e+01,-5.10927741e+00,8.743465e-01,2.139697e-01,5.414454e-01,5.499222e-01,,
1007,2.51500000e+01,-5.10927632e+00,8.743465e-01,2.139644e-01,5.414404e-01,5.499137e-01,,
1008,2.51500000e+01,-5.10927622e+00,8.743465e-01,2.139826e-01,5.414568e-01,5.499440e-01,,
1009,2.51500000e+01,-5.10927742e+00,8.743465e-01,2.139950e-01,5.414677e-01,5.499645e-01,,
1010,2.51500000e+01,-5.10928021e+00,8.743465e-01,2.139855e-01,5.414602e-01,5.499478e-01,,
1011,2.51500000e+01,-5.10927803e+00,8.743465e-01,2.139672e-01,5.414424e-01,5.499189e-01,,
1012,2.51500000e+01,-5.10927677e+00,8.743465e-01,2.139687e-01,5.414419e-01,5.499233e-01,,
1013,2.51500000e+01,-5.10927703e+00,8.743465e-01,2.139890e-01,5.414602e-01,5.499568e-01,,
1014,2.51500000e+01,-5.10927658e+00,8.743465e-01,2.139936e-01,5.414662e-01,5.499626e-01,,
1015,2.51500000e+01,-5.10927862e+00,8.743465e-01,2.139776e-01,5.414552e-01,5.499327e-01,,
1016,2.51500000e+01,-5.10927772e+00,8.743465e-01,2.139631e-01,5.414405e-01,5.499104e-01,,
1017,2.51500000e+01,-5.10927560e+00,8.743465e-01,2.139726e-01,5.414447e-01,5.499306e-01,,
1018,2.51500000e+01,-5.10927630e+00,8.743465e-01,2.139945e-01,5.414630e-01,5.499682e-01,,
1019,2.51500000e+01,-5.10927711e+00,8.743465e-01,2.139933e-01,5.414649e-01,5.499632e-01,,
1020,2.51500000e+01,-5.10927710e+00,8.743465e-01,2.139724e-01,5.414500e-01,5.499245e-01,,
1021,2.51500000e+01,-5.10927706e+00,8.743465e-01,2.139624e-01,5.414402e-01,5.499088e-01,,
1022,2.51500000e+01,-5.10927746e+00,8.743465e-01,2.139772e-01,5.414519e-01,5.499350e-01,,
1023,2.51500000e+01,-5.10927768e+00,8.743465e-01,2.139970e-01,5.414664e-01,5.499711e-01,,
1024,2.51500000e+01,-5.10927762e+00,8.743465e-01,2.139900e-01,5.414614e-01,5.499580e-01,,
1025,2.51500000e+01,-5.10927738e+00,8.743465e-01,2.139698e-01,5.414456e-01,5.499223e-01,,
1026,2.51500000e+01,-5.10927641e+00,8.743465e-01,2.139642e-01,5.414404e-01,5.499132e-01,,
1027,2.51500000e+01,-5.10927646e+00,8.743465e-01,2.139823e-01,5.414566e-01,5.499433e-01,,
1028,2.51500000e+01,-5.10927769e+00,8.743465e-01,2.139950e-01,5.414677e-01,5.499647e-01,,
1029,2.51500000e+01,-5.10928047e+00,8.743465e-01,2.139859e-01,5.414604e-01,5.499487e-01,,
1030,2.51500000e+01,-5.10927822e+00,8.743465e-01,2.139673e-01,5.414426e-01,5.499190e-01,,
1031,2.51500000e+01,-5.10927693e+00,8.743465e-01,2.139684e-01,5.414418e-01,5.499226e-01,,
1032,2.51500000e+01,-5.10927728e+00,8.743465e-01,2.139886e-01,5.414600e-01,5.499560e-01,,
1033,2.51500000e+01,-5.10927681e+00,8.743465e-01,2.139936e-01,5.414663e-01,5.499623e-01,,
1034,2.51500000e+01,-5.10927889e+00,8.743465e-01,2.139778e-01,5.414554e-01,5.499329e-01,,
1035,2.51500000e+01,-5.10927797e+00,8.743465e-01,2.139632e-01,5.414406e-01,5.499106e-01,,
1036,2.51500000e+01,-5.10927573e+00,8.743465e-01,2.139723e-01,5.414444e-01,5.499299e-01,,
1037,2.51500000e+01,-5.10927652e+00,8.743465e-01,2.139943e-01,5.414629e-01,5.499677e-01,,
1038,2.51500000e+01,-5.10927726e+00,8.743465e-01,2.139934e-01,5.414650e-01,5.499632e-01,,
1039,2.51500000e+01,-5.10927962e+00,8.743465e-01,2.139742e-01,5.414517e-01,5.499274e-01,,
1040,2.51500000e+01,-5.10927845e+00,8.743465e-01,2.139617e-01,5.414398e-01,5.499074e-01,,
1041,2.51500000e+01,-5.10927802e+00,8.743465e-01,2.139762e-01,5.414508e-01,5.499335e-01,,
1042,2.51500000e+01,-5.10927810e+00,8.743465e-01,2.139966e-01,5.414659e-01,5.499706e-01,,
1043,2.51500000e+01,-5.10927800e+00,8.743465e-01,2.139901e-01,5.414616e-01,5.499581e-01,,
1044,2.51500000e+01,-5.10927784e+00,8.743465e-01,2.139699e-01,5.414459e-01,5.499221e-01,,
1045,2.51500000e+01,-5.10927695e+00,8.743465e-01,2.139639e-01,5.414404e-01,5.499125e-01,,
1046,2.51500000e+01,-5.10927708e+00,8.743465e-01,2.139819e-01,5.414565e-01,5.499424e-01,,
1047,2.51500000e+01,-5.10927830e+00,8.743465e-01,2.139950e-01,5.414678e-01,5.499646e-01,,
1048,2.51500000e+01,-5.10928104e+00,8.743465e-01,2.139863e-01,5.414606e-01,5.499494e-01,,
1049,2.51500000e+01,-5.10927870e+00,8.743465e-01,2.139673e-01,5.414427e-01,5.499188e-01,,
1050,2.51500000e+01,-5.10927734e+00,8.743465e-01,2.139679e-01,5.414416e-01,5.499216e-01,,
1051,2.51500000e+01,-5.10927775e+00,8.743465e-01,2.139881e-01,5.414599e-01,5.499550e-01,,
1052,2.51500000e+01,-5.10927722e+00,8.743465e-01,2.139935e-01,5.414664e-01,5.499621e-01,,
1053,2.51500000e+01,-5.10927927e+00,8.743465e-01,2.139780e-01,5.414557e-01,5.499332e-01,,
1054,2.51500000e+01,-5.10927824e+00,8.743465e-01,2.139634e-01,5.414407e-01,5.499109e-01,,
1055,2.51500000e+01,-5.10927579e+00,8.743465e-01,2.139720e-01,5.414441e-01,5.499294e-01,,
1056,2.51500000e+01,-5.10927661e+00,8.743465e-01,2.139941e-01,5.414628e-01,5.499674e-01,,
1057,2.51500000e+01,-5.10927724e+00,8.743465e-01,2.139935e-01,5.414651e-01,5.499634e-01,,
1058,2.51500000e+01,-5.10927950e+00,8.743465e-01,2.139744e-01,5.414519e-01,5.499278e-01,,
1059,2.51500000e+01,-5.10927834e+00,8.743465e-01,2.139617e-01,5.414398e-01,5.499074e-01,,
1060,2.51500000e+01,-5.10927787e+00,8.743465e-01,2.139760e-01,5.414505e-01,5.499333e-01,,
1061,2.51500000e+01,-5.10927804e+00,8.743465e-01,2.139966e-01,5.414658e-01,5.499706e-01,,
1062,2.51500000e+01,-5.10927810e+00,8.743465e-01,2.139903e-01,5.414619e-01,5.499584e-01,,
1063,2.51500000e+01,-5.10927806e+00,8.743465e-01,2.139699e-01,5.414462e-01,5.499220e-01,,
1064,2.51500000e+01,-5.10927727e+00,8.743465e-01,2.139637e-01,5.414404e-01,5.499118e-01,,
1065,2.51500000e+01,-5.10927749e+00,8.743465e-01,2.139815e-01,5.414563e-01,5.499416e-01,,
1066,2.51500000e+01,-5.10927871e+00,8.743465e-01,2.139950e-01,5.414678e-01,5.499645e-01,,
1067,2.51500000e+01,-5.10928139e+00,8.743465e-01,2.139867e-01,5.414608e-01,5.499502e-01,,
1068,2.51500000e+01,-5.10927894e+00,8.743465e-01,2.139674e-01,5.414428e-01,5.499189e-01,,
1069,2.51500000e+01,-5.10927751e+00,8.743465e-01,2.139676e-01,5.414414e-01,5.499208e-01,,
1070,2.51500000e+01,-5.10927796e+00,8.743465e-01,2.139878e-01,5.414597e-01,5.499542e-01,,
1071,2.51500000e+01,-5.10927737e+00,8.743465e-01,2.139935e-01,5.414664e-01,5.499620e-01,,
1072,2.51500000e+01,-5.10927941e+00,8.743465e-01,2.139783e-01,5.414559e-01,5.499338e-01,,
1073,2.51500000e+01,-5.10927827e+00,8.743465e-01,2.139637e-01,5.414407e-01,5.499115e-01,,
1074,2.51500000e+01,-5.10927560e+00,8.743465e-01,2.139717e-01,5.414437e-01,5.499292e-01,,
1075,2.51500000e+01,-5.10927646e+00,8.743465e-01,2.139940e-01,5.414626e-01,5.499673e-01,,
1076,2.51500000e+01,-5.10927695e+00,8.743465e-01,2.139937e-01,5.414652e-01,5.499639e-01,,
1077,2.51500000e+01,-5.10927908e+00,8.743465e-01,2.139747e-01,5.414520e-01,5.499286e-01,,
1078,2.51500000e+01,-5.10927793e+00,8.743465e-01,2.139618e-01,5.414397e-01,5.499077e-01,,
1079,2.51500000e+01,-5.10927743e+00,8.743465e-01,2.139759e-01,5.414502e-01,5.499332e-01,,
1080,2.51500000e+01,-5.10927761e+00,8.743465e-01,2.139967e-01,5.414657e-01,5.499710e-01,,
1081,2.51500000e+01,-5.10927789e+00,8.743465e-01,2.139906e-01,5.414621e-01,5.499590e-01,,
1082,2.51500000e+01,-5.10927795e+00,8.743465e-01,2.139701e-01,5.414464e-01,5.499222e-01,,
1083,2.51500000e+01,-5.10927728e+00,8.743465e-01,2.139635e-01,5.414404e-01,5.499115e-01,,
1084,2.51500000e+01,-5.10927759e+00,8.743465e-01,2.139812e-01,5.414561e-01,5.499409e-01,,
1085,2.51500000e+01,-5.10927882e+00,8.743465e-01,2.139950e-01,5.414678e-01,5.499646e-01,,
1086,2.51500000e+01,-5.10928148e+00,8.743465e-01,2.139872e-01,5.414610e-01,5.499513e-01,,
1087,2.51500000e+01,-5.10927890e+00,8.743465e-01,2.139676e-01,5.414429e-01,5.499193e-01,,
1088,2.51500000e+01,-5.10927736e+00,8.743465e-01,2.139674e-01,5.414412e-01,5.499205e-01,,
1089,2.51500000e+01,-5.10927782e+00,8.743465e-01,2.139876e-01,5.414595e-01,5.499539e-01,,
1090,2.51500000e+01,-5.10927714e+00,8.743465e-01,2.139936e-01,5.414665e-01,5.499623e-01,,
1091,2.51500000e+01,-5.10927911e+00,8.743465e-01,2.139788e-01,5.414561e-01,5.499348e-01,,
1092,2.51500000e+01,-5.10927785e+00,8.743465e-01,2.139641e-01,5.414408e-01,5.499126e-01,,
1093,2.51500000e+01,-5.10927498e+00,8.743465e-01,2.139717e-01,5.414434e-01,5.499294e-01,,
1094,2.51500000e+01,-5.10927590e+00,8.743465e-01,2.139940e-01,5.414624e-01,5.499674e-01,,
1095,2.51500000e+01,-5.10927627e+00,8.743465e-01,2.139940e-01,5.414652e-01,5.499646e-01,,
1096,2.51500000e+01,-5.10927830e+00,8.743465e-01,2.139752e-01,5.414521e-01,5.499295e-01,,
1097,2.51500000e+01,-5.10927717e+00,8.743465e-01,2.139620e-01,5.414397e-01,5.499082e-01,,
1098,2.51500000e+01,-5.10927664e+00,8.743465e-01,2.139759e-01,5.414499e-01,5.499337e-01,,
1099,2.51500000e+01,-5.10927686e+00,8.743465e-01,2.139969e-01,5.414655e-01,5.499716e-01,,
1100,2.51500000e+01,-5.10927729e+00,8.743465e-01,2.139910e-01,5.414622e-01,5.499599e-01,,
1101,2.51500000e+01,-5.10927745e+00,8.743465e-01,2.139704e-01,5.414466e-01,5.499228e-01,,
1102,2.51500000e+01,-5.10927693e+00,8.743465e-01,2.139635e-01,5.414404e-01,5.499115e-01,,
1103,2.51500000e+01,-5.10927738e+00,8.743465e-01,2.139810e-01,5.414560e-01,5.499406e-01,,
1104,2.51500000e+01,-5.10927871e+00,8.743465e-01,2.139951e-01,5.414678e-01,5.499649e-01,,
1105,2.51500000e+01,-5.10928150e+00,8.743465e-01,2.139876e-01,5.414613e-01,5.499522e-01,,
1106,2.51500000e+01,-5.10927897e+00,8.743465e-01,2.139677e-01,5.414431e-01,5.499196e-01,,
1107,2.51500000e+01,-5.10927743e+00,8.743465e-01,2.139671e-01,5.414411e-01,5.499200e-01,,
1108,2.51500000e+01,-5.10927799e+00,8.743465e-01,2.139872e-01,5.414594e-01,5.499531e-01,,
1109,2.51500000e+01,-5.10927731e+00,8.743465e-01,2.139936e-01,5.414665e-01,5.499623e-01,,
1110,2.51500000e+01,-5.10927924e+00,8.743465e-01,2.139791e-01,5.414563e-01,5.499354e-01,,
1111,2.51500000e+01,-5.10927789e+00,8.743465e-01,2.139643e-01,5.414408e-01,5.499132e-01,,
1112,2.51500000e+01,-5.10927480e+00,8.743465e-01,2.139714e-01,5.414431e-01,5.499290e-01,,
1113,2.51500000e+01,-5.10927578e+00,8.743465e-01,2.139938e-01,5.414622e-01,5.499671e-01,,
1114,2.51500000e+01,-5.10927607e+00,8.743465e-01,2.139942e-01,5.414653e-01,5.499650e-01,,
1115,2.51500000e+01,-5.10927796e+00,8.743465e-01,2.139755e-01,5.414522e-01,5.499301e-01,,
1116,2.51500000e+01,-5.10927673e+00,8.743465e-01,2.139621e-01,5.414396e-01,5.499086e-01,,
1117,2.51500000e+01,-5.10927609e+00,8.743465e-01,2.139758e-01,5.414495e-01,5.499339e-01,,
1118,2.51500000e+01,-5.10927632e+00,8.743465e-01,2.139970e-01,5.414653e-01,5.499721e-01,,
1119,2.51500000e+01,-5.10927676e+00,8.743465e-01,2.139913e-01,5.414623e-01,5.499607e-01,,
1120,2.51500000e+01,-5.10927691e+00,8.743465e-01,2.139707e-01,5.414468e-01,5.499234e-01,,
1121,2.51500000e+01,-5.10927647e+00,8.743465e-01,2.139636e-01,5.414403e-01,5.499117e-01,,
1122,2.51500000e+01,-5.10927701e+00,8.743465e-01,2.139809e-01,5.414557e-01,5.499406e-01,,
1123,2.51500000e+01,-5.10927838e+00,8.743465e-01,2.139953e-01,5.414677e-01,5.499654e-01,,
1124,2.51500000e+01,-5.10928132e+00,8.743465e-01,2.139881e-01,5.414615e-01,5.499533e-01,,
1125,2.51500000e+01,-5.10927890e+00,8.743465e-01,2.139679e-01,5.414433e-01,5.499199e-01,,
1126,2.51500000e+01,-5.10927748e+00,8.743465e-01,2.139669e-01,5.414410e-01,5.499194e-01,,
1127,2.51500000e+01,-5.10927823e+00,8.743465e-01,2.139868e-01,5.414593e-01,5.499522e-01,,
1128,2.51500000e+01,-5.10927764e+00,8.743465e-01,2.139936e-01,5.414666e-01,5.499620e-01,,
1129,2.51500000e+01,-5.10927964e+00,8.743465e-01,2.139793e-01,5.414565e-01,5.499357e-01,,
1130,2.51500000e+01,-5.10927825e+00,8.743465e-01,2.139645e-01,5.414410e-01,5.499134e-01,,
1131,2.51500000e+01,-5.10927502e+00,8.743465e-01,2.139710e-01,5.414428e-01,5.499283e-01,,
1132,2.51500000e+01,-5.10927612e+00,8.743465e-01,2.139935e-01,5.414621e-01,5.499664e-01,,
1133,2.51500000e+01,-5.10927640e+00,8.743465e-01,2.139941e-01,5.414654e-01,5.499646e-01,,
1134,2.51500000e+01,-5.10927825e+00,8.743465e-01,2.139755e-01,5.414525e-01,5.499301e-01,,
1135,2.51500000e+01,-5.10927705e+00,8.743465e-01,2.139620e-01,5.414397e-01,5.499083e-01,,
1136,2.51500000e+01,-5.10927628e+00,8.743465e-01,2.139756e-01,5.414493e-01,5.499334e-01,,
1137,2.51500000e+01,-5.10927642e+00,8.743465e-01,2.139969e-01,5.414652e-01,5.499720e-01,,
1138,2.51500000e+01,-5.10927686e+00,8.743465e-01,2.139915e-01,5.414625e-01,5.499609e-01,,
1139,2.51500000e+01,-5.10927691e+00,8.743465e-01,2.139708e-01,5.414470e-01,5.499236e-01,,
1140,2.51500000e+01,-5.10927644e+00,8.743465e-01,2.139635e-01,5.414403e-01,5.499116e-01,,
1141,2.51500000e+01,-5.10927695e+00,8.743465e-01,2.139807e-01,5.414555e-01,5.499403e-01,,
1142,2.51500000e+01,-5.10927823e+00,8.743465e-01,2.139954e-01,5.414676e-01,5.499658e-01,,
1143,2.51500000e+01,-5.10928121e+00,8.743465e-01,2.139886e-01,5.414617e-01,5.499543e-01,,
1144,2.51500000e+01,-5.10927884e+00,8.743465e-01,2.139682e-01,5.414435e-01,5.499203e-01,,
1145,2.51500000e+01,-5.10927745e+00,8.743465e-01,2.139667e-01,5.414409e-01,5.499191e-01,,
1146,2.51500000e+01,-5.10927622e+00,8.743465e-01,2.139866e-01,5.414590e-01,5.499519e-01,,
1147,2.51500000e+01,-5.10927709e+00,8.743465e-01,2.139946e-01,5.414674e-01,5.499638e-01,,
1148,2.51500000e+01,-5.10928017e+00,8.743465e-01,2.139802e-01,5.414573e-01,5.499371e-01,,
1149,2.51500000e+01,-5.10927859e+00,8.743465e-01,2.139648e-01,5.414410e-01,5.499140e-01,,
1150,2.51500000e+01,-5.10927769e+00,8.743465e-01,2.139727e-01,5.414449e-01,5.499306e-01,,
1151,2.51500000e+01,-5.10927674e+00,8.743465e-01,2.139927e-01,5.414621e-01,5.499646e-01,,
1152,2.51500000e+01,-5.10927643e+00,8.743465e-01,2.139932e-01,5.414649e-01,5.499629e-01,,
1153,2.51500000e+01,-5.10927853e+00,8.743465e-01,2.139752e-01,5.414523e-01,5.499294e-01,,
1154,2.51500000e+01,-5.10927755e+00,8.743465e-01,2.139619e-01,5.414397e-01,5.499080e-01,,
1155,2.51500000e+01,-5.10927680e+00,8.743465e-01,2.139753e-01,5.414490e-01,5.499330e-01,,
1156,2.51500000e+01,-5.10927699e+00,8.743465e-01,2.139967e-01,5.414651e-01,5.499716e-01,,
1157,2.51500000e+01,-5.10927745e+00,8.743465e-01,2.139916e-01,5.414627e-01,5.499610e-01,,
1158,2.51500000e+01,-5.10927738e+00,8.743465e-01,2.139709e-01,5.414471e-01,5.499236e-01,,
1159,2.51500000e+01,-5.10927681e+00,8.743465e-01,2.139634e-01,5.414402e-01,5.499114e-01,,
1160,2.51500000e+01,-5.10927723e+00,8.743465e-01,2.139804e-01,5.414552e-01,5.499398e-01,,
1161,2.51500000e+01,-5.10927839e+00,8.743465e-01,2.139954e-01,5.414676e-01,5.499659e-01,,
1162,2.51500000e+01,-5.10928138e+00,8.743465e-01,2.139889e-01,5.414619e-01,5.499548e-01,,
1163,2.51500000e+01,-5.10927907e+00,8.743465e-01,2.139683e-01,5.414437e-01,5.499205e-01,,
1164,2.51500000e+01,-5.10927768e+00,8.743465e-01,2.139664e-01,5.414408e-01,5.499184e-01,,
1165,2.51500000e+01,-5.10927650e+00,8.743465e-01,2.139861e-01,5.414588e-01,5.499508e-01,,
1166,2.51500000e+01,-5.10927739e+00,8.743465e-01,2.139945e-01,5.414674e-01,5.499635e-01,,
1167,2.51500000e+01,-5.10928041e+00,8.743465e-01,2.139804e-01,5.414575e-01,5.499374e-01,,
1168,2.51500000e+01,-5.10927871e+00,8.743465e-01,2.139649e-01,5.414411e-01,5.499144e-01,,
1169,2.51500000e+01,-5.10927764e+00,8.743465e-01,2.139724e-01,5.414446e-01,5.499300e-01,,
1170,2.51500000e+01,-5.10927676e+00,8.743465e-01,2.139924e-01,5.414619e-01,5.499639e-01,,
1171,2.51500000e+01,-5.10927643e+00,8.743465e-01,2.139932e-01,5.414650e-01,5.499628e-01,,
1172,2.51500000e+01,-5.10927848e+00,8.743465e-01,2.139754e-01,5.414525e-01,5.499296e-01,,
1173,2.51500000e+01,-5.10927754e+00,8.743465e-01,2.139620e-01,5.414398e-01,5.499081e-01,,
1174,2.51500000e+01,-5.10927666e+00,8.743465e-01,2.139752e-01,5.414488e-01,5.499330e-01,,
1175,2.51500000e+01,-5.10927680e+00,8.743465e-01,2.139966e-01,5.414649e-01,5.499715e-01,,
1176,2.51500000e+01,-5.10927728e+00,8.743465e-01,2.139918e-01,5.414628e-01,5.499614e-01,,
1177,2.51500000e+01,-5.10927715e+00,8.743465e-01,2.139711e-01,5.414473e-01,5.499239e-01,,
1178,2.51500000e+01,-5.10927663e+00,8.743465e-01,2.139634e-01,5.414402e-01,5.499115e-01,,
1179,2.51500000e+01,-5.10927710e+00,8.743465e-01,2.139801e-01,5.414550e-01,5.499394e-01,,
1180,2.51500000e+01,-5.10927827e+00,8.743465e-01,2.139955e-01,5.414675e-01,5.499660e-01,,
1181,2.51500000e+01,-5.10928138e+00,8.743465e-01,2.139892e-01,5.414620e-01,5.499554e-01,,
1182,2.51500000e+01,-5.10927925e+00,8.743465e-01,2.139684e-01,5.414440e-01,5.499204e-01,,
1183,2.51500000e+01,-5.10927796e+00,8.743465e-01,2.139661e-01,5.414408e-01,5.499176e-01,,
1184,2.51500000e+01,-5.10927692e+00,8.743465e-01,2.139856e-01,5.414587e-01,5.499497e-01,,
1185,2.51500000e+01,-5.10927783e+00,8.743465e-01,2.139942e-01,5.414675e-01,5.499629e-01,,
1186,2.51500000e+01,-5.10928088e+00,8.743465e-01,2.139805e-01,5.414578e-01,5.499375e-01,,
1187,2.51500000e+01,-5.10927911e+00,8.743465e-01,2.139651e-01,5.414412e-01,5.499145e-01,,
1188,2.51500000e+01,-5.10927787e+00,8.743465e-01,2.139720e-01,5.414444e-01,5.499293e-01,,
1189,2.51500000e+01,-5.10927702e+00,8.743465e-01,2.139921e-01,5.414618e-01,5.499633e-01,,
1190,2.51500000e+01,-5.10927660e+00,8.743465e-01,2.139932e-01,5.414651e-01,5.499627e-01,,
1191,2.51500000e+01,-5.10927855e+00,8.743465e-01,2.139755e-01,5.414527e-01,5.499298e-01,,
1192,2.51500000e+01,-5.10927752e+00,8.743465e-01,2.139621e-01,5.414398e-01,5.499085e-01,,
1193,2.51500000e+01,-5.10927643e+00,8.743465e-01,2.139751e-01,5.414484e-01,5.499331e-01,,
1194,2.51500000e+01,-5.10927643e+00,8.743465e-01,2.139966e-01,5.414647e-01,5.499718e-01,,
1195,2.51500000e+01,-5.10927687e+00,8.743465e-01,2.139920e-01,5.414629e-01,5.499619e-01,,
1196,2.51500000e+01,-5.10927663e+00,8.743465e-01,2.139713e-01,5.414474e-01,5.499244e-01,,
1197,2.51500000e+01,-5.10927612e+00,8.743465e-01,2.139635e-01,5.414401e-01,5.499118e-01,,
1198,2.51500000e+01,-5.10927660e+00,8.743465e-01,2.139800e-01,5.414547e-01,5.499394e-01,,
1199,2.51500000e+01,-5.10927775e+00,8.743465e-01,2.139957e-01,5.414674e-01,5.499666e-01,,
1200,2.51500000e+01,-5.10928092e+00,8.743465e-01,2.139896e-01,5.414622e-01,5.499564e-01,,
1201,2.51500000e+01,-5.10927892e+00,8.743465e-01,2.139686e-01,5.414441e-01,5.499208e-01,,
1202,2.51500000e+01,-5.10927776e+00,8.743465e-01,2.139659e-01,5.414408e-01,5.499173e-01,,
1203,2.51500000e+01,-5.10927690e+00,8.743465e-01,2.139853e-01,5.414585e-01,5.499490e-01,,
1204,2.51500000e+01,-5.10927792e+00,8.743465e-01,2.139942e-01,5.414675e-01,5.499628e-01,,
1205,2.51500000e+01,-5.10928107e+00,8.743465e-01,2.139808e-01,5.414580e-01,5.499380e-01,,
1206,2.51500000e+01,-5.10927936e+00,8.743465e-01,2.139652e-01,5.414414e-01,5.499149e-01,,
1207,2.51500000e+01,-5.10927806e+00,8.743465e-01,2.139717e-01,5.414442e-01,5.499286e-01,,
1208,2.51500000e+01,-5.10927731e+00,8.743465e-01,2.139918e-01,5.414617e-01,5.499626e-01,,
1209,2.51500000e+01,-5.10927687e+00,8.743465e-01,2.139932e-01,5.414653e-01,5.499624e-01,,
1210,2.51500000e+01,-5.10927876e+00,8.743465e-01,2.139757e-01,5.414529e-01,5.499300e-01,,
1211,2.51500000e+01,-5.10927767e+00,8.743465e-01,2.139622e-01,5.414398e-01,5.499086e-01,,
1212,2.51500000e+01,-5.10927641e+00,8.743465e-01,2.139750e-01,5.414481e-01,5.499330e-01,,
1213,2.51500000e+01,-5.10927631e+00,8.743465e-01,2.139964e-01,5.414645e-01,5.499716e-01,,
1214,2.51500000e+01,-5.10927673e+00,8.743465e-01,2.139922e-01,5.414630e-01,5.499622e-01,,
1215,2.51500000e+01,-5.10927641e+00,8.743465e-01,2.139715e-01,5.414476e-01,5.499246e-01,,
1216,2.51500000e+01,-5.10927586e+00,8.743465e-01,2.139635e-01,5.414400e-01,5.499119e-01,,
1217,2.51500000e+01,-5.10927627e+00,8.743465e-01,2.139799e-01,5.414545e-01,5.499392e-01,,
1218,2.51500000e+01,-5.10927731e+00,8.743465e-01,2.139958e-01,5.414673e-01,5.499672e-01,,
1219,2.51500000e+01,-5.10928044e+00,8.743465e-01,2.139900e-01,5.414623e-01,5.499573e-01,,
1220,2.51500000e+01,-5.10927851e+00,8.743465e-01,2.139688e-01,5.414443e-01,5.499212e-01,,
1221,2.51500000e+01,-5.10927743e+00,8.743465e-01,2.139658e-01,5.414407e-01,5.499171e-01,,
1222,2.51500000e+01,-5.10927674e+00,8.743465e-01,2.139850e-01,5.414584e-01,5.499485e-01,,
1223,2.51500000e+01,-5.10927786e+00,8.743465e-01,2.139942e-01,5.414676e-01,5.499627e-01,,
1224,2.51500000e+01,-5.10928113e+00,8.743465e-01,2.139811e-01,5.414582e-01,5.499384e-01,,
1225,2.51500000e+01,-5.10927956e+00,8.743465e-01,2.139654e-01,5.414416e-01,5.499151e-01,,
1226,2.51500000e+01,-5.10927831e+00,8.743465e-01,2.139713e-01,5.414440e-01,5.499279e-01,,
1227,2.51500000e+01,-5.10927773e+00,8.743465e-01,2.139914e-01,5.414616e-01,5.499617e-01,,
1228,2.51500000e+01,-5.10927739e+00,8.743465e-01,2.139930e-01,5.414654e-01,5.499619e-01,,
1229,2.51500000e+01,-5.10927931e+00,8.743465e-01,2.139757e-01,5.414532e-01,5.499298e-01,,
1230,2.51500000e+01,-5.10927824e+00,8.743465e-01,2.139621e-01,5.414400e-01,5.499084e-01,,
1231,2.51500000e+01,-5.10927682e+00,8.743465e-01,2.139747e-01,5.414479e-01,5.499327e-01,,
1232,2.51500000e+01,-5.10927664e+00,8.743465e-01,2.139962e-01,5.414644e-01,5.499711e-01,,
1233,2.51500000e+01,-5.10927705e+00,8.743465e-01,2.139922e-01,5.414632e-01,5.499621e-01,,
1234,2.51500000e+01,-5.10927669e+00,8.743465e-01,2.139715e-01,5.414478e-01,5.499245e-01,,
1235,2.51500000e+01,-5.10927610e+00,8.743465e-01,2.139633e-01,5.414400e-01,5.499114e-01,,
1236,2.51500000e+01,-5.10927650e+00,8.743465e-01,2.139796e-01,5.414543e-01,5.499387e-01,,
1237,2.51500000e+01,-5.10927739e+00,8.743465e-01,2.139959e-01,5.414672e-01,5.499674e-01,,
1238,2.51500000e+01,-5.10928038e+00,8.743465e-01,2.139903e-01,5.414624e-01,5.499579e-01,,
1239,2.51500000e+01,-5.10927840e+00,8.743465e-01,2.139690e-01,5.414444e-01,5.499214e-01,,
1240,2.51500000e+01,-5.10927722e+00,8.743465e-01,2.139657e-01,5.414405e-01,5.499169e-01,,
1241,2.51500000e+01,-5.10927652e+00,8.743465e-01,2.139849e-01,5.414582e-01,5.499483e-01,,
1242,2.51500000e+01,-5.10927758e+00,8.743465e-01,2.139943e-01,5.414675e-01,5.499629e-01,,
1243,2.51500000e+01,-5.10928080e+00,8.743465e-01,2.139815e-01,5.414584e-01,5.499393e-01,,
1244,2.51500000e+01,-5.10927926e+00,8.743465e-01,2.139657e-01,5.414416e-01,5.499157e-01,,
1245,2.51500000e+01,-5.10927804e+00,8.743465e-01,2.139712e-01,5.414438e-01,5.499276e-01,,
1246,2.51500000e+01,-5.10927763e+00,8.743465e-01,2.139912e-01,5.414614e-01,5.499613e-01,,
1247,2.51500000e+01,-5.10927738e+00,8.743465e-01,2.139930e-01,5.414655e-01,5.499618e-01,,
1248,2.51500000e+01,-5.10927938e+00,8.743465e-01,2.139759e-01,5.414534e-01,5.499300e-01,,
1249,2.51500000e+01,-5.10927839e+00,8.743465e-01,2.139622e-01,5.414400e-01,5.499085e-01,,
1250,2.51500000e+01,-5.10927688e+00,8.743465e-01,2.139746e-01,5.414476e-01,5.499325e-01,,
1251,2.51500000e+01,-5.10927670e+00,8.743465e-01,2.139960e-01,5.414643e-01,5.499707e-01,,
1252,2.51500000e+01,-5.10927718e+00,8.743465e-01,2.139922e-01,5.414634e-01,5.499620e-01,,
1253,2.51500000e+01,-5.10927690e+00,8.743465e-01,2.139715e-01,5.414480e-01,5.499242e-01,,
1254,2.51500000e+01,-5.10927638e+00,8.743465e-01,2.139632e-01,5.414401e-01,5.499110e-01,,
1255,2.51500000e+01,-5.10927687e+00,8.743465e-01,2.139793e-01,5.414541e-01,5.499380e-01,,
1256,2.51500000e+01,-5.10927770e+00,8.743465e-01,2.139959e-01,5.414672e-01,5.499675e-01,,
1257,2.51500000e+01,-5.10928067e+00,8.743465e-01,2.139905e-01,5.414626e-01,5.499583e-01,,
1258,2.51500000e+01,-5.10927870e+00,8.743465e-01,2.139691e-01,5.414447e-01,5.499214e-01,,
1259,2.51500000e+01,-5.10927748e+00,8.743465e-01,2.139655e-01,5.414405e-01,5.499163e-01,,
1260,2.51500000e+01,-5.10927678e+00,8.743465e-01,2.139846e-01,5.414580e-01,5.499477e-01,,
1261,2.51500000e+01,-5.10927777e+00,8.743465e-01,2.139942e-01,5.414675e-01,5.499629e-01,,
1262,2.51500000e+01,-5.10928092e+00,8.743465e-01,2.139818e-01,5.414586e-01,5.499400e-01,,
1263,2.51500000e+01,-5.10927937e+00,8.743465e-01,2.139658e-01,5.414417e-01,5.499161e-01,,
1264,2.51500000e+01,-5.10927817e+00,8.743465e-01,2.139709e-01,5.414436e-01,5.499271e-01,,
1265,2.51500000e+01,-5.10927786e+00,8.743465e-01,2.139909e-01,5.414613e-01,5.499607e-01,,
1266,2.51500000e+01,-5.10927761e+00,8.743465e-01,2.139930e-01,5.414657e-01,5.499616e-01,,
1267,2.51500000e+01,-5.10927959e+00,8.743465e-01,2.139760e-01,5.414537e-01,5.499302e-01,,
1268,2.51500000e+01,-5.10927856e+00,8.743465e-01,2.139623e-01,5.414401e-01,5.499086e-01,,
1269,2.51500000e+01,-5.10927687e+00,8.743465e-01,2.139744e-01,5.414472e-01,5.499325e-01,,
1270,2.51500000e+01,-5.10927661e+00,8.743465e-01,2.139958e-01,5.414641e-01,5.499704e-01,,
1271,2.51500000e+01,-5.10927709e+00,8.743465e-01,2.139923e-01,5.414635e-01,5.499620e-01,,
1272,2.51500000e+01,-5.10927678e+00,8.743465e-01,2.139716e-01,5.414482e-01,5.499242e-01,,
1273,2.51500000e+01,-5.10927629e+00,8.743465e-01,2.139631e-01,5.414401e-01,5.499108e-01,,
1274,2.51500000e+01,-5.10927686e+00,8.743465e-01,2.139791e-01,5.414539e-01,5.499379e-01,,
1275,2.51500000e+01,-5.10927758e+00,8.743465e-01,2.139961e-01,5.414671e-01,5.499680e-01,,
1276,2.51500000e+01,-5.10928051e+00,8.743465e-01,2.139908e-01,5.414627e-01,5.499590e-01,,
1277,2.51500000e+01,-5.10927859e+00,8.743465e-01,2.139693e-01,5.414448e-01,5.499218e-01,,
1278,2.51500000e+01,-5.10927736e+00,8.743465e-01,2.139653e-01,5.414404e-01,5.499161e-01,,
1279,2.51500000e+01,-5.10927674e+00,8.743465e-01,2.139843e-01,5.414578e-01,5.499473e-01,,
1280,2.51500000e+01,-5.10927774e+00,8.743465e-01,2.139942e-01,5.414675e-01,5.499629e-01,,
1281,2.51500000e+01,-5.10928092e+00,8.743465e-01,2.139821e-01,5.414587e-01,5.499406e-01,,
1282,2.51500000e+01,-5.10927946e+00,8.743465e-01,2.139660e-01,5.414419e-01,5.499163e-01,,
1283,2.51500000e+01,-5.10927837e+00,8.743465e-01,2.139705e-01,5.414435e-01,5.499264e-01,,
1284,2.51500000e+01,-5.10927820e+00,8.743465e-01,2.139906e-01,5.414612e-01,5.499598e-01,,
1285,2.51500000e+01,-5.10927799e+00,8.743465e-01,2.139929e-01,5.414658e-01,5.499611e-01,,
1286,2.51500000e+01,-5.10927997e+00,8.743465e-01,2.139761e-01,5.414539e-01,5.499300e-01,,
1287,2.51500000e+01,-5.10927889e+00,8.743465e-01,2.139622e-01,5.414401e-01,5.499084e-01,,
1288,2.51500000e+01,-5.10927700e+00,8.743465e-01,2.139742e-01,5.414469e-01,5.499323e-01,,
1289,2.51500000e+01,-5.10927664e+00,8.743465e-01,2.139956e-01,5.414639e-01,5.499702e-01,,
1290,2.51500000e+01,-5.10927706e+00,8.743465e-01,2.139925e-01,5.414636e-01,5.499623e-01,,
1291,2.51500000e+01,-5.10927668e+00,8.743465e-01,2.139717e-01,5.414484e-01,5.499244e-01,,
1292,2.51500000e+01,-5.10927613e+00,8.743465e-01,2.139631e-01,5.414400e-01,5.499109e-01,,
1293,2.51500000e+01,-5.10927665e+00,8.743465e-01,2.139791e-01,5.414536e-01,5.499380e-01,,
1294,2.51500000e+01,-5.10927721e+00,8.743465e-01,2.139963e-01,5.414670e-01,5.499688e-01,,
1295,2.51500000e+01,-5.10928001e+00,8.743465e-01,2.139913e-01,5.414628e-01,5.499601e-01,,
1296,2.51500000e+01,-5.10927807e+00,8.743465e-01,2.139696e-01,5.414450e-01,5.499224e-01,,
1297,2.51500000e+01,-5.10927675e+00,8.743465e-01,2.139653e-01,5.414403e-01,5.499163e-01,,
1298,2.51500000e+01,-5.10927617e+00,8.743465e-01,2.139842e-01,5.414575e-01,5.499474e-01,,
1299,2.51500000e+01,-5.10927717e+00,8.743465e-01,2.139943e-01,5.414674e-01,5.499633e-01,,
1300,2.51500000e+01,-5.10928036e+00,8.743465e-01,2.139825e-01,5.414589e-01,5.499415e-01,,
1301,2.51500000e+01,-5.10927897e+00,8.743465e-01,2.139662e-01,5.414420e-01,5.499168e-01,,
1302,2.51500000e+01,-5.10927804e+00,8.743465e-01,2.139703e-01,5.414433e-01,5.499260e-01,,
1303,2.51500000e+01,-5.10927809e+00,8.743465e-01,2.139903e-01,5.414612e-01,5.499592e-01,,
1304,2.51500000e+01,-5.10927802e+00,8.743465e-01,2.139929e-01,5.414660e-01,5.499609e-01,,
1305,2.51500000e+01,-5.10928013e+00,8.743465e-01,2.139761e-01,5.414542e-01,5.499299e-01,,
1306,2.51500000e+01,-5.10927915e+00,8.743465e-01,2.139622e-01,5.414403e-01,5.499082e-01,,
1307,2.51500000e+01,-5.10927725e+00,8.743465e-01,2.139739e-01,5.414467e-01,5.499319e-01,,
1308,2.51500000e+01,-5.10927691e+00,8.743465e-01,2.139954e-01,5.414638e-01,5.499696e-01,,
1309,2.51500000e+01,-5.10927735e+00,8.743465e-01,2.139925e-01,5.414638e-01,5.499623e-01,,
1310,2.51500000e+01,-5.10927695e+00,8.743465e-01,2.139717e-01,5.414486e-01,5.499243e-01,,
1311,2.51500000e+01,-5.10927636e+00,8.743465e-01,2.139630e-01,5.414400e-01,5.499105e-01,,
1312,2.51500000e+01,-5.10927682e+00,8.743465e-01,2.139788e-01,5.414534e-01,5.499376e-01,,
1313,2.51500000e+01,-5.10927724e+00,8.743465e-01,2.139965e-01,5.414669e-01,5.499692e-01,,
1314,2.51500000e+01,-5.10927989e+00,8.743465e-01,2.139916e-01,5.414630e-01,5.499607e-01,,
1315,2.51500000e+01,-5.10927790e+00,8.743465e-01,2.139698e-01,5.414451e-01,5.499227e-01,,
1316,2.51500000e+01,-5.10927648e+00,8.743465e-01,2.139652e-01,5.414401e-01,5.499160e-01,,
1317,2.51500000e+01,-5.10927587e+00,8.743465e-01,2.139840e-01,5.414573e-01,5.499471e-01,,
1318,2.51500000e+01,-5.10927677e+00,8.743465e-01,2.139944e-01,5.414673e-01,5.499636e-01,,
1319,2.51500000e+01,-5.10927988e+00,8.743465e-01,2.139830e-01,5.414590e-01,5.499425e-01,,
1320,2.51500000e+01,-5.10927846e+00,8.743465e-01,2.139665e-01,5.414420e-01,5.499174e-01,,
1321,2.51500000e+01,-5.10927759e+00,8.743465e-01,2.139701e-01,5.414431e-01,5.499257e-01,,
1322,2.51500000e+01,-5.10927777e+00,8.743465e-01,2.139901e-01,5.414610e-01,5.499589e-01,,
1323,2.51500000e+01,-5.10927777e+00,8.743465e-01,2.139929e-01,5.414660e-01,5.499610e-01,,
1324,2.51500000e+01,-5.10928000e+00,8.743465e-01,2.139763e-01,5.414544e-01,5.499301e-01,,
1325,2.51500000e+01,-5.10927915e+00,8.743465e-01,2.139622e-01,5.414404e-01,5.499082e-01,,
1326,2.51500000e+01,-5.10927728e+00,8.743465e-01,2.139737e-01,5.414464e-01,5.499316e-01,,
1327,2.51500000e+01,-5.10927708e+00,8.743465e-01,2.139951e-01,5.414637e-01,5.499691e-01,,
1328,2.51500000e+01,-5.10927762e+00,8.743465e-01,2.139925e-01,5.414640e-01,5.499620e-01,,
1329,2.51500000e+01,-5.10927734e+00,8.743465e-01,2.139717e-01,5.414489e-01,5.499240e-01,,
1330,2.51500000e+01,-5.10927680e+00,8.743465e-01,2.139628e-01,5.414401e-01,5.499099e-01,,
1331,2.51500000e+01,-5.10927726e+00,8.743465e-01,2.139785e-01,5.414532e-01,5.499370e-01,,
1332,2.51500000e+01,-5.10927757e+00,8.743465e-01,2.139965e-01,5.414668e-01,5.499693e-01,,
1333,2.51500000e+01,-5.10927762e+00,8.743465e-01,2.139887e-01,5.414605e-01,5.499557e-01,,
1334,2.51500000e+01,-5.10927710e+00,8.743465e-01,2.139694e-01,5.414446e-01,5.499222e-01,,
1335,2.51500000e+01,-5.10927593e+00,8.743465e-01,2.139655e-01,5.414407e-01,5.499162e-01,,
1336,2.51500000e+01,-5.10927562e+00,8.743465e-01,2.139841e-01,5.414576e-01,5.499468e-01,,
1337,2.51500000e+01,-5.10927688e+00,8.743465e-01,2.139946e-01,5.414676e-01,5.499636e-01,,
1338,2.51500000e+01,-5.10927998e+00,8.743465e-01,2.139833e-01,5.414592e-01,5.499432e-01,,
1339,2.51500000e+01,-5.10927836e+00,8.743465e-01,2.139665e-01,5.414420e-01,5.499174e-01,,
1340,2.51500000e+01,-5.10927735e+00,8.743465e-01,2.139698e-01,5.414429e-01,5.499251e-01,,
1341,2.51500000e+01,-5.10927748e+00,8.743465e-01,2.139899e-01,5.414609e-01,5.499584e-01,,
1342,2.51500000e+01,-5.10927737e+00,8.743465e-01,2.139930e-01,5.414661e-01,5.499611e-01,,
1343,2.51500000e+01,-5.10927955e+00,8.743465e-01,2.139765e-01,5.414545e-01,5.499305e-01,,
1344,2.51500000e+01,-5.10927867e+00,8.743465e-01,2.139624e-01,5.414404e-01,5.499086e-01,,
1345,2.51500000e+01,-5.10927679e+00,8.743465e-01,2.139735e-01,5.414461e-01,5.499314e-01,,
1346,2.51500000e+01,-5.10927672e+00,8.743465e-01,2.139950e-01,5.414635e-01,5.499690e-01,,
1347,2.51500000e+01,-5.10927734e+00,8.743465e-01,2.139926e-01,5.414641e-01,5.499622e-01,,
1348,2.51500000e+01,-5.10927718e+00,8.743465e-01,2.139718e-01,5.414491e-01,5.499239e-01,,
1349,2.51500000e+01,-5.10927680e+00,8.743465e-01,2.139627e-01,5.414401e-01,5.499096e-01,,
1350,2.51500000e+01,-5.10927734e+00,8.743465e-01,2.139783e-01,5.414530e-01,5.499367e-01,,
1351,2.51500000e+01,-5.10927770e+00,8.743465e-01,2.139965e-01,5.414668e-01,5.499695e-01,,
1352,2.51500000e+01,-5.10927776e+00,8.743465e-01,2.139888e-01,5.414607e-01,5.499558e-01,,
1353,2.51500000e+01,-5.10927736e+00,8.743465e-01,2.139693e-01,5.414448e-01,5.499219e-01,,
1354,2.51500000e+01,-5.10927630e+00,8.743465e-01,2.139651e-01,5.414407e-01,5.499152e-01,,
1355,2.51500000e+01,-5.10927611e+00,8.743465e-01,2.139836e-01,5.414575e-01,5.499458e-01,,
1356,2.51500000e+01,-5.10927745e+00,8.743465e-01,2.139944e-01,5.414677e-01,5.499632e-01,,
1357,2.51500000e+01,-5.10928057e+00,8.743465e-01,2.139835e-01,5.414595e-01,5.499435e-01,,
1358,2.51500000e+01,-5.10927892e+00,8.743465e-01,2.139664e-01,5.414422e-01,5.499171e-01,,
1359,2.51500000e+01,-5.10927789e+00,8.743465e-01,2.139693e-01,5.414427e-01,5.499240e-01,,
1360,2.51500000e+01,-5.10927806e+00,8.743465e-01,2.139894e-01,5.414608e-01,5.499574e-01,,
1361,2.51500000e+01,-5.10927788e+00,8.743465e-01,2.139929e-01,5.414662e-01,5.499609e-01,,
1362,2.51500000e+01,-5.10928002e+00,8.743465e-01,2.139765e-01,5.414547e-01,5.499304e-01,,
1363,2.51500000e+01,-5.10927909e+00,8.743465e-01,2.139624e-01,5.414404e-01,5.499084e-01,,
1364,2.51500000e+01,-5.10927712e+00,8.743465e-01,2.139731e-01,5.414458e-01,5.499307e-01,,
1365,2.51500000e+01,-5.10927716e+00,8.743465e-01,2.139948e-01,5.414634e-01,5.499684e-01,,
1366,2.51500000e+01,-5.10927778e+00,8.743465e-01,2.139926e-01,5.414643e-01,5.499620e-01,,
1367,2.51500000e+01,-5.10927758e+00,8.743465e-01,2.139718e-01,5.414493e-01,5.499237e-01,,
1368,2.51500000e+01,-5.10927720e+00,8.743465e-01,2.139625e-01,5.414401e-01,5.499092e-01,,
1369,2.51500000e+01,-5.10927765e+00,8.743465e-01,2.139780e-01,5.414527e-01,5.499361e-01,,
1370,2.51500000e+01,-5.10927784e+00,8.743465e-01,2.139966e-01,5.414666e-01,5.499699e-01,,
1371,2.51500000e+01,-5.10927776e+00,8.743465e-01,2.139890e-01,5.414608e-01,5.499563e-01,,
1372,2.51500000e+01,-5.10927735e+00,8.743465e-01,2.139694e-01,5.414450e-01,5.499219e-01,,
1373,2.51500000e+01,-5.10927626e+00,8.743465e-01,2.139648e-01,5.414406e-01,5.499147e-01,,
1374,2.51500000e+01,-5.10927610e+00,8.743465e-01,2.139833e-01,5.414573e-01,5.499452e-01,,
1375,2.51500000e+01,-5.10927742e+00,8.743465e-01,2.139946e-01,5.414677e-01,5.499635e-01,,
1376,2.51500000e+01,-5.10928045e+00,8.743465e-01,2.139841e-01,5.414597e-01,5.499447e-01,,
1377,2.51500000e+01,-5.10927870e+00,8.743465e-01,2.139666e-01,5.414423e-01,5.499176e-01,,
1378,2.51500000e+01,-5.10927763e+00,8.743465e-01,2.139692e-01,5.414425e-01,5.499238e-01,,
1379,2.51500000e+01,-5.10927785e+00,8.743465e-01,2.139893e-01,5.414606e-01,5.499572e-01,,
1380,2.51500000e+01,-5.10927763e+00,8.743465e-01,2.139931e-01,5.414662e-01,5.499613e-01,,
1381,2.51500000e+01,-5.10927978e+00,8.743465e-01,2.139768e-01,5.414549e-01,5.499310e-01,,
1382,2.51500000e+01,-5.10927892e+00,8.743465e-01,2.139625e-01,5.414405e-01,5.499089e-01,,
1383,2.51500000e+01,-5.10927696e+00,8.743465e-01,2.139729e-01,5.414455e-01,5.499305e-01,,
1384,2.51500000e+01,-5.10927723e+00,8.743465e-01,2.139946e-01,5.414634e-01,5.499680e-01,,
1385,2.51500000e+01,-5.10927795e+00,8.743465e-01,2.139927e-01,5.414645e-01,5.499620e-01,,
1386,2.51500000e+01,-5.10927786e+00,8.743465e-01,2.139719e-01,5.414496e-01,5.499236e-01,,
1387,2.51500000e+01,-5.10927755e+00,8.743465e-01,2.139624e-01,5.414401e-01,5.499088e-01,,
1388,2.51500000e+01,-5.10927795e+00,8.743465e-01,2.139777e-01,5.414525e-01,5.499356e-01,,
1389,2.51500000e+01,-5.10927802e+00,8.743465e-01,2.139967e-01,5.414666e-01,5.499702e-01,,
1390,2.51500000e+01,-5.10927783e+00,8.743465e-01,2.139893e-01,5.414610e-01,5.499568e-01,,
1391,2.51500000e+01,-5.10927737e+00,8.743465e-01,2.139695e-01,5.414451e-01,5.499221e-01,,
1392,2.51500000e+01,-5.10927621e+00,8.743465e-01,2.139647e-01,5.414404e-01,5.499145e-01,,
1393,2.51500000e+01,-5.10927602e+00,8.743465e-01,2.139831e-01,5.414570e-01,5.499449e-01,,
1394,2.51500000e+01,-5.10927723e+00,8.743465e-01,2.139948e-01,5.414677e-01,5.499642e-01,,
1395,2.51500000e+01,-5.10928012e+00,8.743465e-01,2.139847e-01,5.414598e-01,5.499463e-01,,
1396,2.51500000e+01,-5.10927816e+00,8.743465e-01,2.139670e-01,5.414423e-01,5.499185e-01,,
1397,2.51500000e+01,-5.10927701e+00,8.743465e-01,2.139691e-01,5.414422e-01,5.499239e-01,,
1398,2.51500000e+01,-5.10927720e+00,8.743465e-01,2.139893e-01,5.414604e-01,5.499574e-01,,
1399,2.51500000e+01,-5.10927689e+00,8.743465e-01,2.139934e-01,5.414662e-01,5.499622e-01,,
1400,2.51500000e+01,-5.10927901e+00,8.743465e-01,2.139772e-01,5.414550e-01,5.499319e-01,,
1401,2.51500000e+01,-5.10927818e+00,8.743465e-01,2.139628e-01,5.414405e-01,5.499097e-01,,
1402,2.51500000e+01,-5.10927621e+00,8.743465e-01,2.139728e-01,5.414451e-01,5.499307e-01,,
1403,2.51500000e+01,-5.10927672e+00,8.743465e-01,2.139946e-01,5.414632e-01,5.499682e-01,,
1404,2.51500000e+01,-5.10927757e+00,8.743465e-01,2.139930e-01,5.414647e-01,5.499625e-01,,
1405,2.51500000e+01,-5.10927758e+00,8.743465e-01,2.139721e-01,5.414498e-01,5.499238e-01,,
1406,2.51500000e+01,-5.10927742e+00,8.743465e-01,2.139623e-01,5.414402e-01,5.499086e-01,,
1407,2.51500000e+01,-5.10927785e+00,8.743465e-01,2.139775e-01,5.414523e-01,5.499353e-01,,
1408,2.51500000e+01,-5.10927797e+00,8.743465e-01,2.139968e-01,5.414665e-01,5.499706e-01,,
1409,2.51500000e+01,-5.10927779e+00,8.743465e-01,2.139896e-01,5.414612e-01,5.499573e-01,,
1410,2.51500000e+01,-5.10927737e+00,8.743465e-01,2.139697e-01,5.414453e-01,5.499223e-01,,
1411,2.51500000e+01,-5.10927622e+00,8.743465e-01,2.139645e-01,5.414404e-01,5.499140e-01,,
1412,2.51500000e+01,-5.10927608e+00,8.743465e-01,2.139828e-01,5.414568e-01,5.499443e-01,,
1413,2.51500000e+01,-5.10927727e+00,8.743465e-01,2.139949e-01,5.414677e-01,5.499645e-01,,
1414,2.51500000e+01,-5.10928009e+00,8.743465e-01,2.139853e-01,5.414601e-01,5.499474e-01,,
1415,2.51500000e+01,-5.10927797e+00,8.743465e-01,2.139672e-01,5.414424e-01,5.499188e-01,,
1416,2.51500000e+01,-5.10927675e+00,8.743465e-01,2.139689e-01,5.414420e-01,5.499236e-01,,
1417,2.51500000e+01,-5.10927698e+00,8.743465e-01,2.139891e-01,5.414602e-01,5.499571e-01,,
1418,2.51500000e+01,-5.10927657e+00,8.743465e-01,2.139936e-01,5.414662e-01,5.499626e-01,,
1419,2.51500000e+01,-5.10927861e+00,8.743465e-01,2.139775e-01,5.414551e-01,5.499325e-01,,
1420,2.51500000e+01,-5.10927774e+00,8.743465e-01,2.139631e-01,5.414404e-01,5.499102e-01,,
1421,2.51500000e+01,-5.10927568e+00,8.743465e-01,2.139727e-01,5.414448e-01,5.499306e-01,,
1422,2.51500000e+01,-5.10927634e+00,8.743465e-01,2.139946e-01,5.414631e-01,5.499682e-01,,
1423,2.51500000e+01,-5.10927720e+00,8.743465e-01,2.139932e-01,5.414648e-01,5.499630e-01,,
1424,2.51500000e+01,-5.10927723e+00,8.743465e-01,2.139723e-01,5.414500e-01,5.499243e-01,,
1425,2.51500000e+01,-5.10927718e+00,8.743465e-01,2.139624e-01,5.414402e-01,5.499087e-01,,
1426,2.51500000e+01,-5.10927762e+00,8.743465e-01,2.139773e-01,5.414520e-01,5.499350e-01,,
1427,2.51500000e+01,-5.10927782e+00,8.743465e-01,2.139969e-01,5.414664e-01,5.499709e-01,,
1428,2.51500000e+01,-5.10927773e+00,8.743465e-01,2.139898e-01,5.414614e-01,5.499577e-01,,
1429,2.51500000e+01,-5.10927743e+00,8.743465e-01,2.139697e-01,5.414455e-01,5.499222e-01,,
1430,2.51500000e+01,-5.10927641e+00,8.743465e-01,2.139643e-01,5.414404e-01,5.499134e-01,,
1431,2.51500000e+01,-5.10927638e+00,8.743465e-01,2.139825e-01,5.414567e-01,5.499436e-01,,
1432,2.51500000e+01,-5.10927759e+00,8.743465e-01,2.139950e-01,5.414677e-01,5.499646e-01,,
1433,2.51500000e+01,-5.10928038e+00,8.743465e-01,2.139857e-01,5.414603e-01,5.499482e-01,,
1434,2.51500000e+01,-5.10927816e+00,8.743465e-01,2.139673e-01,5.414425e-01,5.499189e-01,,
1435,2.51500000e+01,-5.10927689e+00,8.743465e-01,2.139686e-01,5.414419e-01,5.499229e-01,,
1436,2.51500000e+01,-5.10927719e+00,8.743465e-01,2.139888e-01,5.414601e-01,5.499564e-01,,
1437,2.51500000e+01,-5.10927671e+00,8.743465e-01,2.139936e-01,5.414663e-01,5.499625e-01,,
1438,2.51500000e+01,-5.10927877e+00,8.743465e-01,2.139777e-01,5.414553e-01,5.499328e-01,,
1439,2.51500000e+01,-5.10927785e+00,8.743465e-01,2.139632e-01,5.414405e-01,5.499105e-01,,
1440,2.51500000e+01,-5.10927566e+00,8.743465e-01,2.139725e-01,5.414445e-01,5.499302e-01,,
1441,2.51500000e+01,-5.10927640e+00,8.743465e-01,2.139944e-01,5.414630e-01,5.499680e-01,,
1442,2.51500000e+01,-5.10927715e+00,8.743465e-01,2.139934e-01,5.414649e-01,5.499633e-01,,
1443,2.51500000e+01,-5.10927953e+00,8.743465e-01,2.139741e-01,5.414516e-01,5.499273e-01,,
1444,2.51500000e+01,-5.10927835e+00,8.743465e-01,2.139617e-01,5.414398e-01,5.499076e-01,,
1445,2.51500000e+01,-5.10927794e+00,8.743465e-01,2.139764e-01,5.414509e-01,5.499337e-01,,
1446,2.51500000e+01,-5.10927799e+00,8.743465e-01,2.139967e-01,5.414660e-01,5.499707e-01,,
1447,2.51500000e+01,-5.10927785e+00,8.743465e-01,2.139900e-01,5.414615e-01,5.499581e-01,,
1448,2.51500000e+01,-5.10927765e+00,8.743465e-01,2.139699e-01,5.414458e-01,5.499222e-01,,
1449,2.51500000e+01,-5.10927673e+00,8.743465e-01,2.139641e-01,5.414404e-01,5.499129e-01,,
1450,2.51500000e+01,-5.10927683e+00,8.743465e-01,2.139821e-01,5.414566e-01,5.499429e-01,,
1451,2.51500000e+01,-5.10927807e+00,8.743465e-01,2.139950e-01,5.414678e-01,5.499646e-01,,
1452,2.51500000e+01,-5.10928083e+00,8.743465e-01,2.139861e-01,5.414605e-01,5.499490e-01,,
1453,2.51500000e+01,-5.10927854e+00,8.743465e-01,2.139673e-01,5.414426e-01,5.499188e-01,,
1454,2.51500000e+01,-5.10927722e+00,8.743465e-01,2.139681e-01,5.414417e-01,5.499220e-01,,
1455,2.51500000e+01,-5.10927760e+00,8.743465e-01,2.139883e-01,5.414600e-01,5.499554e-01,,
1456,2.51500000e+01,-5.10927709e+00,8.743465e-01,2.139935e-01,5.414664e-01,5.499621e-01,,
1457,2.51500000e+01,-5.10927916e+00,8.743465e-01,2.139779e-01,5.414556e-01,5.499330e-01,,
1458,2.51500000e+01,-5.10927817e+00,8.743465e-01,2.139633e-01,5.414406e-01,5.499107e-01,,
1459,2.51500000e+01,-5.10927582e+00,8.743465e-01,2.139721e-01,5.414442e-01,5.499296e-01,,
1460,2.51500000e+01,-5.10927662e+00,8.743465e-01,2.139942e-01,5.414628e-01,5.499675e-01,,
1461,2.51500000e+01,-5.10927730e+00,8.743465e-01,2.139934e-01,5.414651e-01,5.499633e-01,,
1462,2.51500000e+01,-5.10927960e+00,8.743465e-01,2.139743e-01,5.414518e-01,5.499276e-01,,
1463,2.51500000e+01,-5.10927843e+00,8.743465e-01,2.139617e-01,5.414398e-01,5.499073e-01,,
1464,2.51500000e+01,-5.10927796e+00,8.743465e-01,2.139761e-01,5.414506e-01,5.499333e-01,,
1465,2.51500000e+01,-5.10927808e+00,8.743465e-01,2.139966e-01,5.414659e-01,5.499706e-01,,
1466,2.51500000e+01,-5.10927805e+00,8.743465e-01,2.139902e-01,5.414617e-01,5.499583e-01,,
1467,2.51500000e+01,-5.10927795e+00,8.743465e-01,2.139699e-01,5.414461e-01,5.499220e-01,,
1468,2.51500000e+01,-5.10927709e+00,8.743465e-01,2.139638e-01,5.414404e-01,5.499121e-01,,
1469,2.51500000e+01,-5.10927727e+00,8.743465e-01,2.139817e-01,5.414564e-01,5.499420e-01,,
1470,2.51500000e+01,-5.10927849e+00,8.743465e-01,2.139950e-01,5.414678e-01,5.499646e-01,,
1471,2.51500000e+01,-5.10928120e+00,8.743465e-01,2.139865e-01,5.414607e-01,5.499498e-01,,
1472,2.51500000e+01,-5.10927882e+00,8.743465e-01,2.139673e-01,5.414428e-01,5.499188e-01,,
1473,2.51500000e+01,-5.10927745e+00,8.743465e-01,2.139677e-01,5.414415e-01,5.499211e-01,,
1474,2.51500000e+01,-5.10927791e+00,8.743465e-01,2.139879e-01,5.414598e-01,5.499545e-01,,
1475,2.51500000e+01,-5.10927736e+00,8.743465e-01,2.139934e-01,5.414664e-01,5.499620e-01,,
1476,2.51500000e+01,-5.10927944e+00,8.743465e-01,2.139781e-01,5.414558e-01,5.499334e-01,,
1477,2.51500000e+01,-5.10927837e+00,8.743465e-01,2.139635e-01,5.414407e-01,5.499111e-01,,
1478,2.51500000e+01,-5.10927582e+00,8.743465e-01,2.139718e-01,5.414439e-01,5.499292e-01,,
1479,2.51500000e+01,-5.10927667e+00,8.743465e-01,2.139940e-01,5.414627e-01,5.499672e-01,,
1480,2.51500000e+01,-5.10927723e+00,8.743465e-01,2.139936e-01,5.414652e-01,5.499635e-01,,
1481,2.51500000e+01,-5.10927942e+00,8.743465e-01,2.139745e-01,5.414520e-01,5.499281e-01,,
1482,2.51500000e+01,-5.10927827e+00,8.743465e-01,2.139617e-01,5.414398e-01,5.499074e-01,,
1483,2.51500000e+01,-5.10927778e+00,8.743465e-01,2.139759e-01,5.414504e-01,5.499331e-01,,
1484,2.51500000e+01,-5.10927798e+00,8.743465e-01,2.139966e-01,5.414658e-01,5.499707e-01,,
1485,2.51500000e+01,-5.10927813e+00,8.743465e-01,2.139904e-01,5.414620e-01,5.499586e-01,,
1486,2.51500000e+01,-5.10927814e+00,8.743465e-01,2.139700e-01,5.414463e-01,5.499220e-01,,
1487,2.51500000e+01,-5.10927739e+00,8.743465e-01,2.139635e-01,5.414404e-01,5.499115e-01,,
1488,2.51500000e+01,-5.10927763e+00,8.743465e-01,2.139813e-01,5.414562e-01,5.499412e-01,,
1489,2.51500000e+01,-5.10927883e+00,8.743465e-01,2.139950e-01,5.414678e-01,5.499645e-01,,
1490,2.51500000e+01,-5.10928147e+00,8.743465e-01,2.139869e-01,5.414609e-01,5.499508e-01,,
1491,2.51500000e+01,-5.10927891e+00,8.743465e-01,2.139675e-01,5.414429e-01,5.499191e-01,,
1492,2.51500000e+01,-5.10927739e+00,8.743465e-01,2.139675e-01,5.414413e-01,5.499207e-01,,
1493,2.51500000e+01,-5.10927781e+00,8.743465e-01,2.139877e-01,5.414596e-01,5.499541e-01,,
1494,2.51500000e+01,-5.10927714e+00,8.743465e-01,2.139936e-01,5.414664e-01,5.499623e-01,,
1495,2.51500000e+01,-5.10927912e+00,8.743465e-01,2.139786e-01,5.414560e-01,5.499344e-01,,
1496,2.51500000e+01,-5.10927789e+00,8.743465e-01,2.139639e-01,5.414407e-01,5.499123e-01,,
1497,2.51500000e+01,-5.10927511e+00,8.743465e-01,2.139718e-01,5.414435e-01,5.499294e-01,,
1498,2.51500000e+01,-5.10927600e+00,8.743465e-01,2.139940e-01,5.414624e-01,5.499675e-01,,
1499,2.51500000e+01,-5.10927642e+00,8.743465e-01,2.139939e-01,5.414652e-01,5.499645e-01,,
1500,2.51500000e+01,-5.10927851e+00,8.743465e-01,2.139750e-01,5.414520e-01,5.499292e-01,,
